ISO-10303-21;
HEADER;
FILE_DESCRIPTION(('ViewDefinition [CoordinationView_V2.0]','RevitIdentifiers [ContentGUID: 9fdcccda-388f-4c1b-8758-dfe14a836a91, VersionGUID: 020699b7-5582-4be7-9995-ef5897e755a2, NumberOfSaves: 95]','CoordinateReference [CoordinateBase: Coordenadas compartilhadas]'),'2;1');
FILE_NAME('Projeto WorldSkills 03.ifc','2026-09-20T18:19:05-03:00',(''),(''),'ODA SDAI 25.12','Autodesk - Revit 27.3.0.28 (PTB) - 27.3.0.28','');
FILE_SCHEMA(('IFC2X3'));
ENDSEC;

DATA;
#1=IFCORGANIZATION($,'Autodesk Revit 2027 (PTB)',$,$,$);
#2=IFCAPPLICATION(#1,'2027','Autodesk Revit 2027 (PTB)','Revit');
#3=IFCPERSON($,'','bruno.bueno8BCWM',$,$,$,$,$);
#4=IFCORGANIZATION($,'','',$,$);
#5=IFCPERSONANDORGANIZATION(#3,#4,$);
#6=IFCOWNERHISTORY(#5,#2,$,.NOCHANGE.,$,$,$,1789924577);
#7=IFCSIUNIT(*,.LENGTHUNIT.,.MILLI.,.METRE.);
#8=IFCSIUNIT(*,.AREAUNIT.,$,.SQUARE_METRE.);
#9=IFCSIUNIT(*,.VOLUMEUNIT.,$,.CUBIC_METRE.);
#10=IFCSIUNIT(*,.MASSUNIT.,.KILO.,.GRAM.);
#11=IFCCARTESIANPOINT((0.,0.,0.));
#12=IFCAXIS2PLACEMENT3D(#11,$,$);
#13=IFCDIRECTION((0.,1.));
#14=IFCGEOMETRICREPRESENTATIONCONTEXT($,'Model',3,5.2338327949999994E-005,#12,#13);
#15=IFCGEOMETRICREPRESENTATIONSUBCONTEXT('Axis','Model',*,*,*,*,#14,$,.GRAPH_VIEW.,$);
#16=IFCGEOMETRICREPRESENTATIONSUBCONTEXT('Body','Model',*,*,*,*,#14,$,.MODEL_VIEW.,$);
#17=IFCGEOMETRICREPRESENTATIONSUBCONTEXT('Box','Model',*,*,*,*,#14,$,.MODEL_VIEW.,$);
#18=IFCGEOMETRICREPRESENTATIONSUBCONTEXT('FootPrint','Model',*,*,*,*,#14,$,.MODEL_VIEW.,$);
#19=IFCPROJECT('2VtCpQE8zC6uTOt_6rV9LX',#6,'0001',$,$,'Project Name','Project Status',(#14),#7864);
#20=IFCPOSTALADDRESS($,$,$,$,('Enter address here'),$,'','Boston','','MA');
#21=IFCAXIS2PLACEMENT3D(#11,$,$);
#22=IFCLOCALPLACEMENT(#32,#21);
#23=IFCBUILDING('2VtCpQE8zC6uTOt_6rV9LW',#6,'',$,$,#22,$,'',.ELEMENT.,$,$,#20);
#24=IFCAXIS2PLACEMENT3D(#11,$,$);
#25=IFCLOCALPLACEMENT(#22,#24);
#26=IFCBUILDINGSTOREY('3Zu5Bv0LOHrPC10026FoQQ',#6,'Level 1',$,$,#25,$,'Level 1',.ELEMENT.,0.);
#27=IFCCARTESIANPOINT((0.,0.,4000.));
#28=IFCAXIS2PLACEMENT3D(#27,$,$);
#29=IFCLOCALPLACEMENT(#22,#28);
#30=IFCBUILDINGSTOREY('15Z0v90RiHrPC20026FoKR',#6,'Level 2',$,$,#29,$,'Level 2',.ELEMENT.,4000.0000000000005);
#31=IFCAXIS2PLACEMENT3D(#11,$,$);
#32=IFCLOCALPLACEMENT($,#31);
#33=IFCSITE('2VtCpQE8zC6uTOt_6rV9LZ',#6,'Default',$,$,#32,$,$,.ELEMENT.,(42,21,31,181945),(-71,-3,-24,-263305),0.,$,$);
#34=IFCCARTESIANPOINT((7188.4931710057472,8736.0354060546269,-40.));
#35=IFCDIRECTION((0.,0.,1.));
#36=IFCDIRECTION((0.,-1.,0.));
#37=IFCAXIS2PLACEMENT3D(#34,#35,#36);
#38=IFCLOCALPLACEMENT(#25,#37);
#39=IFCCARTESIANPOINT((0.,0.));
#40=IFCCARTESIANPOINT((801.37228836277848,0.));
#41=IFCPOLYLINE((#39,#40));
#42=IFCSHAPEREPRESENTATION(#15,'Axis','Curve2D',(#41));
#43=IFCPRODUCTDEFINITIONSHAPE($,$,(#42,#55));
#44=IFCCARTESIANPOINT((400.68614418138941,4.1211478674085811E-013));
#45=IFCDIRECTION((-1.,0.));
#46=IFCAXIS2PLACEMENT2D(#44,#45);
#47=IFCRECTANGLEPROFILEDEF(.AREA.,$,#46,801.37228836277882,200.);
#48=IFCAXIS2PLACEMENT3D(#11,$,$);
#49=IFCEXTRUDEDAREASOLID(#47,#48,#35,2001.0000000000095);
#50=IFCCOLOURRGB($,0.80392156862745101,0.80392156862745101,0.80392156862745101);
#51=IFCSURFACESTYLERENDERING(#50,0.,$,$,$,$,IFCNORMALISEDRATIOMEASURE(0.5),IFCSPECULAREXPONENT(64.),.NOTDEFINED.);
#52=IFCSURFACESTYLE('Alvenaria de Bloco de Concreto Leve 600x240x200mm',.BOTH.,(#51));
#53=IFCPRESENTATIONSTYLEASSIGNMENT((#52));
#54=IFCSTYLEDITEM(#49,(#53),$);
#55=IFCSHAPEREPRESENTATION(#16,'Body','SweptSolid',(#49));
#56=IFCWALLTYPE('1pxQ0MlwzAiOQ$tXtNoksb',#6,'Parede b\X\E1sica:Bloco Leve de Concreto - 600x240x200',$,$,(#85),$,'422577',$,.STANDARD.);
#57=IFCWALLSTANDARDCASE('1pxQ0MlwzAiOQ$tXtNokot',#6,'Parede b\X\E1sica:Bloco Leve de Concreto - 600x240x200:422819',$,$,#38,#43,'422819');
#58=IFCMATERIAL('Alvenaria de Bloco de Concreto Leve 600x240x200mm');
#59=IFCPRESENTATIONSTYLEASSIGNMENT((#52));
#60=IFCSTYLEDITEM($,(#59),$);
#61=IFCSTYLEDREPRESENTATION(#14,'Style','Material',(#60));
#62=IFCMATERIALDEFINITIONREPRESENTATION($,$,(#61),#58);
#63=IFCMATERIALLAYER(#58,200.,$);
#64=IFCMATERIALLAYERSET((#63),'Parede b\X\E1sica:Bloco Leve de Concreto - 600x240x200');
#65=IFCMATERIALLAYERSETUSAGE(#64,.AXIS2.,.NEGATIVE.,100.);
#66=IFCPROPERTYSINGLEVALUE('Reference',$,IFCIDENTIFIER('Bloco Leve de Concreto - 600x240x200'),$);
#67=IFCPROPERTYSET('2U939kqAFY3foHAxHfYaQ2',#6,'Pset_QuantityTakeOff',$,(#66));
#68=IFCPROPERTYSINGLEVALUE('Reference',$,IFCLABEL('Bloco Leve de Concreto - 600x240x200'),$);
#69=IFCPROPERTYSET('3sCZZvFEJA$h_CnmHZkPjb',#6,'Pset_ReinforcementBarPitchOfWall',$,(#68));
#70=IFCPROPERTYSINGLEVALUE('IsExternal',$,IFCBOOLEAN(.T.),$);
#71=IFCPROPERTYSINGLEVALUE('ExtendToStructure',$,IFCBOOLEAN(.F.),$);
#72=IFCPROPERTYSINGLEVALUE('LoadBearing',$,IFCBOOLEAN(.F.),$);
#73=IFCPROPERTYSET('16GJuYS_POp_RcMtD5gHHi',#6,'Pset_WallCommon',$,(#66,#70,#71,#72));
#74=IFCRELDEFINESBYPROPERTIES('20Pt3$ZmS6DCSdZV0qLYaz',#6,$,$,(#57),#67);
#75=IFCRELDEFINESBYPROPERTIES('3ZRIpelDGD4LqlijcSEd_d',#6,$,$,(#57),#69);
#76=IFCRELDEFINESBYPROPERTIES('0mCJ8mMHZEAlNHLXKJPV0N',#6,$,$,(#57),#73);
#77=IFCSIUNIT(*,.MASSUNIT.,.KILO.,.GRAM.);
#78=IFCDERIVEDUNITELEMENT(#77,1);
#79=IFCSIUNIT(*,.THERMODYNAMICTEMPERATUREUNIT.,$,.KELVIN.);
#80=IFCDERIVEDUNITELEMENT(#79,-1);
#81=IFCSIUNIT(*,.TIMEUNIT.,$,.SECOND.);
#82=IFCDERIVEDUNITELEMENT(#81,-3);
#83=IFCDERIVEDUNIT((#78,#80,#82),.THERMALTRANSMITTANCEUNIT.,$);
#84=IFCPROPERTYSINGLEVALUE('ThermalTransmittance',$,IFCTHERMALTRANSMITTANCEMEASURE(6.5),$);
#85=IFCPROPERTYSET('0f395hauEE2ko3rISVOlYS',#6,'Pset_WallCommon',$,(#84));
#86=IFCCARTESIANPOINT((7238.4931710057344,7934.663117691849,-40.));
#87=IFCAXIS2PLACEMENT3D(#86,#35,#36);
#88=IFCLOCALPLACEMENT(#25,#87);
#89=IFCCARTESIANPOINT((627.,0.));
#90=IFCPOLYLINE((#39,#89));
#91=IFCSHAPEREPRESENTATION(#15,'Axis','Curve2D',(#90));
#92=IFCPRODUCTDEFINITIONSHAPE($,$,(#91,#103));
#93=IFCCARTESIANPOINT((313.49999999999966,-7.1054273576010019E-015));
#94=IFCAXIS2PLACEMENT2D(#93,#45);
#95=IFCRECTANGLEPROFILEDEF(.AREA.,$,#94,626.99999999999932,99.99999999999892);
#96=IFCAXIS2PLACEMENT3D(#11,$,$);
#97=IFCEXTRUDEDAREASOLID(#95,#96,#35,1763.2100000000003);
#98=IFCCOLOURRGB($,0.70980392156862748,0.70980392156862748,0.70980392156862748);
#99=IFCSURFACESTYLERENDERING(#98,0.,$,$,$,$,IFCNORMALISEDRATIOMEASURE(0.5),IFCSPECULAREXPONENT(64.),.NOTDEFINED.);
#100=IFCSURFACESTYLE('Alvenaria de Bloco de Concreto Leve 600x240x100mm',.BOTH.,(#99));
#101=IFCPRESENTATIONSTYLEASSIGNMENT((#100));
#102=IFCSTYLEDITEM(#97,(#101),$);
#103=IFCSHAPEREPRESENTATION(#16,'Body','SweptSolid',(#97));
#104=IFCWALLTYPE('1pxQ0MlwzAiOQ$tXtNoksf',#6,'Parede b\X\E1sica:Bloco Leve de Concreto - 600x240x100',$,$,(#123),$,'422589',$,.STANDARD.);
#105=IFCWALLSTANDARDCASE('1pxQ0MlwzAiOQ$tXtNokQN',#6,'Parede b\X\E1sica:Bloco Leve de Concreto - 600x240x100:424323',$,$,#88,#92,'424323');
#106=IFCMATERIAL('Alvenaria de Bloco de Concreto Leve 600x240x100mm');
#107=IFCPRESENTATIONSTYLEASSIGNMENT((#100));
#108=IFCSTYLEDITEM($,(#107),$);
#109=IFCSTYLEDREPRESENTATION(#14,'Style','Material',(#108));
#110=IFCMATERIALDEFINITIONREPRESENTATION($,$,(#109),#106);
#111=IFCMATERIALLAYER(#106,100.,$);
#112=IFCMATERIALLAYERSET((#111),'Parede b\X\E1sica:Bloco Leve de Concreto - 600x240x100');
#113=IFCMATERIALLAYERSETUSAGE(#112,.AXIS2.,.NEGATIVE.,50.);
#114=IFCPROPERTYSINGLEVALUE('Reference',$,IFCIDENTIFIER('Bloco Leve de Concreto - 600x240x100'),$);
#115=IFCPROPERTYSET('2Oen$D1_CB0IQYuy$wC91D',#6,'Pset_QuantityTakeOff',$,(#114));
#116=IFCPROPERTYSINGLEVALUE('Reference',$,IFCLABEL('Bloco Leve de Concreto - 600x240x100'),$);
#117=IFCPROPERTYSET('1bokUWRLDd6lgbVyjFxnM8',#6,'Pset_ReinforcementBarPitchOfWall',$,(#116));
#118=IFCPROPERTYSET('1j7YVBur64W1dQsRozugkK',#6,'Pset_WallCommon',$,(#70,#71,#72,#114));
#119=IFCRELDEFINESBYPROPERTIES('1nfRirOyatc_texJYk3vhL',#6,$,$,(#105),#115);
#120=IFCRELDEFINESBYPROPERTIES('1oco6RUKI80Zi5d1A1sUe3',#6,$,$,(#105),#117);
#121=IFCRELDEFINESBYPROPERTIES('0TVDwQ2WNSYRrj6kekZfy_',#6,$,$,(#105),#118);
#122=IFCPROPERTYSINGLEVALUE('ThermalTransmittance',$,IFCTHERMALTRANSMITTANCEMEASURE(13.),$);
#123=IFCPROPERTYSET('2lpDgi6PfL8a$pq9I$X41E',#6,'Pset_WallCommon',$,(#122));
#124=IFCCARTESIANPOINT((7188.4931710057353,7934.6631176918499,1723.2100000000003));
#125=IFCAXIS2PLACEMENT3D(#124,#35,#36);
#126=IFCLOCALPLACEMENT(#25,#125);
#127=IFCCARTESIANPOINT((627.,0.));
#128=IFCPOLYLINE((#39,#127));
#129=IFCSHAPEREPRESENTATION(#15,'Axis','Curve2D',(#128));
#130=IFCPRODUCTDEFINITIONSHAPE($,$,(#129,#137));
#131=IFCCARTESIANPOINT((313.50000000000023,-7.1054273576010019E-015));
#132=IFCAXIS2PLACEMENT2D(#131,#45);
#133=IFCRECTANGLEPROFILEDEF(.AREA.,$,#132,627.00000000000045,200.);
#134=IFCAXIS2PLACEMENT3D(#11,$,$);
#135=IFCEXTRUDEDAREASOLID(#133,#134,#35,237.79000000000917);
#136=IFCSTYLEDITEM(#135,(#53),$);
#137=IFCSHAPEREPRESENTATION(#16,'Body','SweptSolid',(#135));
#138=IFCWALLSTANDARDCASE('1pxQ0MlwzAiOQ$tXtNokQG',#6,'Parede b\X\E1sica:Bloco Leve de Concreto - 600x240x200:424324',$,$,#126,#130,'424324');
#139=IFCMATERIALLAYERSETUSAGE(#64,.AXIS2.,.NEGATIVE.,100.);
#140=IFCPROPERTYSET('10zPhliN_UNgbX9yYbJnRK',#6,'Pset_QuantityTakeOff',$,(#66));
#141=IFCPROPERTYSINGLEVALUE('Reference',$,IFCLABEL('Bloco Leve de Concreto - 600x240x200'),$);
#142=IFCPROPERTYSET('2EEyD6YC$OZ7NtIao_oM0t',#6,'Pset_ReinforcementBarPitchOfWall',$,(#141));
#143=IFCPROPERTYSET('1tjEGLi0K9X45pHKJ2r0c_',#6,'Pset_WallCommon',$,(#66,#70,#71,#72));
#144=IFCRELDEFINESBYPROPERTIES('1Yar4tw4$DDhnDRDebuksI',#6,$,$,(#138),#140);
#145=IFCRELDEFINESBYPROPERTIES('2$WRlI9srR8LirE4BpVRKA',#6,$,$,(#138),#142);
#146=IFCRELDEFINESBYPROPERTIES('0XmXfIuYhTiqLtpDUjvj19',#6,$,$,(#138),#143);
#147=IFCCARTESIANPOINT((5278.4931710057153,8636.0354060546324,-40.));
#148=IFCAXIS2PLACEMENT3D(#147,$,$);
#149=IFCLOCALPLACEMENT(#25,#148);
#150=IFCCARTESIANPOINT((1810.,-0.));
#151=IFCPOLYLINE((#39,#150));
#152=IFCSHAPEREPRESENTATION(#15,'Axis','Curve2D',(#151));
#153=IFCPRODUCTDEFINITIONSHAPE($,$,(#152,#160));
#154=IFCCARTESIANPOINT((905.00000000001626,-1.2079226507921703E-013));
#155=IFCAXIS2PLACEMENT2D(#154,#45);
#156=IFCRECTANGLEPROFILEDEF(.AREA.,$,#155,1810.0000000000325,200.);
#157=IFCAXIS2PLACEMENT3D(#11,$,$);
#158=IFCEXTRUDEDAREASOLID(#156,#157,#35,2001.0000000000095);
#159=IFCSTYLEDITEM(#158,(#53),$);
#160=IFCSHAPEREPRESENTATION(#16,'Body','SweptSolid',(#158));
#161=IFCWALLSTANDARDCASE('1MH_t$ZbL18A53iTg7iZB7',#6,'Parede b\X\E1sica:Bloco Leve de Concreto - 600x240x200:435258',$,$,#149,#153,'435258');
#162=IFCMATERIALLAYERSETUSAGE(#64,.AXIS2.,.NEGATIVE.,100.);
#163=IFCPROPERTYSET('3e8mzKDqFr1ISXPWtgnt7V',#6,'Pset_QuantityTakeOff',$,(#66));
#164=IFCPROPERTYSINGLEVALUE('Reference',$,IFCLABEL('Bloco Leve de Concreto - 600x240x200'),$);
#165=IFCPROPERTYSET('3PEkdy2rJYKO2uOH1pbaGr',#6,'Pset_ReinforcementBarPitchOfWall',$,(#164));
#166=IFCPROPERTYSET('0QISoNVj2C0mpoGzNCQfBw',#6,'Pset_WallCommon',$,(#66,#70,#71,#72));
#167=IFCRELDEFINESBYPROPERTIES('0rRi2YB4HEPFFsM63WOfoN',#6,$,$,(#161),#163);
#168=IFCRELDEFINESBYPROPERTIES('2wSYmIf8GvFewPt$M86rbi',#6,$,$,(#161),#165);
#169=IFCRELDEFINESBYPROPERTIES('2jXfvZrvlQqg$llifZZbvQ',#6,$,$,(#161),#166);
#170=IFCCARTESIANPOINT((2.1316282072803006E-014,0.));
#171=IFCDIRECTION((1.,0.));
#172=IFCAXIS2PLACEMENT2D(#170,#171);
#173=IFCRECTANGLEPROFILEDEF(.AREA.,'Tile 200x100x75 White 2',#172,199.80000000000001,100.40000000000001);
#174=IFCCARTESIANPOINT((-50.199999999993743,-99.900000000008419,-0.));
#175=IFCAXIS2PLACEMENT3D(#174,#35,#36);
#176=IFCEXTRUDEDAREASOLID(#173,#175,#35,6.9999999999999973);
#177=IFCSIUNIT(*,.PLANEANGLEUNIT.,$,.RADIAN.);
#178=IFCDIMENSIONALEXPONENTS(0,0,0,0,0,0,0);
#179=IFCMEASUREWITHUNIT(IFCPLANEANGLEMEASURE(0.017453292519943278),#177);
#180=IFCCONVERSIONBASEDUNIT(#178,.PLANEANGLEUNIT.,'DEGREE',#179);
#181=IFCCOLOURRGB($,1.,1.,1.);
#182=IFCSURFACESTYLERENDERING(#181,0.,$,$,$,$,IFCNORMALISEDRATIOMEASURE(0.5),IFCSPECULAREXPONENT(64.),.NOTDEFINED.);
#183=IFCSURFACESTYLE('Tile White',.BOTH.,(#182));
#184=IFCPRESENTATIONSTYLEASSIGNMENT((#183));
#185=IFCSTYLEDITEM(#176,(#184),$);
#186=IFCSHAPEREPRESENTATION(#16,'Body','SweptSolid',(#176));
#187=IFCAXIS2PLACEMENT3D(#11,$,$);
#188=IFCREPRESENTATIONMAP(#187,#186);
#189=IFCBUILDINGELEMENTPROXYTYPE('1MH_t$ZbL18A53iTg7iZoj',#6,'Tile:Tile 200x100x75 White 2',$,$,$,(#188),'431094',$,.NOTDEFINED.);
#190=IFCMATERIAL('Tile White');
#191=IFCPRESENTATIONSTYLEASSIGNMENT((#183));
#192=IFCSTYLEDITEM($,(#191),$);
#193=IFCSTYLEDREPRESENTATION(#14,'Style','Material',(#192));
#194=IFCMATERIALDEFINITIONREPRESENTATION($,$,(#193),#190);
#195=IFCCARTESIANTRANSFORMATIONOPERATOR3D($,$,#11,1.,$);
#196=IFCMAPPEDITEM(#188,#195);
#197=IFCSHAPEREPRESENTATION(#16,'Body','MappedRepresentation',(#196));
#198=IFCPRODUCTDEFINITIONSHAPE($,$,(#197));
#199=IFCCARTESIANPOINT((7086.4931710057408,8433.9105668044667,1924.0100328393739));
#200=IFCDIRECTION((-1.,0.,0.));
#201=IFCAXIS2PLACEMENT3D(#199,#200,#35);
#202=IFCLOCALPLACEMENT(#25,#201);
#203=IFCBUILDINGELEMENTPROXY('1MH_t$ZbL18A53iTg7iZzy',#6,'Tile:Tile 200x100x75 White 2:436609',$,$,#202,#198,'436609',$);
#204=IFCPROPERTYSINGLEVALUE('Reference',$,IFCIDENTIFIER('Tile 200x100x75 White 2'),$);
#205=IFCPROPERTYSET('11Tl73m1mSWwMC91tyWFVm',#6,'Pset_BuildingElementProxyCommon',$,(#204));
#206=IFCPROPERTYSET('1ujqRlP$hwYKufoq8cJG7c',#6,'Pset_QuantityTakeOff',$,(#204));
#207=IFCRELDEFINESBYPROPERTIES('2JE8biGSB_aDaKzMyNL8Oc',#6,$,$,(#203),#205);
#208=IFCRELDEFINESBYPROPERTIES('2QJzTbjh45_K0OXP8_Reth',#6,$,$,(#203),#206);
#209=IFCMAPPEDITEM(#188,#195);
#210=IFCSHAPEREPRESENTATION(#16,'Body','MappedRepresentation',(#209));
#211=IFCPRODUCTDEFINITIONSHAPE($,$,(#210));
#212=IFCCARTESIANPOINT((7086.4931710057399,8232.1105668044675,1924.010032839373));
#213=IFCAXIS2PLACEMENT3D(#212,#200,#35);
#214=IFCLOCALPLACEMENT(#25,#213);
#215=IFCBUILDINGELEMENTPROXY('18mlhNdHLBxuIFFMXYW9vt',#6,'Tile:Tile 200x100x75 White 2:437141',$,$,#214,#211,'437141',$);
#216=IFCPROPERTYSET('31AHvbOtBl8V5sd20Dtop4',#6,'Pset_BuildingElementProxyCommon',$,(#204));
#217=IFCPROPERTYSET('0pqyGQAKuEpxFMF4VRzgv2',#6,'Pset_QuantityTakeOff',$,(#204));
#218=IFCRELDEFINESBYPROPERTIES('2GhvPYEux7GiBEcdXTZjKS',#6,$,$,(#215),#216);
#219=IFCRELDEFINESBYPROPERTIES('0tU1d6idlOP7ia595wams5',#6,$,$,(#215),#217);
#220=IFCMAPPEDITEM(#188,#195);
#221=IFCSHAPEREPRESENTATION(#16,'Body','MappedRepresentation',(#220));
#222=IFCPRODUCTDEFINITIONSHAPE($,$,(#221));
#223=IFCCARTESIANPOINT((7086.4931710057399,8030.3105668044673,1924.0100328393739));
#224=IFCAXIS2PLACEMENT3D(#223,#200,#35);
#225=IFCLOCALPLACEMENT(#25,#224);
#226=IFCBUILDINGELEMENTPROXY('18mlhNdHLBxuIFFMXYW9vA',#6,'Tile:Tile 200x100x75 White 2:437160',$,$,#225,#222,'437160',$);
#227=IFCPROPERTYSET('2PRbVD3W4PJ1_k0w9eRUo6',#6,'Pset_BuildingElementProxyCommon',$,(#204));
#228=IFCPROPERTYSET('25sF6UhHD6Q_I1_kjFHIIc',#6,'Pset_QuantityTakeOff',$,(#204));
#229=IFCRELDEFINESBYPROPERTIES('2Wj2ytPsDOT8QXp11$m2zj',#6,$,$,(#226),#227);
#230=IFCRELDEFINESBYPROPERTIES('3w$575G7zmS4QILlwLMpYd',#6,$,$,(#226),#228);
#231=IFCMAPPEDITEM(#188,#195);
#232=IFCSHAPEREPRESENTATION(#16,'Body','MappedRepresentation',(#231));
#233=IFCPRODUCTDEFINITIONSHAPE($,$,(#232));
#234=IFCCARTESIANPOINT((7086.4931710057399,7828.510566804468,1924.0100328393739));
#235=IFCAXIS2PLACEMENT3D(#234,#200,#35);
#236=IFCLOCALPLACEMENT(#25,#235);
#237=IFCBUILDINGELEMENTPROXY('18mlhNdHLBxuIFFMXYW9v8',#6,'Tile:Tile 200x100x75 White 2:437162',$,$,#236,#233,'437162',$);
#238=IFCPROPERTYSET('11TKLytWJIICnsDdZOtiAV',#6,'Pset_BuildingElementProxyCommon',$,(#204));
#239=IFCPROPERTYSET('2h2Hvwu_ENtqKv$zjrOIg1',#6,'Pset_QuantityTakeOff',$,(#204));
#240=IFCRELDEFINESBYPROPERTIES('1rrzygEcDE7G3dR4ctfg3$',#6,$,$,(#237),#238);
#241=IFCRELDEFINESBYPROPERTIES('3VVMcetA_tsGsKydhbysbL',#6,$,$,(#237),#239);
#242=IFCMAPPEDITEM(#188,#195);
#243=IFCSHAPEREPRESENTATION(#16,'Body','MappedRepresentation',(#242));
#244=IFCPRODUCTDEFINITIONSHAPE($,$,(#243));
#245=IFCCARTESIANPOINT((7086.493171005739,7626.7105668044687,1924.0100328393739));
#246=IFCAXIS2PLACEMENT3D(#245,#200,#35);
#247=IFCLOCALPLACEMENT(#25,#246);
#248=IFCBUILDINGELEMENTPROXY('18mlhNdHLBxuIFFMXYW9vE',#6,'Tile:Tile 200x100x75 White 2:437164',$,$,#247,#244,'437164',$);
#249=IFCPROPERTYSET('1QXHbxUU8Br5UlQ8VmlWaK',#6,'Pset_BuildingElementProxyCommon',$,(#204));
#250=IFCPROPERTYSET('126LRcprvD8TYC9MJhAnmq',#6,'Pset_QuantityTakeOff',$,(#204));
#251=IFCRELDEFINESBYPROPERTIES('3Z2fw3Lpb$BZy_BD0LdBLX',#6,$,$,(#248),#249);
#252=IFCRELDEFINESBYPROPERTIES('1bakbuatmhdKBajO1N4ctc',#6,$,$,(#248),#250);
#253=IFCMAPPEDITEM(#188,#195);
#254=IFCSHAPEREPRESENTATION(#16,'Body','MappedRepresentation',(#253));
#255=IFCPRODUCTDEFINITIONSHAPE($,$,(#254));
#256=IFCCARTESIANPOINT((7086.493171005739,7424.9105668044685,1924.0100328393739));
#257=IFCAXIS2PLACEMENT3D(#256,#200,#35);
#258=IFCLOCALPLACEMENT(#25,#257);
#259=IFCBUILDINGELEMENTPROXY('18mlhNdHLBxuIFFMXYW9vC',#6,'Tile:Tile 200x100x75 White 2:437166',$,$,#258,#255,'437166',$);
#260=IFCPROPERTYSET('1QCTHIODRb8pCTM0CCQ6zH',#6,'Pset_BuildingElementProxyCommon',$,(#204));
#261=IFCPROPERTYSET('0LmoehuksjZVle2tg9iTxi',#6,'Pset_QuantityTakeOff',$,(#204));
#262=IFCRELDEFINESBYPROPERTIES('15lU8aNx_GfbcObY5NPSj7',#6,$,$,(#259),#260);
#263=IFCRELDEFINESBYPROPERTIES('3HsHlGkPYz1SWwliBJW8Df',#6,$,$,(#259),#261);
#264=IFCMAPPEDITEM(#188,#195);
#265=IFCSHAPEREPRESENTATION(#16,'Body','MappedRepresentation',(#264));
#266=IFCPRODUCTDEFINITIONSHAPE($,$,(#265));
#267=IFCCARTESIANPOINT((7086.493171005739,7223.1105668044693,1924.0100328393739));
#268=IFCAXIS2PLACEMENT3D(#267,#200,#35);
#269=IFCLOCALPLACEMENT(#25,#268);
#270=IFCBUILDINGELEMENTPROXY('18mlhNdHLBxuIFFMXYW9vI',#6,'Tile:Tile 200x100x75 White 2:437168',$,$,#269,#266,'437168',$);
#271=IFCPROPERTYSET('2zoFuwuH3D$t5fbl2M$A51',#6,'Pset_BuildingElementProxyCommon',$,(#204));
#272=IFCPROPERTYSET('08NLYg_m0ni8VtR21cgDcx',#6,'Pset_QuantityTakeOff',$,(#204));
#273=IFCRELDEFINESBYPROPERTIES('0EUbo82J4Nh2D3MSSynC5l',#6,$,$,(#270),#271);
#274=IFCRELDEFINESBYPROPERTIES('1upcCCzUK2wJt3zswRRLYd',#6,$,$,(#270),#272);
#275=IFCMAPPEDITEM(#188,#195);
#276=IFCSHAPEREPRESENTATION(#16,'Body','MappedRepresentation',(#275));
#277=IFCPRODUCTDEFINITIONSHAPE($,$,(#276));
#278=IFCCARTESIANPOINT((7086.4931710057381,7021.31056680447,1924.0100328393739));
#279=IFCAXIS2PLACEMENT3D(#278,#200,#35);
#280=IFCLOCALPLACEMENT(#25,#279);
#281=IFCBUILDINGELEMENTPROXY('18mlhNdHLBxuIFFMXYW9vG',#6,'Tile:Tile 200x100x75 White 2:437170',$,$,#280,#277,'437170',$);
#282=IFCPROPERTYSET('1Mw1kg0yrja6kI84dRmINb',#6,'Pset_BuildingElementProxyCommon',$,(#204));
#283=IFCPROPERTYSET('1IoaNUMSfCOYY7O68cH1Q2',#6,'Pset_QuantityTakeOff',$,(#204));
#284=IFCRELDEFINESBYPROPERTIES('0_EkXBKrEFjErRwE0QK298',#6,$,$,(#281),#282);
#285=IFCRELDEFINESBYPROPERTIES('3_nsjLDKUGJfeOJjJQRBQD',#6,$,$,(#281),#283);
#286=IFCMAPPEDITEM(#188,#195);
#287=IFCSHAPEREPRESENTATION(#16,'Body','MappedRepresentation',(#286));
#288=IFCPRODUCTDEFINITIONSHAPE($,$,(#287));
#289=IFCCARTESIANPOINT((7086.4931710057381,6920.4105668044667,1821.6100328393704));
#290=IFCAXIS2PLACEMENT3D(#289,#200,#35);
#291=IFCLOCALPLACEMENT(#25,#290);
#292=IFCBUILDINGELEMENTPROXY('18mlhNdHLBxuIFFMXYW9un',#6,'Tile:Tile 200x100x75 White 2:437203',$,$,#291,#288,'437203',$);
#293=IFCPROPERTYSET('3i0qRJ7$RU_1Wt5QpYIZrt',#6,'Pset_BuildingElementProxyCommon',$,(#204));
#294=IFCPROPERTYSET('13m5eGI4p2$VyeDNob8Vhh',#6,'Pset_QuantityTakeOff',$,(#204));
#295=IFCRELDEFINESBYPROPERTIES('3wmjsxDazyYnY6NoaXctsd',#6,$,$,(#292),#293);
#296=IFCRELDEFINESBYPROPERTIES('3mrufZf0UCDeJ7XvY24pkE',#6,$,$,(#292),#294);
#297=IFCMAPPEDITEM(#188,#195);
#298=IFCSHAPEREPRESENTATION(#16,'Body','MappedRepresentation',(#297));
#299=IFCPRODUCTDEFINITIONSHAPE($,$,(#298));
#300=IFCCARTESIANPOINT((7086.493171005739,7122.210566804466,1821.6100328393709));
#301=IFCAXIS2PLACEMENT3D(#300,#200,#35);
#302=IFCLOCALPLACEMENT(#25,#301);
#303=IFCBUILDINGELEMENTPROXY('18mlhNdHLBxuIFFMXYW9uO',#6,'Tile:Tile 200x100x75 White 2:437242',$,$,#302,#299,'437242',$);
#304=IFCPROPERTYSET('0PQQpC70aFoh06tHIUbcW5',#6,'Pset_BuildingElementProxyCommon',$,(#204));
#305=IFCPROPERTYSET('3arpS9n2tg$PNmeRJYvec1',#6,'Pset_QuantityTakeOff',$,(#204));
#306=IFCRELDEFINESBYPROPERTIES('1t4iwAfNXQsczPwuxjWNIy',#6,$,$,(#303),#304);
#307=IFCRELDEFINESBYPROPERTIES('2mTTaFGFhBLcOR0SOTJrA7',#6,$,$,(#303),#305);
#308=IFCMAPPEDITEM(#188,#195);
#309=IFCSHAPEREPRESENTATION(#16,'Body','MappedRepresentation',(#308));
#310=IFCPRODUCTDEFINITIONSHAPE($,$,(#309));
#311=IFCCARTESIANPOINT((7086.4931710057408,8333.0105668044635,1821.6100328393704));
#312=IFCAXIS2PLACEMENT3D(#311,#200,#35);
#313=IFCLOCALPLACEMENT(#25,#312);
#314=IFCBUILDINGELEMENTPROXY('18mlhNdHLBxuIFFMXYW9dm',#6,'Tile:Tile 200x100x75 White 2:437266',$,$,#313,#310,'437266',$);
#315=IFCPROPERTYSET('3PNw__IM_erjwZmW5SyxI0',#6,'Pset_BuildingElementProxyCommon',$,(#204));
#316=IFCPROPERTYSET('0yWXnaWoj6PZJ$U3h69j6e',#6,'Pset_QuantityTakeOff',$,(#204));
#317=IFCRELDEFINESBYPROPERTIES('24Yw_sB42fQjPWVcPkiFGm',#6,$,$,(#314),#315);
#318=IFCRELDEFINESBYPROPERTIES('0$1LXAACBog96rIU$It7gD',#6,$,$,(#314),#316);
#319=IFCCARTESIANPOINT((0.,0.));
#320=IFCAXIS2PLACEMENT2D(#319,#171);
#321=IFCRECTANGLEPROFILEDEF(.AREA.,'Tile 200x100x75 White 2',#320,98.90000000000002,100.40000000000001);
#322=IFCCARTESIANPOINT((-50.199999999993743,-49.450000000008437,-0.));
#323=IFCAXIS2PLACEMENT3D(#322,#35,#36);
#324=IFCEXTRUDEDAREASOLID(#321,#323,#35,6.9999999999999973);
#325=IFCSTYLEDITEM(#324,(#184),$);
#326=IFCSHAPEREPRESENTATION(#16,'Body','SweptSolid',(#324));
#327=IFCAXIS2PLACEMENT3D(#11,$,$);
#328=IFCREPRESENTATIONMAP(#327,#326);
#329=IFCBUILDINGELEMENTPROXYTYPE('1MH_t$ZbL18A53iTg7iWYy',#6,'Tile:Tile 200x100x75 White 2',$,$,$,(#328),'431094',$,.NOTDEFINED.);
#330=IFCMAPPEDITEM(#328,#195);
#331=IFCSHAPEREPRESENTATION(#16,'Body','MappedRepresentation',(#330));
#332=IFCPRODUCTDEFINITIONSHAPE($,$,(#331));
#333=IFCCARTESIANPOINT((7086.4931710057381,6819.5105668044671,1924.0100328393735));
#334=IFCAXIS2PLACEMENT3D(#333,#200,#35);
#335=IFCLOCALPLACEMENT(#25,#334);
#336=IFCBUILDINGELEMENTPROXY('18mlhNdHLBxuIFFMXYW9dR',#6,'Tile:Tile 200x100x75 White 2:437305',$,$,#335,#332,'437305',$);
#337=IFCPROPERTYSET('0G3YeAIa5GOZJeUtWwBlfR',#6,'Pset_BuildingElementProxyCommon',$,(#204));
#338=IFCPROPERTYSET('0TVjiIrv_7jQyx_SbDbc2H',#6,'Pset_QuantityTakeOff',$,(#204));
#339=IFCRELDEFINESBYPROPERTIES('3FsDEWBAeJNOp9_17L32oR',#6,$,$,(#336),#337);
#340=IFCRELDEFINESBYPROPERTIES('1vAczLKQ27KRYUBUYA2Dgx',#6,$,$,(#336),#338);
#341=IFCCARTESIANPOINT((2.1316282072803006E-014,0.));
#342=IFCAXIS2PLACEMENT2D(#341,#171);
#343=IFCRECTANGLEPROFILEDEF(.AREA.,'Tile 200x100x75 White 2',#342,185.60000000000002,100.40000000000001);
#344=IFCCARTESIANPOINT((-50.199999999993743,-92.80000000000841,-0.));
#345=IFCAXIS2PLACEMENT3D(#344,#35,#36);
#346=IFCEXTRUDEDAREASOLID(#343,#345,#35,6.9999999999999973);
#347=IFCSTYLEDITEM(#346,(#184),$);
#348=IFCSHAPEREPRESENTATION(#16,'Body','SweptSolid',(#346));
#349=IFCAXIS2PLACEMENT3D(#11,$,$);
#350=IFCREPRESENTATIONMAP(#349,#348);
#351=IFCBUILDINGELEMENTPROXYTYPE('0r3m9KXTH7dQEHyg3LNa7J',#6,'Tile:Tile 200x100x75 White 2',$,$,$,(#350),'431094',$,.NOTDEFINED.);
#352=IFCMAPPEDITEM(#350,#195);
#353=IFCSHAPEREPRESENTATION(#16,'Body','MappedRepresentation',(#352));
#354=IFCPRODUCTDEFINITIONSHAPE($,$,(#353));
#355=IFCCARTESIANPOINT((7086.4931710057408,8520.6105668044711,1821.6100328393709));
#356=IFCAXIS2PLACEMENT3D(#355,#200,#35);
#357=IFCLOCALPLACEMENT(#25,#356);
#358=IFCBUILDINGELEMENTPROXY('0r3m9KXTH7dQEHyg3LNa1g',#6,'Tile:Tile 200x100x75 White 2:438502',$,$,#357,#354,'438502',$);
#359=IFCPROPERTYSET('04bZhM0goQspsRhta$yhRT',#6,'Pset_BuildingElementProxyCommon',$,(#204));
#360=IFCPROPERTYSET('0t91s7$a71aWLOX95DfZuT',#6,'Pset_QuantityTakeOff',$,(#204));
#361=IFCRELDEFINESBYPROPERTIES('1yKAsz8BXVdL4E4RMxol8X',#6,$,$,(#358),#359);
#362=IFCRELDEFINESBYPROPERTIES('299xTe3nxfgkfl17WOBIZm',#6,$,$,(#358),#360);
#363=IFCCARTESIANPOINT((0.,-1.0658141036401503E-014));
#364=IFCAXIS2PLACEMENT2D(#363,#171);
#365=IFCRECTANGLEPROFILEDEF(.AREA.,'Tile 200x100x75 White 2',#364,84.700000000000045,100.40000000000001);
#366=IFCCARTESIANPOINT((-50.199999999993743,-42.350000000008443,-0.));
#367=IFCAXIS2PLACEMENT3D(#366,#35,#36);
#368=IFCEXTRUDEDAREASOLID(#365,#367,#35,6.9999999999999973);
#369=IFCSTYLEDITEM(#368,(#184),$);
#370=IFCSHAPEREPRESENTATION(#16,'Body','SweptSolid',(#368));
#371=IFCAXIS2PLACEMENT3D(#11,$,$);
#372=IFCREPRESENTATIONMAP(#371,#370);
#373=IFCBUILDINGELEMENTPROXYTYPE('0r3m9KXTH7dQEHyg3LNa52',#6,'Tile:Tile 200x100x75 White 2',$,$,$,(#372),'431094',$,.NOTDEFINED.);
#374=IFCMAPPEDITEM(#372,#195);
#375=IFCSHAPEREPRESENTATION(#16,'Body','MappedRepresentation',(#374));
#376=IFCPRODUCTDEFINITIONSHAPE($,$,(#375));
#377=IFCCARTESIANPOINT((7086.4931710057408,8520.6105668044711,1924.0100328393742));
#378=IFCAXIS2PLACEMENT3D(#377,#200,#35);
#379=IFCLOCALPLACEMENT(#25,#378);
#380=IFCBUILDINGELEMENTPROXY('0r3m9KXTH7dQEHyg3LNa4_',#6,'Tile:Tile 200x100x75 White 2:438706',$,$,#379,#376,'438706',$);
#381=IFCPROPERTYSET('0aoLl24974sfGsEcuHjquQ',#6,'Pset_BuildingElementProxyCommon',$,(#204));
#382=IFCPROPERTYSET('0_t_tOf4Bx94kWCqbHyFD_',#6,'Pset_QuantityTakeOff',$,(#204));
#383=IFCRELDEFINESBYPROPERTIES('0LD09q2THNDm7gIDYg4oLQ',#6,$,$,(#380),#381);
#384=IFCRELDEFINESBYPROPERTIES('3Ql_wHJTIhdau5UX2lXRl8',#6,$,$,(#380),#382);
#385=IFCMAPPEDITEM(#188,#195);
#386=IFCSHAPEREPRESENTATION(#16,'Body','MappedRepresentation',(#385));
#387=IFCPRODUCTDEFINITIONSHAPE($,$,(#386));
#388=IFCCARTESIANPOINT((7086.4931710057408,8433.9105668044667,1719.2100328393713));
#389=IFCAXIS2PLACEMENT3D(#388,#200,#35);
#390=IFCLOCALPLACEMENT(#25,#389);
#391=IFCBUILDINGELEMENTPROXY('0r3m9KXTH7dQEHyg3LNaB7',#6,'Tile:Tile 200x100x75 White 2:438859',$,$,#390,#387,'438859',$);
#392=IFCPROPERTYSET('2miMjCipoSiLDOVYvFBwzu',#6,'Pset_BuildingElementProxyCommon',$,(#204));
#393=IFCPROPERTYSET('3aMxIR3B_ypDtU7lb6Y1H4',#6,'Pset_QuantityTakeOff',$,(#204));
#394=IFCRELDEFINESBYPROPERTIES('3MDc1SXZQSwJgCtPgPsnMq',#6,$,$,(#391),#392);
#395=IFCRELDEFINESBYPROPERTIES('2Q4IL$m4WP6rbrLwTKed2f',#6,$,$,(#391),#393);
#396=IFCMAPPEDITEM(#372,#195);
#397=IFCSHAPEREPRESENTATION(#16,'Body','MappedRepresentation',(#396));
#398=IFCPRODUCTDEFINITIONSHAPE($,$,(#397));
#399=IFCCARTESIANPOINT((7086.4931710057408,8520.6105668044711,1719.2100328393715));
#400=IFCAXIS2PLACEMENT3D(#399,#200,#35);
#401=IFCLOCALPLACEMENT(#25,#400);
#402=IFCBUILDINGELEMENTPROXY('0r3m9KXTH7dQEHyg3LNaB1',#6,'Tile:Tile 200x100x75 White 2:438861',$,$,#401,#398,'438861',$);
#403=IFCPROPERTYSET('3VadqbD3QX8onf$M9vAsMS',#6,'Pset_BuildingElementProxyCommon',$,(#204));
#404=IFCPROPERTYSET('1C8cWQQpvemU37RE4HFWW3',#6,'Pset_QuantityTakeOff',$,(#204));
#405=IFCRELDEFINESBYPROPERTIES('3HauQT9mUlccjS4tfP2shN',#6,$,$,(#402),#403);
#406=IFCRELDEFINESBYPROPERTIES('10FYwKTZWR04lqdZkOKqMC',#6,$,$,(#402),#404);
#407=IFCCARTESIANPOINT((0.,0.));
#408=IFCAXIS2PLACEMENT2D(#407,#171);
#409=IFCRECTANGLEPROFILEDEF(.AREA.,'Tile 200x100x75 White 2',#408,146.60000000000002,100.40000000000001);
#410=IFCCARTESIANPOINT((-50.199999999993743,-73.300000000008438,-0.));
#411=IFCAXIS2PLACEMENT3D(#410,#35,#36);
#412=IFCEXTRUDEDAREASOLID(#409,#411,#35,6.9999999999999973);
#413=IFCSTYLEDITEM(#412,(#184),$);
#414=IFCSHAPEREPRESENTATION(#16,'Body','SweptSolid',(#412));
#415=IFCAXIS2PLACEMENT3D(#11,$,$);
#416=IFCREPRESENTATIONMAP(#415,#414);
#417=IFCBUILDINGELEMENTPROXYTYPE('0r3m9KXTH7dQEHyg3LNa8l',#6,'Tile:Tile 200x100x75 White 2',$,$,$,(#416),'431094',$,.NOTDEFINED.);
#418=IFCMAPPEDITEM(#416,#195);
#419=IFCSHAPEREPRESENTATION(#16,'Body','MappedRepresentation',(#418));
#420=IFCPRODUCTDEFINITIONSHAPE($,$,(#419));
#421=IFCCARTESIANPOINT((7086.4931710057399,8131.2105668044642,1616.8100328393678));
#422=IFCAXIS2PLACEMENT3D(#421,#200,#35);
#423=IFCLOCALPLACEMENT(#25,#422);
#424=IFCBUILDINGELEMENTPROXY('0r3m9KXTH7dQEHyg3LNa8B',#6,'Tile:Tile 200x100x75 White 2:438919',$,$,#423,#420,'438919',$);
#425=IFCPROPERTYSET('2cULfe6zvL7EU3OTjnlk7v',#6,'Pset_BuildingElementProxyCommon',$,(#204));
#426=IFCPROPERTYSET('2mejFX0VrLgMhMki$tGF1V',#6,'Pset_QuantityTakeOff',$,(#204));
#427=IFCRELDEFINESBYPROPERTIES('2ti3MFpr4UN1NK_7t1CrfG',#6,$,$,(#424),#425);
#428=IFCRELDEFINESBYPROPERTIES('32LJk2d4LAvTutV$rlG09P',#6,$,$,(#424),#426);
#429=IFCMAPPEDITEM(#188,#195);
#430=IFCSHAPEREPRESENTATION(#16,'Body','MappedRepresentation',(#429));
#431=IFCPRODUCTDEFINITIONSHAPE($,$,(#430));
#432=IFCCARTESIANPOINT((7086.4931710057408,8333.0105668044635,1616.8100328393678));
#433=IFCAXIS2PLACEMENT3D(#432,#200,#35);
#434=IFCLOCALPLACEMENT(#25,#433);
#435=IFCBUILDINGELEMENTPROXY('0r3m9KXTH7dQEHyg3LNa84',#6,'Tile:Tile 200x100x75 White 2:438920',$,$,#434,#431,'438920',$);
#436=IFCPROPERTYSET('2JDMk_E2SJkZvCLwjGIn1M',#6,'Pset_BuildingElementProxyCommon',$,(#204));
#437=IFCPROPERTYSET('1VQxfVZcBGMlgA9M4xY4J1',#6,'Pset_QuantityTakeOff',$,(#204));
#438=IFCRELDEFINESBYPROPERTIES('0JfRysUhfjK0OFeUwCRGH8',#6,$,$,(#435),#436);
#439=IFCRELDEFINESBYPROPERTIES('0yCxQRom9m84lQSS2zrpXU',#6,$,$,(#435),#437);
#440=IFCMAPPEDITEM(#350,#195);
#441=IFCSHAPEREPRESENTATION(#16,'Body','MappedRepresentation',(#440));
#442=IFCPRODUCTDEFINITIONSHAPE($,$,(#441));
#443=IFCCARTESIANPOINT((7086.4931710057408,8520.6105668044711,1616.8100328393682));
#444=IFCAXIS2PLACEMENT3D(#443,#200,#35);
#445=IFCLOCALPLACEMENT(#25,#444);
#446=IFCBUILDINGELEMENTPROXY('0r3m9KXTH7dQEHyg3LNa85',#6,'Tile:Tile 200x100x75 White 2:438921',$,$,#445,#442,'438921',$);
#447=IFCPROPERTYSET('03cmM0CjvVVwAWcl4qotOo',#6,'Pset_BuildingElementProxyCommon',$,(#204));
#448=IFCPROPERTYSET('3vdQ4xUgHGgOM1PXnuubqM',#6,'Pset_QuantityTakeOff',$,(#204));
#449=IFCRELDEFINESBYPROPERTIES('148gm143s_3SwW87hNmc_B',#6,$,$,(#446),#447);
#450=IFCRELDEFINESBYPROPERTIES('0tfIKYT4qqZOfwPNcEoZ1O',#6,$,$,(#446),#448);
#451=IFCMAPPEDITEM(#188,#195);
#452=IFCSHAPEREPRESENTATION(#16,'Body','MappedRepresentation',(#451));
#453=IFCPRODUCTDEFINITIONSHAPE($,$,(#452));
#454=IFCCARTESIANPOINT((7086.4931710057408,8433.9105668044667,1514.4100328393686));
#455=IFCAXIS2PLACEMENT3D(#454,#200,#35);
#456=IFCLOCALPLACEMENT(#25,#455);
#457=IFCBUILDINGELEMENTPROXY('0r3m9KXTH7dQEHyg3LNa96',#6,'Tile:Tile 200x100x75 White 2:438986',$,$,#456,#453,'438986',$);
#458=IFCPROPERTYSET('0HTbeGjOfbJ4vYjp33zmKY',#6,'Pset_BuildingElementProxyCommon',$,(#204));
#459=IFCPROPERTYSET('2zYKuc$RJvEeHIeOwAL55l',#6,'Pset_QuantityTakeOff',$,(#204));
#460=IFCRELDEFINESBYPROPERTIES('2tAFW2gxgqZwqZwv$TFne9',#6,$,$,(#457),#458);
#461=IFCRELDEFINESBYPROPERTIES('0DAwpaIKnU9ECgXXjbN6Wh',#6,$,$,(#457),#459);
#462=IFCMAPPEDITEM(#188,#195);
#463=IFCSHAPEREPRESENTATION(#16,'Body','MappedRepresentation',(#462));
#464=IFCPRODUCTDEFINITIONSHAPE($,$,(#463));
#465=IFCCARTESIANPOINT((7086.4931710057399,8232.1105668044675,1514.4100328393677));
#466=IFCAXIS2PLACEMENT3D(#465,#200,#35);
#467=IFCLOCALPLACEMENT(#25,#466);
#468=IFCBUILDINGELEMENTPROXY('0r3m9KXTH7dQEHyg3LNa97',#6,'Tile:Tile 200x100x75 White 2:438987',$,$,#467,#464,'438987',$);
#469=IFCPROPERTYSET('0TzZEhXLz$wr0YKMR1D51G',#6,'Pset_BuildingElementProxyCommon',$,(#204));
#470=IFCPROPERTYSET('0Gsnu4L_iYhMGJbHhwMamM',#6,'Pset_QuantityTakeOff',$,(#204));
#471=IFCRELDEFINESBYPROPERTIES('2CfQBgqqM9$5v8O5RBI4IW',#6,$,$,(#468),#469);
#472=IFCRELDEFINESBYPROPERTIES('0_w6QLowOyTUNMGPn44WmL',#6,$,$,(#468),#470);
#473=IFCMAPPEDITEM(#372,#195);
#474=IFCSHAPEREPRESENTATION(#16,'Body','MappedRepresentation',(#473));
#475=IFCPRODUCTDEFINITIONSHAPE($,$,(#474));
#476=IFCCARTESIANPOINT((7086.4931710057408,8520.6105668044711,1514.4100328393688));
#477=IFCAXIS2PLACEMENT3D(#476,#200,#35);
#478=IFCLOCALPLACEMENT(#25,#477);
#479=IFCBUILDINGELEMENTPROXY('0r3m9KXTH7dQEHyg3LNa90',#6,'Tile:Tile 200x100x75 White 2:438988',$,$,#478,#475,'438988',$);
#480=IFCPROPERTYSET('1Mc6i0CLoWeelS0QuVE2DH',#6,'Pset_BuildingElementProxyCommon',$,(#204));
#481=IFCPROPERTYSET('3EeT5K37VPqXrs9PL33wdx',#6,'Pset_QuantityTakeOff',$,(#204));
#482=IFCRELDEFINESBYPROPERTIES('2q4myhp3R2uQg9cSlae4wz',#6,$,$,(#479),#480);
#483=IFCRELDEFINESBYPROPERTIES('3Xc_VC9HKoB$S626oeB5Lh',#6,$,$,(#479),#481);
#484=IFCCARTESIANPOINT((0.,7.1054273576010019E-015));
#485=IFCAXIS2PLACEMENT2D(#484,#171);
#486=IFCRECTANGLEPROFILEDEF(.AREA.,'Tile 200x100x75 White 2',#485,45.700000000000031,100.40000000000001);
#487=IFCCARTESIANPOINT((-50.199999999993743,-22.850000000008443,-0.));
#488=IFCAXIS2PLACEMENT3D(#487,#35,#36);
#489=IFCEXTRUDEDAREASOLID(#486,#488,#35,6.9999999999999973);
#490=IFCSTYLEDITEM(#489,(#184),$);
#491=IFCSHAPEREPRESENTATION(#16,'Body','SweptSolid',(#489));
#492=IFCAXIS2PLACEMENT3D(#11,$,$);
#493=IFCREPRESENTATIONMAP(#492,#491);
#494=IFCBUILDINGELEMENTPROXYTYPE('0r3m9KXTH7dQEHyg3LNaHy',#6,'Tile:Tile 200x100x75 White 2',$,$,$,(#493),'431094',$,.NOTDEFINED.);
#495=IFCMAPPEDITEM(#493,#195);
#496=IFCSHAPEREPRESENTATION(#16,'Body','MappedRepresentation',(#495));
#497=IFCPRODUCTDEFINITIONSHAPE($,$,(#496));
#498=IFCCARTESIANPOINT((7086.4931710057399,8030.3105668044636,1514.4100328393674));
#499=IFCAXIS2PLACEMENT3D(#498,#200,#35);
#500=IFCLOCALPLACEMENT(#25,#499);
#501=IFCBUILDINGELEMENTPROXY('0r3m9KXTH7dQEHyg3LNa9s',#6,'Tile:Tile 200x100x75 White 2:439034',$,$,#500,#497,'439034',$);
#502=IFCPROPERTYSET('3NW7m4VtMyn2yPCJT3aWSF',#6,'Pset_BuildingElementProxyCommon',$,(#204));
#503=IFCPROPERTYSET('0HgDztt9$ZMi3IOj4UaxGu',#6,'Pset_QuantityTakeOff',$,(#204));
#504=IFCRELDEFINESBYPROPERTIES('0zqwa1hrxrPHtn4Fpo4oSO',#6,$,$,(#501),#502);
#505=IFCRELDEFINESBYPROPERTIES('1Qktr2PupYwsq59Y7A1FyC',#6,$,$,(#501),#503);
#506=IFCMAPPEDITEM(#416,#195);
#507=IFCSHAPEREPRESENTATION(#16,'Body','MappedRepresentation',(#506));
#508=IFCPRODUCTDEFINITIONSHAPE($,$,(#507));
#509=IFCCARTESIANPOINT((7086.4931710057399,8131.2105668044642,1412.0100328393651));
#510=IFCAXIS2PLACEMENT3D(#509,#200,#35);
#511=IFCLOCALPLACEMENT(#25,#510);
#512=IFCBUILDINGELEMENTPROXY('0r3m9KXTH7dQEHyg3LNaN1',#6,'Tile:Tile 200x100x75 White 2:439629',$,$,#511,#508,'439629',$);
#513=IFCPROPERTYSET('0grVICtYQEtQFnj6tbAk29',#6,'Pset_BuildingElementProxyCommon',$,(#204));
#514=IFCPROPERTYSET('11rQ6Skje$MVYMAoSLNVjx',#6,'Pset_QuantityTakeOff',$,(#204));
#515=IFCRELDEFINESBYPROPERTIES('13OGKvC1rrw8HcB8IqprD$',#6,$,$,(#512),#513);
#516=IFCRELDEFINESBYPROPERTIES('15tboggH$NckcPZE80mG4e',#6,$,$,(#512),#514);
#517=IFCMAPPEDITEM(#188,#195);
#518=IFCSHAPEREPRESENTATION(#16,'Body','MappedRepresentation',(#517));
#519=IFCPRODUCTDEFINITIONSHAPE($,$,(#518));
#520=IFCCARTESIANPOINT((7086.4931710057408,8333.0105668044635,1412.0100328393651));
#521=IFCAXIS2PLACEMENT3D(#520,#200,#35);
#522=IFCLOCALPLACEMENT(#25,#521);
#523=IFCBUILDINGELEMENTPROXY('0r3m9KXTH7dQEHyg3LNaN2',#6,'Tile:Tile 200x100x75 White 2:439630',$,$,#522,#519,'439630',$);
#524=IFCPROPERTYSET('1dgEmlGlYfbhk_Pcfyzd$h',#6,'Pset_BuildingElementProxyCommon',$,(#204));
#525=IFCPROPERTYSET('3Feyf3BsMr5QMFh$vLZ2RD',#6,'Pset_QuantityTakeOff',$,(#204));
#526=IFCRELDEFINESBYPROPERTIES('0fmV7a2vIlZRmKnI$OTMGP',#6,$,$,(#523),#524);
#527=IFCRELDEFINESBYPROPERTIES('0gf0p8n1OeroGwg3BP5BPc',#6,$,$,(#523),#525);
#528=IFCMAPPEDITEM(#350,#195);
#529=IFCSHAPEREPRESENTATION(#16,'Body','MappedRepresentation',(#528));
#530=IFCPRODUCTDEFINITIONSHAPE($,$,(#529));
#531=IFCCARTESIANPOINT((7086.4931710057408,8520.6105668044711,1412.0100328393655));
#532=IFCAXIS2PLACEMENT3D(#531,#200,#35);
#533=IFCLOCALPLACEMENT(#25,#532);
#534=IFCBUILDINGELEMENTPROXY('0r3m9KXTH7dQEHyg3LNaN3',#6,'Tile:Tile 200x100x75 White 2:439631',$,$,#533,#530,'439631',$);
#535=IFCPROPERTYSET('0oFx1LUVYktbP6y_0lBvYR',#6,'Pset_BuildingElementProxyCommon',$,(#204));
#536=IFCPROPERTYSET('1rURIAzGvrnkHRyfuFZqCx',#6,'Pset_QuantityTakeOff',$,(#204));
#537=IFCRELDEFINESBYPROPERTIES('1LxSAEdQ2Ut_YG4IUGqrK5',#6,$,$,(#534),#535);
#538=IFCRELDEFINESBYPROPERTIES('1_W3KHLieokccBTmRrLuUV',#6,$,$,(#534),#536);
#539=IFCMAPPEDITEM(#188,#195);
#540=IFCSHAPEREPRESENTATION(#16,'Body','MappedRepresentation',(#539));
#541=IFCPRODUCTDEFINITIONSHAPE($,$,(#540));
#542=IFCCARTESIANPOINT((7086.4931710057408,8433.9105668044667,1309.6100328393659));
#543=IFCAXIS2PLACEMENT3D(#542,#200,#35);
#544=IFCLOCALPLACEMENT(#25,#543);
#545=IFCBUILDINGELEMENTPROXY('0r3m9KXTH7dQEHyg3LNaNS',#6,'Tile:Tile 200x100x75 White 2:439632',$,$,#544,#541,'439632',$);
#546=IFCPROPERTYSET('30V8mcs9hFVhUqG_Q1g7R7',#6,'Pset_BuildingElementProxyCommon',$,(#204));
#547=IFCPROPERTYSET('2Uuvpy8LGg1Z6DJeihw$GV',#6,'Pset_QuantityTakeOff',$,(#204));
#548=IFCRELDEFINESBYPROPERTIES('1Py6FtyMRREdvlbRZKosFh',#6,$,$,(#545),#546);
#549=IFCRELDEFINESBYPROPERTIES('10iuYkzyS1M3$DgJjIW9Wj',#6,$,$,(#545),#547);
#550=IFCMAPPEDITEM(#188,#195);
#551=IFCSHAPEREPRESENTATION(#16,'Body','MappedRepresentation',(#550));
#552=IFCPRODUCTDEFINITIONSHAPE($,$,(#551));
#553=IFCCARTESIANPOINT((7086.4931710057399,8232.1105668044675,1309.610032839365));
#554=IFCAXIS2PLACEMENT3D(#553,#200,#35);
#555=IFCLOCALPLACEMENT(#25,#554);
#556=IFCBUILDINGELEMENTPROXY('0r3m9KXTH7dQEHyg3LNaNT',#6,'Tile:Tile 200x100x75 White 2:439633',$,$,#555,#552,'439633',$);
#557=IFCPROPERTYSET('0SenzmRapvB4Sa8uBKJNwJ',#6,'Pset_BuildingElementProxyCommon',$,(#204));
#558=IFCPROPERTYSET('0IkYRar9Bje$dAIupVgmGO',#6,'Pset_QuantityTakeOff',$,(#204));
#559=IFCRELDEFINESBYPROPERTIES('01xOuIf799UsW0$SwultN7',#6,$,$,(#556),#557);
#560=IFCRELDEFINESBYPROPERTIES('3XcAKrG5ufngaSRHItjNQM',#6,$,$,(#556),#558);
#561=IFCMAPPEDITEM(#372,#195);
#562=IFCSHAPEREPRESENTATION(#16,'Body','MappedRepresentation',(#561));
#563=IFCPRODUCTDEFINITIONSHAPE($,$,(#562));
#564=IFCCARTESIANPOINT((7086.4931710057408,8520.6105668044711,1309.6100328393661));
#565=IFCAXIS2PLACEMENT3D(#564,#200,#35);
#566=IFCLOCALPLACEMENT(#25,#565);
#567=IFCBUILDINGELEMENTPROXY('0r3m9KXTH7dQEHyg3LNaNU',#6,'Tile:Tile 200x100x75 White 2:439634',$,$,#566,#563,'439634',$);
#568=IFCPROPERTYSET('1b6YM71heinb0MM59H7JMC',#6,'Pset_BuildingElementProxyCommon',$,(#204));
#569=IFCPROPERTYSET('0ZWzmXfl2JZCl1rcR86q16',#6,'Pset_QuantityTakeOff',$,(#204));
#570=IFCRELDEFINESBYPROPERTIES('0rceeinoJdhthC53nn6xk_',#6,$,$,(#567),#568);
#571=IFCRELDEFINESBYPROPERTIES('3lDuEbk6lPc8t6dBffye10',#6,$,$,(#567),#569);
#572=IFCMAPPEDITEM(#493,#195);
#573=IFCSHAPEREPRESENTATION(#16,'Body','MappedRepresentation',(#572));
#574=IFCPRODUCTDEFINITIONSHAPE($,$,(#573));
#575=IFCCARTESIANPOINT((7086.4931710057399,8030.3105668044636,1309.6100328393647));
#576=IFCAXIS2PLACEMENT3D(#575,#200,#35);
#577=IFCLOCALPLACEMENT(#25,#576);
#578=IFCBUILDINGELEMENTPROXY('0r3m9KXTH7dQEHyg3LNaNV',#6,'Tile:Tile 200x100x75 White 2:439635',$,$,#577,#574,'439635',$);
#579=IFCPROPERTYSET('3fON7KR_OrAxJzEtlgdg5Q',#6,'Pset_BuildingElementProxyCommon',$,(#204));
#580=IFCPROPERTYSET('34NNB5NCf1bfdHBhPUWn4Z',#6,'Pset_QuantityTakeOff',$,(#204));
#581=IFCRELDEFINESBYPROPERTIES('0J99ut0mgDzBsTZvJTR5VR',#6,$,$,(#578),#579);
#582=IFCRELDEFINESBYPROPERTIES('1oD1F8IQG1CJn1v9uKHVM6',#6,$,$,(#578),#580);
#583=IFCMAPPEDITEM(#416,#195);
#584=IFCSHAPEREPRESENTATION(#16,'Body','MappedRepresentation',(#583));
#585=IFCPRODUCTDEFINITIONSHAPE($,$,(#584));
#586=IFCCARTESIANPOINT((7086.4931710057399,8131.2105668044642,1207.2100328393622));
#587=IFCAXIS2PLACEMENT3D(#586,#200,#35);
#588=IFCLOCALPLACEMENT(#25,#587);
#589=IFCBUILDINGELEMENTPROXY('0r3m9KXTH7dQEHyg3LNaNG',#6,'Tile:Tile 200x100x75 White 2:439644',$,$,#588,#585,'439644',$);
#590=IFCPROPERTYSET('1CSzSnhv_ExbZrNNb7SKS_',#6,'Pset_BuildingElementProxyCommon',$,(#204));
#591=IFCPROPERTYSET('1_l9Y9_dFQYbK5GjCwe$G2',#6,'Pset_QuantityTakeOff',$,(#204));
#592=IFCRELDEFINESBYPROPERTIES('3zhZx3$JsBvcXMyEejLoTD',#6,$,$,(#589),#590);
#593=IFCRELDEFINESBYPROPERTIES('369ZNEl6Sjd98e1sthj9xg',#6,$,$,(#589),#591);
#594=IFCMAPPEDITEM(#188,#195);
#595=IFCSHAPEREPRESENTATION(#16,'Body','MappedRepresentation',(#594));
#596=IFCPRODUCTDEFINITIONSHAPE($,$,(#595));
#597=IFCCARTESIANPOINT((7086.4931710057408,8333.0105668044635,1207.2100328393622));
#598=IFCAXIS2PLACEMENT3D(#597,#200,#35);
#599=IFCLOCALPLACEMENT(#25,#598);
#600=IFCBUILDINGELEMENTPROXY('0r3m9KXTH7dQEHyg3LNaNH',#6,'Tile:Tile 200x100x75 White 2:439645',$,$,#599,#596,'439645',$);
#601=IFCPROPERTYSET('0TDZDmRQN2ZxgdFjAQkeOS',#6,'Pset_BuildingElementProxyCommon',$,(#204));
#602=IFCPROPERTYSET('3Xkr$CP_q1_yg1lkt4KpM5',#6,'Pset_QuantityTakeOff',$,(#204));
#603=IFCRELDEFINESBYPROPERTIES('36HJGhzqa3m$DplTug3HXS',#6,$,$,(#600),#601);
#604=IFCRELDEFINESBYPROPERTIES('3OTAaw8$vEu9k30Vw_xPce',#6,$,$,(#600),#602);
#605=IFCMAPPEDITEM(#350,#195);
#606=IFCSHAPEREPRESENTATION(#16,'Body','MappedRepresentation',(#605));
#607=IFCPRODUCTDEFINITIONSHAPE($,$,(#606));
#608=IFCCARTESIANPOINT((7086.4931710057408,8520.6105668044711,1207.2100328393628));
#609=IFCAXIS2PLACEMENT3D(#608,#200,#35);
#610=IFCLOCALPLACEMENT(#25,#609);
#611=IFCBUILDINGELEMENTPROXY('0r3m9KXTH7dQEHyg3LNaNI',#6,'Tile:Tile 200x100x75 White 2:439646',$,$,#610,#607,'439646',$);
#612=IFCPROPERTYSET('1PvuASqgFZDz03VFzVEPxH',#6,'Pset_BuildingElementProxyCommon',$,(#204));
#613=IFCPROPERTYSET('0kz4egubTmsA9ZSPi8jJwv',#6,'Pset_QuantityTakeOff',$,(#204));
#614=IFCRELDEFINESBYPROPERTIES('32CGH69c7KkzfTqDmbLKrA',#6,$,$,(#611),#612);
#615=IFCRELDEFINESBYPROPERTIES('3p0MMxC2JgIhUnBU63VRWO',#6,$,$,(#611),#613);
#616=IFCMAPPEDITEM(#188,#195);
#617=IFCSHAPEREPRESENTATION(#16,'Body','MappedRepresentation',(#616));
#618=IFCPRODUCTDEFINITIONSHAPE($,$,(#617));
#619=IFCCARTESIANPOINT((7086.4931710057408,8433.9105668044667,1104.810032839363));
#620=IFCAXIS2PLACEMENT3D(#619,#200,#35);
#621=IFCLOCALPLACEMENT(#25,#620);
#622=IFCBUILDINGELEMENTPROXY('0r3m9KXTH7dQEHyg3LNaNJ',#6,'Tile:Tile 200x100x75 White 2:439647',$,$,#621,#618,'439647',$);
#623=IFCPROPERTYSET('0dLzLHC8_rZaLM7UhBe7o5',#6,'Pset_BuildingElementProxyCommon',$,(#204));
#624=IFCPROPERTYSET('3PQgX8gvpOCM8yfq37U6lI',#6,'Pset_QuantityTakeOff',$,(#204));
#625=IFCRELDEFINESBYPROPERTIES('2NCWDH8SkXPKj9dy3u0IiA',#6,$,$,(#622),#623);
#626=IFCRELDEFINESBYPROPERTIES('22LgEFE5UOoVZuV_57T3Cv',#6,$,$,(#622),#624);
#627=IFCMAPPEDITEM(#188,#195);
#628=IFCSHAPEREPRESENTATION(#16,'Body','MappedRepresentation',(#627));
#629=IFCPRODUCTDEFINITIONSHAPE($,$,(#628));
#630=IFCCARTESIANPOINT((7086.4931710057399,8232.1105668044675,1104.8100328393623));
#631=IFCAXIS2PLACEMENT3D(#630,#200,#35);
#632=IFCLOCALPLACEMENT(#25,#631);
#633=IFCBUILDINGELEMENTPROXY('0r3m9KXTH7dQEHyg3LNaNi',#6,'Tile:Tile 200x100x75 White 2:439648',$,$,#632,#629,'439648',$);
#634=IFCPROPERTYSET('2S7p2D_v3yBib9xjIuOD7o',#6,'Pset_BuildingElementProxyCommon',$,(#204));
#635=IFCPROPERTYSET('3fZUYKpYOnQ2Lc6GPtTqZM',#6,'Pset_QuantityTakeOff',$,(#204));
#636=IFCRELDEFINESBYPROPERTIES('08hJmPNajOETbNpb7_65yM',#6,$,$,(#633),#634);
#637=IFCRELDEFINESBYPROPERTIES('2lL4Vw1mwzrUgVOtyrUnV6',#6,$,$,(#633),#635);
#638=IFCMAPPEDITEM(#372,#195);
#639=IFCSHAPEREPRESENTATION(#16,'Body','MappedRepresentation',(#638));
#640=IFCPRODUCTDEFINITIONSHAPE($,$,(#639));
#641=IFCCARTESIANPOINT((7086.4931710057408,8520.6105668044711,1104.8100328393634));
#642=IFCAXIS2PLACEMENT3D(#641,#200,#35);
#643=IFCLOCALPLACEMENT(#25,#642);
#644=IFCBUILDINGELEMENTPROXY('0r3m9KXTH7dQEHyg3LNaNj',#6,'Tile:Tile 200x100x75 White 2:439649',$,$,#643,#640,'439649',$);
#645=IFCPROPERTYSET('0VChkHN7xgjT6NfuxrVvTN',#6,'Pset_BuildingElementProxyCommon',$,(#204));
#646=IFCPROPERTYSET('2xeGZTYfKB0blqxI3gtpb8',#6,'Pset_QuantityTakeOff',$,(#204));
#647=IFCRELDEFINESBYPROPERTIES('1anZQHVV4dysmsu$eMx021',#6,$,$,(#644),#645);
#648=IFCRELDEFINESBYPROPERTIES('0yP578SMM2_R83X1VIkHYU',#6,$,$,(#644),#646);
#649=IFCMAPPEDITEM(#493,#195);
#650=IFCSHAPEREPRESENTATION(#16,'Body','MappedRepresentation',(#649));
#651=IFCPRODUCTDEFINITIONSHAPE($,$,(#650));
#652=IFCCARTESIANPOINT((7086.4931710057399,8030.3105668044636,1104.8100328393621));
#653=IFCAXIS2PLACEMENT3D(#652,#200,#35);
#654=IFCLOCALPLACEMENT(#25,#653);
#655=IFCBUILDINGELEMENTPROXY('0r3m9KXTH7dQEHyg3LNaNk',#6,'Tile:Tile 200x100x75 White 2:439650',$,$,#654,#651,'439650',$);
#656=IFCPROPERTYSET('3fNOvDWaHTJ$yidmiIxKPc',#6,'Pset_BuildingElementProxyCommon',$,(#204));
#657=IFCPROPERTYSET('3_T_AQXf2KEs3iUSLFVG_I',#6,'Pset_QuantityTakeOff',$,(#204));
#658=IFCRELDEFINESBYPROPERTIES('24r1_igHUpNoBCW_qk0FPX',#6,$,$,(#655),#656);
#659=IFCRELDEFINESBYPROPERTIES('1brFkzS_leTlqN$YKcPZGa',#6,$,$,(#655),#657);
#660=IFCMAPPEDITEM(#416,#195);
#661=IFCSHAPEREPRESENTATION(#16,'Body','MappedRepresentation',(#660));
#662=IFCPRODUCTDEFINITIONSHAPE($,$,(#661));
#663=IFCCARTESIANPOINT((7086.4931710057399,8131.2105668044642,1002.4100328393596));
#664=IFCAXIS2PLACEMENT3D(#663,#200,#35);
#665=IFCLOCALPLACEMENT(#25,#664);
#666=IFCBUILDINGELEMENTPROXY('0r3m9KXTH7dQEHyg3LNaNd',#6,'Tile:Tile 200x100x75 White 2:439659',$,$,#665,#662,'439659',$);
#667=IFCPROPERTYSET('0qUxGy5ljgrMOMu_V0NcDo',#6,'Pset_BuildingElementProxyCommon',$,(#204));
#668=IFCPROPERTYSET('21XfTKe9xVzocZ4371vpgW',#6,'Pset_QuantityTakeOff',$,(#204));
#669=IFCRELDEFINESBYPROPERTIES('3hRTLbT9_9PSx6UsWY8$su',#6,$,$,(#666),#667);
#670=IFCRELDEFINESBYPROPERTIES('2HZ1YZoUIaAMjYYYDgbP_e',#6,$,$,(#666),#668);
#671=IFCMAPPEDITEM(#188,#195);
#672=IFCSHAPEREPRESENTATION(#16,'Body','MappedRepresentation',(#671));
#673=IFCPRODUCTDEFINITIONSHAPE($,$,(#672));
#674=IFCCARTESIANPOINT((7086.4931710057408,8333.0105668044635,1002.4100328393596));
#675=IFCAXIS2PLACEMENT3D(#674,#200,#35);
#676=IFCLOCALPLACEMENT(#25,#675);
#677=IFCBUILDINGELEMENTPROXY('0r3m9KXTH7dQEHyg3LNaNW',#6,'Tile:Tile 200x100x75 White 2:439660',$,$,#676,#673,'439660',$);
#678=IFCPROPERTYSET('2t1BGqiUGWYg59KS6JXW$0',#6,'Pset_BuildingElementProxyCommon',$,(#204));
#679=IFCPROPERTYSET('0Kd3MkuGdqqN1iWGKJyMed',#6,'Pset_QuantityTakeOff',$,(#204));
#680=IFCRELDEFINESBYPROPERTIES('19RtZUpopzrm2Hh5DRZCPf',#6,$,$,(#677),#678);
#681=IFCRELDEFINESBYPROPERTIES('1qz94ekAn607$M0PuDEiMr',#6,$,$,(#677),#679);
#682=IFCMAPPEDITEM(#350,#195);
#683=IFCSHAPEREPRESENTATION(#16,'Body','MappedRepresentation',(#682));
#684=IFCPRODUCTDEFINITIONSHAPE($,$,(#683));
#685=IFCCARTESIANPOINT((7086.4931710057408,8520.6105668044711,1002.41003283936));
#686=IFCAXIS2PLACEMENT3D(#685,#200,#35);
#687=IFCLOCALPLACEMENT(#25,#686);
#688=IFCBUILDINGELEMENTPROXY('0r3m9KXTH7dQEHyg3LNaNX',#6,'Tile:Tile 200x100x75 White 2:439661',$,$,#687,#684,'439661',$);
#689=IFCPROPERTYSET('0UoJ05a5nX8zz18uLdw_AO',#6,'Pset_BuildingElementProxyCommon',$,(#204));
#690=IFCPROPERTYSET('3vZdz2vHwRdIkasapYP0_B',#6,'Pset_QuantityTakeOff',$,(#204));
#691=IFCRELDEFINESBYPROPERTIES('0PsDJYDb0xE1IXwVTzuq3K',#6,$,$,(#688),#689);
#692=IFCRELDEFINESBYPROPERTIES('0Bj_r2Ve0DDORaNcYLfJtu',#6,$,$,(#688),#690);
#693=IFCMAPPEDITEM(#188,#195);
#694=IFCSHAPEREPRESENTATION(#16,'Body','MappedRepresentation',(#693));
#695=IFCPRODUCTDEFINITIONSHAPE($,$,(#694));
#696=IFCCARTESIANPOINT((7086.4931710057408,8433.9105668044667,900.01003283936041));
#697=IFCAXIS2PLACEMENT3D(#696,#200,#35);
#698=IFCLOCALPLACEMENT(#25,#697);
#699=IFCBUILDINGELEMENTPROXY('0r3m9KXTH7dQEHyg3LNaNY',#6,'Tile:Tile 200x100x75 White 2:439662',$,$,#698,#695,'439662',$);
#700=IFCPROPERTYSET('0U1yCKXBRKGG_D6U71$qB6',#6,'Pset_BuildingElementProxyCommon',$,(#204));
#701=IFCPROPERTYSET('0rG0PPkyJRfN06yFmnVOMu',#6,'Pset_QuantityTakeOff',$,(#204));
#702=IFCRELDEFINESBYPROPERTIES('0DptzcSX4DFGPgb781xhZM',#6,$,$,(#699),#700);
#703=IFCRELDEFINESBYPROPERTIES('2YQ$f$zV1Bcn_7dyZi8tKA',#6,$,$,(#699),#701);
#704=IFCMAPPEDITEM(#188,#195);
#705=IFCSHAPEREPRESENTATION(#16,'Body','MappedRepresentation',(#704));
#706=IFCPRODUCTDEFINITIONSHAPE($,$,(#705));
#707=IFCCARTESIANPOINT((7086.4931710057399,8232.1105668044675,900.0100328393595));
#708=IFCAXIS2PLACEMENT3D(#707,#200,#35);
#709=IFCLOCALPLACEMENT(#25,#708);
#710=IFCBUILDINGELEMENTPROXY('0r3m9KXTH7dQEHyg3LNaNZ',#6,'Tile:Tile 200x100x75 White 2:439663',$,$,#709,#706,'439663',$);
#711=IFCPROPERTYSET('0a_0k7M0aB6zGnGRMP9yJP',#6,'Pset_BuildingElementProxyCommon',$,(#204));
#712=IFCPROPERTYSET('3ckreldBXsAFPhyFcFNqDt',#6,'Pset_QuantityTakeOff',$,(#204));
#713=IFCRELDEFINESBYPROPERTIES('1dh5pRTEC_LS1kFuk3kPSk',#6,$,$,(#710),#711);
#714=IFCRELDEFINESBYPROPERTIES('0BdZle7jYF3ilkWirXRk$r',#6,$,$,(#710),#712);
#715=IFCMAPPEDITEM(#372,#195);
#716=IFCSHAPEREPRESENTATION(#16,'Body','MappedRepresentation',(#715));
#717=IFCPRODUCTDEFINITIONSHAPE($,$,(#716));
#718=IFCCARTESIANPOINT((7086.4931710057408,8520.6105668044711,900.01003283936063));
#719=IFCAXIS2PLACEMENT3D(#718,#200,#35);
#720=IFCLOCALPLACEMENT(#25,#719);
#721=IFCBUILDINGELEMENTPROXY('0r3m9KXTH7dQEHyg3LNaNy',#6,'Tile:Tile 200x100x75 White 2:439664',$,$,#720,#717,'439664',$);
#722=IFCPROPERTYSET('1NaztJzd5Ruax$btojXmdM',#6,'Pset_BuildingElementProxyCommon',$,(#204));
#723=IFCPROPERTYSET('3DPzELSZB0SRMRdFgc9wAm',#6,'Pset_QuantityTakeOff',$,(#204));
#724=IFCRELDEFINESBYPROPERTIES('02lJ7iS6QdsuiSSSY8AoUl',#6,$,$,(#721),#722);
#725=IFCRELDEFINESBYPROPERTIES('0DcV8Z$0QGd$V8tggvTzyy',#6,$,$,(#721),#723);
#726=IFCMAPPEDITEM(#493,#195);
#727=IFCSHAPEREPRESENTATION(#16,'Body','MappedRepresentation',(#726));
#728=IFCPRODUCTDEFINITIONSHAPE($,$,(#727));
#729=IFCCARTESIANPOINT((7086.4931710057399,8030.3105668044636,900.01003283935927));
#730=IFCAXIS2PLACEMENT3D(#729,#200,#35);
#731=IFCLOCALPLACEMENT(#25,#730);
#732=IFCBUILDINGELEMENTPROXY('0r3m9KXTH7dQEHyg3LNaNz',#6,'Tile:Tile 200x100x75 White 2:439665',$,$,#731,#728,'439665',$);
#733=IFCPROPERTYSET('0GJcejrWgi9$c7lmoBvpdD',#6,'Pset_BuildingElementProxyCommon',$,(#204));
#734=IFCPROPERTYSET('0JttYqNMSV5QZyEAqBgL4u',#6,'Pset_QuantityTakeOff',$,(#204));
#735=IFCRELDEFINESBYPROPERTIES('1RuBFvy525MbevmrFVzRYc',#6,$,$,(#732),#733);
#736=IFCRELDEFINESBYPROPERTIES('3Qy774HYmolMxVYH2bzvyB',#6,$,$,(#732),#734);
#737=IFCCARTESIANPOINT((0.,0.));
#738=IFCAXIS2PLACEMENT2D(#737,#171);
#739=IFCRECTANGLEPROFILEDEF(.AREA.,'Tile Red',#738,8.0000000000003464,50.000000000005961);
#740=IFCCARTESIANPOINT((7082.4931710057372,7957.6105668044529,347.04431207027591));
#741=IFCAXIS2PLACEMENT3D(#740,$,$);
#742=IFCEXTRUDEDAREASOLID(#739,#741,#35,450.69999999999987);
#743=IFCCOLOURRGB($,1.,0.,0.);
#744=IFCSURFACESTYLERENDERING(#743,0.,$,$,$,$,IFCNORMALISEDRATIOMEASURE(0.5),IFCSPECULAREXPONENT(64.),.NOTDEFINED.);
#745=IFCSURFACESTYLE('Tile Red',.BOTH.,(#744));
#746=IFCPRESENTATIONSTYLEASSIGNMENT((#745));
#747=IFCSTYLEDITEM(#742,(#746),$);
#748=IFCSHAPEREPRESENTATION(#16,'Body','SweptSolid',(#742));
#749=IFCAXIS2PLACEMENT3D(#11,$,$);
#750=IFCREPRESENTATIONMAP(#749,#748);
#751=IFCBUILDINGELEMENTPROXYTYPE('0r3m9KXTH7dQEHyg3LNaY6',#6,'Tile Red3:Tile Red',$,$,$,(#750),'440330',$,.NOTDEFINED.);
#752=IFCMATERIAL('Tile Red');
#753=IFCPRESENTATIONSTYLEASSIGNMENT((#745));
#754=IFCSTYLEDITEM($,(#753),$);
#755=IFCSTYLEDREPRESENTATION(#14,'Style','Material',(#754));
#756=IFCMATERIALDEFINITIONREPRESENTATION($,$,(#755),#752);
#757=IFCMAPPEDITEM(#750,#195);
#758=IFCSHAPEREPRESENTATION(#16,'Body','MappedRepresentation',(#757));
#759=IFCPRODUCTDEFINITIONSHAPE($,$,(#758));
#760=IFCAXIS2PLACEMENT3D(#11,$,$);
#761=IFCLOCALPLACEMENT(#25,#760);
#762=IFCBUILDINGELEMENTPROXY('0r3m9KXTH7dQEHyg3LNaY0',#6,'Tile Red3:Tile Red:440332',$,$,#761,#759,'440332',$);
#763=IFCPROPERTYSINGLEVALUE('Reference',$,IFCIDENTIFIER('Tile Red'),$);
#764=IFCPROPERTYSET('12XaV9LAasJw9uOm7YoYb9',#6,'Pset_BuildingElementProxyCommon',$,(#763));
#765=IFCPROPERTYSET('0111Nzk6tlfqP33yPgXhhz',#6,'Pset_QuantityTakeOff',$,(#763));
#766=IFCRELDEFINESBYPROPERTIES('2LeeiX21bSwnjpm3zWl1wL',#6,$,$,(#762),#764);
#767=IFCRELDEFINESBYPROPERTIES('28JYpwejlCh8pIHTuvPBUM',#6,$,$,(#762),#765);
#768=IFCCARTESIANPOINT((0.,0.));
#769=IFCAXIS2PLACEMENT2D(#768,#171);
#770=IFCRECTANGLEPROFILEDEF(.AREA.,'Tile Red',#769,8.0000000000003464,50.000000000005961);
#771=IFCCARTESIANPOINT((7082.4931710057372,7957.6105668044529,1252.4443120702758));
#772=IFCAXIS2PLACEMENT3D(#771,$,$);
#773=IFCEXTRUDEDAREASOLID(#770,#772,#35,466.64436160284623);
#774=IFCSTYLEDITEM(#773,(#746),$);
#775=IFCSHAPEREPRESENTATION(#16,'Body','SweptSolid',(#773));
#776=IFCAXIS2PLACEMENT3D(#11,$,$);
#777=IFCREPRESENTATIONMAP(#776,#775);
#778=IFCBUILDINGELEMENTPROXYTYPE('0r3m9KXTH7dQEHyg3LNai9',#6,'Tile Red4:Tile Red',$,$,$,(#777),'441221',$,.NOTDEFINED.);
#779=IFCMAPPEDITEM(#777,#195);
#780=IFCSHAPEREPRESENTATION(#16,'Body','MappedRepresentation',(#779));
#781=IFCPRODUCTDEFINITIONSHAPE($,$,(#780));
#782=IFCAXIS2PLACEMENT3D(#11,$,$);
#783=IFCLOCALPLACEMENT(#25,#782);
#784=IFCBUILDINGELEMENTPROXY('0r3m9KXTH7dQEHyg3LNaiB',#6,'Tile Red4:Tile Red:441223',$,$,#783,#781,'441223',$);
#785=IFCPROPERTYSET('0doFEfPHDIJhwRFQvj1rnR',#6,'Pset_BuildingElementProxyCommon',$,(#763));
#786=IFCPROPERTYSET('10c4$0ptwDOY4A2cNLkB0J',#6,'Pset_QuantityTakeOff',$,(#763));
#787=IFCRELDEFINESBYPROPERTIES('0UMRPY5FvLhJBUdBcrbVbZ',#6,$,$,(#784),#785);
#788=IFCRELDEFINESBYPROPERTIES('3nM0$gVryjO0_089fAwDuA',#6,$,$,(#784),#786);
#789=IFCCARTESIANPOINT((0.,0.));
#790=IFCAXIS2PLACEMENT2D(#789,#171);
#791=IFCRECTANGLEPROFILEDEF(.AREA.,'Tile Red',#790,8.0000000000003464,50.000000000005961);
#792=IFCCARTESIANPOINT((7082.4931710057372,7957.6105668044529,799.74431207027646));
#793=IFCAXIS2PLACEMENT3D(#792,$,$);
#794=IFCEXTRUDEDAREASOLID(#791,#793,#35,450.69999999999891);
#795=IFCSTYLEDITEM(#794,(#746),$);
#796=IFCSHAPEREPRESENTATION(#16,'Body','SweptSolid',(#794));
#797=IFCAXIS2PLACEMENT3D(#11,$,$);
#798=IFCREPRESENTATIONMAP(#797,#796);
#799=IFCBUILDINGELEMENTPROXYTYPE('0r3m9KXTH7dQEHyg3LNajw',#6,'Tile Red5:Tile Red',$,$,$,(#798),'441334',$,.NOTDEFINED.);
#800=IFCMAPPEDITEM(#798,#195);
#801=IFCSHAPEREPRESENTATION(#16,'Body','MappedRepresentation',(#800));
#802=IFCPRODUCTDEFINITIONSHAPE($,$,(#801));
#803=IFCAXIS2PLACEMENT3D(#11,$,$);
#804=IFCLOCALPLACEMENT(#25,#803);
#805=IFCBUILDINGELEMENTPROXY('0r3m9KXTH7dQEHyg3LNajq',#6,'Tile Red5:Tile Red:441336',$,$,#804,#802,'441336',$);
#806=IFCPROPERTYSET('0PBZrTCdhqXoqBwKr4lqto',#6,'Pset_BuildingElementProxyCommon',$,(#763));
#807=IFCPROPERTYSET('2GKMCdMM6XMp2IqI27Z_9j',#6,'Pset_QuantityTakeOff',$,(#763));
#808=IFCRELDEFINESBYPROPERTIES('2n3w95imBaGV0KyRBKRffN',#6,$,$,(#805),#806);
#809=IFCRELDEFINESBYPROPERTIES('323lloXy_BkPMkkgYYS0a9',#6,$,$,(#805),#807);
#810=IFCCARTESIANPOINT((0.,0.));
#811=IFCAXIS2PLACEMENT2D(#810,#171);
#812=IFCRECTANGLEPROFILEDEF(.AREA.,'Tile Red',#811,8.0000000000003464,50.000000000005961);
#813=IFCCARTESIANPOINT((7082.4931710057372,7957.6105668044529,6.4000791790857514));
#814=IFCAXIS2PLACEMENT3D(#813,$,$);
#815=IFCEXTRUDEDAREASOLID(#812,#814,#35,338.6442328911902);
#816=IFCSTYLEDITEM(#815,(#746),$);
#817=IFCSHAPEREPRESENTATION(#16,'Body','SweptSolid',(#815));
#818=IFCAXIS2PLACEMENT3D(#11,$,$);
#819=IFCREPRESENTATIONMAP(#818,#817);
#820=IFCBUILDINGELEMENTPROXYTYPE('0r3m9KXTH7dQEHyg3LNaph',#6,'Tile Red6:Tile Red',$,$,$,(#819),'441447',$,.NOTDEFINED.);
#821=IFCMAPPEDITEM(#819,#195);
#822=IFCSHAPEREPRESENTATION(#16,'Body','MappedRepresentation',(#821));
#823=IFCPRODUCTDEFINITIONSHAPE($,$,(#822));
#824=IFCAXIS2PLACEMENT3D(#11,$,$);
#825=IFCLOCALPLACEMENT(#25,#824);
#826=IFCBUILDINGELEMENTPROXY('0r3m9KXTH7dQEHyg3LNapb',#6,'Tile Red6:Tile Red:441449',$,$,#825,#823,'441449',$);
#827=IFCPROPERTYSET('33z9E9P2Kg3cOmchnIkX2V',#6,'Pset_BuildingElementProxyCommon',$,(#763));
#828=IFCPROPERTYSET('0rj4Rfeuv_s1nTSgn91vha',#6,'Pset_QuantityTakeOff',$,(#763));
#829=IFCRELDEFINESBYPROPERTIES('2K6OzykWafBdSiwus_w$yo',#6,$,$,(#826),#827);
#830=IFCRELDEFINESBYPROPERTIES('2LaWnFmxJnd8s8C7ovhlAA',#6,$,$,(#826),#828);
#831=IFCCARTESIANPOINT((0.,0.));
#832=IFCAXIS2PLACEMENT2D(#831,#171);
#833=IFCRECTANGLEPROFILEDEF(.AREA.,'Tile Red',#832,8.0000000000003464,50.000000000005961);
#834=IFCCARTESIANPOINT((7082.4931710057372,7957.6105668044529,347.04431207027591));
#835=IFCAXIS2PLACEMENT3D(#834,$,$);
#836=IFCEXTRUDEDAREASOLID(#833,#835,#35,450.69999999999987);
#837=IFCSTYLEDITEM(#836,(#746),$);
#838=IFCSHAPEREPRESENTATION(#16,'Body','SweptSolid',(#836));
#839=IFCAXIS2PLACEMENT3D(#11,$,$);
#840=IFCREPRESENTATIONMAP(#839,#838);
#841=IFCBUILDINGELEMENTPROXYTYPE('0r3m9KXTH7dQEHyg3LNaqC',#6,'Tile Red7:Tile Red',$,$,$,(#840),'441728',$,.NOTDEFINED.);
#842=IFCMAPPEDITEM(#840,#195);
#843=IFCSHAPEREPRESENTATION(#16,'Body','MappedRepresentation',(#842));
#844=IFCPRODUCTDEFINITIONSHAPE($,$,(#843));
#845=IFCCARTESIANPOINT((-0.,-675.,-0.));
#846=IFCAXIS2PLACEMENT3D(#845,$,$);
#847=IFCLOCALPLACEMENT(#25,#846);
#848=IFCBUILDINGELEMENTPROXY('0r3m9KXTH7dQEHyg3LNaqE',#6,'Tile Red7:Tile Red:441730',$,$,#847,#844,'441730',$);
#849=IFCPROPERTYSET('2qEp2ULSgdcBt3fV_6VTta',#6,'Pset_BuildingElementProxyCommon',$,(#763));
#850=IFCPROPERTYSET('2YWae1Nf36YHi31q$45$kD',#6,'Pset_QuantityTakeOff',$,(#763));
#851=IFCRELDEFINESBYPROPERTIES('1IXP$jWWxuQ9yId8FAoaE1',#6,$,$,(#848),#849);
#852=IFCRELDEFINESBYPROPERTIES('2G2I_pdycx5a7rQQRcny3d',#6,$,$,(#848),#850);
#853=IFCCARTESIANPOINT((0.,0.));
#854=IFCAXIS2PLACEMENT2D(#853,#171);
#855=IFCRECTANGLEPROFILEDEF(.AREA.,'Tile Red',#854,8.0000000000003464,50.000000000005961);
#856=IFCCARTESIANPOINT((7082.4931710057372,7957.6105668044529,1252.4443120702758));
#857=IFCAXIS2PLACEMENT3D(#856,$,$);
#858=IFCEXTRUDEDAREASOLID(#855,#857,#35,466.65319163335522);
#859=IFCSTYLEDITEM(#858,(#746),$);
#860=IFCSHAPEREPRESENTATION(#16,'Body','SweptSolid',(#858));
#861=IFCAXIS2PLACEMENT3D(#11,$,$);
#862=IFCREPRESENTATIONMAP(#861,#860);
#863=IFCBUILDINGELEMENTPROXYTYPE('0r3m9KXTH7dQEHyg3LNaq0',#6,'Tile Red8:Tile Red',$,$,$,(#862),'441740',$,.NOTDEFINED.);
#864=IFCMAPPEDITEM(#862,#195);
#865=IFCSHAPEREPRESENTATION(#16,'Body','MappedRepresentation',(#864));
#866=IFCPRODUCTDEFINITIONSHAPE($,$,(#865));
#867=IFCCARTESIANPOINT((-0.,-675.,-0.));
#868=IFCAXIS2PLACEMENT3D(#867,$,$);
#869=IFCLOCALPLACEMENT(#25,#868);
#870=IFCBUILDINGELEMENTPROXY('0r3m9KXTH7dQEHyg3LNaq2',#6,'Tile Red8:Tile Red:441742',$,$,#869,#866,'441742',$);
#871=IFCPROPERTYSET('0NMn7F7Wx0CoWkFH$T5mEu',#6,'Pset_BuildingElementProxyCommon',$,(#763));
#872=IFCPROPERTYSET('3L$mR1pQjqQijD0830jEuq',#6,'Pset_QuantityTakeOff',$,(#763));
#873=IFCRELDEFINESBYPROPERTIES('0IsjFkfEt05MeZ2$v$QLy6',#6,$,$,(#870),#871);
#874=IFCRELDEFINESBYPROPERTIES('2Rmmc80yIHY0MVRnCXTVYA',#6,$,$,(#870),#872);
#875=IFCCARTESIANPOINT((0.,0.));
#876=IFCAXIS2PLACEMENT2D(#875,#171);
#877=IFCRECTANGLEPROFILEDEF(.AREA.,'Tile Red',#876,8.0000000000003464,50.000000000005961);
#878=IFCCARTESIANPOINT((7082.4931710057372,7957.6105668044529,799.74431207027646));
#879=IFCAXIS2PLACEMENT3D(#878,$,$);
#880=IFCEXTRUDEDAREASOLID(#877,#879,#35,450.69999999999891);
#881=IFCSTYLEDITEM(#880,(#746),$);
#882=IFCSHAPEREPRESENTATION(#16,'Body','SweptSolid',(#880));
#883=IFCAXIS2PLACEMENT3D(#11,$,$);
#884=IFCREPRESENTATIONMAP(#883,#882);
#885=IFCBUILDINGELEMENTPROXYTYPE('0r3m9KXTH7dQEHyg3LNaqK',#6,'Tile Red9:Tile Red',$,$,$,(#884),'441752',$,.NOTDEFINED.);
#886=IFCMAPPEDITEM(#884,#195);
#887=IFCSHAPEREPRESENTATION(#16,'Body','MappedRepresentation',(#886));
#888=IFCPRODUCTDEFINITIONSHAPE($,$,(#887));
#889=IFCCARTESIANPOINT((-0.,-675.,-0.));
#890=IFCAXIS2PLACEMENT3D(#889,$,$);
#891=IFCLOCALPLACEMENT(#25,#890);
#892=IFCBUILDINGELEMENTPROXY('0r3m9KXTH7dQEHyg3LNaqM',#6,'Tile Red9:Tile Red:441754',$,$,#891,#888,'441754',$);
#893=IFCPROPERTYSET('1DW3MhH9E6t3TDzCDkqoHs',#6,'Pset_BuildingElementProxyCommon',$,(#763));
#894=IFCPROPERTYSET('1NC2dSs8voMPwgFgzuCLYx',#6,'Pset_QuantityTakeOff',$,(#763));
#895=IFCRELDEFINESBYPROPERTIES('2lqlmq9yivc5gHpaWYtg8M',#6,$,$,(#892),#893);
#896=IFCRELDEFINESBYPROPERTIES('2Lh3NN5dybY_sW9X78NH4C',#6,$,$,(#892),#894);
#897=IFCCARTESIANPOINT((0.,0.));
#898=IFCAXIS2PLACEMENT2D(#897,#171);
#899=IFCRECTANGLEPROFILEDEF(.AREA.,'Tile Red',#898,8.0000000000003464,50.000000000005961);
#900=IFCCARTESIANPOINT((7082.4931710057363,7282.6105668044556,4.9477030239603579));
#901=IFCAXIS2PLACEMENT3D(#900,$,$);
#902=IFCEXTRUDEDAREASOLID(#899,#901,#35,340.0966090463134);
#903=IFCSTYLEDITEM(#902,(#746),$);
#904=IFCSHAPEREPRESENTATION(#16,'Body','SweptSolid',(#902));
#905=IFCAXIS2PLACEMENT3D(#11,$,$);
#906=IFCREPRESENTATIONMAP(#905,#904);
#907=IFCBUILDINGELEMENTPROXYTYPE('0r3m9KXTH7dQEHyg3LNaqe',#6,'Tile Red10:Tile Red',$,$,$,(#906),'441764',$,.NOTDEFINED.);
#908=IFCMAPPEDITEM(#906,#195);
#909=IFCSHAPEREPRESENTATION(#16,'Body','MappedRepresentation',(#908));
#910=IFCPRODUCTDEFINITIONSHAPE($,$,(#909));
#911=IFCAXIS2PLACEMENT3D(#11,$,$);
#912=IFCLOCALPLACEMENT(#25,#911);
#913=IFCBUILDINGELEMENTPROXY('0r3m9KXTH7dQEHyg3LNaqg',#6,'Tile Red10:Tile Red:441766',$,$,#912,#910,'441766',$);
#914=IFCPROPERTYSET('0OHWEyMJtm2Z5SK9xEWyuS',#6,'Pset_BuildingElementProxyCommon',$,(#763));
#915=IFCPROPERTYSET('1S0W3Hs7VT7vBiUaLhgboh',#6,'Pset_QuantityTakeOff',$,(#763));
#916=IFCRELDEFINESBYPROPERTIES('2O1YACiR53tLnajFxCal$R',#6,$,$,(#913),#914);
#917=IFCRELDEFINESBYPROPERTIES('2LGDpdxS_pY1KoAoF_LLCl',#6,$,$,(#913),#915);
#918=IFCCARTESIANPOINT((0.,0.));
#919=IFCAXIS2PLACEMENT2D(#918,#171);
#920=IFCRECTANGLEPROFILEDEF(.AREA.,'Tile 200x100x75 White 2',#919,100.40000000000001,98.90000000000002);
#921=IFCCARTESIANPOINT((-50.199999999993743,49.450000000008437,-0.));
#922=IFCAXIS2PLACEMENT3D(#921,$,$);
#923=IFCEXTRUDEDAREASOLID(#920,#922,#35,6.9999999999999973);
#924=IFCSTYLEDITEM(#923,(#184),$);
#925=IFCSHAPEREPRESENTATION(#16,'Body','SweptSolid',(#923));
#926=IFCAXIS2PLACEMENT3D(#11,$,$);
#927=IFCREPRESENTATIONMAP(#926,#925);
#928=IFCBUILDINGELEMENTPROXYTYPE('1kkNhPW5XF4BusAPV6zO1S',#6,'Tile:Tile 200x100x75 White 2',$,$,$,(#927),'431094',$,.NOTDEFINED.);
#929=IFCMAPPEDITEM(#927,#195);
#930=IFCSHAPEREPRESENTATION(#16,'Body','MappedRepresentation',(#929));
#931=IFCPRODUCTDEFINITIONSHAPE($,$,(#930));
#932=IFCCARTESIANPOINT((7086.4931710057381,6720.6105668044338,1719.2100328393715));
#933=IFCAXIS2PLACEMENT3D(#932,#200,#35);
#934=IFCLOCALPLACEMENT(#25,#933);
#935=IFCBUILDINGELEMENTPROXY('0Yv9is4Cr7Pxvjnh90tUYQ',#6,'Tile:Tile 200x100x75 White 2:442013',$,$,#934,#931,'442013',$);
#936=IFCPROPERTYSET('2ylguizgU8$YMPo1Rj1xCb',#6,'Pset_BuildingElementProxyCommon',$,(#204));
#937=IFCPROPERTYSET('1DwrekwFNeMNNuvv7vr4XV',#6,'Pset_QuantityTakeOff',$,(#204));
#938=IFCRELDEFINESBYPROPERTIES('2p_CD6UYQ6J5a_dmqcntTk',#6,$,$,(#935),#936);
#939=IFCRELDEFINESBYPROPERTIES('2oL79$Fqn9tQjglyNKSJzy',#6,$,$,(#935),#937);
#940=IFCCARTESIANPOINT((0.,1.4210854715202004E-014));
#941=IFCAXIS2PLACEMENT2D(#940,#171);
#942=IFCRECTANGLEPROFILEDEF(.AREA.,'Tile 200x100x75 White 2',#941,100.40000000000001,132.40000000000001);
#943=IFCCARTESIANPOINT((-50.199999999993743,66.20000000000843,-0.));
#944=IFCAXIS2PLACEMENT3D(#943,$,$);
#945=IFCEXTRUDEDAREASOLID(#942,#944,#35,6.9999999999999973);
#946=IFCSTYLEDITEM(#945,(#184),$);
#947=IFCSHAPEREPRESENTATION(#16,'Body','SweptSolid',(#945));
#948=IFCAXIS2PLACEMENT3D(#11,$,$);
#949=IFCREPRESENTATIONMAP(#948,#947);
#950=IFCBUILDINGELEMENTPROXYTYPE('0Yv9is4Cr7Pxvjnh90tPPD',#6,'Tile:Tile 200x100x75 White 2',$,$,$,(#949),'431094',$,.NOTDEFINED.);
#951=IFCMAPPEDITEM(#949,#195);
#952=IFCSHAPEREPRESENTATION(#16,'Body','MappedRepresentation',(#951));
#953=IFCPRODUCTDEFINITIONSHAPE($,$,(#952));
#954=IFCCARTESIANPOINT((7086.493171005739,7124.2105668044424,1616.8100328393678));
#955=IFCAXIS2PLACEMENT3D(#954,#200,#35);
#956=IFCLOCALPLACEMENT(#25,#955);
#957=IFCBUILDINGELEMENTPROXY('0Yv9is4Cr7Pxvjnh90tUYP',#6,'Tile:Tile 200x100x75 White 2:442014',$,$,#956,#953,'442014',$);
#958=IFCPROPERTYSET('1$pJTVAkAnnDuRQttbLYea',#6,'Pset_BuildingElementProxyCommon',$,(#204));
#959=IFCPROPERTYSET('1pdj_MNTcB15vZQ6FaFCLy',#6,'Pset_QuantityTakeOff',$,(#204));
#960=IFCRELDEFINESBYPROPERTIES('3CI3A6m5xAbpazD$0R0pQ2',#6,$,$,(#957),#958);
#961=IFCRELDEFINESBYPROPERTIES('0oU$XJ0cMj7O5OqYxA6AGn',#6,$,$,(#957),#959);
#962=IFCCARTESIANPOINT((0.,0.));
#963=IFCAXIS2PLACEMENT2D(#962,#171);
#964=IFCRECTANGLEPROFILEDEF(.AREA.,'Tile 200x100x75 White 2',#963,100.40000000000001,199.80000000000001);
#965=IFCCARTESIANPOINT((-50.199999999993743,99.900000000008433,-0.));
#966=IFCAXIS2PLACEMENT3D(#965,$,$);
#967=IFCEXTRUDEDAREASOLID(#964,#966,#35,6.9999999999999973);
#968=IFCSTYLEDITEM(#967,(#184),$);
#969=IFCSHAPEREPRESENTATION(#16,'Body','SweptSolid',(#967));
#970=IFCAXIS2PLACEMENT3D(#11,$,$);
#971=IFCREPRESENTATIONMAP(#970,#969);
#972=IFCBUILDINGELEMENTPROXYTYPE('1kkNhPW5XF4BusAPV6zO0r',#6,'Tile:Tile 200x100x75 White 2',$,$,$,(#971),'431094',$,.NOTDEFINED.);
#973=IFCMAPPEDITEM(#971,#195);
#974=IFCSHAPEREPRESENTATION(#16,'Body','MappedRepresentation',(#973));
#975=IFCPRODUCTDEFINITIONSHAPE($,$,(#974));
#976=IFCCARTESIANPOINT((7086.4931710057381,6720.6105668044365,1616.8100328393682));
#977=IFCAXIS2PLACEMENT3D(#976,#200,#35);
#978=IFCLOCALPLACEMENT(#25,#977);
#979=IFCBUILDINGELEMENTPROXY('0Yv9is4Cr7Pxvjnh90tUYd',#6,'Tile:Tile 200x100x75 White 2:442016',$,$,#978,#975,'442016',$);
#980=IFCPROPERTYSET('0NAJe103qj299XzRRXCLDN',#6,'Pset_BuildingElementProxyCommon',$,(#204));
#981=IFCPROPERTYSET('2BRYVtSppiQGzA99VXpW8q',#6,'Pset_QuantityTakeOff',$,(#204));
#982=IFCRELDEFINESBYPROPERTIES('3QUS35WrSn4jgP70PJPlht',#6,$,$,(#979),#980);
#983=IFCRELDEFINESBYPROPERTIES('1lzgo8pXYZ6tESGG68py9k',#6,$,$,(#979),#981);
#984=IFCCARTESIANPOINT((0.,0.));
#985=IFCAXIS2PLACEMENT2D(#984,#171);
#986=IFCRECTANGLEPROFILEDEF(.AREA.,'Tile 200x100x75 White 2',#985,100.40000000000001,98.90000000000002);
#987=IFCCARTESIANPOINT((-50.199999999993743,49.450000000008437,-0.));
#988=IFCAXIS2PLACEMENT3D(#987,$,$);
#989=IFCEXTRUDEDAREASOLID(#986,#988,#35,6.9999999999999973);
#990=IFCSTYLEDITEM(#989,(#184),$);
#991=IFCSHAPEREPRESENTATION(#16,'Body','SweptSolid',(#989));
#992=IFCAXIS2PLACEMENT3D(#11,$,$);
#993=IFCREPRESENTATIONMAP(#992,#991);
#994=IFCBUILDINGELEMENTPROXYTYPE('1kkNhPW5XF4BusAPV6zO0k',#6,'Tile:Tile 200x100x75 White 2',$,$,$,(#993),'431094',$,.NOTDEFINED.);
#995=IFCMAPPEDITEM(#993,#195);
#996=IFCSHAPEREPRESENTATION(#16,'Body','MappedRepresentation',(#995));
#997=IFCPRODUCTDEFINITIONSHAPE($,$,(#996));
#998=IFCCARTESIANPOINT((7086.4931710057381,6720.6105668044365,1514.4100328393688));
#999=IFCAXIS2PLACEMENT3D(#998,#200,#35);
#1000=IFCLOCALPLACEMENT(#25,#999);
#1001=IFCBUILDINGELEMENTPROXY('0Yv9is4Cr7Pxvjnh90tUYa',#6,'Tile:Tile 200x100x75 White 2:442019',$,$,#1000,#997,'442019',$);
#1002=IFCPROPERTYSET('2fZR86E3YOL98IUkEy4gwF',#6,'Pset_BuildingElementProxyCommon',$,(#204));
#1003=IFCPROPERTYSET('0XqYdizQCxyQbhnY9xzqUW',#6,'Pset_QuantityTakeOff',$,(#204));
#1004=IFCRELDEFINESBYPROPERTIES('0X2daBfOGwqiJPmiFpPi_E',#6,$,$,(#1001),#1002);
#1005=IFCRELDEFINESBYPROPERTIES('0$ljMmS2ISH5VIzfIhfSTe',#6,$,$,(#1001),#1003);
#1006=IFCCARTESIANPOINT((0.,0.));
#1007=IFCAXIS2PLACEMENT2D(#1006,#171);
#1008=IFCRECTANGLEPROFILEDEF(.AREA.,'Tile 200x100x75 White 2',#1007,100.40000000000001,31.500000000000014);
#1009=IFCCARTESIANPOINT((-50.199999999993743,15.750000000008432,-0.));
#1010=IFCAXIS2PLACEMENT3D(#1009,$,$);
#1011=IFCEXTRUDEDAREASOLID(#1008,#1010,#35,6.9999999999999973);
#1012=IFCSTYLEDITEM(#1011,(#184),$);
#1013=IFCSHAPEREPRESENTATION(#16,'Body','SweptSolid',(#1011));
#1014=IFCAXIS2PLACEMENT3D(#11,$,$);
#1015=IFCREPRESENTATIONMAP(#1014,#1013);
#1016=IFCBUILDINGELEMENTPROXYTYPE('0Yv9is4Cr7Pxvjnh90tPOW',#6,'Tile:Tile 200x100x75 White 2',$,$,$,(#1015),'431094',$,.NOTDEFINED.);
#1017=IFCMAPPEDITEM(#1015,#195);
#1018=IFCSHAPEREPRESENTATION(#16,'Body','MappedRepresentation',(#1017));
#1019=IFCPRODUCTDEFINITIONSHAPE($,$,(#1018));
#1020=IFCCARTESIANPOINT((7086.493171005739,7225.1105668044429,1514.4100328393674));
#1021=IFCAXIS2PLACEMENT3D(#1020,#200,#35);
#1022=IFCLOCALPLACEMENT(#25,#1021);
#1023=IFCBUILDINGELEMENTPROXY('0Yv9is4Cr7Pxvjnh90tUYZ',#6,'Tile:Tile 200x100x75 White 2:442020',$,$,#1022,#1019,'442020',$);
#1024=IFCPROPERTYSET('1TQ3R0j4A1jkjZ8gJTeqPT',#6,'Pset_BuildingElementProxyCommon',$,(#204));
#1025=IFCPROPERTYSET('32zQSbKuEh$gaBkI3uWFRr',#6,'Pset_QuantityTakeOff',$,(#204));
#1026=IFCRELDEFINESBYPROPERTIES('3ZG6aZC8_XckXaGjv$2nwp',#6,$,$,(#1023),#1024);
#1027=IFCRELDEFINESBYPROPERTIES('07mMTfhGAWzjjvvScZEJyw',#6,$,$,(#1023),#1025);
#1028=IFCMAPPEDITEM(#949,#195);
#1029=IFCSHAPEREPRESENTATION(#16,'Body','MappedRepresentation',(#1028));
#1030=IFCPRODUCTDEFINITIONSHAPE($,$,(#1029));
#1031=IFCCARTESIANPOINT((7086.493171005739,7124.2105668044424,1412.0100328393651));
#1032=IFCAXIS2PLACEMENT3D(#1031,#200,#35);
#1033=IFCLOCALPLACEMENT(#25,#1032);
#1034=IFCBUILDINGELEMENTPROXY('0Yv9is4Cr7Pxvjnh90tUYY',#6,'Tile:Tile 200x100x75 White 2:442021',$,$,#1033,#1030,'442021',$);
#1035=IFCPROPERTYSET('1XlATvLLucLp$SHiWFC5P5',#6,'Pset_BuildingElementProxyCommon',$,(#204));
#1036=IFCPROPERTYSET('2BwhOu1D8ORxlslhPDFAr4',#6,'Pset_QuantityTakeOff',$,(#204));
#1037=IFCRELDEFINESBYPROPERTIES('1dKeiJ8x_8ex1vxcLoXt86',#6,$,$,(#1034),#1035);
#1038=IFCRELDEFINESBYPROPERTIES('3R5OybJmHsSVgSnummJE$F',#6,$,$,(#1034),#1036);
#1039=IFCMAPPEDITEM(#971,#195);
#1040=IFCSHAPEREPRESENTATION(#16,'Body','MappedRepresentation',(#1039));
#1041=IFCPRODUCTDEFINITIONSHAPE($,$,(#1040));
#1042=IFCCARTESIANPOINT((7086.4931710057381,6720.6105668044365,1412.0100328393655));
#1043=IFCAXIS2PLACEMENT3D(#1042,#200,#35);
#1044=IFCLOCALPLACEMENT(#25,#1043);
#1045=IFCBUILDINGELEMENTPROXY('0Yv9is4Cr7Pxvjnh90tUYW',#6,'Tile:Tile 200x100x75 White 2:442023',$,$,#1044,#1041,'442023',$);
#1046=IFCPROPERTYSET('2rKpefNrVDeRm8RNesxi3p',#6,'Pset_BuildingElementProxyCommon',$,(#204));
#1047=IFCPROPERTYSET('2i0xx$of7h4PwKihIw21Xw',#6,'Pset_QuantityTakeOff',$,(#204));
#1048=IFCRELDEFINESBYPROPERTIES('1wUtxu0VrTtoZX36rrXwTS',#6,$,$,(#1045),#1046);
#1049=IFCRELDEFINESBYPROPERTIES('1BAwop40T6Lv5en8A5L566',#6,$,$,(#1045),#1047);
#1050=IFCMAPPEDITEM(#993,#195);
#1051=IFCSHAPEREPRESENTATION(#16,'Body','MappedRepresentation',(#1050));
#1052=IFCPRODUCTDEFINITIONSHAPE($,$,(#1051));
#1053=IFCCARTESIANPOINT((7086.4931710057381,6720.6105668044365,1309.6100328393661));
#1054=IFCAXIS2PLACEMENT3D(#1053,#200,#35);
#1055=IFCLOCALPLACEMENT(#25,#1054);
#1056=IFCBUILDINGELEMENTPROXY('0Yv9is4Cr7Pxvjnh90tUYj',#6,'Tile:Tile 200x100x75 White 2:442026',$,$,#1055,#1052,'442026',$);
#1057=IFCPROPERTYSET('28J9jc0BIPI5ekbzXRZhSw',#6,'Pset_BuildingElementProxyCommon',$,(#204));
#1058=IFCPROPERTYSET('016bet0Sln9_Q9Bfz_fF0o',#6,'Pset_QuantityTakeOff',$,(#204));
#1059=IFCRELDEFINESBYPROPERTIES('3LdlWGYQGDyEMv3g6rlxAt',#6,$,$,(#1056),#1057);
#1060=IFCRELDEFINESBYPROPERTIES('3uXmnR8b1D9eC4DLSRD8Zl',#6,$,$,(#1056),#1058);
#1061=IFCMAPPEDITEM(#1015,#195);
#1062=IFCSHAPEREPRESENTATION(#16,'Body','MappedRepresentation',(#1061));
#1063=IFCPRODUCTDEFINITIONSHAPE($,$,(#1062));
#1064=IFCCARTESIANPOINT((7086.493171005739,7225.1105668044429,1309.6100328393647));
#1065=IFCAXIS2PLACEMENT3D(#1064,#200,#35);
#1066=IFCLOCALPLACEMENT(#25,#1065);
#1067=IFCBUILDINGELEMENTPROXY('0Yv9is4Cr7Pxvjnh90tUYi',#6,'Tile:Tile 200x100x75 White 2:442027',$,$,#1066,#1063,'442027',$);
#1068=IFCPROPERTYSET('2KpzCZqnB4ZvL$juovkp6R',#6,'Pset_BuildingElementProxyCommon',$,(#204));
#1069=IFCPROPERTYSET('2OXdagqRoVEWLRrNs$YI1U',#6,'Pset_QuantityTakeOff',$,(#204));
#1070=IFCRELDEFINESBYPROPERTIES('06Ed6AevHCKubCBzIlVHwp',#6,$,$,(#1067),#1068);
#1071=IFCRELDEFINESBYPROPERTIES('3ckjBTajpxyTFcdU4Nk45Y',#6,$,$,(#1067),#1069);
#1072=IFCMAPPEDITEM(#949,#195);
#1073=IFCSHAPEREPRESENTATION(#16,'Body','MappedRepresentation',(#1072));
#1074=IFCPRODUCTDEFINITIONSHAPE($,$,(#1073));
#1075=IFCCARTESIANPOINT((7086.493171005739,7124.2105668044424,1207.2100328393622));
#1076=IFCAXIS2PLACEMENT3D(#1075,#200,#35);
#1077=IFCLOCALPLACEMENT(#25,#1076);
#1078=IFCBUILDINGELEMENTPROXY('0Yv9is4Cr7Pxvjnh90tUYh',#6,'Tile:Tile 200x100x75 White 2:442028',$,$,#1077,#1074,'442028',$);
#1079=IFCPROPERTYSET('0tR9iPtQ7nnxyF7pUFsXCA',#6,'Pset_BuildingElementProxyCommon',$,(#204));
#1080=IFCPROPERTYSET('0ywyVlNRAKMuyS$gV7$l33',#6,'Pset_QuantityTakeOff',$,(#204));
#1081=IFCRELDEFINESBYPROPERTIES('3ZJS$Xnv5uHmWWFYiyylsK',#6,$,$,(#1078),#1079);
#1082=IFCRELDEFINESBYPROPERTIES('27WR5zzsPa9f0wnvj0o95l',#6,$,$,(#1078),#1080);
#1083=IFCMAPPEDITEM(#971,#195);
#1084=IFCSHAPEREPRESENTATION(#16,'Body','MappedRepresentation',(#1083));
#1085=IFCPRODUCTDEFINITIONSHAPE($,$,(#1084));
#1086=IFCCARTESIANPOINT((7086.4931710057381,6720.6105668044365,1207.2100328393628));
#1087=IFCAXIS2PLACEMENT3D(#1086,#200,#35);
#1088=IFCLOCALPLACEMENT(#25,#1087);
#1089=IFCBUILDINGELEMENTPROXY('0Yv9is4Cr7Pxvjnh90tUYf',#6,'Tile:Tile 200x100x75 White 2:442030',$,$,#1088,#1085,'442030',$);
#1090=IFCPROPERTYSET('1RSTOo3oZUNZzU$NL1Y6nh',#6,'Pset_BuildingElementProxyCommon',$,(#204));
#1091=IFCPROPERTYSET('1Gh8K4sFiSDVKqROtRn5JR',#6,'Pset_QuantityTakeOff',$,(#204));
#1092=IFCRELDEFINESBYPROPERTIES('07tUjvBVcPPIj7$YU_vUQ3',#6,$,$,(#1089),#1090);
#1093=IFCRELDEFINESBYPROPERTIES('2o3PwVxKphXpEbw1MrcYMq',#6,$,$,(#1089),#1091);
#1094=IFCMAPPEDITEM(#993,#195);
#1095=IFCSHAPEREPRESENTATION(#16,'Body','MappedRepresentation',(#1094));
#1096=IFCPRODUCTDEFINITIONSHAPE($,$,(#1095));
#1097=IFCCARTESIANPOINT((7086.4931710057381,6720.6105668044365,1104.8100328393634));
#1098=IFCAXIS2PLACEMENT3D(#1097,#200,#35);
#1099=IFCLOCALPLACEMENT(#25,#1098);
#1100=IFCBUILDINGELEMENTPROXY('0Yv9is4Cr7Pxvjnh90tUYs',#6,'Tile:Tile 200x100x75 White 2:442033',$,$,#1099,#1096,'442033',$);
#1101=IFCPROPERTYSET('3rA6gjV_QZGU$guPHMfn7B',#6,'Pset_BuildingElementProxyCommon',$,(#204));
#1102=IFCPROPERTYSET('2eJsvtE7CBhSnpjDeVG3iS',#6,'Pset_QuantityTakeOff',$,(#204));
#1103=IFCRELDEFINESBYPROPERTIES('3uS30WpCMuqh1F2Mxm4d5F',#6,$,$,(#1100),#1101);
#1104=IFCRELDEFINESBYPROPERTIES('0TUz19_D$VeWRqwe$8SKey',#6,$,$,(#1100),#1102);
#1105=IFCMAPPEDITEM(#1015,#195);
#1106=IFCSHAPEREPRESENTATION(#16,'Body','MappedRepresentation',(#1105));
#1107=IFCPRODUCTDEFINITIONSHAPE($,$,(#1106));
#1108=IFCCARTESIANPOINT((7086.493171005739,7225.1105668044429,1104.8100328393621));
#1109=IFCAXIS2PLACEMENT3D(#1108,#200,#35);
#1110=IFCLOCALPLACEMENT(#25,#1109);
#1111=IFCBUILDINGELEMENTPROXY('0Yv9is4Cr7Pxvjnh90tUYr',#6,'Tile:Tile 200x100x75 White 2:442034',$,$,#1110,#1107,'442034',$);
#1112=IFCPROPERTYSET('2e8BtWsnOoX1lVvdTxn_CK',#6,'Pset_BuildingElementProxyCommon',$,(#204));
#1113=IFCPROPERTYSET('2RKuxGo1_ck2uobl660sRV',#6,'Pset_QuantityTakeOff',$,(#204));
#1114=IFCRELDEFINESBYPROPERTIES('0PNY72zFEbZnLnflZ7cN6i',#6,$,$,(#1111),#1112);
#1115=IFCRELDEFINESBYPROPERTIES('00CVoSeaHcSvhvMzl$Ri8x',#6,$,$,(#1111),#1113);
#1116=IFCMAPPEDITEM(#949,#195);
#1117=IFCSHAPEREPRESENTATION(#16,'Body','MappedRepresentation',(#1116));
#1118=IFCPRODUCTDEFINITIONSHAPE($,$,(#1117));
#1119=IFCCARTESIANPOINT((7086.493171005739,7124.2105668044424,1002.4100328393596));
#1120=IFCAXIS2PLACEMENT3D(#1119,#200,#35);
#1121=IFCLOCALPLACEMENT(#25,#1120);
#1122=IFCBUILDINGELEMENTPROXY('0Yv9is4Cr7Pxvjnh90tUYq',#6,'Tile:Tile 200x100x75 White 2:442035',$,$,#1121,#1118,'442035',$);
#1123=IFCPROPERTYSET('0qkSVOW3$dKWN4b7g5teLj',#6,'Pset_BuildingElementProxyCommon',$,(#204));
#1124=IFCPROPERTYSET('3VWn2oynkB0$EGC3BNB4y5',#6,'Pset_QuantityTakeOff',$,(#204));
#1125=IFCRELDEFINESBYPROPERTIES('3sjcMDEgJI4m26_F46eoxz',#6,$,$,(#1122),#1123);
#1126=IFCRELDEFINESBYPROPERTIES('1sgOOtalqz4pBmg$dW4T7$',#6,$,$,(#1122),#1124);
#1127=IFCMAPPEDITEM(#971,#195);
#1128=IFCSHAPEREPRESENTATION(#16,'Body','MappedRepresentation',(#1127));
#1129=IFCPRODUCTDEFINITIONSHAPE($,$,(#1128));
#1130=IFCCARTESIANPOINT((7086.4931710057381,6720.6105668044365,1002.41003283936));
#1131=IFCAXIS2PLACEMENT3D(#1130,#200,#35);
#1132=IFCLOCALPLACEMENT(#25,#1131);
#1133=IFCBUILDINGELEMENTPROXY('0Yv9is4Cr7Pxvjnh90tUYo',#6,'Tile:Tile 200x100x75 White 2:442037',$,$,#1132,#1129,'442037',$);
#1134=IFCPROPERTYSET('2uJP$gtn8KAY6ub8tjF6ma',#6,'Pset_BuildingElementProxyCommon',$,(#204));
#1135=IFCPROPERTYSET('3GPpdW3u6OwbPI8sKG7L2K',#6,'Pset_QuantityTakeOff',$,(#204));
#1136=IFCRELDEFINESBYPROPERTIES('2k29GnzIQcv7MNlvG_KaZW',#6,$,$,(#1133),#1134);
#1137=IFCRELDEFINESBYPROPERTIES('0hm5$P14jIdpOP0CjHWQr2',#6,$,$,(#1133),#1135);
#1138=IFCMAPPEDITEM(#993,#195);
#1139=IFCSHAPEREPRESENTATION(#16,'Body','MappedRepresentation',(#1138));
#1140=IFCPRODUCTDEFINITIONSHAPE($,$,(#1139));
#1141=IFCCARTESIANPOINT((7086.4931710057381,6720.6105668044365,900.01003283936063));
#1142=IFCAXIS2PLACEMENT3D(#1141,#200,#35);
#1143=IFCLOCALPLACEMENT(#25,#1142);
#1144=IFCBUILDINGELEMENTPROXY('0Yv9is4Cr7Pxvjnh90tUY$',#6,'Tile:Tile 200x100x75 White 2:442040',$,$,#1143,#1140,'442040',$);
#1145=IFCPROPERTYSET('3D5duSwk042YWBRhYWWA4j',#6,'Pset_BuildingElementProxyCommon',$,(#204));
#1146=IFCPROPERTYSET('2wQuZtbGCXk9hmY3hkEl4a',#6,'Pset_QuantityTakeOff',$,(#204));
#1147=IFCRELDEFINESBYPROPERTIES('1qPFZwUMd3jK1gVgmesJf1',#6,$,$,(#1144),#1145);
#1148=IFCRELDEFINESBYPROPERTIES('0P71C8J3JwDd5Ee_8oi1Jl',#6,$,$,(#1144),#1146);
#1149=IFCMAPPEDITEM(#1015,#195);
#1150=IFCSHAPEREPRESENTATION(#16,'Body','MappedRepresentation',(#1149));
#1151=IFCPRODUCTDEFINITIONSHAPE($,$,(#1150));
#1152=IFCCARTESIANPOINT((7086.493171005739,7225.1105668044429,900.01003283935927));
#1153=IFCAXIS2PLACEMENT3D(#1152,#200,#35);
#1154=IFCLOCALPLACEMENT(#25,#1153);
#1155=IFCBUILDINGELEMENTPROXY('0Yv9is4Cr7Pxvjnh90tUY_',#6,'Tile:Tile 200x100x75 White 2:442041',$,$,#1154,#1151,'442041',$);
#1156=IFCPROPERTYSET('3zBNV3xUdEUb4nkqERvIC9',#6,'Pset_BuildingElementProxyCommon',$,(#204));
#1157=IFCPROPERTYSET('3jqk9RnT2SaGOQyo1OYahY',#6,'Pset_QuantityTakeOff',$,(#204));
#1158=IFCRELDEFINESBYPROPERTIES('3YRZXvpMPKlq2i1T2sve5d',#6,$,$,(#1155),#1156);
#1159=IFCRELDEFINESBYPROPERTIES('2hctI09OhsM3d83OIqkyx1',#6,$,$,(#1155),#1157);
#1160=IFCMAPPEDITEM(#949,#195);
#1161=IFCSHAPEREPRESENTATION(#16,'Body','MappedRepresentation',(#1160));
#1162=IFCPRODUCTDEFINITIONSHAPE($,$,(#1161));
#1163=IFCCARTESIANPOINT((7086.493171005739,7124.2105668044424,797.61003283935679));
#1164=IFCAXIS2PLACEMENT3D(#1163,#200,#35);
#1165=IFCLOCALPLACEMENT(#25,#1164);
#1166=IFCBUILDINGELEMENTPROXY('0Yv9is4Cr7Pxvjnh90tUYz',#6,'Tile:Tile 200x100x75 White 2:442042',$,$,#1165,#1162,'442042',$);
#1167=IFCPROPERTYSET('0X8FXDSZEeyrensPtSofa1',#6,'Pset_BuildingElementProxyCommon',$,(#204));
#1168=IFCPROPERTYSET('3H_w08$rmBLVR1ET$w8huk',#6,'Pset_QuantityTakeOff',$,(#204));
#1169=IFCRELDEFINESBYPROPERTIES('3uwxl2k43Ges19mrNSPSDf',#6,$,$,(#1166),#1167);
#1170=IFCRELDEFINESBYPROPERTIES('1flyMuSkDMWtdF47KYmiSM',#6,$,$,(#1166),#1168);
#1171=IFCCARTESIANPOINT((0.,0.));
#1172=IFCAXIS2PLACEMENT2D(#1171,#171);
#1173=IFCRECTANGLEPROFILEDEF(.AREA.,'Tile 200x100x75 White 2',#1172,100.40000000000001,199.80000000000001);
#1174=IFCCARTESIANPOINT((-50.199999999993743,99.900000000008433,-0.));
#1175=IFCAXIS2PLACEMENT3D(#1174,$,$);
#1176=IFCEXTRUDEDAREASOLID(#1173,#1175,#35,6.9999999999999973);
#1177=IFCSTYLEDITEM(#1176,(#184),$);
#1178=IFCSHAPEREPRESENTATION(#16,'Body','SweptSolid',(#1176));
#1179=IFCAXIS2PLACEMENT3D(#11,$,$);
#1180=IFCREPRESENTATIONMAP(#1179,#1178);
#1181=IFCBUILDINGELEMENTPROXYTYPE('1kkNhPW5XF4BusAPV6zO0a',#6,'Tile:Tile 200x100x75 White 2',$,$,$,(#1180),'431094',$,.NOTDEFINED.);
#1182=IFCMAPPEDITEM(#1180,#195);
#1183=IFCSHAPEREPRESENTATION(#16,'Body','MappedRepresentation',(#1182));
#1184=IFCPRODUCTDEFINITIONSHAPE($,$,(#1183));
#1185=IFCCARTESIANPOINT((7086.4931710057381,6720.6105668044365,797.61003283935736));
#1186=IFCAXIS2PLACEMENT3D(#1185,#200,#35);
#1187=IFCLOCALPLACEMENT(#25,#1186);
#1188=IFCBUILDINGELEMENTPROXY('0Yv9is4Cr7Pxvjnh90tUYx',#6,'Tile:Tile 200x100x75 White 2:442044',$,$,#1187,#1184,'442044',$);
#1189=IFCPROPERTYSET('23MyWmaF4P$OkTu4Tv_Jlz',#6,'Pset_BuildingElementProxyCommon',$,(#204));
#1190=IFCPROPERTYSET('0TRgReTyDuoGNY_GfEEBv$',#6,'Pset_QuantityTakeOff',$,(#204));
#1191=IFCRELDEFINESBYPROPERTIES('3xN3Jh__feM96Sl_Ze4Xk0',#6,$,$,(#1188),#1189);
#1192=IFCRELDEFINESBYPROPERTIES('10RvewLeabfPmp_l1raGa1',#6,$,$,(#1188),#1190);
#1193=IFCMAPPEDITEM(#1015,#195);
#1194=IFCSHAPEREPRESENTATION(#16,'Body','MappedRepresentation',(#1193));
#1195=IFCPRODUCTDEFINITIONSHAPE($,$,(#1194));
#1196=IFCCARTESIANPOINT((7086.493171005739,7225.1105668044429,695.21003283935659));
#1197=IFCAXIS2PLACEMENT3D(#1196,#200,#35);
#1198=IFCLOCALPLACEMENT(#25,#1197);
#1199=IFCBUILDINGELEMENTPROXY('0Yv9is4Cr7Pxvjnh90tUZ7',#6,'Tile:Tile 200x100x75 White 2:442048',$,$,#1198,#1195,'442048',$);
#1200=IFCPROPERTYSET('3$JLxnq99ef1hxQm4R6NjY',#6,'Pset_BuildingElementProxyCommon',$,(#204));
#1201=IFCPROPERTYSET('1Nu9b3vepsGeKZOKY$8zbP',#6,'Pset_QuantityTakeOff',$,(#204));
#1202=IFCRELDEFINESBYPROPERTIES('0A7P6Jklhn6rOfMS9yPxEC',#6,$,$,(#1199),#1200);
#1203=IFCRELDEFINESBYPROPERTIES('2TLgF_PcTixgcWmiArzpCM',#6,$,$,(#1199),#1201);
#1204=IFCCARTESIANPOINT((0.,0.));
#1205=IFCAXIS2PLACEMENT2D(#1204,#171);
#1206=IFCRECTANGLEPROFILEDEF(.AREA.,'Tile Red',#1205,8.0000000000003464,199.79999999999788);
#1207=IFCCARTESIANPOINT((7082.4931710057363,7123.2105668044505,1618.8100328393748));
#1208=IFCAXIS2PLACEMENT3D(#1207,$,$);
#1209=IFCEXTRUDEDAREASOLID(#1206,#1208,#35,100.39999999999883);
#1210=IFCSTYLEDITEM(#1209,(#184),$);
#1211=IFCSHAPEREPRESENTATION(#16,'Body','SweptSolid',(#1209));
#1212=IFCAXIS2PLACEMENT3D(#11,$,$);
#1213=IFCREPRESENTATIONMAP(#1212,#1211);
#1214=IFCBUILDINGELEMENTPROXYTYPE('0Yv9is4Cr7Pxvjnh90tUZ1',#6,'Tile Red11:Tile Red',$,$,$,(#1213),'442054',$,.NOTDEFINED.);
#1215=IFCMAPPEDITEM(#1213,#195);
#1216=IFCSHAPEREPRESENTATION(#16,'Body','MappedRepresentation',(#1215));
#1217=IFCPRODUCTDEFINITIONSHAPE($,$,(#1216));
#1218=IFCAXIS2PLACEMENT3D(#11,$,$);
#1219=IFCLOCALPLACEMENT(#25,#1218);
#1220=IFCBUILDINGELEMENTPROXY('0Yv9is4Cr7Pxvjnh90tUZF',#6,'Tile Red11:Tile Red:442056',$,$,#1219,#1217,'442056',$);
#1221=IFCPROPERTYSET('145k_s_HzGiPoLqLBnoBCi',#6,'Pset_BuildingElementProxyCommon',$,(#763));
#1222=IFCPROPERTYSET('1t$$DG$61QJxavKKca57u4',#6,'Pset_QuantityTakeOff',$,(#763));
#1223=IFCRELDEFINESBYPROPERTIES('0xa0hDP7$zUKiBoVCNyWsg',#6,$,$,(#1220),#1221);
#1224=IFCRELDEFINESBYPROPERTIES('3OK5iFkd$pFcNdD2ewBhRw',#6,$,$,(#1220),#1222);
#1225=IFCCARTESIANPOINT((0.,-5.4178883601707639E-013));
#1226=IFCAXIS2PLACEMENT2D(#1225,#171);
#1227=IFCRECTANGLEPROFILEDEF(.AREA.,'Tile Red',#1226,8.0000000000003464,31.500000000000419);
#1228=IFCCARTESIANPOINT((7082.4931710057363,7240.8605668044502,1618.8100328393709));
#1229=IFCAXIS2PLACEMENT3D(#1228,$,$);
#1230=IFCEXTRUDEDAREASOLID(#1227,#1229,#35,100.42006566852911);
#1231=IFCSTYLEDITEM(#1230,(#184),$);
#1232=IFCSHAPEREPRESENTATION(#16,'Body','SweptSolid',(#1230));
#1233=IFCAXIS2PLACEMENT3D(#11,$,$);
#1234=IFCREPRESENTATIONMAP(#1233,#1232);
#1235=IFCBUILDINGELEMENTPROXYTYPE('0Yv9is4Cr7Pxvjnh90tUZK',#6,'Tile Red12:Tile Red',$,$,$,(#1234),'442067',$,.NOTDEFINED.);
#1236=IFCMAPPEDITEM(#1234,#195);
#1237=IFCSHAPEREPRESENTATION(#16,'Body','MappedRepresentation',(#1236));
#1238=IFCPRODUCTDEFINITIONSHAPE($,$,(#1237));
#1239=IFCAXIS2PLACEMENT3D(#11,$,$);
#1240=IFCLOCALPLACEMENT(#25,#1239);
#1241=IFCBUILDINGELEMENTPROXY('0Yv9is4Cr7Pxvjnh90tUZI',#6,'Tile Red12:Tile Red:442069',$,$,#1240,#1238,'442069',$);
#1242=IFCPROPERTYSET('0LnZq3i0KOgvWuhkmeUfvk',#6,'Pset_BuildingElementProxyCommon',$,(#763));
#1243=IFCPROPERTYSET('238v_5zORNECh8wQJrAtf9',#6,'Pset_QuantityTakeOff',$,(#763));
#1244=IFCRELDEFINESBYPROPERTIES('3x$1fZcmXdNbB04QkkbDu8',#6,$,$,(#1241),#1242);
#1245=IFCRELDEFINESBYPROPERTIES('3eO5HLnhHwWDyfR4ny9VOs',#6,$,$,(#1241),#1243);
#1246=IFCMAPPEDITEM(#188,#195);
#1247=IFCSHAPEREPRESENTATION(#16,'Body','MappedRepresentation',(#1246));
#1248=IFCPRODUCTDEFINITIONSHAPE($,$,(#1247));
#1249=IFCCARTESIANPOINT((7086.4931710057381,7021.3105668044391,1719.2100328393717));
#1250=IFCAXIS2PLACEMENT3D(#1249,#200,#35);
#1251=IFCLOCALPLACEMENT(#25,#1250);
#1252=IFCBUILDINGELEMENTPROXY('0Yv9is4Cr7Pxvjnh90tUaW',#6,'Tile:Tile 200x100x75 White 2:442151',$,$,#1251,#1248,'442151',$);
#1253=IFCPROPERTYSET('0pwxuHCAP8E7jvkPspcmRo',#6,'Pset_BuildingElementProxyCommon',$,(#204));
#1254=IFCPROPERTYSET('2xUKm6S5ns5iIunp5sMJBJ',#6,'Pset_QuantityTakeOff',$,(#204));
#1255=IFCRELDEFINESBYPROPERTIES('15aM6WEMwuh1_xbIYPMt8P',#6,$,$,(#1252),#1253);
#1256=IFCRELDEFINESBYPROPERTIES('0vXNLaPWEPjubKVfo2fSnP',#6,$,$,(#1252),#1254);
#1257=IFCMAPPEDITEM(#188,#195);
#1258=IFCSHAPEREPRESENTATION(#16,'Body','MappedRepresentation',(#1257));
#1259=IFCPRODUCTDEFINITIONSHAPE($,$,(#1258));
#1260=IFCCARTESIANPOINT((7086.493171005739,7122.2105668044524,1616.8100328393684));
#1261=IFCAXIS2PLACEMENT3D(#1260,#200,#35);
#1262=IFCLOCALPLACEMENT(#25,#1261);
#1263=IFCBUILDINGELEMENTPROXY('0Yv9is4Cr7Pxvjnh90tUaq',#6,'Tile:Tile 200x100x75 White 2:442163',$,$,#1262,#1259,'442163',$);
#1264=IFCPROPERTYSET('022e_X3BzYRTHY70qbFst6',#6,'Pset_BuildingElementProxyCommon',$,(#204));
#1265=IFCPROPERTYSET('2lIHcA9NrhjtspqLcylTPy',#6,'Pset_QuantityTakeOff',$,(#204));
#1266=IFCRELDEFINESBYPROPERTIES('3sYNA$vzZNDN2P4LQWYMOg',#6,$,$,(#1263),#1264);
#1267=IFCRELDEFINESBYPROPERTIES('3zIfC2cAeG_4Y3GNvrIcJQ',#6,$,$,(#1263),#1265);
#1268=IFCMAPPEDITEM(#188,#195);
#1269=IFCSHAPEREPRESENTATION(#16,'Body','MappedRepresentation',(#1268));
#1270=IFCPRODUCTDEFINITIONSHAPE($,$,(#1269));
#1271=IFCCARTESIANPOINT((7086.4931710057381,7021.3105668044527,1514.410032839369));
#1272=IFCAXIS2PLACEMENT3D(#1271,#200,#35);
#1273=IFCLOCALPLACEMENT(#25,#1272);
#1274=IFCBUILDINGELEMENTPROXY('0Yv9is4Cr7Pxvjnh90tUaw',#6,'Tile:Tile 200x100x75 White 2:442173',$,$,#1273,#1270,'442173',$);
#1275=IFCPROPERTYSET('0XN$QsnM12rHTZolWErRtz',#6,'Pset_BuildingElementProxyCommon',$,(#204));
#1276=IFCPROPERTYSET('0YmYAyL135SSYKV4fHo94E',#6,'Pset_QuantityTakeOff',$,(#204));
#1277=IFCRELDEFINESBYPROPERTIES('0AreobptNd9lBMJts443LR',#6,$,$,(#1274),#1275);
#1278=IFCRELDEFINESBYPROPERTIES('1ZN31KU4XDbahHx8$kCBj6',#6,$,$,(#1274),#1276);
#1279=IFCMAPPEDITEM(#188,#195);
#1280=IFCSHAPEREPRESENTATION(#16,'Body','MappedRepresentation',(#1279));
#1281=IFCPRODUCTDEFINITIONSHAPE($,$,(#1280));
#1282=IFCCARTESIANPOINT((7086.493171005739,7223.110566804452,1514.4100328393695));
#1283=IFCAXIS2PLACEMENT3D(#1282,#200,#35);
#1284=IFCLOCALPLACEMENT(#25,#1283);
#1285=IFCBUILDINGELEMENTPROXY('0Yv9is4Cr7Pxvjnh90tUb0',#6,'Tile:Tile 200x100x75 White 2:442183',$,$,#1284,#1281,'442183',$);
#1286=IFCPROPERTYSET('1sjDAv00MUfKt6Gqoa3L6$',#6,'Pset_BuildingElementProxyCommon',$,(#204));
#1287=IFCPROPERTYSET('1DxXRf7CyIMazmFH3we1DM',#6,'Pset_QuantityTakeOff',$,(#204));
#1288=IFCRELDEFINESBYPROPERTIES('3z_P$ADQRAKeVWNNhVBSpR',#6,$,$,(#1285),#1286);
#1289=IFCRELDEFINESBYPROPERTIES('2FBZYSLyPek10X$05MvZv9',#6,$,$,(#1285),#1287);
#1290=IFCMAPPEDITEM(#188,#195);
#1291=IFCSHAPEREPRESENTATION(#16,'Body','MappedRepresentation',(#1290));
#1292=IFCPRODUCTDEFINITIONSHAPE($,$,(#1291));
#1293=IFCCARTESIANPOINT((7086.493171005739,7122.2105668044524,1412.0100328393657));
#1294=IFCAXIS2PLACEMENT3D(#1293,#200,#35);
#1295=IFCLOCALPLACEMENT(#25,#1294);
#1296=IFCBUILDINGELEMENTPROXY('0Yv9is4Cr7Pxvjnh90tUb8',#6,'Tile:Tile 200x100x75 White 2:442191',$,$,#1295,#1292,'442191',$);
#1297=IFCPROPERTYSET('2ygK1Lxe9kK4TwOcr8J06q',#6,'Pset_BuildingElementProxyCommon',$,(#204));
#1298=IFCPROPERTYSET('1hwYQfcbwbmsGYKamrLUCM',#6,'Pset_QuantityTakeOff',$,(#204));
#1299=IFCRELDEFINESBYPROPERTIES('11eO7tukXRN2v7jYT7vtJ1',#6,$,$,(#1296),#1297);
#1300=IFCRELDEFINESBYPROPERTIES('22UYN77rzxTxNItqygSCf0',#6,$,$,(#1296),#1298);
#1301=IFCMAPPEDITEM(#188,#195);
#1302=IFCSHAPEREPRESENTATION(#16,'Body','MappedRepresentation',(#1301));
#1303=IFCPRODUCTDEFINITIONSHAPE($,$,(#1302));
#1304=IFCCARTESIANPOINT((7086.4931710057381,7021.3105668044527,1309.6100328393663));
#1305=IFCAXIS2PLACEMENT3D(#1304,#200,#35);
#1306=IFCLOCALPLACEMENT(#25,#1305);
#1307=IFCBUILDINGELEMENTPROXY('0Yv9is4Cr7Pxvjnh90tUbU',#6,'Tile:Tile 200x100x75 White 2:442201',$,$,#1306,#1303,'442201',$);
#1308=IFCPROPERTYSET('0wHWVn4yK3k2WJRL4kSWdS',#6,'Pset_BuildingElementProxyCommon',$,(#204));
#1309=IFCPROPERTYSET('2p7AOWLbMrAo_cwsfs0Sri',#6,'Pset_QuantityTakeOff',$,(#204));
#1310=IFCRELDEFINESBYPROPERTIES('11IM$m$odavDLawtn538N7',#6,$,$,(#1307),#1308);
#1311=IFCRELDEFINESBYPROPERTIES('2xDAl37srNjf_g2lkDGDOJ',#6,$,$,(#1307),#1309);
#1312=IFCMAPPEDITEM(#188,#195);
#1313=IFCSHAPEREPRESENTATION(#16,'Body','MappedRepresentation',(#1312));
#1314=IFCPRODUCTDEFINITIONSHAPE($,$,(#1313));
#1315=IFCCARTESIANPOINT((7086.493171005739,7223.110566804452,1309.6100328393668));
#1316=IFCAXIS2PLACEMENT3D(#1315,#200,#35);
#1317=IFCLOCALPLACEMENT(#25,#1316);
#1318=IFCBUILDINGELEMENTPROXY('0Yv9is4Cr7Pxvjnh90tUbc',#6,'Tile:Tile 200x100x75 White 2:442209',$,$,#1317,#1314,'442209',$);
#1319=IFCPROPERTYSET('0pJo69F5UnVHkNDaJSE6Q1',#6,'Pset_BuildingElementProxyCommon',$,(#204));
#1320=IFCPROPERTYSET('0bVK$00rw5uV2DvzYn623S',#6,'Pset_QuantityTakeOff',$,(#204));
#1321=IFCRELDEFINESBYPROPERTIES('19leeoABQgkkKq_Q6LrMcj',#6,$,$,(#1318),#1319);
#1322=IFCRELDEFINESBYPROPERTIES('2vfYW5APGxmWdHUwILRQfo',#6,$,$,(#1318),#1320);
#1323=IFCMAPPEDITEM(#188,#195);
#1324=IFCSHAPEREPRESENTATION(#16,'Body','MappedRepresentation',(#1323));
#1325=IFCPRODUCTDEFINITIONSHAPE($,$,(#1324));
#1326=IFCCARTESIANPOINT((7086.493171005739,7122.2105668044524,1207.2100328393631));
#1327=IFCAXIS2PLACEMENT3D(#1326,#200,#35);
#1328=IFCLOCALPLACEMENT(#25,#1327);
#1329=IFCBUILDINGELEMENTPROXY('0Yv9is4Cr7Pxvjnh90tUbk',#6,'Tile:Tile 200x100x75 White 2:442217',$,$,#1328,#1325,'442217',$);
#1330=IFCPROPERTYSET('3uInAMFmDKcafcJwCNXsDn',#6,'Pset_BuildingElementProxyCommon',$,(#204));
#1331=IFCPROPERTYSET('1SkjKtrDHtYmTsBZnH$3Y5',#6,'Pset_QuantityTakeOff',$,(#204));
#1332=IFCRELDEFINESBYPROPERTIES('1ahXU5n$z1nvkLHmJoLdal',#6,$,$,(#1329),#1330);
#1333=IFCRELDEFINESBYPROPERTIES('2XiE_thzP_XNXx67j07wIZ',#6,$,$,(#1329),#1331);
#1334=IFCMAPPEDITEM(#188,#195);
#1335=IFCSHAPEREPRESENTATION(#16,'Body','MappedRepresentation',(#1334));
#1336=IFCPRODUCTDEFINITIONSHAPE($,$,(#1335));
#1337=IFCCARTESIANPOINT((7086.4931710057381,7021.3105668044527,1104.8100328393637));
#1338=IFCAXIS2PLACEMENT3D(#1337,#200,#35);
#1339=IFCLOCALPLACEMENT(#25,#1338);
#1340=IFCBUILDINGELEMENTPROXY('0Yv9is4Cr7Pxvjnh90tUcO',#6,'Tile:Tile 200x100x75 White 2:442271',$,$,#1339,#1336,'442271',$);
#1341=IFCPROPERTYSET('1ADCzsO4hqK8ar9RWe0iP5',#6,'Pset_BuildingElementProxyCommon',$,(#204));
#1342=IFCPROPERTYSET('2IGWdLS2fw2F1SHaATvuZ1',#6,'Pset_QuantityTakeOff',$,(#204));
#1343=IFCRELDEFINESBYPROPERTIES('1qIEN7xV4J730K97$z7E43',#6,$,$,(#1340),#1341);
#1344=IFCRELDEFINESBYPROPERTIES('08JfvjTa4qSn6SOomYbG2w',#6,$,$,(#1340),#1342);
#1345=IFCMAPPEDITEM(#188,#195);
#1346=IFCSHAPEREPRESENTATION(#16,'Body','MappedRepresentation',(#1345));
#1347=IFCPRODUCTDEFINITIONSHAPE($,$,(#1346));
#1348=IFCCARTESIANPOINT((7086.493171005739,7223.110566804452,1104.8100328393643));
#1349=IFCAXIS2PLACEMENT3D(#1348,#200,#35);
#1350=IFCLOCALPLACEMENT(#25,#1349);
#1351=IFCBUILDINGELEMENTPROXY('0Yv9is4Cr7Pxvjnh90tUcd',#6,'Tile:Tile 200x100x75 White 2:442272',$,$,#1350,#1347,'442272',$);
#1352=IFCPROPERTYSET('3hC8ahuVPE6AGB189IHKVY',#6,'Pset_BuildingElementProxyCommon',$,(#204));
#1353=IFCPROPERTYSET('1r4LzKlbS01vjtaHRkyuF$',#6,'Pset_QuantityTakeOff',$,(#204));
#1354=IFCRELDEFINESBYPROPERTIES('09ugbCOfOoFAPrWowgBu1c',#6,$,$,(#1351),#1352);
#1355=IFCRELDEFINESBYPROPERTIES('3E45gEVbvScVqVMqCFMldD',#6,$,$,(#1351),#1353);
#1356=IFCMAPPEDITEM(#188,#195);
#1357=IFCSHAPEREPRESENTATION(#16,'Body','MappedRepresentation',(#1356));
#1358=IFCPRODUCTDEFINITIONSHAPE($,$,(#1357));
#1359=IFCCARTESIANPOINT((7086.493171005739,7122.2105668044524,1002.4100328393605));
#1360=IFCAXIS2PLACEMENT3D(#1359,#200,#35);
#1361=IFCLOCALPLACEMENT(#25,#1360);
#1362=IFCBUILDINGELEMENTPROXY('0Yv9is4Cr7Pxvjnh90tUcc',#6,'Tile:Tile 200x100x75 White 2:442273',$,$,#1361,#1358,'442273',$);
#1363=IFCPROPERTYSET('1BOkeXWIcDf5ADva874ntP',#6,'Pset_BuildingElementProxyCommon',$,(#204));
#1364=IFCPROPERTYSET('0$Xcj1GnaTfB084J8jCFSd',#6,'Pset_QuantityTakeOff',$,(#204));
#1365=IFCRELDEFINESBYPROPERTIES('0b14uQ5juyvK028hYyXVxA',#6,$,$,(#1362),#1363);
#1366=IFCRELDEFINESBYPROPERTIES('2ZOV3ra2pf2P61T6NzT9pk',#6,$,$,(#1362),#1364);
#1367=IFCMAPPEDITEM(#188,#195);
#1368=IFCSHAPEREPRESENTATION(#16,'Body','MappedRepresentation',(#1367));
#1369=IFCPRODUCTDEFINITIONSHAPE($,$,(#1368));
#1370=IFCCARTESIANPOINT((7086.4931710057381,7021.3105668044527,900.01003283936109));
#1371=IFCAXIS2PLACEMENT3D(#1370,#200,#35);
#1372=IFCLOCALPLACEMENT(#25,#1371);
#1373=IFCBUILDINGELEMENTPROXY('0Yv9is4Cr7Pxvjnh90tUci',#6,'Tile:Tile 200x100x75 White 2:442283',$,$,#1372,#1369,'442283',$);
#1374=IFCPROPERTYSET('3ZSCkyFVAKdaTHR7HMgyHx',#6,'Pset_BuildingElementProxyCommon',$,(#204));
#1375=IFCPROPERTYSET('0SA17eL1zJRvFcnoumVbHU',#6,'Pset_QuantityTakeOff',$,(#204));
#1376=IFCRELDEFINESBYPROPERTIES('0lX8D$SfB6IzrWYCT6z6f9',#6,$,$,(#1373),#1374);
#1377=IFCRELDEFINESBYPROPERTIES('21dYKZpwpD405WYTAeaMu9',#6,$,$,(#1373),#1375);
#1378=IFCMAPPEDITEM(#188,#195);
#1379=IFCSHAPEREPRESENTATION(#16,'Body','MappedRepresentation',(#1378));
#1380=IFCPRODUCTDEFINITIONSHAPE($,$,(#1379));
#1381=IFCCARTESIANPOINT((7086.493171005739,7223.110566804452,900.01003283936154));
#1382=IFCAXIS2PLACEMENT3D(#1381,#200,#35);
#1383=IFCLOCALPLACEMENT(#25,#1382);
#1384=IFCBUILDINGELEMENTPROXY('0Yv9is4Cr7Pxvjnh90tUch',#6,'Tile:Tile 200x100x75 White 2:442284',$,$,#1383,#1380,'442284',$);
#1385=IFCPROPERTYSET('0zmOoAjB81Ls7kFFr7vMtu',#6,'Pset_BuildingElementProxyCommon',$,(#204));
#1386=IFCPROPERTYSET('2pyAiJ4acUiAwtj9xzdgoO',#6,'Pset_QuantityTakeOff',$,(#204));
#1387=IFCRELDEFINESBYPROPERTIES('0A8HVm3fV8Nr2lLSsLUwrk',#6,$,$,(#1384),#1385);
#1388=IFCRELDEFINESBYPROPERTIES('2Aw4RmNk4$OlPkX8QJEwso',#6,$,$,(#1384),#1386);
#1389=IFCMAPPEDITEM(#188,#195);
#1390=IFCSHAPEREPRESENTATION(#16,'Body','MappedRepresentation',(#1389));
#1391=IFCPRODUCTDEFINITIONSHAPE($,$,(#1390));
#1392=IFCCARTESIANPOINT((7086.493171005739,7122.2105668044524,797.61003283935781));
#1393=IFCAXIS2PLACEMENT3D(#1392,#200,#35);
#1394=IFCLOCALPLACEMENT(#25,#1393);
#1395=IFCBUILDINGELEMENTPROXY('0Yv9is4Cr7Pxvjnh90tUcg',#6,'Tile:Tile 200x100x75 White 2:442285',$,$,#1394,#1391,'442285',$);
#1396=IFCPROPERTYSET('1_$iiRGkx0XCSsVWoVMsIR',#6,'Pset_BuildingElementProxyCommon',$,(#204));
#1397=IFCPROPERTYSET('0tZfdZzC_PG8lPPur6Sq6M',#6,'Pset_QuantityTakeOff',$,(#204));
#1398=IFCRELDEFINESBYPROPERTIES('0iDTJ$a2s5gk1bgiMY7MKs',#6,$,$,(#1395),#1396);
#1399=IFCRELDEFINESBYPROPERTIES('1ROo5B$dB5vUsPTkyf2KVh',#6,$,$,(#1395),#1397);
#1400=IFCMAPPEDITEM(#188,#195);
#1401=IFCSHAPEREPRESENTATION(#16,'Body','MappedRepresentation',(#1400));
#1402=IFCPRODUCTDEFINITIONSHAPE($,$,(#1401));
#1403=IFCCARTESIANPOINT((7086.4931710057381,7021.3105668044527,695.21003283935829));
#1404=IFCAXIS2PLACEMENT3D(#1403,#200,#35);
#1405=IFCLOCALPLACEMENT(#25,#1404);
#1406=IFCBUILDINGELEMENTPROXY('0Yv9is4Cr7Pxvjnh90tUco',#6,'Tile:Tile 200x100x75 White 2:442293',$,$,#1405,#1402,'442293',$);
#1407=IFCPROPERTYSET('3GZIa9Hp6y9NBMYeciLhyz',#6,'Pset_BuildingElementProxyCommon',$,(#204));
#1408=IFCPROPERTYSET('3MHUfoS5hjO1I6b8w5dYOa',#6,'Pset_QuantityTakeOff',$,(#204));
#1409=IFCRELDEFINESBYPROPERTIES('089U7E_E33EsfXUWcwBUHf',#6,$,$,(#1406),#1407);
#1410=IFCRELDEFINESBYPROPERTIES('1YhbZbFOJBw0vZYq1oMxpm',#6,$,$,(#1406),#1408);
#1411=IFCMAPPEDITEM(#188,#195);
#1412=IFCSHAPEREPRESENTATION(#16,'Body','MappedRepresentation',(#1411));
#1413=IFCPRODUCTDEFINITIONSHAPE($,$,(#1412));
#1414=IFCCARTESIANPOINT((7086.493171005739,7223.110566804452,695.21003283935886));
#1415=IFCAXIS2PLACEMENT3D(#1414,#200,#35);
#1416=IFCLOCALPLACEMENT(#25,#1415);
#1417=IFCBUILDINGELEMENTPROXY('0Yv9is4Cr7Pxvjnh90tUcn',#6,'Tile:Tile 200x100x75 White 2:442294',$,$,#1416,#1413,'442294',$);
#1418=IFCPROPERTYSET('3eSvunNNcqIEyknVaXoifi',#6,'Pset_BuildingElementProxyCommon',$,(#204));
#1419=IFCPROPERTYSET('1Z82LU4vwzQoHhZ0DV8Lvv',#6,'Pset_QuantityTakeOff',$,(#204));
#1420=IFCRELDEFINESBYPROPERTIES('3YLiCQNUj5JGZlakF9FtQF',#6,$,$,(#1417),#1418);
#1421=IFCRELDEFINESBYPROPERTIES('0G2NUU1GPqbrGWofjVs7iW',#6,$,$,(#1417),#1419);
#1422=IFCMAPPEDITEM(#993,#195);
#1423=IFCSHAPEREPRESENTATION(#16,'Body','MappedRepresentation',(#1422));
#1424=IFCPRODUCTDEFINITIONSHAPE($,$,(#1423));
#1425=IFCCARTESIANPOINT((7086.4931710057381,6720.6105668044365,695.21003283935772));
#1426=IFCAXIS2PLACEMENT3D(#1425,#200,#35);
#1427=IFCLOCALPLACEMENT(#25,#1426);
#1428=IFCBUILDINGELEMENTPROXY('0Yv9is4Cr7Pxvjnh90tPHW',#6,'Tile:Tile 200x100x75 White 2:442983',$,$,#1427,#1424,'442983',$);
#1429=IFCPROPERTYSET('0Y64Br2dUzN4GPszvi_Zyv',#6,'Pset_BuildingElementProxyCommon',$,(#204));
#1430=IFCPROPERTYSET('0LR99cd1klGEWzSS3omi30',#6,'Pset_QuantityTakeOff',$,(#204));
#1431=IFCRELDEFINESBYPROPERTIES('1FIaB7iEws8c$t66F0oMMW',#6,$,$,(#1428),#1429);
#1432=IFCRELDEFINESBYPROPERTIES('14tfdkiBNAedC1i87woR3f',#6,$,$,(#1428),#1430);
#1433=IFCCARTESIANPOINT((0.,0.));
#1434=IFCAXIS2PLACEMENT2D(#1433,#171);
#1435=IFCRECTANGLEPROFILEDEF(.AREA.,'Tile Red',#1434,8.0000000000003464,199.80000000000655);
#1436=IFCCARTESIANPOINT((7082.493171005739,8132.2105668044551,1618.8100328393739));
#1437=IFCAXIS2PLACEMENT3D(#1436,$,$);
#1438=IFCEXTRUDEDAREASOLID(#1435,#1437,#35,100.39999999999883);
#1439=IFCSTYLEDITEM(#1438,(#184),$);
#1440=IFCSHAPEREPRESENTATION(#16,'Body','SweptSolid',(#1438));
#1441=IFCAXIS2PLACEMENT3D(#11,$,$);
#1442=IFCREPRESENTATIONMAP(#1441,#1440);
#1443=IFCBUILDINGELEMENTPROXYTYPE('1zzk4Pvb51xAijoPDrx4Cb',#6,'Tile Red13:Tile Red',$,$,$,(#1442),'443658',$,.NOTDEFINED.);
#1444=IFCMAPPEDITEM(#1442,#195);
#1445=IFCSHAPEREPRESENTATION(#16,'Body','MappedRepresentation',(#1444));
#1446=IFCPRODUCTDEFINITIONSHAPE($,$,(#1445));
#1447=IFCAXIS2PLACEMENT3D(#11,$,$);
#1448=IFCLOCALPLACEMENT(#25,#1447);
#1449=IFCBUILDINGELEMENTPROXY('1zzk4Pvb51xAijoPDrx4CZ',#6,'Tile Red13:Tile Red:443660',$,$,#1448,#1446,'443660',$);
#1450=IFCPROPERTYSET('1HQ3UOw5PQFe8ukyrYEHcn',#6,'Pset_BuildingElementProxyCommon',$,(#763));
#1451=IFCPROPERTYSET('2UGdd8Wvn0Kgto__NIUi45',#6,'Pset_QuantityTakeOff',$,(#763));
#1452=IFCRELDEFINESBYPROPERTIES('2jkbnBV0xkC5U7GHKb6yi1',#6,$,$,(#1449),#1450);
#1453=IFCRELDEFINESBYPROPERTIES('0BCQxYF0zsPEpmNkr4ciM3',#6,$,$,(#1449),#1451);
#1454=IFCCARTESIANPOINT((0.,-5.4178883601707639E-013));
#1455=IFCAXIS2PLACEMENT2D(#1454,#171);
#1456=IFCRECTANGLEPROFILEDEF(.AREA.,'Tile Red',#1455,8.0000000000003464,45.699999999997189);
#1457=IFCCARTESIANPOINT((7082.4931710057372,8007.4605668044542,1618.8100328393703));
#1458=IFCAXIS2PLACEMENT3D(#1457,$,$);
#1459=IFCEXTRUDEDAREASOLID(#1456,#1458,#35,100.40000000000262);
#1460=IFCSTYLEDITEM(#1459,(#184),$);
#1461=IFCSHAPEREPRESENTATION(#16,'Body','SweptSolid',(#1459));
#1462=IFCAXIS2PLACEMENT3D(#11,$,$);
#1463=IFCREPRESENTATIONMAP(#1462,#1461);
#1464=IFCBUILDINGELEMENTPROXYTYPE('1zzk4Pvb51xAijoPDrx4Cu',#6,'Tile Red14:Tile Red',$,$,$,(#1463),'443671',$,.NOTDEFINED.);
#1465=IFCMAPPEDITEM(#1463,#195);
#1466=IFCSHAPEREPRESENTATION(#16,'Body','MappedRepresentation',(#1465));
#1467=IFCPRODUCTDEFINITIONSHAPE($,$,(#1466));
#1468=IFCAXIS2PLACEMENT3D(#11,$,$);
#1469=IFCLOCALPLACEMENT(#25,#1468);
#1470=IFCBUILDINGELEMENTPROXY('1zzk4Pvb51xAijoPDrx4Cs',#6,'Tile Red14:Tile Red:443673',$,$,#1469,#1467,'443673',$);
#1471=IFCPROPERTYSET('1ExVFFbthsKrciiwLFX6dJ',#6,'Pset_BuildingElementProxyCommon',$,(#763));
#1472=IFCPROPERTYSET('25KRDsNPgDHEBDTR41q54q',#6,'Pset_QuantityTakeOff',$,(#763));
#1473=IFCRELDEFINESBYPROPERTIES('2IoK9p$19zb9t_XfVkwt4z',#6,$,$,(#1470),#1471);
#1474=IFCRELDEFINESBYPROPERTIES('0EAqcvXdNNwafC2qoHy262',#6,$,$,(#1470),#1472);
#1475=IFCCARTESIANPOINT((-239.09583242634852,-25.));
#1476=IFCCARTESIANPOINT((211.6041675736443,-25.));
#1477=IFCCARTESIANPOINT((211.6041675736443,25.));
#1478=IFCCARTESIANPOINT((-184.11250272094011,25.));
#1479=IFCPOLYLINE((#1475,#1476,#1477,#1478,#1475));
#1480=IFCARBITRARYCLOSEDPROFILEDEF(.AREA.,'Tile Red',#1479);
#1481=IFCCARTESIANPOINT((7078.4931710057372,7833.2147343781035,1746.2300985079021));
#1482=IFCDIRECTION((1.,0.,0.));
#1483=IFCAXIS2PLACEMENT3D(#1481,#1482,#36);
#1484=IFCEXTRUDEDAREASOLID(#1480,#1483,#35,8.0000000000003428);
#1485=IFCSTYLEDITEM(#1484,(#746),$);
#1486=IFCSHAPEREPRESENTATION(#16,'Body','SweptSolid',(#1484));
#1487=IFCAXIS2PLACEMENT3D(#11,$,$);
#1488=IFCREPRESENTATIONMAP(#1487,#1486);
#1489=IFCBUILDINGELEMENTPROXYTYPE('1zzk4Pvb51xAijoPDrx4DH',#6,'Tile Red1:Tile Red',$,$,$,(#1488),'443774',$,.NOTDEFINED.);
#1490=IFCMAPPEDITEM(#1488,#195);
#1491=IFCSHAPEREPRESENTATION(#16,'Body','MappedRepresentation',(#1490));
#1492=IFCPRODUCTDEFINITIONSHAPE($,$,(#1491));
#1493=IFCAXIS2PLACEMENT3D(#11,$,$);
#1494=IFCLOCALPLACEMENT(#25,#1493);
#1495=IFCBUILDINGELEMENTPROXY('1zzk4Pvb51xAijoPDrx4El',#6,'Tile Red1:Tile Red:443776',$,$,#1494,#1492,'443776',$);
#1496=IFCPROPERTYSET('3YVKAQquvyS1$06tR2Rfrm',#6,'Pset_BuildingElementProxyCommon',$,(#763));
#1497=IFCPROPERTYSET('16Tb5AVwvZlOWhxrAebxSt',#6,'Pset_QuantityTakeOff',$,(#763));
#1498=IFCRELDEFINESBYPROPERTIES('0ftz2zrIL_gquZznPA98MD',#6,$,$,(#1495),#1496);
#1499=IFCRELDEFINESBYPROPERTIES('12su5vK0acrWHS7EfhPq$z',#6,$,$,(#1495),#1497);
#1500=IFCCARTESIANPOINT((0.,-5.4001247917767614E-013));
#1501=IFCAXIS2PLACEMENT2D(#1500,#171);
#1502=IFCRECTANGLEPROFILEDEF(.AREA.,'Tile Red',#1501,8.0000000000003464,89.999999999993619);
#1503=IFCCARTESIANPOINT((7133.4931710057399,7313.663117691849,-50.032948233969208));
#1504=IFCAXIS2PLACEMENT3D(#1503,#35,#36);
#1505=IFCEXTRUDEDAREASOLID(#1502,#1504,#35,347.56335374780366);
#1506=IFCSTYLEDITEM(#1505,(#746),$);
#1507=IFCSHAPEREPRESENTATION(#16,'Body','SweptSolid',(#1505));
#1508=IFCAXIS2PLACEMENT3D(#11,$,$);
#1509=IFCREPRESENTATIONMAP(#1508,#1507);
#1510=IFCBUILDINGELEMENTPROXYTYPE('3GUFSmSNL8GObqngIdQhm8',#6,'Tile Red17:Tile Red',$,$,$,(#1509),'450398',$,.NOTDEFINED.);
#1511=IFCMAPPEDITEM(#1509,#195);
#1512=IFCSHAPEREPRESENTATION(#16,'Body','MappedRepresentation',(#1511));
#1513=IFCPRODUCTDEFINITIONSHAPE($,$,(#1512));
#1514=IFCCARTESIANPOINT((0.,-1.09375,65.031484375011573));
#1515=IFCAXIS2PLACEMENT3D(#1514,$,$);
#1516=IFCLOCALPLACEMENT(#25,#1515);
#1517=IFCBUILDINGELEMENTPROXY('3GUFSmSNL8GObqngIdQhms',#6,'Tile Red17:Tile Red:450400',$,$,#1516,#1513,'450400',$);
#1518=IFCPROPERTYSET('3ysOuwVzTrldGeoAiMgotb',#6,'Pset_BuildingElementProxyCommon',$,(#763));
#1519=IFCPROPERTYSET('1IJxxyAe9c8PzK7M5tyJ9B',#6,'Pset_QuantityTakeOff',$,(#763));
#1520=IFCRELDEFINESBYPROPERTIES('2LQcX9KUFHtxxpOEvbNnyf',#6,$,$,(#1517),#1518);
#1521=IFCRELDEFINESBYPROPERTIES('3G3mC4J1Bkcik_CbgpKqJC',#6,$,$,(#1517),#1519);
#1522=IFCCARTESIANPOINT((0.,5.4001247917767614E-013));
#1523=IFCAXIS2PLACEMENT2D(#1522,#171);
#1524=IFCRECTANGLEPROFILEDEF(.AREA.,'Tile Red',#1523,8.0000000000003464,89.999999999993619);
#1525=IFCCARTESIANPOINT((7133.4931710057399,7313.663117691849,299.51421356236921));
#1526=IFCAXIS2PLACEMENT3D(#1525,#35,#36);
#1527=IFCEXTRUDEDAREASOLID(#1524,#1526,#35,450.69999999999987);
#1528=IFCSTYLEDITEM(#1527,(#746),$);
#1529=IFCSHAPEREPRESENTATION(#16,'Body','SweptSolid',(#1527));
#1530=IFCAXIS2PLACEMENT3D(#11,$,$);
#1531=IFCREPRESENTATIONMAP(#1530,#1529);
#1532=IFCBUILDINGELEMENTPROXYTYPE('3GUFSmSNL8GObqngIdQhmw',#6,'Tile Red18:Tile Red',$,$,$,(#1531),'450412',$,.NOTDEFINED.);
#1533=IFCMAPPEDITEM(#1531,#195);
#1534=IFCSHAPEREPRESENTATION(#16,'Body','MappedRepresentation',(#1533));
#1535=IFCPRODUCTDEFINITIONSHAPE($,$,(#1534));
#1536=IFCCARTESIANPOINT((0.,-1.09375,65.031484375011573));
#1537=IFCAXIS2PLACEMENT3D(#1536,$,$);
#1538=IFCLOCALPLACEMENT(#25,#1537);
#1539=IFCBUILDINGELEMENTPROXY('3GUFSmSNL8GObqngIdQhmu',#6,'Tile Red18:Tile Red:450414',$,$,#1538,#1535,'450414',$);
#1540=IFCPROPERTYSET('2B7fglwyj05t3OR_lqRTyr',#6,'Pset_BuildingElementProxyCommon',$,(#763));
#1541=IFCPROPERTYSET('14aye6iX6T37HR7BeHBgsk',#6,'Pset_QuantityTakeOff',$,(#763));
#1542=IFCRELDEFINESBYPROPERTIES('33qUwPKDydBsCoDsZyTeVN',#6,$,$,(#1539),#1540);
#1543=IFCRELDEFINESBYPROPERTIES('0IOhrNinlUuqQ6isOztQP3',#6,$,$,(#1539),#1541);
#1544=IFCCARTESIANPOINT((0.,-5.4001247917767614E-013));
#1545=IFCAXIS2PLACEMENT2D(#1544,#171);
#1546=IFCRECTANGLEPROFILEDEF(.AREA.,'Tile Red',#1545,8.0000000000003464,89.999999999993619);
#1547=IFCCARTESIANPOINT((7133.4931710057381,7313.663117691849,752.21421356236976));
#1548=IFCAXIS2PLACEMENT3D(#1547,#35,#36);
#1549=IFCEXTRUDEDAREASOLID(#1546,#1548,#35,450.69999999999999);
#1550=IFCSTYLEDITEM(#1549,(#746),$);
#1551=IFCSHAPEREPRESENTATION(#16,'Body','SweptSolid',(#1549));
#1552=IFCAXIS2PLACEMENT3D(#11,$,$);
#1553=IFCREPRESENTATIONMAP(#1552,#1551);
#1554=IFCBUILDINGELEMENTPROXYTYPE('3GUFSmSNL8GObqngIdQhmi',#6,'Tile Red19:Tile Red',$,$,$,(#1553),'450426',$,.NOTDEFINED.);
#1555=IFCMAPPEDITEM(#1553,#195);
#1556=IFCSHAPEREPRESENTATION(#16,'Body','MappedRepresentation',(#1555));
#1557=IFCPRODUCTDEFINITIONSHAPE($,$,(#1556));
#1558=IFCCARTESIANPOINT((0.,-1.09375,65.031484375011573));
#1559=IFCAXIS2PLACEMENT3D(#1558,$,$);
#1560=IFCLOCALPLACEMENT(#25,#1559);
#1561=IFCBUILDINGELEMENTPROXY('3GUFSmSNL8GObqngIdQhmg',#6,'Tile Red19:Tile Red:450428',$,$,#1560,#1557,'450428',$);
#1562=IFCPROPERTYSET('1YE5$WdfLqsU6KR5RYdVyS',#6,'Pset_BuildingElementProxyCommon',$,(#763));
#1563=IFCPROPERTYSET('1oHzaDlKd0MNH2vahinqid',#6,'Pset_QuantityTakeOff',$,(#763));
#1564=IFCRELDEFINESBYPROPERTIES('1JH8tTmognBaNJ04x6ZGB4',#6,$,$,(#1561),#1562);
#1565=IFCRELDEFINESBYPROPERTIES('3XrGymnRyg4Nfx_8eQFzyX',#6,$,$,(#1561),#1563);
#1566=IFCCARTESIANPOINT((0.,-5.4001247917767614E-013));
#1567=IFCAXIS2PLACEMENT2D(#1566,#171);
#1568=IFCRECTANGLEPROFILEDEF(.AREA.,'Tile Red',#1567,8.0000000000003464,89.999999999993619);
#1569=IFCCARTESIANPOINT((7133.493171005739,7313.663117691849,1204.9142135623697));
#1570=IFCAXIS2PLACEMENT3D(#1569,#35,#36);
#1571=IFCEXTRUDEDAREASOLID(#1568,#1570,#35,449.28578643762665);
#1572=IFCSTYLEDITEM(#1571,(#746),$);
#1573=IFCSHAPEREPRESENTATION(#16,'Body','SweptSolid',(#1571));
#1574=IFCAXIS2PLACEMENT3D(#11,$,$);
#1575=IFCREPRESENTATIONMAP(#1574,#1573);
#1576=IFCBUILDINGELEMENTPROXYTYPE('3GUFSmSNL8GObqngIdQhpU',#6,'Tile Red20:Tile Red',$,$,$,(#1575),'450440',$,.NOTDEFINED.);
#1577=IFCMAPPEDITEM(#1575,#195);
#1578=IFCSHAPEREPRESENTATION(#16,'Body','MappedRepresentation',(#1577));
#1579=IFCPRODUCTDEFINITIONSHAPE($,$,(#1578));
#1580=IFCCARTESIANPOINT((0.,-1.09375,65.031484375011573));
#1581=IFCAXIS2PLACEMENT3D(#1580,$,$);
#1582=IFCLOCALPLACEMENT(#25,#1581);
#1583=IFCBUILDINGELEMENTPROXY('3GUFSmSNL8GObqngIdQhpS',#6,'Tile Red20:Tile Red:450442',$,$,#1582,#1579,'450442',$);
#1584=IFCPROPERTYSET('32vh1I9nJIFuTq91BdPvqu',#6,'Pset_BuildingElementProxyCommon',$,(#763));
#1585=IFCPROPERTYSET('0bCQ8MKXiwtw8AFBF5RBtG',#6,'Pset_QuantityTakeOff',$,(#763));
#1586=IFCRELDEFINESBYPROPERTIES('3$jqYHMXXFwZXxicajit76',#6,$,$,(#1583),#1584);
#1587=IFCRELDEFINESBYPROPERTIES('3SeQzzhS4kbdSRnCvYA9sf',#6,$,$,(#1583),#1585);
#1588=IFCAXIS2PLACEMENT3D(#11,$,$);
#1589=IFCLOCALPLACEMENT(#25,#1588);
#1590=IFCCARTESIANPOINT((-735.43795193954691,-1248.7998004375697));
#1591=IFCCARTESIANPOINT((777.56204806045355,-1248.7998004375697));
#1592=IFCCARTESIANPOINT((777.56204806045355,-351.40003991249881));
#1593=IFCCARTESIANPOINT((-122.43795193951837,-351.40003991249881));
#1594=IFCCARTESIANPOINT((-122.43795193950103,-203.40003991250106));
#1595=IFCCARTESIANPOINT((350.56204806045963,-203.40003991250541));
#1596=IFCCARTESIANPOINT((350.56204806046071,567.19996008752514));
#1597=IFCCARTESIANPOINT((176.18975969767362,567.19996008752514));
#1598=IFCCARTESIANPOINT((176.18975969767362,669.19996008751821));
#1599=IFCCARTESIANPOINT((-446.43795193952809,669.19996008751718));
#1600=IFCCARTESIANPOINT((-446.43795193952809,567.19996008752628));
#1601=IFCCARTESIANPOINT((-735.43795193954463,567.19996008752628));
#1602=IFCPOLYLINE((#1590,#1591,#1592,#1593,#1594,#1595,#1596,#1597,#1598,#1599,#1600,#1601,#1590));
#1603=IFCARBITRARYCLOSEDPROFILEDEF(.AREA.,$,#1602);
#1604=IFCCARTESIANPOINT((6519.2932109182157,7758.4733579941749,0.));
#1605=IFCDIRECTION((0.,0.,-1.));
#1606=IFCDIRECTION((0.,1.,0.));
#1607=IFCAXIS2PLACEMENT3D(#1604,#1605,#1606);
#1608=IFCEXTRUDEDAREASOLID(#1603,#1607,#35,40.);
#1609=IFCSTYLEDITEM(#1608,(#53),$);
#1610=IFCSHAPEREPRESENTATION(#16,'Body','SweptSolid',(#1608));
#1611=IFCPRODUCTDEFINITIONSHAPE($,$,(#1610));
#1612=IFCSLABTYPE('0M6hQCpNzAvBYgMRcSSaVq',#6,'Piso:Contrapiso',$,$,(#1628),$,'421432',$,.FLOOR.);
#1613=IFCSLAB('3GUFSmSNL8GObqngIdQhoX',#6,'Piso:Contrapiso:450551',$,$,#1589,#1611,'450551',$);
#1614=IFCMATERIALLAYER(#58,40.,$);
#1615=IFCMATERIALLAYERSET((#1614),'Piso:Contrapiso');
#1616=IFCMATERIALLAYERSETUSAGE(#1615,.AXIS3.,.POSITIVE.,0.);
#1617=IFCPROPERTYSINGLEVALUE('Reference',$,IFCIDENTIFIER('Contrapiso'),$);
#1618=IFCPROPERTYSET('3z1vJqK8Oy0GYe3YkaYxkM',#6,'Pset_QuantityTakeOff',$,(#1617));
#1619=IFCPROPERTYSINGLEVALUE('Reference',$,IFCLABEL('Contrapiso'),$);
#1620=IFCPROPERTYSET('3r9coWkmDT7MxOykLJAuj5',#6,'Pset_ReinforcementBarPitchOfSlab',$,(#1619));
#1621=IFCPROPERTYSINGLEVALUE('IsExternal',$,IFCBOOLEAN(.F.),$);
#1622=IFCPROPERTYSINGLEVALUE('PitchAngle',$,IFCPLANEANGLEMEASURE(0.),$);
#1623=IFCPROPERTYSET('2V8OJ10pjEi$ZZLoouNsEA',#6,'Pset_SlabCommon',$,(#72,#1617,#1621,#1622));
#1624=IFCRELDEFINESBYPROPERTIES('2bKanCAgX2ROUM1S_LZwbx',#6,$,$,(#1613),#1618);
#1625=IFCRELDEFINESBYPROPERTIES('1u9l$NCAPT8422cP4E5pK5',#6,$,$,(#1613),#1620);
#1626=IFCRELDEFINESBYPROPERTIES('2OPrdcXYD_6oNkm004V$jO',#6,$,$,(#1613),#1623);
#1627=IFCPROPERTYSINGLEVALUE('ThermalTransmittance',$,IFCTHERMALTRANSMITTANCEMEASURE(32.5),$);
#1628=IFCPROPERTYSET('3$Tdoo5$Lt9QaCXywtAF7h',#6,'Pset_SlabCommon',$,(#1627));
#1629=IFCCARTESIANPOINT((-2.8421709430404007E-014,0.));
#1630=IFCAXIS2PLACEMENT2D(#1629,#171);
#1631=IFCRECTANGLEPROFILEDEF(.AREA.,'Tile 597x597 Gray',#1630,534.,587.80000000000007);
#1632=IFCCARTESIANPOINT((-267.,-293.90000000000839,-0.));
#1633=IFCAXIS2PLACEMENT3D(#1632,#35,#200);
#1634=IFCEXTRUDEDAREASOLID(#1631,#1633,#35,7.9999999999999973);
#1635=IFCCOLOURRGB($,0.54509803921568623,0.54509803921568623,0.54509803921568623);
#1636=IFCSURFACESTYLERENDERING(#1635,0.,$,$,$,$,IFCNORMALISEDRATIOMEASURE(0.5),IFCSPECULAREXPONENT(64.),.NOTDEFINED.);
#1637=IFCSURFACESTYLE('Tile Gray',.BOTH.,(#1636));
#1638=IFCPRESENTATIONSTYLEASSIGNMENT((#1637));
#1639=IFCSTYLEDITEM(#1634,(#1638),$);
#1640=IFCSHAPEREPRESENTATION(#16,'Body','SweptSolid',(#1634));
#1641=IFCAXIS2PLACEMENT3D(#11,$,$);
#1642=IFCREPRESENTATIONMAP(#1641,#1640);
#1643=IFCBUILDINGELEMENTPROXYTYPE('1kkNhPW5XF4BusAPV6zRh0',#6,'Tile:Tile 597x597 Gray',$,$,$,(#1642),'361596',$,.NOTDEFINED.);
#1644=IFCMATERIAL('Tile Gray');
#1645=IFCPRESENTATIONSTYLEASSIGNMENT((#1637));
#1646=IFCSTYLEDITEM($,(#1645),$);
#1647=IFCSTYLEDREPRESENTATION(#14,'Style','Material',(#1646));
#1648=IFCMATERIALDEFINITIONREPRESENTATION($,$,(#1647),#1644);
#1649=IFCMAPPEDITEM(#1642,#195);
#1650=IFCSHAPEREPRESENTATION(#16,'Body','MappedRepresentation',(#1649));
#1651=IFCPRODUCTDEFINITIONSHAPE($,$,(#1650));
#1652=IFCCARTESIANPOINT((7086.4931710057381,6722.6105668044693,592.81003283937241));
#1653=IFCAXIS2PLACEMENT3D(#1652,#200,#36);
#1654=IFCLOCALPLACEMENT(#25,#1653);
#1655=IFCBUILDINGELEMENTPROXY('2K3ZkqEXH14Pr_cbC5EWL$',#6,'Tile:Tile 597x597 Gray:457463',$,$,#1654,#1651,'457463',$);
#1656=IFCPROPERTYSINGLEVALUE('Reference',$,IFCIDENTIFIER('Tile 597x597 Gray'),$);
#1657=IFCPROPERTYSET('0IbVabwB2W$ToP8_M4A8Ja',#6,'Pset_BuildingElementProxyCommon',$,(#1656));
#1658=IFCPROPERTYSET('3aHP4CtEP93G1xzOqwTz36',#6,'Pset_QuantityTakeOff',$,(#1656));
#1659=IFCRELDEFINESBYPROPERTIES('291RhdbYHmtjPNK08wBSnw',#6,$,$,(#1655),#1657);
#1660=IFCRELDEFINESBYPROPERTIES('1EQhhH9kZziRLkM8NcGXqC',#6,$,$,(#1655),#1658);
#1661=IFCCARTESIANPOINT((0.,5.4001247917767614E-013));
#1662=IFCAXIS2PLACEMENT2D(#1661,#171);
#1663=IFCRECTANGLEPROFILEDEF(.AREA.,'Tanque',#1662,902.37228836277973,147.99999999999991);
#1664=IFCCARTESIANPOINT((6242.893171005745,8084.8492618732389,-40.));
#1665=IFCAXIS2PLACEMENT3D(#1664,#35,#36);
#1666=IFCEXTRUDEDAREASOLID(#1663,#1665,#35,947.70999999999685);
#1667=IFCCARTESIANPOINT((-5.4001247917767614E-013,-1.0800249583553523E-012));
#1668=IFCAXIS2PLACEMENT2D(#1667,#171);
#1669=IFCRECTANGLEPROFILEDEF(.AREA.,'Tanque',#1668,417.00000000000159,771.60000000000002);
#1670=IFCCARTESIANPOINT((6702.693171005747,8312.163117691749,-40.));
#1671=IFCAXIS2PLACEMENT3D(#1670,#35,#36);
#1672=IFCEXTRUDEDAREASOLID(#1669,#1671,#35,577.92948933292951);
#1673=IFCSHAPEREPRESENTATION(#16,'Body','SweptSolid',(#1666,#1672));
#1674=IFCAXIS2PLACEMENT3D(#11,$,$);
#1675=IFCREPRESENTATIONMAP(#1674,#1673);
#1676=IFCBUILDINGELEMENTPROXYTYPE('2K3ZkqEXH14Pr_cbC5EWCU',#6,'Tanque:Tanque',$,$,$,(#1675),'457878',$,.NOTDEFINED.);
#1677=IFCMATERIAL('<Unnamed>');
#1678=IFCMAPPEDITEM(#1675,#195);
#1679=IFCSHAPEREPRESENTATION(#16,'Body','MappedRepresentation',(#1678));
#1680=IFCPRODUCTDEFINITIONSHAPE($,$,(#1679));
#1681=IFCAXIS2PLACEMENT3D(#11,$,$);
#1682=IFCLOCALPLACEMENT(#25,#1681);
#1683=IFCBUILDINGELEMENTPROXY('2K3ZkqEXH14Pr_cbC5EWCG',#6,'Tanque:Tanque:457880',$,$,#1682,#1680,'457880',$);
#1684=IFCPROPERTYSINGLEVALUE('Reference',$,IFCIDENTIFIER('Tanque'),$);
#1685=IFCPROPERTYSET('0Q9f3ySGuL660NICneGnqF',#6,'Pset_BuildingElementProxyCommon',$,(#1684));
#1686=IFCPROPERTYSET('0ZXAxTdSN4ZYbQ1GQVCOS6',#6,'Pset_QuantityTakeOff',$,(#1684));
#1687=IFCRELDEFINESBYPROPERTIES('2zcorNJ16sJMwiFAlKuN1e',#6,$,$,(#1683),#1685);
#1688=IFCRELDEFINESBYPROPERTIES('2PsaaDZ9C_CbsGk7VCBmiJ',#6,$,$,(#1683),#1686);
#1689=IFCCARTESIANPOINT((0.,0.));
#1690=IFCAXIS2PLACEMENT2D(#1689,#171);
#1691=IFCRECTANGLEPROFILEDEF(.AREA.,'Tile 450,700 x 300,500 x 95 Red',#1690,450.69999999999999,288.50000000000006);
#1692=IFCCARTESIANPOINT((-144.24999999999375,225.35000000000844,-0.));
#1693=IFCAXIS2PLACEMENT3D(#1692,#35,#1606);
#1694=IFCEXTRUDEDAREASOLID(#1691,#1693,#35,6.9999999999999973);
#1695=IFCSTYLEDITEM(#1694,(#746),$);
#1696=IFCSHAPEREPRESENTATION(#16,'Body','SweptSolid',(#1694));
#1697=IFCAXIS2PLACEMENT3D(#11,$,$);
#1698=IFCREPRESENTATIONMAP(#1697,#1696);
#1699=IFCBUILDINGELEMENTPROXYTYPE('1O4vQJzvjC0Q7_VustB7M0',#6,'Tile:Tile 450,700 x 300,500 x 95 Red',$,$,$,(#1698),'427296',$,.NOTDEFINED.);
#1700=IFCMAPPEDITEM(#1698,#195);
#1701=IFCSHAPEREPRESENTATION(#16,'Body','MappedRepresentation',(#1700));
#1702=IFCPRODUCTDEFINITIONSHAPE($,$,(#1701));
#1703=IFCCARTESIANPOINT((6166.8931710057468,7632.663117691859,13.009999999990413));
#1704=IFCAXIS2PLACEMENT3D(#1703,#200,#36);
#1705=IFCLOCALPLACEMENT(#25,#1704);
#1706=IFCBUILDINGELEMENTPROXY('0ZqRNsBqv5aPUTYwZjIbr_',#6,'Tile:Tile 450,700 x 300,500 x 95 Red:462820',$,$,#1705,#1702,'462820',$);
#1707=IFCPROPERTYSINGLEVALUE('Reference',$,IFCIDENTIFIER('Tile 450,700 x 300,500 x 95 Red'),$);
#1708=IFCPROPERTYSET('2XWyXnM0lAX7b15AebEORy',#6,'Pset_BuildingElementProxyCommon',$,(#1707));
#1709=IFCPROPERTYSET('3tgbDTTJSqX7I3NAXs1a7e',#6,'Pset_QuantityTakeOff',$,(#1707));
#1710=IFCRELDEFINESBYPROPERTIES('2o7iA8rWyYrD4UxxxxyJT2',#6,$,$,(#1706),#1708);
#1711=IFCRELDEFINESBYPROPERTIES('0xkfHScmc1ijl$CCH872uG',#6,$,$,(#1706),#1709);
#1712=IFCCARTESIANPOINT((0.,1.4210854715202004E-014));
#1713=IFCAXIS2PLACEMENT2D(#1712,#171);
#1714=IFCRECTANGLEPROFILEDEF(.AREA.,'Tile 450,700 x 300,500 x 95 Red',#1713,300.5,450.69999999999993);
#1715=IFCCARTESIANPOINT((-150.24999999999375,225.35000000000844,-0.));
#1716=IFCAXIS2PLACEMENT3D(#1715,$,$);
#1717=IFCEXTRUDEDAREASOLID(#1714,#1716,#35,6.9999999999999973);
#1718=IFCSTYLEDITEM(#1717,(#746),$);
#1719=IFCSHAPEREPRESENTATION(#16,'Body','SweptSolid',(#1717));
#1720=IFCAXIS2PLACEMENT3D(#11,$,$);
#1721=IFCREPRESENTATIONMAP(#1720,#1719);
#1722=IFCBUILDINGELEMENTPROXYTYPE('1O4vQJzvjC0Q7_VustB7SX',#6,'Tile:Tile 450,700 x 300,500 x 95 Red',$,$,$,(#1721),'427296',$,.NOTDEFINED.);
#1723=IFCMAPPEDITEM(#1721,#195);
#1724=IFCSHAPEREPRESENTATION(#16,'Body','MappedRepresentation',(#1723));
#1725=IFCPRODUCTDEFINITIONSHAPE($,$,(#1724));
#1726=IFCCARTESIANPOINT((6166.8931710057468,7923.163117691859,13.00999999999075));
#1727=IFCAXIS2PLACEMENT3D(#1726,#200,#36);
#1728=IFCLOCALPLACEMENT(#25,#1727);
#1729=IFCBUILDINGELEMENTPROXY('1O4vQJzvjC0Q7_VustB7KL',#6,'Tile:Tile 450,700 x 300,500 x 95 Red:464352',$,$,#1728,#1725,'464352',$);
#1730=IFCPROPERTYSET('1o053$RGYm_9pdBjm98Ctx',#6,'Pset_BuildingElementProxyCommon',$,(#1707));
#1731=IFCPROPERTYSET('3sY7IY6FIxttyf1Zai7v7$',#6,'Pset_QuantityTakeOff',$,(#1707));
#1732=IFCRELDEFINESBYPROPERTIES('3jiHMaGL6JgOwO50zpjo0$',#6,$,$,(#1729),#1730);
#1733=IFCRELDEFINESBYPROPERTIES('3hIcE11AaYgSsidHHLAm_4',#6,$,$,(#1729),#1731);
#1734=IFCMAPPEDITEM(#1721,#195);
#1735=IFCSHAPEREPRESENTATION(#16,'Body','MappedRepresentation',(#1734));
#1736=IFCPRODUCTDEFINITIONSHAPE($,$,(#1735));
#1737=IFCCARTESIANPOINT((6166.8931710057468,8225.6631176918581,13.009999999991699));
#1738=IFCAXIS2PLACEMENT3D(#1737,#200,#36);
#1739=IFCLOCALPLACEMENT(#25,#1738);
#1740=IFCBUILDINGELEMENTPROXY('1O4vQJzvjC0Q7_VustB7Zb',#6,'Tile:Tile 450,700 x 300,500 x 95 Red:464912',$,$,#1739,#1736,'464912',$);
#1741=IFCPROPERTYSET('3DsxydUsOCNyBKGFTXkZTL',#6,'Pset_BuildingElementProxyCommon',$,(#1707));
#1742=IFCPROPERTYSET('3y44uHhajhAJwjbL7M2W2O',#6,'Pset_QuantityTakeOff',$,(#1707));
#1743=IFCRELDEFINESBYPROPERTIES('1QQR7nKGHQ_F7DLjm4hiHY',#6,$,$,(#1740),#1741);
#1744=IFCRELDEFINESBYPROPERTIES('2VE0MZszif_sAQ$T73ja4a',#6,$,$,(#1740),#1742);
#1745=IFCCARTESIANPOINT((-7.1054273576010019E-015,0.));
#1746=IFCAXIS2PLACEMENT2D(#1745,#171);
#1747=IFCRECTANGLEPROFILEDEF(.AREA.,'Tile 450,700 x 300,500 x 95 Yellow',#1746,150.5,297.);
#1748=IFCCARTESIANPOINT((-75.249999999993761,-148.50000000000844,-0.));
#1749=IFCAXIS2PLACEMENT3D(#1748,#35,#200);
#1750=IFCEXTRUDEDAREASOLID(#1747,#1749,#35,7.9999999999999973);
#1751=IFCCOLOURRGB($,1.,1.,0.);
#1752=IFCSURFACESTYLERENDERING(#1751,0.,$,$,$,$,IFCNORMALISEDRATIOMEASURE(0.5),IFCSPECULAREXPONENT(64.),.NOTDEFINED.);
#1753=IFCSURFACESTYLE('Tile Yellow',.BOTH.,(#1752));
#1754=IFCPRESENTATIONSTYLEASSIGNMENT((#1753));
#1755=IFCSTYLEDITEM(#1750,(#1754),$);
#1756=IFCSHAPEREPRESENTATION(#16,'Body','SweptSolid',(#1750));
#1757=IFCAXIS2PLACEMENT3D(#11,$,$);
#1758=IFCREPRESENTATIONMAP(#1757,#1756);
#1759=IFCBUILDINGELEMENTPROXYTYPE('0LTDyIvC5DtPgxFIQIxVQj',#6,'Tile:Tile 450,700 x 300,500 x 95 Yellow',$,$,$,(#1758),'475685',$,.NOTDEFINED.);
#1760=IFCMATERIAL('Tile Yellow');
#1761=IFCPRESENTATIONSTYLEASSIGNMENT((#1753));
#1762=IFCSTYLEDITEM($,(#1761),$);
#1763=IFCSTYLEDREPRESENTATION(#14,'Style','Material',(#1762));
#1764=IFCMATERIALDEFINITIONREPRESENTATION($,$,(#1763),#1760);
#1765=IFCMAPPEDITEM(#1758,#195);
#1766=IFCSHAPEREPRESENTATION(#16,'Body','MappedRepresentation',(#1765));
#1767=IFCPRODUCTDEFINITIONSHAPE($,$,(#1766));
#1768=IFCCARTESIANPOINT((6318.5806710057377,8522.5068676918454,907.70999999999697));
#1769=IFCAXIS2PLACEMENT3D(#1768,$,$);
#1770=IFCLOCALPLACEMENT(#25,#1769);
#1771=IFCBUILDINGELEMENTPROXY('1E63lbwxj4Vu80SSnmvaZb',#6,'Tile:Tile 450,700 x 300,500 x 95 Yellow:465312',$,$,#1770,#1767,'465312',$);
#1772=IFCPROPERTYSINGLEVALUE('Reference',$,IFCIDENTIFIER('Tile 450,700 x 300,500 x 95 Yellow'),$);
#1773=IFCPROPERTYSET('0OjtLWukZS4Z_PvPTMGPka',#6,'Pset_BuildingElementProxyCommon',$,(#1772));
#1774=IFCPROPERTYSET('3nyuihO0s$ArnSs_2SbXxT',#6,'Pset_QuantityTakeOff',$,(#1772));
#1775=IFCRELDEFINESBYPROPERTIES('3A_Z$PY5Kp_Xo7T1DcBo0d',#6,$,$,(#1771),#1773);
#1776=IFCRELDEFINESBYPROPERTIES('3MbS28_qtCKrEqQkLjY6B2',#6,$,$,(#1771),#1774);
#1777=IFCCARTESIANPOINT((0.,0.));
#1778=IFCAXIS2PLACEMENT2D(#1777,#171);
#1779=IFCRECTANGLEPROFILEDEF(.AREA.,'Tile 450,700 x 300,500 x 95 Yellow',#1778,150.5,288.5);
#1780=IFCCARTESIANPOINT((-75.249999999993747,-144.25000000000844,-0.));
#1781=IFCAXIS2PLACEMENT3D(#1780,#35,#200);
#1782=IFCEXTRUDEDAREASOLID(#1779,#1781,#35,7.9999999999999973);
#1783=IFCSTYLEDITEM(#1782,(#1754),$);
#1784=IFCSHAPEREPRESENTATION(#16,'Body','SweptSolid',(#1782));
#1785=IFCAXIS2PLACEMENT3D(#11,$,$);
#1786=IFCREPRESENTATIONMAP(#1785,#1784);
#1787=IFCBUILDINGELEMENTPROXYTYPE('0LTDyIvC5DtPgxFIQIxVH9',#6,'Tile:Tile 450,700 x 300,500 x 95 Yellow',$,$,$,(#1786),'475685',$,.NOTDEFINED.);
#1788=IFCMAPPEDITEM(#1786,#195);
#1789=IFCSHAPEREPRESENTATION(#16,'Body','MappedRepresentation',(#1788));
#1790=IFCPRODUCTDEFINITIONSHAPE($,$,(#1789));
#1791=IFCCARTESIANPOINT((6318.5025460057386,7921.1631176918499,907.70999999999697));
#1792=IFCAXIS2PLACEMENT3D(#1791,$,$);
#1793=IFCLOCALPLACEMENT(#25,#1792);
#1794=IFCBUILDINGELEMENTPROXY('1E63lbwxj4Vu80SSnmvahj',#6,'Tile:Tile 450,700 x 300,500 x 95 Yellow:465832',$,$,#1793,#1790,'465832',$);
#1795=IFCPROPERTYSET('3pkt3sP2O8IuJOJacnOnuE',#6,'Pset_BuildingElementProxyCommon',$,(#1772));
#1796=IFCPROPERTYSET('1RDF5m_NyUVLtbhnCv1A08',#6,'Pset_QuantityTakeOff',$,(#1772));
#1797=IFCRELDEFINESBYPROPERTIES('2Tc7Pciz_ycmBP2Iyn8IMD',#6,$,$,(#1794),#1795);
#1798=IFCRELDEFINESBYPROPERTIES('2c2I0hlvXOf3AHmDX5ChVO',#6,$,$,(#1794),#1796);
#1799=IFCCARTESIANPOINT((0.,0.));
#1800=IFCAXIS2PLACEMENT2D(#1799,#171);
#1801=IFCRECTANGLEPROFILEDEF(.AREA.,'Tile 450,700 x 300,500 x 95 Red',#1800,100.00000000000003,298.99999999999994);
#1802=IFCCARTESIANPOINT((-50.,-149.50000000000844,-0.));
#1803=IFCAXIS2PLACEMENT3D(#1802,#35,#200);
#1804=IFCEXTRUDEDAREASOLID(#1801,#1803,#35,6.9999999999999973);
#1805=IFCSTYLEDITEM(#1804,(#746),$);
#1806=IFCSHAPEREPRESENTATION(#16,'Body','SweptSolid',(#1804));
#1807=IFCAXIS2PLACEMENT3D(#11,$,$);
#1808=IFCREPRESENTATIONMAP(#1807,#1806);
#1809=IFCBUILDINGELEMENTPROXYTYPE('1E63lbwxj4Vu80SSnmvd5f',#6,'Tile:Tile 450,700 x 300,500 x 95 Red',$,$,$,(#1808),'427296',$,.NOTDEFINED.);
#1810=IFCMAPPEDITEM(#1808,#195);
#1811=IFCSHAPEREPRESENTATION(#16,'Body','MappedRepresentation',(#1810));
#1812=IFCPRODUCTDEFINITIONSHAPE($,$,(#1811));
#1813=IFCCARTESIANPOINT((7177.4931710057317,7920.66311769186,7.9985361410442142));
#1814=IFCAXIS2PLACEMENT3D(#1813,$,$);
#1815=IFCLOCALPLACEMENT(#25,#1814);
#1816=IFCBUILDINGELEMENTPROXY('1E63lbwxj4Vu80SSnmvayc',#6,'Tile:Tile 450,700 x 300,500 x 95 Red:466531',$,$,#1815,#1812,'466531',$);
#1817=IFCPROPERTYSET('2U7eJP$q6OxC03dqYGgUO4',#6,'Pset_BuildingElementProxyCommon',$,(#1707));
#1818=IFCPROPERTYSET('3FFzeARRreaByrez2an$xC',#6,'Pset_QuantityTakeOff',$,(#1707));
#1819=IFCRELDEFINESBYPROPERTIES('1aK1FlMorQR$JAf2Vn5unb',#6,$,$,(#1816),#1817);
#1820=IFCRELDEFINESBYPROPERTIES('246s1KNvGeOCiC1PTXO$Hj',#6,$,$,(#1816),#1818);
#1821=IFCCARTESIANPOINT((1.0658141036401503E-014,0.));
#1822=IFCAXIS2PLACEMENT2D(#1821,#171);
#1823=IFCRECTANGLEPROFILEDEF(.AREA.,'Tile 450,700 x 300,500 x 95 Red',#1822,100.00000000000003,300.99999999999989);
#1824=IFCCARTESIANPOINT((-50.,-150.50000000000844,-0.));
#1825=IFCAXIS2PLACEMENT3D(#1824,#35,#200);
#1826=IFCEXTRUDEDAREASOLID(#1823,#1825,#35,6.9999999999999973);
#1827=IFCSTYLEDITEM(#1826,(#746),$);
#1828=IFCSHAPEREPRESENTATION(#16,'Body','SweptSolid',(#1826));
#1829=IFCAXIS2PLACEMENT3D(#11,$,$);
#1830=IFCREPRESENTATIONMAP(#1829,#1828);
#1831=IFCBUILDINGELEMENTPROXYTYPE('1E63lbwxj4Vu80SSnmvd7F',#6,'Tile:Tile 450,700 x 300,500 x 95 Red',$,$,$,(#1830),'427296',$,.NOTDEFINED.);
#1832=IFCMAPPEDITEM(#1830,#195);
#1833=IFCSHAPEREPRESENTATION(#16,'Body','MappedRepresentation',(#1832));
#1834=IFCPRODUCTDEFINITIONSHAPE($,$,(#1833));
#1835=IFCCARTESIANPOINT((7177.493171005729,7619.6631176918545,7.9985361410442142));
#1836=IFCAXIS2PLACEMENT3D(#1835,$,$);
#1837=IFCLOCALPLACEMENT(#25,#1836);
#1838=IFCBUILDINGELEMENTPROXY('1E63lbwxj4Vu80SSnmvd4H',#6,'Tile:Tile 450,700 x 300,500 x 95 Red:467028',$,$,#1837,#1834,'467028',$);
#1839=IFCPROPERTYSET('1q5p4GceRyXGZBYv4dTG3T',#6,'Pset_BuildingElementProxyCommon',$,(#1707));
#1840=IFCPROPERTYSET('12QSfbbifYh0ubFSCumSu$',#6,'Pset_QuantityTakeOff',$,(#1707));
#1841=IFCRELDEFINESBYPROPERTIES('26hfdHMftvfVHE$YPTe2OS',#6,$,$,(#1838),#1839);
#1842=IFCRELDEFINESBYPROPERTIES('3Axa6yyncAIVoZ1r7ECT2w',#6,$,$,(#1838),#1840);
#1843=IFCCARTESIANPOINT((-83.211999982111976,-3.5000000000083156));
#1844=IFCCARTESIANPOINT((76.574068947614279,-3.5000000000083324));
#1845=IFCCARTESIANPOINT((83.211999982119849,3.5000000000172409));
#1846=IFCCARTESIANPOINT((-76.5740689476238,3.4999999999979736));
#1847=IFCPOLYLINE((#1843,#1844,#1845,#1846,#1843));
#1848=IFCARBITRARYCLOSEDPROFILEDEF(.AREA.,'Gray Tile',#1847);
#1849=IFCCARTESIANPOINT((6704.6931710057506,8044.4602779639299,550.12770864967592));
#1850=IFCDIRECTION((-0.,-0.68809158300920947,0.72562385117351291));
#1851=IFCAXIS2PLACEMENT3D(#1849,#1482,#1850);
#1852=IFCEXTRUDEDAREASOLID(#1848,#1851,#35,371.79999999999012);
#1853=IFCSTYLEDITEM(#1852,(#1638),$);
#1854=IFCSHAPEREPRESENTATION(#16,'Body','SweptSolid',(#1852));
#1855=IFCAXIS2PLACEMENT3D(#11,$,$);
#1856=IFCREPRESENTATIONMAP(#1855,#1854);
#1857=IFCBUILDINGELEMENTPROXYTYPE('1prwuuYvTDYwb_qq8gB8IO',#6,'Gray Tile:Gray Tile',$,$,$,(#1856),'470079',$,.NOTDEFINED.);
#1858=IFCMAPPEDITEM(#1856,#195);
#1859=IFCSHAPEREPRESENTATION(#16,'Body','MappedRepresentation',(#1858));
#1860=IFCPRODUCTDEFINITIONSHAPE($,$,(#1859));
#1861=IFCCARTESIANPOINT((0.,0.,12.954615540028668));
#1862=IFCAXIS2PLACEMENT3D(#1861,$,$);
#1863=IFCLOCALPLACEMENT(#25,#1862);
#1864=IFCBUILDINGELEMENTPROXY('1prwuuYvTDYwb_qq8gB8Jc',#6,'Gray Tile:Gray Tile:470081',$,$,#1863,#1860,'470081',$);
#1865=IFCPROPERTYSINGLEVALUE('Reference',$,IFCIDENTIFIER('Gray Tile'),$);
#1866=IFCPROPERTYSET('0xiNIYMuQsiplkyfRr$r3B',#6,'Pset_BuildingElementProxyCommon',$,(#1865));
#1867=IFCPROPERTYSET('0vmc1VU6DSL$F3D7HM8R7g',#6,'Pset_QuantityTakeOff',$,(#1865));
#1868=IFCRELDEFINESBYPROPERTIES('3BMViaE08A6NiJH2sXdpLH',#6,$,$,(#1864),#1866);
#1869=IFCRELDEFINESBYPROPERTIES('1I4DObJG7ZpKeZhUWouFB6',#6,$,$,(#1864),#1867);
#1870=IFCCARTESIANPOINT((-83.250185950810106,-3.5000000000080536));
#1871=IFCCARTESIANPOINT((76.612254916313418,-3.5000000000080451));
#1872=IFCCARTESIANPOINT((83.250185950819585,3.5000000000184506));
#1873=IFCCARTESIANPOINT((-76.612254916321376,3.4999999999991664));
#1874=IFCPOLYLINE((#1870,#1871,#1872,#1873,#1870));
#1875=IFCARBITRARYCLOSEDPROFILEDEF(.AREA.,'Gray Tile',#1874);
#1876=IFCCARTESIANPOINT((6327.8931710057568,8039.2160343167843,555.65800195030488));
#1877=IFCDIRECTION((-0.,-0.68809158300920836,0.7256238511735138));
#1878=IFCAXIS2PLACEMENT3D(#1876,#1482,#1877);
#1879=IFCEXTRUDEDAREASOLID(#1875,#1878,#35,374.79999999999495);
#1880=IFCSTYLEDITEM(#1879,(#1638),$);
#1881=IFCSHAPEREPRESENTATION(#16,'Body','SweptSolid',(#1879));
#1882=IFCAXIS2PLACEMENT3D(#11,$,$);
#1883=IFCREPRESENTATIONMAP(#1882,#1881);
#1884=IFCBUILDINGELEMENTPROXYTYPE('1prwuuYvTDYwb_qq8gB8QK',#6,'Gray Tile1:Gray Tile',$,$,$,(#1883),'470579',$,.NOTDEFINED.);
#1885=IFCMAPPEDITEM(#1883,#195);
#1886=IFCSHAPEREPRESENTATION(#16,'Body','MappedRepresentation',(#1885));
#1887=IFCPRODUCTDEFINITIONSHAPE($,$,(#1886));
#1888=IFCCARTESIANPOINT((0.,5.2179682034965511,7.4520308890676059));
#1889=IFCAXIS2PLACEMENT3D(#1888,$,$);
#1890=IFCLOCALPLACEMENT(#25,#1889);
#1891=IFCBUILDINGELEMENTPROXY('1prwuuYvTDYwb_qq8gB8QI',#6,'Gray Tile1:Gray Tile:470581',$,$,#1890,#1887,'470581',$);
#1892=IFCPROPERTYSET('3fgHfOzaRMaArf4LP612si',#6,'Pset_BuildingElementProxyCommon',$,(#1865));
#1893=IFCPROPERTYSET('0lNmmHvquLC0IpeV4J7bqZ',#6,'Pset_QuantityTakeOff',$,(#1865));
#1894=IFCRELDEFINESBYPROPERTIES('1Sp4e7JCZp6d1iLuahhmmS',#6,$,$,(#1891),#1892);
#1895=IFCRELDEFINESBYPROPERTIES('2WdxPAMbZiNWtyrRYVWJIq',#6,$,$,(#1891),#1893);
#1896=IFCCARTESIANPOINT((-3.5000000000086442,-94.042893218807706));
#1897=IFCCARTESIANPOINT((3.4999999999832676,-94.042893218807706));
#1898=IFCCARTESIANPOINT((3.5000000000148703,90.542893218804295));
#1899=IFCCARTESIANPOINT((-3.4999999999938254,97.542893218810974));
#1900=IFCPOLYLINE((#1896,#1897,#1898,#1899,#1896));
#1901=IFCARBITRARYCLOSEDPROFILEDEF(.AREA.,'Gray Tile',#1900);
#1902=IFCCARTESIANPOINT((6704.6931710057506,7988.1105668044574,716.15292605818092));
#1903=IFCAXIS2PLACEMENT3D(#1902,#1482,#1606);
#1904=IFCEXTRUDEDAREASOLID(#1901,#1903,#35,373.7999999999908);
#1905=IFCSTYLEDITEM(#1904,(#1638),$);
#1906=IFCSHAPEREPRESENTATION(#16,'Body','SweptSolid',(#1904));
#1907=IFCAXIS2PLACEMENT3D(#11,$,$);
#1908=IFCREPRESENTATIONMAP(#1907,#1906);
#1909=IFCBUILDINGELEMENTPROXYTYPE('1prwuuYvTDYwb_qq8gB8P8',#6,'Gray Tile2:Gray Tile',$,$,$,(#1908),'470767',$,.NOTDEFINED.);
#1910=IFCMAPPEDITEM(#1908,#195);
#1911=IFCSHAPEREPRESENTATION(#16,'Body','MappedRepresentation',(#1910));
#1912=IFCPRODUCTDEFINITIONSHAPE($,$,(#1911));
#1913=IFCAXIS2PLACEMENT3D(#11,$,$);
#1914=IFCLOCALPLACEMENT(#25,#1913);
#1915=IFCBUILDINGELEMENTPROXY('1prwuuYvTDYwb_qq8gB8PM',#6,'Gray Tile2:Gray Tile:470769',$,$,#1914,#1912,'470769',$);
#1916=IFCPROPERTYSET('11n6FSc42cBb5V5kmgzK97',#6,'Pset_BuildingElementProxyCommon',$,(#1865));
#1917=IFCPROPERTYSET('3J3ajDGgvbLRqHGqcndmd7',#6,'Pset_QuantityTakeOff',$,(#1865));
#1918=IFCRELDEFINESBYPROPERTIES('11n6xCBPsaHb96QF37ZzR5',#6,$,$,(#1915),#1916);
#1919=IFCRELDEFINESBYPROPERTIES('0GDvT_IuYMHQ729zZkflz3',#6,$,$,(#1915),#1917);
#1920=IFCCARTESIANPOINT((-3.5000000000075611,-94.042893218807976));
#1921=IFCCARTESIANPOINT((3.4999999999843503,-94.042893218807976));
#1922=IFCCARTESIANPOINT((3.5000000000159535,90.542893218804579));
#1923=IFCCARTESIANPOINT((-3.4999999999927427,97.542893218811244));
#1924=IFCPOLYLINE((#1920,#1921,#1922,#1923,#1920));
#1925=IFCARBITRARYCLOSEDPROFILEDEF(.AREA.,'Gray Tile',#1924);
#1926=IFCCARTESIANPOINT((6328.6999312164417,7988.1105668044574,716.15292605818115));
#1927=IFCAXIS2PLACEMENT3D(#1926,#1482,#1606);
#1928=IFCEXTRUDEDAREASOLID(#1925,#1927,#35,373.9932397893096);
#1929=IFCSTYLEDITEM(#1928,(#1638),$);
#1930=IFCSHAPEREPRESENTATION(#16,'Body','SweptSolid',(#1928));
#1931=IFCAXIS2PLACEMENT3D(#11,$,$);
#1932=IFCREPRESENTATIONMAP(#1931,#1930);
#1933=IFCBUILDINGELEMENTPROXYTYPE('1prwuuYvTDYwb_qq8gB8TS',#6,'Gray Tile3:Gray Tile',$,$,$,(#1932),'471035',$,.NOTDEFINED.);
#1934=IFCMAPPEDITEM(#1932,#195);
#1935=IFCSHAPEREPRESENTATION(#16,'Body','MappedRepresentation',(#1934));
#1936=IFCPRODUCTDEFINITIONSHAPE($,$,(#1935));
#1937=IFCAXIS2PLACEMENT3D(#11,$,$);
#1938=IFCLOCALPLACEMENT(#25,#1937);
#1939=IFCBUILDINGELEMENTPROXY('1prwuuYvTDYwb_qq8gB8TQ',#6,'Gray Tile3:Gray Tile:471037',$,$,#1938,#1936,'471037',$);
#1940=IFCPROPERTYSET('3NKANnUKI__veuB3Mb3zB1',#6,'Pset_BuildingElementProxyCommon',$,(#1865));
#1941=IFCPROPERTYSET('1_t01$iBGhWbrNZn94eUcf',#6,'Pset_QuantityTakeOff',$,(#1865));
#1942=IFCRELDEFINESBYPROPERTIES('03RA5DYhTLBkapQw_EihbB',#6,$,$,(#1939),#1940);
#1943=IFCRELDEFINESBYPROPERTIES('1QiV9JKY_Oy7cRrVzEFNWT',#6,$,$,(#1939),#1941);
#1944=IFCCARTESIANPOINT((-265.54289321880321,-3.5000000000000266));
#1945=IFCCARTESIANPOINT((269.0428932187981,-3.5000000000000027));
#1946=IFCCARTESIANPOINT((262.04289321880833,3.5000000000000226));
#1947=IFCCARTESIANPOINT((-265.54289321880321,3.5000000000000062));
#1948=IFCPOLYLINE((#1944,#1945,#1946,#1947,#1944));
#1949=IFCARBITRARYCLOSEDPROFILEDEF(.AREA.,'Gray Tile',#1948);
#1950=IFCCARTESIANPOINT((6975.4931710057408,8255.1202244729466,798.60000000000844));
#1951=IFCAXIS2PLACEMENT3D(#1950,#1482,#36);
#1952=IFCEXTRUDEDAREASOLID(#1949,#1951,#35,100.00000000000651);
#1953=IFCSTYLEDITEM(#1952,(#1638),$);
#1954=IFCSHAPEREPRESENTATION(#16,'Body','SweptSolid',(#1952));
#1955=IFCAXIS2PLACEMENT3D(#11,$,$);
#1956=IFCREPRESENTATIONMAP(#1955,#1954);
#1957=IFCBUILDINGELEMENTPROXYTYPE('05wfFLeuPBEv3bvVNYYoAV',#6,'Gray Tile4:Gray Tile',$,$,$,(#1956),'472207',$,.NOTDEFINED.);
#1958=IFCMAPPEDITEM(#1956,#195);
#1959=IFCSHAPEREPRESENTATION(#16,'Body','MappedRepresentation',(#1958));
#1960=IFCPRODUCTDEFINITIONSHAPE($,$,(#1959));
#1961=IFCCARTESIANPOINT((0.,0.,13.010032839364651));
#1962=IFCAXIS2PLACEMENT3D(#1961,$,$);
#1963=IFCLOCALPLACEMENT(#25,#1962);
#1964=IFCBUILDINGELEMENTPROXY('05wfFLeuPBEv3bvVNYYoA1',#6,'Gray Tile4:Gray Tile:472209',$,$,#1963,#1960,'472209',$);
#1965=IFCPROPERTYSET('3JcBZ7SrOTFVOri$t8nlaF',#6,'Pset_BuildingElementProxyCommon',$,(#1865));
#1966=IFCPROPERTYSET('3_LVZmgPOK_Nn23j_6xXEF',#6,'Pset_QuantityTakeOff',$,(#1865));
#1967=IFCRELDEFINESBYPROPERTIES('3uznL7$boilVCLD7gt7YFt',#6,$,$,(#1964),#1965);
#1968=IFCRELDEFINESBYPROPERTIES('0CqYjQCRoZxKhTmdwpQhi8',#6,$,$,(#1964),#1966);
#1969=IFCCARTESIANPOINT((-265.54289321880321,-3.4999999999998663));
#1970=IFCCARTESIANPOINT((269.04289321879702,-3.4999999999998943));
#1971=IFCCARTESIANPOINT((262.04289321880833,3.4999999999994587));
#1972=IFCCARTESIANPOINT((-265.54289321880321,3.4999999999998961));
#1973=IFCPOLYLINE((#1969,#1970,#1971,#1972,#1969));
#1974=IFCARBITRARYCLOSEDPROFILEDEF(.AREA.,'Gray Tile',#1973);
#1975=IFCCARTESIANPOINT((6329.893171005715,8255.1202244729484,811.61003283937305));
#1976=IFCAXIS2PLACEMENT3D(#1975,#1482,#36);
#1977=IFCEXTRUDEDAREASOLID(#1974,#1976,#35,100.00000000000651);
#1978=IFCSTYLEDITEM(#1977,(#1638),$);
#1979=IFCSHAPEREPRESENTATION(#16,'Body','SweptSolid',(#1977));
#1980=IFCAXIS2PLACEMENT3D(#11,$,$);
#1981=IFCREPRESENTATIONMAP(#1980,#1979);
#1982=IFCBUILDINGELEMENTPROXYTYPE('05wfFLeuPBEv3bvVNYYo2d',#6,'Gray Tile5:Gray Tile',$,$,$,(#1981),'472759',$,.NOTDEFINED.);
#1983=IFCMAPPEDITEM(#1981,#195);
#1984=IFCSHAPEREPRESENTATION(#16,'Body','MappedRepresentation',(#1983));
#1985=IFCPRODUCTDEFINITIONSHAPE($,$,(#1984));
#1986=IFCAXIS2PLACEMENT3D(#11,$,$);
#1987=IFCLOCALPLACEMENT(#25,#1986);
#1988=IFCBUILDINGELEMENTPROXY('05wfFLeuPBEv3bvVNYYo2f',#6,'Gray Tile5:Gray Tile:472761',$,$,#1987,#1985,'472761',$);
#1989=IFCPROPERTYSET('2xxxb5EoYIp4GTpbE4m7J2',#6,'Pset_BuildingElementProxyCommon',$,(#1865));
#1990=IFCPROPERTYSET('2rWiRK$86BcAz_oN0IN2_o',#6,'Pset_QuantityTakeOff',$,(#1865));
#1991=IFCRELDEFINESBYPROPERTIES('1d8oOlwI698wLvw_s9aCST',#6,$,$,(#1988),#1989);
#1992=IFCRELDEFINESBYPROPERTIES('1gEm2V1BbrI89wF5$MW$ny',#6,$,$,(#1988),#1990);
#1993=IFCCARTESIANPOINT((-48.750000000001904,-3.4999999999999472));
#1994=IFCCARTESIANPOINT((52.249999999996795,-3.4999999999999458));
#1995=IFCCARTESIANPOINT((45.250000000007027,3.5000000000000777));
#1996=IFCCARTESIANPOINT((-48.750000000001918,3.5000000000000857));
#1997=IFCPOLYLINE((#1993,#1994,#1995,#1996,#1993));
#1998=IFCARBITRARYCLOSEDPROFILEDEF(.AREA.,'Gray Tile',#1997);
#1999=IFCCARTESIANPOINT((6431.8931710057395,8038.327331254146,798.60000000000878));
#2000=IFCAXIS2PLACEMENT3D(#1999,#1482,#36);
#2001=IFCEXTRUDEDAREASOLID(#1998,#2000,#35,541.60000000000139);
#2002=IFCSTYLEDITEM(#2001,(#1638),$);
#2003=IFCSHAPEREPRESENTATION(#16,'Body','SweptSolid',(#2001));
#2004=IFCAXIS2PLACEMENT3D(#11,$,$);
#2005=IFCREPRESENTATIONMAP(#2004,#2003);
#2006=IFCBUILDINGELEMENTPROXYTYPE('05wfFLeuPBEv3bvVNYYo6k',#6,'Gray Tile6:Gray Tile',$,$,$,(#2005),'473022',$,.NOTDEFINED.);
#2007=IFCMAPPEDITEM(#2005,#195);
#2008=IFCSHAPEREPRESENTATION(#16,'Body','MappedRepresentation',(#2007));
#2009=IFCPRODUCTDEFINITIONSHAPE($,$,(#2008));
#2010=IFCCARTESIANPOINT((0.,0.,13.010032839364651));
#2011=IFCAXIS2PLACEMENT3D(#2010,$,$);
#2012=IFCLOCALPLACEMENT(#25,#2011);
#2013=IFCBUILDINGELEMENTPROXY('05wfFLeuPBEv3bvVNYYo7G',#6,'Gray Tile6:Gray Tile:473024',$,$,#2012,#2009,'473024',$);
#2014=IFCPROPERTYSET('0Rt_QV6H0PtWzYsQwdCVdc',#6,'Pset_BuildingElementProxyCommon',$,(#1865));
#2015=IFCPROPERTYSET('3_ZkDyB8nfLFQCHceMh8ky',#6,'Pset_QuantityTakeOff',$,(#1865));
#2016=IFCRELDEFINESBYPROPERTIES('1ECgC3qxByORy7YFA6CX25',#6,$,$,(#2013),#2014);
#2017=IFCRELDEFINESBYPROPERTIES('07a0ukhcad81h3cV4_84m8',#6,$,$,(#2013),#2015);
#2018=IFCCARTESIANPOINT((-74.,-270.80011973748071));
#2019=IFCCARTESIANPOINT((74.,-270.80011973748071));
#2020=IFCCARTESIANPOINT((74.,270.80011973748179));
#2021=IFCCARTESIANPOINT((-74.,270.80011973748179));
#2022=IFCPOLYLINE((#2018,#2019,#2020,#2021,#2018));
#2023=IFCCARTESIANPOINT((-1.0004615657171401,0.26312476555254705));
#2024=IFCAXIS2PLACEMENT2D(#2023,#45);
#2025=IFCCIRCLE(#2024,19.000000000004345);
#2026=IFCTRIMMEDCURVE(#2025,(IFCPARAMETERVALUE(2.5444437451708159E-013)),(IFCPARAMETERVALUE(180.00000000000043)),.T.,.PARAMETER.);
#2027=IFCCOMPOSITECURVESEGMENT(.CONTINUOUS.,.F.,#2026);
#2028=IFCCARTESIANPOINT((-1.0004615657171401,0.26312476555254705));
#2029=IFCAXIS2PLACEMENT2D(#2028,#45);
#2030=IFCCIRCLE(#2029,19.000000000004345);
#2031=IFCTRIMMEDCURVE(#2030,(IFCPARAMETERVALUE(180.00000000000043)),(IFCPARAMETERVALUE(0.)),.T.,.PARAMETER.);
#2032=IFCCOMPOSITECURVESEGMENT(.CONTINUOUS.,.F.,#2031);
#2033=IFCCOMPOSITECURVE((#2027,#2032),.F.);
#2034=IFCARBITRARYPROFILEDEFWITHVOIDS(.AREA.,'Gray Tile',#2022,(#2033));
#2035=IFCCARTESIANPOINT((6702.693290743222,8446.6631176917508,808.11003283937305));
#2036=IFCAXIS2PLACEMENT3D(#2035,#35,#1606);
#2037=IFCEXTRUDEDAREASOLID(#2034,#2036,#35,7.0000000000000329);
#2038=IFCSTYLEDITEM(#2037,(#1638),$);
#2039=IFCSHAPEREPRESENTATION(#16,'Body','SweptSolid',(#2037));
#2040=IFCAXIS2PLACEMENT3D(#11,$,$);
#2041=IFCREPRESENTATIONMAP(#2040,#2039);
#2042=IFCBUILDINGELEMENTPROXYTYPE('05wfFLeuPBEv3bvVNYYo_D',#6,'Gray Tile7:Gray Tile',$,$,$,(#2041),'473501',$,.NOTDEFINED.);
#2043=IFCMAPPEDITEM(#2041,#195);
#2044=IFCSHAPEREPRESENTATION(#16,'Body','MappedRepresentation',(#2043));
#2045=IFCPRODUCTDEFINITIONSHAPE($,$,(#2044));
#2046=IFCAXIS2PLACEMENT3D(#11,$,$);
#2047=IFCLOCALPLACEMENT(#25,#2046);
#2048=IFCBUILDINGELEMENTPROXY('05wfFLeuPBEv3bvVNYYo_F',#6,'Gray Tile7:Gray Tile:473503',$,$,#2047,#2045,'473503',$);
#2049=IFCPROPERTYSET('38OCnZQ_1NGxd4_IAjjg3m',#6,'Pset_BuildingElementProxyCommon',$,(#1865));
#2050=IFCPROPERTYSET('3ZuGzL_ybxsaFThMMhhiVD',#6,'Pset_QuantityTakeOff',$,(#1865));
#2051=IFCRELDEFINESBYPROPERTIES('1CvxSdYVjZsQjBIVqwTYgC',#6,$,$,(#2048),#2049);
#2052=IFCRELDEFINESBYPROPERTIES('03I0fx69t_AP6kyPsiOLj3',#6,$,$,(#2048),#2050);
#2053=IFCCARTESIANPOINT((-267.17746866008167,52.8361801425362));
#2054=IFCCARTESIANPOINT((232.66807895898322,-140.88235918018194));
#2055=IFCPOLYLINE((#2053,#2054));
#2056=IFCCOMPOSITECURVESEGMENT(.CONTINUOUS.,.T.,#2055);
#2057=IFCCARTESIANPOINT((232.6680789589833,-140.88235918018106));
#2058=IFCCARTESIANPOINT((39.964272761986287,35.209998895111404));
#2059=IFCPOLYLINE((#2057,#2058));
#2060=IFCCOMPOSITECURVESEGMENT(.CONTINUOUS.,.T.,#2059);
#2061=IFCCARTESIANPOINT((21.029367692864085,53.749669065399708));
#2062=IFCDIRECTION((-0.99940568882096803,-0.034471280108032805));
#2063=IFCAXIS2PLACEMENT2D(#2061,#2062);
#2064=IFCCIRCLE(#2063,26.499999999995342);
#2065=IFCTRIMMEDCURVE(#2064,(IFCPARAMETERVALUE(4.5799987413074687E-013)),(IFCPARAMETERVALUE(133.62881151568484)),.T.,.PARAMETER.);
#2066=IFCCOMPOSITECURVESEGMENT(.CONTINUOUS.,.F.,#2065);
#2067=IFCCARTESIANPOINT((-5.4548830608865009,52.8361801425362));
#2068=IFCCARTESIANPOINT((-267.17746866008196,52.836180142536243));
#2069=IFCPOLYLINE((#2067,#2068));
#2070=IFCCOMPOSITECURVESEGMENT(.CONTINUOUS.,.T.,#2069);
#2071=IFCCOMPOSITECURVE((#2056,#2060,#2066,#2070),.F.);
#2072=IFCARBITRARYCLOSEDPROFILEDEF(.AREA.,'Gray Tile',#2071);
#2073=IFCCARTESIANPOINT((6702.8767519905396,8323.3796698761362,808.11003283937328));
#2074=IFCDIRECTION((0.93242362170359316,-0.36136711207462496,-0.));
#2075=IFCAXIS2PLACEMENT3D(#2073,#1605,#2074);
#2076=IFCEXTRUDEDAREASOLID(#2072,#2075,#1605,6.999999999999762);
#2077=IFCSTYLEDITEM(#2076,(#1638),$);
#2078=IFCSHAPEREPRESENTATION(#16,'Body','SweptSolid',(#2076));
#2079=IFCAXIS2PLACEMENT3D(#11,$,$);
#2080=IFCREPRESENTATIONMAP(#2079,#2078);
#2081=IFCBUILDINGELEMENTPROXYTYPE('05wfFLeuPBEv3bvVNYYoqe',#6,'Gray Tile8:Gray Tile',$,$,$,(#2080),'473912',$,.NOTDEFINED.);
#2082=IFCMAPPEDITEM(#2080,#195);
#2083=IFCSHAPEREPRESENTATION(#16,'Body','MappedRepresentation',(#2082));
#2084=IFCPRODUCTDEFINITIONSHAPE($,$,(#2083));
#2085=IFCAXIS2PLACEMENT3D(#11,$,$);
#2086=IFCLOCALPLACEMENT(#25,#2085);
#2087=IFCBUILDINGELEMENTPROXY('05wfFLeuPBEv3bvVNYYoqg',#6,'Gray Tile8:Gray Tile:473914',$,$,#2086,#2084,'473914',$);
#2088=IFCPROPERTYSET('1t5hJU$0cLRiDb0uyMXqEx',#6,'Pset_BuildingElementProxyCommon',$,(#1865));
#2089=IFCPROPERTYSET('3sgl_ejwwYg8CTJHrMo344',#6,'Pset_QuantityTakeOff',$,(#1865));
#2090=IFCRELDEFINESBYPROPERTIES('014KBeJeIWOlt1GP2bZf3Z',#6,$,$,(#2087),#2088);
#2091=IFCRELDEFINESBYPROPERTIES('0SI9U7$hbH6x_IWI1od8Yi',#6,$,$,(#2087),#2089);
#2092=IFCCARTESIANPOINT((-29.585736257109225,-78.77125413599299));
#2093=IFCCARTESIANPOINT((265.94875931923741,-90.192141200180345));
#2094=IFCPOLYLINE((#2092,#2093));
#2095=IFCCOMPOSITECURVESEGMENT(.CONTINUOUS.,.T.,#2094);
#2096=IFCCARTESIANPOINT((265.94875931923787,-90.192141200181439));
#2097=IFCCARTESIANPOINT((-171.67525985180617,222.67255258058208));
#2098=IFCPOLYLINE((#2096,#2097));
#2099=IFCCOMPOSITECURVESEGMENT(.CONTINUOUS.,.T.,#2098);
#2100=IFCCARTESIANPOINT((-171.67525985180623,222.67255258058196));
#2101=IFCCARTESIANPOINT((-64.687763210321748,-53.709157244411621));
#2102=IFCPOLYLINE((#2100,#2101));
#2103=IFCCOMPOSITECURVESEGMENT(.CONTINUOUS.,.T.,#2102);
#2104=IFCCARTESIANPOINT((-56.083650456006097,-78.77125413599407));
#2105=IFCAXIS2PLACEMENT2D(#2104,#171);
#2106=IFCCIRCLE(#2105,26.49791419889646);
#2107=IFCTRIMMEDCURVE(#2106,(IFCPARAMETERVALUE(1.0177774980683264E-012)),(IFCPARAMETERVALUE(108.94794928320316)),.T.,.PARAMETER.);
#2108=IFCCOMPOSITECURVESEGMENT(.CONTINUOUS.,.F.,#2107);
#2109=IFCCOMPOSITECURVE((#2095,#2099,#2103,#2108),.F.);
#2110=IFCARBITRARYCLOSEDPROFILEDEF(.AREA.,'Gray Tile',#2109);
#2111=IFCCARTESIANPOINT((6702.8735628584873,8168.9626019970947,808.11003283937328));
#2112=IFCDIRECTION((0.81349064547092409,-0.58157799969677282,0.));
#2113=IFCAXIS2PLACEMENT3D(#2111,#1605,#2112);
#2114=IFCEXTRUDEDAREASOLID(#2110,#2113,#1605,7.0000000000000284);
#2115=IFCSTYLEDITEM(#2114,(#1638),$);
#2116=IFCSHAPEREPRESENTATION(#16,'Body','SweptSolid',(#2114));
#2117=IFCAXIS2PLACEMENT3D(#11,$,$);
#2118=IFCREPRESENTATIONMAP(#2117,#2116);
#2119=IFCBUILDINGELEMENTPROXYTYPE('05wfFLeuPBEv3bvVNYYosl',#6,'Gray Tile9:Gray Tile',$,$,$,(#2118),'474047',$,.NOTDEFINED.);
#2120=IFCMAPPEDITEM(#2118,#195);
#2121=IFCSHAPEREPRESENTATION(#16,'Body','MappedRepresentation',(#2120));
#2122=IFCPRODUCTDEFINITIONSHAPE($,$,(#2121));
#2123=IFCAXIS2PLACEMENT3D(#11,$,$);
#2124=IFCLOCALPLACEMENT(#25,#2123);
#2125=IFCBUILDINGELEMENTPROXY('05wfFLeuPBEv3bvVNYYotH',#6,'Gray Tile9:Gray Tile:474049',$,$,#2124,#2122,'474049',$);
#2126=IFCPROPERTYSET('3p4VxGb7_IHZ10g6YGer3a',#6,'Pset_BuildingElementProxyCommon',$,(#1865));
#2127=IFCPROPERTYSET('2P7_exoH6FPpatT8W0uEfJ',#6,'Pset_QuantityTakeOff',$,(#1865));
#2128=IFCRELDEFINESBYPROPERTIES('2yR0SHBecQ9nuRLpBSPKIx',#6,$,$,(#2125),#2126);
#2129=IFCRELDEFINESBYPROPERTIES('1SZT4L25P8J3JwELeGR9Zh',#6,$,$,(#2125),#2127);
#2130=IFCCARTESIANPOINT((-123.43716267535787,-123.64939549261339));
#2131=IFCCARTESIANPOINT((157.2943103097866,-123.64939549261338));
#2132=IFCPOLYLINE((#2130,#2131));
#2133=IFCCOMPOSITECURVESEGMENT(.CONTINUOUS.,.T.,#2132);
#2134=IFCCARTESIANPOINT((157.29431030978557,-123.64939549261339));
#2135=IFCCARTESIANPOINT((-5.7763257014428948,124.85518211365536));
#2136=IFCPOLYLINE((#2134,#2135));
#2137=IFCCOMPOSITECURVESEGMENT(.CONTINUOUS.,.T.,#2136);
#2138=IFCCARTESIANPOINT((-19.507596585300657,147.50262234388373));
#2139=IFCDIRECTION((0.51845495402044228,-0.85510494130934667));
#2140=IFCAXIS2PLACEMENT2D(#2138,#2139);
#2141=IFCCIRCLE(#2140,26.48498346360978);
#2142=IFCTRIMMEDCURVE(#2141,(IFCPARAMETERVALUE(309.88441393403826)),(IFCPARAMETERVALUE(1.4757773721990732E-012)),.T.,.PARAMETER.);
#2143=IFCCOMPOSITECURVESEGMENT(.CONTINUOUS.,.F.,#2142);
#2144=IFCCARTESIANPOINT((-28.080821932985724,122.44360887157221));
#2145=IFCCARTESIANPOINT((-123.43716267535787,-123.64939549261339));
#2146=IFCPOLYLINE((#2144,#2145));
#2147=IFCCOMPOSITECURVESEGMENT(.CONTINUOUS.,.T.,#2146);
#2148=IFCCOMPOSITECURVE((#2133,#2137,#2143,#2147),.F.);
#2149=IFCARBITRARYCLOSEDPROFILEDEF(.AREA.,'Gray Tile',#2148);
#2150=IFCCARTESIANPOINT((6555.5425664983459,8246.1535085356827,808.11003283937328));
#2151=IFCAXIS2PLACEMENT3D(#2150,#35,#36);
#2152=IFCEXTRUDEDAREASOLID(#2149,#2151,#35,6.9999999999998979);
#2153=IFCSTYLEDITEM(#2152,(#1638),$);
#2154=IFCSHAPEREPRESENTATION(#16,'Body','SweptSolid',(#2152));
#2155=IFCAXIS2PLACEMENT3D(#11,$,$);
#2156=IFCREPRESENTATIONMAP(#2155,#2154);
#2157=IFCBUILDINGELEMENTPROXYTYPE('05wfFLeuPBEv3bvVNYYotk',#6,'Gray Tile10:Gray Tile',$,$,$,(#2156),'474110',$,.NOTDEFINED.);
#2158=IFCMAPPEDITEM(#2156,#195);
#2159=IFCSHAPEREPRESENTATION(#16,'Body','MappedRepresentation',(#2158));
#2160=IFCPRODUCTDEFINITIONSHAPE($,$,(#2159));
#2161=IFCAXIS2PLACEMENT3D(#11,$,$);
#2162=IFCLOCALPLACEMENT(#25,#2161);
#2163=IFCBUILDINGELEMENTPROXY('05wfFLeuPBEv3bvVNYYoeG',#6,'Gray Tile10:Gray Tile:474112',$,$,#2162,#2160,'474112',$);
#2164=IFCPROPERTYSET('2QgbO52ucGfda89qAB3AI3',#6,'Pset_BuildingElementProxyCommon',$,(#1865));
#2165=IFCPROPERTYSET('2eXMPzVagQ3yQWmundR23Z',#6,'Pset_QuantityTakeOff',$,(#1865));
#2166=IFCRELDEFINESBYPROPERTIES('0dSk_jHFJatFecOwosWMpN',#6,$,$,(#2163),#2164);
#2167=IFCRELDEFINESBYPROPERTIES('3mLKFbDJac0F0x1tUjcnJb',#6,$,$,(#2163),#2165);
#2168=IFCCARTESIANPOINT((-157.2921235731836,-123.28723020259689));
#2169=IFCCARTESIANPOINT((123.43798491954792,-123.28723020259689));
#2170=IFCPOLYLINE((#2168,#2169));
#2171=IFCCOMPOSITECURVESEGMENT(.CONTINUOUS.,.T.,#2170);
#2172=IFCCARTESIANPOINT((123.4379849195479,-123.28723020259687));
#2173=IFCCARTESIANPOINT((28.104744439461221,122.07679571519709));
#2174=IFCPOLYLINE((#2172,#2173));
#2175=IFCCOMPOSITECURVESEGMENT(.CONTINUOUS.,.T.,#2174);
#2176=IFCCARTESIANPOINT((19.510582992542663,147.14451178634914));
#2177=IFCDIRECTION((0.32430797912912523,-0.94595154985505625));
#2178=IFCAXIS2PLACEMENT2D(#2176,#2177);
#2179=IFCCIRCLE(#2178,26.499999999992923);
#2180=IFCTRIMMEDCURVE(#2179,(IFCPARAMETERVALUE(309.79169790404609)),(IFCPARAMETERVALUE(0.)),.T.,.PARAMETER.);
#2181=IFCCOMPOSITECURVESEGMENT(.CONTINUOUS.,.F.,#2180);
#2182=IFCCARTESIANPOINT((5.7493942141754397,124.49766468999229));
#2183=IFCCARTESIANPOINT((-157.2921235731836,-123.28723020259689));
#2184=IFCPOLYLINE((#2182,#2183));
#2185=IFCCOMPOSITECURVESEGMENT(.CONTINUOUS.,.T.,#2184);
#2186=IFCCOMPOSITECURVE((#2171,#2175,#2181,#2185),.F.);
#2187=IFCARBITRARYCLOSEDPROFILEDEF(.AREA.,'Gray Tile',#2186);
#2188=IFCCARTESIANPOINT((6850.2061802780891,8246.1523039163221,808.11003283937328));
#2189=IFCAXIS2PLACEMENT3D(#2188,#35,#1606);
#2190=IFCEXTRUDEDAREASOLID(#2187,#2189,#35,6.9999999999998979);
#2191=IFCSTYLEDITEM(#2190,(#1638),$);
#2192=IFCSHAPEREPRESENTATION(#16,'Body','SweptSolid',(#2190));
#2193=IFCAXIS2PLACEMENT3D(#11,$,$);
#2194=IFCREPRESENTATIONMAP(#2193,#2192);
#2195=IFCBUILDINGELEMENTPROXYTYPE('05wfFLeuPBEv3bvVNYYofG',#6,'Gray Tile11:Gray Tile',$,$,$,(#2194),'474176',$,.NOTDEFINED.);
#2196=IFCMAPPEDITEM(#2194,#195);
#2197=IFCSHAPEREPRESENTATION(#16,'Body','MappedRepresentation',(#2196));
#2198=IFCPRODUCTDEFINITIONSHAPE($,$,(#2197));
#2199=IFCAXIS2PLACEMENT3D(#11,$,$);
#2200=IFCLOCALPLACEMENT(#25,#2199);
#2201=IFCBUILDINGELEMENTPROXY('05wfFLeuPBEv3bvVNYYofI',#6,'Gray Tile11:Gray Tile:474178',$,$,#2200,#2198,'474178',$);
#2202=IFCPROPERTYSET('1khHtoFwj4ZsqWQbOtB8r3',#6,'Pset_BuildingElementProxyCommon',$,(#1865));
#2203=IFCPROPERTYSET('0EEZLYmYOVD116YMv$QJRK',#6,'Pset_QuantityTakeOff',$,(#1865));
#2204=IFCRELDEFINESBYPROPERTIES('20mh4eYK5gWqc6VCPyjvmT',#6,$,$,(#2201),#2202);
#2205=IFCRELDEFINESBYPROPERTIES('2LPcFZozqV05JdV9WmAI0N',#6,$,$,(#2201),#2203);
#2206=IFCCARTESIANPOINT((0.,0.));
#2207=IFCAXIS2PLACEMENT2D(#2206,#171);
#2208=IFCCIRCLEPROFILEDEF(.AREA.,'Gray Tile',#2207,17.0000000000048);
#2209=IFCCARTESIANPOINT((6702.4301659776693,8445.6626561260346,808.11003283937305));
#2210=IFCAXIS2PLACEMENT3D(#2209,#35,#36);
#2211=IFCEXTRUDEDAREASOLID(#2208,#2210,#35,7.0000000000000329);
#2212=IFCSTYLEDITEM(#2211,(#1754),$);
#2213=IFCSHAPEREPRESENTATION(#16,'Body','SweptSolid',(#2211));
#2214=IFCAXIS2PLACEMENT3D(#11,$,$);
#2215=IFCREPRESENTATIONMAP(#2214,#2213);
#2216=IFCBUILDINGELEMENTPROXYTYPE('05wfFLeuPBEv3bvVNYYoiF',#6,'Gray Tile12:Gray Tile',$,$,$,(#2215),'474399',$,.NOTDEFINED.);
#2217=IFCMAPPEDITEM(#2215,#195);
#2218=IFCSHAPEREPRESENTATION(#16,'Body','MappedRepresentation',(#2217));
#2219=IFCPRODUCTDEFINITIONSHAPE($,$,(#2218));
#2220=IFCAXIS2PLACEMENT3D(#11,$,$);
#2221=IFCLOCALPLACEMENT(#25,#2220);
#2222=IFCBUILDINGELEMENTPROXY('05wfFLeuPBEv3bvVNYYoin',#6,'Gray Tile12:Gray Tile:474401',$,$,#2221,#2219,'474401',$);
#2223=IFCPROPERTYSET('19tod0oqSfCfLH_95XuT9_',#6,'Pset_BuildingElementProxyCommon',$,(#1865));
#2224=IFCPROPERTYSET('38gG0G6ElYlF2P7crKmbAt',#6,'Pset_QuantityTakeOff',$,(#1865));
#2225=IFCRELDEFINESBYPROPERTIES('1_LDJynZz8to9EBbhllzun',#6,$,$,(#2222),#2223);
#2226=IFCRELDEFINESBYPROPERTIES('3zhe2LxFfswcDemtVbD0$k',#6,$,$,(#2222),#2224);
#2227=IFCCARTESIANPOINT((0.,0.));
#2228=IFCAXIS2PLACEMENT2D(#2227,#171);
#2229=IFCCIRCLEPROFILEDEF(.AREA.,'Gray Tile',#2228,24.499999999994429);
#2230=IFCCARTESIANPOINT((6703.061668491724,8265.6628869088836,808.11003283937328));
#2231=IFCAXIS2PLACEMENT3D(#2230,#35,#36);
#2232=IFCEXTRUDEDAREASOLID(#2229,#2231,#35,6.999999999999762);
#2233=IFCSTYLEDITEM(#2232,(#1754),$);
#2234=IFCSHAPEREPRESENTATION(#16,'Body','SweptSolid',(#2232));
#2235=IFCAXIS2PLACEMENT3D(#11,$,$);
#2236=IFCREPRESENTATIONMAP(#2235,#2234);
#2237=IFCBUILDINGELEMENTPROXYTYPE('05wfFLeuPBEv3bvVNYYoj6',#6,'Gray Tile13:Gray Tile',$,$,$,(#2236),'474454',$,.NOTDEFINED.);
#2238=IFCMAPPEDITEM(#2236,#195);
#2239=IFCSHAPEREPRESENTATION(#16,'Body','MappedRepresentation',(#2238));
#2240=IFCPRODUCTDEFINITIONSHAPE($,$,(#2239));
#2241=IFCAXIS2PLACEMENT3D(#11,$,$);
#2242=IFCLOCALPLACEMENT(#25,#2241);
#2243=IFCBUILDINGELEMENTPROXY('05wfFLeuPBEv3bvVNYYoj8',#6,'Gray Tile13:Gray Tile:474456',$,$,#2242,#2240,'474456',$);
#2244=IFCPROPERTYSET('1nzS1BFv0dkO$uIXHAUybi',#6,'Pset_BuildingElementProxyCommon',$,(#1865));
#2245=IFCPROPERTYSET('08IePbfmKgaPaZEgviUGiw',#6,'Pset_QuantityTakeOff',$,(#1865));
#2246=IFCRELDEFINESBYPROPERTIES('2E4QbXcPRK3qObeJRhbg5D',#6,$,$,(#2243),#2244);
#2247=IFCRELDEFINESBYPROPERTIES('3pySzGOOhIg734JhRW1bJB',#6,$,$,(#2243),#2245);
#2248=IFCCARTESIANPOINT((-48.691072851395788,-334.25646527302069));
#2249=IFCCARTESIANPOINT((60.30892714860542,-334.25646527302069));
#2250=IFCCARTESIANPOINT((60.30892714860542,164.10323293237442));
#2251=IFCCARTESIANPOINT((-23.235708594417094,252.20484880683364));
#2252=IFCCARTESIANPOINT((-48.691072851395788,252.20484880683338));
#2253=IFCPOLYLINE((#2248,#2249,#2250,#2251,#2252,#2248));
#2254=IFCARBITRARYCLOSEDPROFILEDEF(.AREA.,'Tile Red',#2253);
#2255=IFCCARTESIANPOINT((7078.4931710057381,8033.301639655846,340.60518403253042));
#2256=IFCAXIS2PLACEMENT3D(#2255,#1482,#1606);
#2257=IFCEXTRUDEDAREASOLID(#2254,#2256,#35,8.0000000000003464);
#2258=IFCSTYLEDITEM(#2257,(#1638),$);
#2259=IFCSHAPEREPRESENTATION(#16,'Body','SweptSolid',(#2257));
#2260=IFCAXIS2PLACEMENT3D(#11,$,$);
#2261=IFCREPRESENTATIONMAP(#2260,#2259);
#2262=IFCBUILDINGELEMENTPROXYTYPE('05wfFLeuPBEv3bvVNYYrSB',#6,'Tile Red21:Tile Red',$,$,$,(#2261),'475419',$,.NOTDEFINED.);
#2263=IFCMAPPEDITEM(#2261,#195);
#2264=IFCSHAPEREPRESENTATION(#16,'Body','MappedRepresentation',(#2263));
#2265=IFCPRODUCTDEFINITIONSHAPE($,$,(#2264));
#2266=IFCAXIS2PLACEMENT3D(#11,$,$);
#2267=IFCLOCALPLACEMENT(#25,#2266);
#2268=IFCBUILDINGELEMENTPROXY('05wfFLeuPBEv3bvVNYYrSD',#6,'Tile Red21:Tile Red:475421',$,$,#2267,#2265,'475421',$);
#2269=IFCPROPERTYSET('2sVlecZlZx2SoqE0SG8vV7',#6,'Pset_BuildingElementProxyCommon',$,(#763));
#2270=IFCPROPERTYSET('0sncvJEKMJbNtbeWotkws0',#6,'Pset_QuantityTakeOff',$,(#763));
#2271=IFCRELDEFINESBYPROPERTIES('265oJ17TFHN0DTJkyo7a3Q',#6,$,$,(#2268),#2269);
#2272=IFCRELDEFINESBYPROPERTIES('3zYy7hUbmA3GKTqpZ7s6TQ',#6,$,$,(#2268),#2270);
#2273=IFCCARTESIANPOINT((3.5527136788005009E-015,0.));
#2274=IFCAXIS2PLACEMENT2D(#2273,#171);
#2275=IFCRECTANGLEPROFILEDEF(.AREA.,'Tile 100.4x100.4 Blue',#2274,65.599999999999994,100.40000000000001);
#2276=IFCCARTESIANPOINT((-32.799999999993737,-50.200000000008423,-0.));
#2277=IFCAXIS2PLACEMENT3D(#2276,#35,#200);
#2278=IFCEXTRUDEDAREASOLID(#2275,#2277,#35,6.9999999999999973);
#2279=IFCCOLOURRGB($,0.,0.,0.792156862745098);
#2280=IFCSURFACESTYLERENDERING(#2279,0.,$,$,$,$,IFCNORMALISEDRATIOMEASURE(0.5),IFCSPECULAREXPONENT(64.),.NOTDEFINED.);
#2281=IFCSURFACESTYLE('Tile Blue',.BOTH.,(#2280));
#2282=IFCPRESENTATIONSTYLEASSIGNMENT((#2281));
#2283=IFCSTYLEDITEM(#2278,(#2282),$);
#2284=IFCSHAPEREPRESENTATION(#16,'Body','SweptSolid',(#2278));
#2285=IFCAXIS2PLACEMENT3D(#11,$,$);
#2286=IFCREPRESENTATIONMAP(#2285,#2284);
#2287=IFCBUILDINGELEMENTPROXYTYPE('37d3LVb_fA4QWxYfi$tEz6',#6,'Tile:Tile 100.4x100.4 Blue',$,$,$,(#2286),'445708',$,.NOTDEFINED.);
#2288=IFCMATERIAL('Tile Blue');
#2289=IFCPRESENTATIONSTYLEASSIGNMENT((#2281));
#2290=IFCSTYLEDITEM($,(#2289),$);
#2291=IFCSTYLEDREPRESENTATION(#14,'Style','Material',(#2290));
#2292=IFCMATERIALDEFINITIONREPRESENTATION($,$,(#2291),#2288);
#2293=IFCMAPPEDITEM(#2286,#195);
#2294=IFCSHAPEREPRESENTATION(#16,'Body','MappedRepresentation',(#2293));
#2295=IFCPRODUCTDEFINITIONSHAPE($,$,(#2294));
#2296=IFCCARTESIANPOINT((6329.8931710057595,8101.6079210224925,402.71125530553684));
#2297=IFCAXIS2PLACEMENT3D(#2296,#36,#200);
#2298=IFCLOCALPLACEMENT(#25,#2297);
#2299=IFCBUILDINGELEMENTPROXY('1kkNhPW5XF4BusAPV6zOmy',#6,'Tile:Tile 100.4x100.4 Blue:482257',$,$,#2298,#2295,'482257',$);
#2300=IFCPROPERTYSINGLEVALUE('Reference',$,IFCIDENTIFIER('Tile 100.4x100.4 Blue'),$);
#2301=IFCPROPERTYSET('2QkRhzP4AVzXiYcGnmHYqA',#6,'Pset_BuildingElementProxyCommon',$,(#2300));
#2302=IFCPROPERTYSET('1ANtUUUjeSqn7Fu_w5sYTY',#6,'Pset_QuantityTakeOff',$,(#2300));
#2303=IFCRELDEFINESBYPROPERTIES('2wdkGhEcVhS_SSBxTBS4RX',#6,$,$,(#2299),#2301);
#2304=IFCRELDEFINESBYPROPERTIES('356S06GMywZdU3_FtOjXq2',#6,$,$,(#2299),#2302);
#2305=IFCCARTESIANPOINT((0.,0.));
#2306=IFCAXIS2PLACEMENT2D(#2305,#171);
#2307=IFCRECTANGLEPROFILEDEF(.AREA.,'Tile 100.4x100.4 Blue',#2306,100.40000000000001,100.40000000000001);
#2308=IFCCARTESIANPOINT((-50.199999999993743,-50.200000000008423,-0.));
#2309=IFCAXIS2PLACEMENT3D(#2308,#35,#36);
#2310=IFCEXTRUDEDAREASOLID(#2307,#2309,#35,6.9999999999999973);
#2311=IFCSTYLEDITEM(#2310,(#2282),$);
#2312=IFCSHAPEREPRESENTATION(#16,'Body','SweptSolid',(#2310));
#2313=IFCAXIS2PLACEMENT3D(#11,$,$);
#2314=IFCREPRESENTATIONMAP(#2313,#2312);
#2315=IFCBUILDINGELEMENTPROXYTYPE('37d3LVb_fA4QWxYfi$tEyA',#6,'Tile:Tile 100.4x100.4 Blue',$,$,$,(#2314),'445708',$,.NOTDEFINED.);
#2316=IFCMAPPEDITEM(#2314,#195);
#2317=IFCSHAPEREPRESENTATION(#16,'Body','MappedRepresentation',(#2316));
#2318=IFCPRODUCTDEFINITIONSHAPE($,$,(#2317));
#2319=IFCCARTESIANPOINT((6397.493171005759,8101.6079210224925,402.71125530553667));
#2320=IFCAXIS2PLACEMENT3D(#2319,#36,#200);
#2321=IFCLOCALPLACEMENT(#25,#2320);
#2322=IFCBUILDINGELEMENTPROXY('1kkNhPW5XF4BusAPV6zOm$',#6,'Tile:Tile 100.4x100.4 Blue:482258',$,$,#2321,#2318,'482258',$);
#2323=IFCPROPERTYSET('0$4BcotwnedNTJltZcYKXs',#6,'Pset_BuildingElementProxyCommon',$,(#2300));
#2324=IFCPROPERTYSET('0dkCtRqMXVbvBcRHHdxra7',#6,'Pset_QuantityTakeOff',$,(#2300));
#2325=IFCRELDEFINESBYPROPERTIES('1PhAZcSAB7Oorr$CtftC3T',#6,$,$,(#2322),#2323);
#2326=IFCRELDEFINESBYPROPERTIES('2cy1Uk9$dojPxBxeDCfrJh',#6,$,$,(#2322),#2324);
#2327=IFCMAPPEDITEM(#2314,#195);
#2328=IFCSHAPEREPRESENTATION(#16,'Body','MappedRepresentation',(#2327));
#2329=IFCPRODUCTDEFINITIONSHAPE($,$,(#2328));
#2330=IFCCARTESIANPOINT((6499.8931710057586,8101.6079210224925,402.71125530553627));
#2331=IFCAXIS2PLACEMENT3D(#2330,#36,#200);
#2332=IFCLOCALPLACEMENT(#25,#2331);
#2333=IFCBUILDINGELEMENTPROXY('1kkNhPW5XF4BusAPV6zOm_',#6,'Tile:Tile 100.4x100.4 Blue:482259',$,$,#2332,#2329,'482259',$);
#2334=IFCPROPERTYSET('3zSM9u6fMmM1I7i2P9GIpT',#6,'Pset_BuildingElementProxyCommon',$,(#2300));
#2335=IFCPROPERTYSET('3ywpwyrn6mldSSSzTvBJH1',#6,'Pset_QuantityTakeOff',$,(#2300));
#2336=IFCRELDEFINESBYPROPERTIES('1Yt96fvLZAzlh$lDl8JLY3',#6,$,$,(#2333),#2334);
#2337=IFCRELDEFINESBYPROPERTIES('3PtK80lGn3St6IkZGkgVB5',#6,$,$,(#2333),#2335);
#2338=IFCMAPPEDITEM(#2314,#195);
#2339=IFCSHAPEREPRESENTATION(#16,'Body','MappedRepresentation',(#2338));
#2340=IFCPRODUCTDEFINITIONSHAPE($,$,(#2339));
#2341=IFCCARTESIANPOINT((6602.2931710057583,8101.6079210224925,402.71125530553667));
#2342=IFCAXIS2PLACEMENT3D(#2341,#36,#200);
#2343=IFCLOCALPLACEMENT(#25,#2342);
#2344=IFCBUILDINGELEMENTPROXY('1kkNhPW5XF4BusAPV6zOmv',#6,'Tile:Tile 100.4x100.4 Blue:482260',$,$,#2343,#2340,'482260',$);
#2345=IFCPROPERTYSET('0F_C9TjeLH786qBr_GZzdB',#6,'Pset_BuildingElementProxyCommon',$,(#2300));
#2346=IFCPROPERTYSET('1pw_prMgXhsH$UQAUarAKe',#6,'Pset_QuantityTakeOff',$,(#2300));
#2347=IFCRELDEFINESBYPROPERTIES('1L0JAzeZ4BCYacMP8rGCSy',#6,$,$,(#2344),#2345);
#2348=IFCRELDEFINESBYPROPERTIES('03m7rDPRkez7bLY8id3qiX',#6,$,$,(#2344),#2346);
#2349=IFCMAPPEDITEM(#2314,#195);
#2350=IFCSHAPEREPRESENTATION(#16,'Body','MappedRepresentation',(#2349));
#2351=IFCPRODUCTDEFINITIONSHAPE($,$,(#2350));
#2352=IFCCARTESIANPOINT((6704.693171005757,8101.6079210224925,402.71125530553667));
#2353=IFCAXIS2PLACEMENT3D(#2352,#36,#200);
#2354=IFCLOCALPLACEMENT(#25,#2353);
#2355=IFCBUILDINGELEMENTPROXY('1kkNhPW5XF4BusAPV6zOmu',#6,'Tile:Tile 100.4x100.4 Blue:482261',$,$,#2354,#2351,'482261',$);
#2356=IFCPROPERTYSET('2h9_blqUKqnjjGDoP3f9RO',#6,'Pset_BuildingElementProxyCommon',$,(#2300));
#2357=IFCPROPERTYSET('3$KVX9iKqggOqswW4aGCUX',#6,'Pset_QuantityTakeOff',$,(#2300));
#2358=IFCRELDEFINESBYPROPERTIES('3FkIG7G5KUhsCADj5F_zt4',#6,$,$,(#2355),#2356);
#2359=IFCRELDEFINESBYPROPERTIES('37Brqx5o7dWeoAqyACpugd',#6,$,$,(#2355),#2357);
#2360=IFCMAPPEDITEM(#2314,#195);
#2361=IFCSHAPEREPRESENTATION(#16,'Body','MappedRepresentation',(#2360));
#2362=IFCPRODUCTDEFINITIONSHAPE($,$,(#2361));
#2363=IFCCARTESIANPOINT((6807.0931710057566,8101.6079210224925,402.71125530553667));
#2364=IFCAXIS2PLACEMENT3D(#2363,#36,#200);
#2365=IFCLOCALPLACEMENT(#25,#2364);
#2366=IFCBUILDINGELEMENTPROXY('1kkNhPW5XF4BusAPV6zOmx',#6,'Tile:Tile 100.4x100.4 Blue:482262',$,$,#2365,#2362,'482262',$);
#2367=IFCPROPERTYSET('2HqXIb3m4uEc49XrYYR66x',#6,'Pset_BuildingElementProxyCommon',$,(#2300));
#2368=IFCPROPERTYSET('0ueHneVabfATebG0vS5yxR',#6,'Pset_QuantityTakeOff',$,(#2300));
#2369=IFCRELDEFINESBYPROPERTIES('2LTAOr5J3rG5rsyc5MF69i',#6,$,$,(#2366),#2367);
#2370=IFCRELDEFINESBYPROPERTIES('2XGB71Pto0X6jXxKgDoEsR',#6,$,$,(#2366),#2368);
#2371=IFCMAPPEDITEM(#2314,#195);
#2372=IFCSHAPEREPRESENTATION(#16,'Body','MappedRepresentation',(#2371));
#2373=IFCPRODUCTDEFINITIONSHAPE($,$,(#2372));
#2374=IFCCARTESIANPOINT((6909.4931710057563,8101.6079210224925,402.71125530553667));
#2375=IFCAXIS2PLACEMENT3D(#2374,#36,#200);
#2376=IFCLOCALPLACEMENT(#25,#2375);
#2377=IFCBUILDINGELEMENTPROXY('1kkNhPW5XF4BusAPV6zOmw',#6,'Tile:Tile 100.4x100.4 Blue:482263',$,$,#2376,#2373,'482263',$);
#2378=IFCPROPERTYSET('1ZrTw_GpQENLxO65v0psAd',#6,'Pset_BuildingElementProxyCommon',$,(#2300));
#2379=IFCPROPERTYSET('0YUn11LfS$FjHUAeAmSc95',#6,'Pset_QuantityTakeOff',$,(#2300));
#2380=IFCRELDEFINESBYPROPERTIES('2aV2mB3WMIFOv6PpvcgSva',#6,$,$,(#2377),#2378);
#2381=IFCRELDEFINESBYPROPERTIES('26R77TrYKv2a1q88j0uIiq',#6,$,$,(#2377),#2379);
#2382=IFCCARTESIANPOINT((0.,0.));
#2383=IFCAXIS2PLACEMENT2D(#2382,#171);
#2384=IFCRECTANGLEPROFILEDEF(.AREA.,'Tile 100.4x100.4 Blue',#2383,66.600000000000009,100.40000000000001);
#2385=IFCCARTESIANPOINT((-33.299999999993744,-50.200000000008423,-0.));
#2386=IFCAXIS2PLACEMENT3D(#2385,#35,#200);
#2387=IFCEXTRUDEDAREASOLID(#2384,#2386,#35,6.9999999999999973);
#2388=IFCSTYLEDITEM(#2387,(#2282),$);
#2389=IFCSHAPEREPRESENTATION(#16,'Body','SweptSolid',(#2387));
#2390=IFCAXIS2PLACEMENT3D(#11,$,$);
#2391=IFCREPRESENTATIONMAP(#2390,#2389);
#2392=IFCBUILDINGELEMENTPROXYTYPE('37d3LVb_fA4QWxYfi$tEw$',#6,'Tile:Tile 100.4x100.4 Blue',$,$,$,(#2391),'445708',$,.NOTDEFINED.);
#2393=IFCMAPPEDITEM(#2391,#195);
#2394=IFCSHAPEREPRESENTATION(#16,'Body','MappedRepresentation',(#2393));
#2395=IFCPRODUCTDEFINITIONSHAPE($,$,(#2394));
#2396=IFCCARTESIANPOINT((7011.8931710057586,8101.6079210224925,402.71125530553462));
#2397=IFCAXIS2PLACEMENT3D(#2396,#36,#200);
#2398=IFCLOCALPLACEMENT(#25,#2397);
#2399=IFCBUILDINGELEMENTPROXY('1kkNhPW5XF4BusAPV6zOmr',#6,'Tile:Tile 100.4x100.4 Blue:482264',$,$,#2398,#2395,'482264',$);
#2400=IFCPROPERTYSET('0aLu4s9NfKdKB6pwjfcN_B',#6,'Pset_BuildingElementProxyCommon',$,(#2300));
#2401=IFCPROPERTYSET('00X99JEE0p1D8L7$U4jAoV',#6,'Pset_QuantityTakeOff',$,(#2300));
#2402=IFCRELDEFINESBYPROPERTIES('1vpqXv5jS6T6x2C8BOehz_',#6,$,$,(#2399),#2400);
#2403=IFCRELDEFINESBYPROPERTIES('1W1RMpb9WVMFevYRm7Ggto',#6,$,$,(#2399),#2401);
#2404=IFCMAPPEDITEM(#2286,#195);
#2405=IFCSHAPEREPRESENTATION(#16,'Body','MappedRepresentation',(#2404));
#2406=IFCPRODUCTDEFINITIONSHAPE($,$,(#2405));
#2407=IFCCARTESIANPOINT((6329.8931710057595,8101.6079210224925,300.31125530553686));
#2408=IFCAXIS2PLACEMENT3D(#2407,#36,#200);
#2409=IFCLOCALPLACEMENT(#25,#2408);
#2410=IFCBUILDINGELEMENTPROXY('1kkNhPW5XF4BusAPV6zOmq',#6,'Tile:Tile 100.4x100.4 Blue:482265',$,$,#2409,#2406,'482265',$);
#2411=IFCPROPERTYSET('30hMR_yyv9$90ruqCRVTpS',#6,'Pset_BuildingElementProxyCommon',$,(#2300));
#2412=IFCPROPERTYSET('0cqlyWqjtCj$efLFh_w9np',#6,'Pset_QuantityTakeOff',$,(#2300));
#2413=IFCRELDEFINESBYPROPERTIES('2CfYc$Tti_lP4ByodH4BOn',#6,$,$,(#2410),#2411);
#2414=IFCRELDEFINESBYPROPERTIES('3xG4HuK$uAfrcbZSLP26A_',#6,$,$,(#2410),#2412);
#2415=IFCMAPPEDITEM(#2314,#195);
#2416=IFCSHAPEREPRESENTATION(#16,'Body','MappedRepresentation',(#2415));
#2417=IFCPRODUCTDEFINITIONSHAPE($,$,(#2416));
#2418=IFCCARTESIANPOINT((6397.493171005759,8101.6079210224925,300.31125530553663));
#2419=IFCAXIS2PLACEMENT3D(#2418,#36,#200);
#2420=IFCLOCALPLACEMENT(#25,#2419);
#2421=IFCBUILDINGELEMENTPROXY('1kkNhPW5XF4BusAPV6zOmt',#6,'Tile:Tile 100.4x100.4 Blue:482266',$,$,#2420,#2417,'482266',$);
#2422=IFCPROPERTYSET('1PfXvc2C6NBJ1WKsuEEwzj',#6,'Pset_BuildingElementProxyCommon',$,(#2300));
#2423=IFCPROPERTYSET('0LEVw06gU0Y7maUjRdj9O1',#6,'Pset_QuantityTakeOff',$,(#2300));
#2424=IFCRELDEFINESBYPROPERTIES('3UqC0ubshbmYrDFL$j9u0h',#6,$,$,(#2421),#2422);
#2425=IFCRELDEFINESBYPROPERTIES('0NGrg54zFI2Zo0v8q$vIsY',#6,$,$,(#2421),#2423);
#2426=IFCMAPPEDITEM(#2314,#195);
#2427=IFCSHAPEREPRESENTATION(#16,'Body','MappedRepresentation',(#2426));
#2428=IFCPRODUCTDEFINITIONSHAPE($,$,(#2427));
#2429=IFCCARTESIANPOINT((6499.8931710057586,8101.6079210224925,300.31125530553629));
#2430=IFCAXIS2PLACEMENT3D(#2429,#36,#200);
#2431=IFCLOCALPLACEMENT(#25,#2430);
#2432=IFCBUILDINGELEMENTPROXY('1kkNhPW5XF4BusAPV6zOms',#6,'Tile:Tile 100.4x100.4 Blue:482267',$,$,#2431,#2428,'482267',$);
#2433=IFCPROPERTYSET('00PgyeRMuNDh$BfI62atD0',#6,'Pset_BuildingElementProxyCommon',$,(#2300));
#2434=IFCPROPERTYSET('1Gog9Z6_SP0m9zwLBBrhuw',#6,'Pset_QuantityTakeOff',$,(#2300));
#2435=IFCRELDEFINESBYPROPERTIES('0RbzSWVqByoSPsi5Zj1zIj',#6,$,$,(#2432),#2433);
#2436=IFCRELDEFINESBYPROPERTIES('2CgNL1ty$7vPN9cHa36Y2N',#6,$,$,(#2432),#2434);
#2437=IFCMAPPEDITEM(#2314,#195);
#2438=IFCSHAPEREPRESENTATION(#16,'Body','MappedRepresentation',(#2437));
#2439=IFCPRODUCTDEFINITIONSHAPE($,$,(#2438));
#2440=IFCCARTESIANPOINT((6602.2931710057583,8101.6079210224925,300.31125530553663));
#2441=IFCAXIS2PLACEMENT3D(#2440,#36,#200);
#2442=IFCLOCALPLACEMENT(#25,#2441);
#2443=IFCBUILDINGELEMENTPROXY('1kkNhPW5XF4BusAPV6zOmn',#6,'Tile:Tile 100.4x100.4 Blue:482268',$,$,#2442,#2439,'482268',$);
#2444=IFCPROPERTYSET('1hw$EItA0vWg6iA8BeFRMQ',#6,'Pset_BuildingElementProxyCommon',$,(#2300));
#2445=IFCPROPERTYSET('2fs96bSyU2S_Tmhh5BP0AE',#6,'Pset_QuantityTakeOff',$,(#2300));
#2446=IFCRELDEFINESBYPROPERTIES('3to4RppWRuejsNZIkTt_PH',#6,$,$,(#2443),#2444);
#2447=IFCRELDEFINESBYPROPERTIES('0tvQL6NLeNNaeYpMlB2qXX',#6,$,$,(#2443),#2445);
#2448=IFCMAPPEDITEM(#2314,#195);
#2449=IFCSHAPEREPRESENTATION(#16,'Body','MappedRepresentation',(#2448));
#2450=IFCPRODUCTDEFINITIONSHAPE($,$,(#2449));
#2451=IFCCARTESIANPOINT((6704.693171005757,8101.6079210224925,300.31125530553663));
#2452=IFCAXIS2PLACEMENT3D(#2451,#36,#200);
#2453=IFCLOCALPLACEMENT(#25,#2452);
#2454=IFCBUILDINGELEMENTPROXY('1kkNhPW5XF4BusAPV6zOmm',#6,'Tile:Tile 100.4x100.4 Blue:482269',$,$,#2453,#2450,'482269',$);
#2455=IFCPROPERTYSET('2qNL3Av8YgAJJ8dBMcaGX5',#6,'Pset_BuildingElementProxyCommon',$,(#2300));
#2456=IFCPROPERTYSET('2axpk00$GxIWShw3QB6jOC',#6,'Pset_QuantityTakeOff',$,(#2300));
#2457=IFCRELDEFINESBYPROPERTIES('0EGl2An37VR7_ILta5L2D7',#6,$,$,(#2454),#2455);
#2458=IFCRELDEFINESBYPROPERTIES('3CMWVVawfqrm04S54vciAr',#6,$,$,(#2454),#2456);
#2459=IFCMAPPEDITEM(#2314,#195);
#2460=IFCSHAPEREPRESENTATION(#16,'Body','MappedRepresentation',(#2459));
#2461=IFCPRODUCTDEFINITIONSHAPE($,$,(#2460));
#2462=IFCCARTESIANPOINT((6807.0931710057566,8101.6079210224925,300.31125530553663));
#2463=IFCAXIS2PLACEMENT3D(#2462,#36,#200);
#2464=IFCLOCALPLACEMENT(#25,#2463);
#2465=IFCBUILDINGELEMENTPROXY('1kkNhPW5XF4BusAPV6zOmp',#6,'Tile:Tile 100.4x100.4 Blue:482270',$,$,#2464,#2461,'482270',$);
#2466=IFCPROPERTYSET('3OZCfZjhaaCARUEGrWPCEl',#6,'Pset_BuildingElementProxyCommon',$,(#2300));
#2467=IFCPROPERTYSET('23nZfTImtkN8lnuX$f1Y0U',#6,'Pset_QuantityTakeOff',$,(#2300));
#2468=IFCRELDEFINESBYPROPERTIES('300ASQaQPGGN6MVu1mtNPV',#6,$,$,(#2465),#2466);
#2469=IFCRELDEFINESBYPROPERTIES('06UuXI$hoFiXow1uFp97VB',#6,$,$,(#2465),#2467);
#2470=IFCMAPPEDITEM(#2314,#195);
#2471=IFCSHAPEREPRESENTATION(#16,'Body','MappedRepresentation',(#2470));
#2472=IFCPRODUCTDEFINITIONSHAPE($,$,(#2471));
#2473=IFCCARTESIANPOINT((6909.4931710057563,8101.6079210224925,300.31125530553663));
#2474=IFCAXIS2PLACEMENT3D(#2473,#36,#200);
#2475=IFCLOCALPLACEMENT(#25,#2474);
#2476=IFCBUILDINGELEMENTPROXY('1kkNhPW5XF4BusAPV6zOmo',#6,'Tile:Tile 100.4x100.4 Blue:482271',$,$,#2475,#2472,'482271',$);
#2477=IFCPROPERTYSET('0WrDMM3kvwGYZ7wFuRvCi5',#6,'Pset_BuildingElementProxyCommon',$,(#2300));
#2478=IFCPROPERTYSET('30aS0CbHLiuQPX1diCUsBc',#6,'Pset_QuantityTakeOff',$,(#2300));
#2479=IFCRELDEFINESBYPROPERTIES('2bq5koqkz_skTZ4kkhNMas',#6,$,$,(#2476),#2477);
#2480=IFCRELDEFINESBYPROPERTIES('2DZGE3Q1xN4FgL0wQqzlCK',#6,$,$,(#2476),#2478);
#2481=IFCMAPPEDITEM(#2391,#195);
#2482=IFCSHAPEREPRESENTATION(#16,'Body','MappedRepresentation',(#2481));
#2483=IFCPRODUCTDEFINITIONSHAPE($,$,(#2482));
#2484=IFCCARTESIANPOINT((7011.8931710057586,8101.6079210224925,300.3112553055347));
#2485=IFCAXIS2PLACEMENT3D(#2484,#36,#200);
#2486=IFCLOCALPLACEMENT(#25,#2485);
#2487=IFCBUILDINGELEMENTPROXY('1kkNhPW5XF4BusAPV6zOmD',#6,'Tile:Tile 100.4x100.4 Blue:482272',$,$,#2486,#2483,'482272',$);
#2488=IFCPROPERTYSET('14PZFIe9xiPvuEUIMlq_XV',#6,'Pset_BuildingElementProxyCommon',$,(#2300));
#2489=IFCPROPERTYSET('0OATTtxPuREhWNAAswDw5R',#6,'Pset_QuantityTakeOff',$,(#2300));
#2490=IFCRELDEFINESBYPROPERTIES('21ePi2msnOpDGeNHcdcls5',#6,$,$,(#2487),#2488);
#2491=IFCRELDEFINESBYPROPERTIES('3eMJgNo9uGzmFb0GeSo074',#6,$,$,(#2487),#2489);
#2492=IFCMAPPEDITEM(#2286,#195);
#2493=IFCSHAPEREPRESENTATION(#16,'Body','MappedRepresentation',(#2492));
#2494=IFCPRODUCTDEFINITIONSHAPE($,$,(#2493));
#2495=IFCCARTESIANPOINT((6329.8931710057595,8101.6079210224925,95.511255305536878));
#2496=IFCAXIS2PLACEMENT3D(#2495,#36,#200);
#2497=IFCLOCALPLACEMENT(#25,#2496);
#2498=IFCBUILDINGELEMENTPROXY('1kkNhPW5XF4BusAPV6zOmC',#6,'Tile:Tile 100.4x100.4 Blue:482273',$,$,#2497,#2494,'482273',$);
#2499=IFCPROPERTYSET('0l5MZ5MufGGB6JU57pJ$D6',#6,'Pset_BuildingElementProxyCommon',$,(#2300));
#2500=IFCPROPERTYSET('14pPQ8JuT9fhJUD_smnaD5',#6,'Pset_QuantityTakeOff',$,(#2300));
#2501=IFCRELDEFINESBYPROPERTIES('11nwCmRPUZKraYCajEgzFf',#6,$,$,(#2498),#2499);
#2502=IFCRELDEFINESBYPROPERTIES('1FS_uRzo8xtW$q0Y7$NiDB',#6,$,$,(#2498),#2500);
#2503=IFCMAPPEDITEM(#2314,#195);
#2504=IFCSHAPEREPRESENTATION(#16,'Body','MappedRepresentation',(#2503));
#2505=IFCPRODUCTDEFINITIONSHAPE($,$,(#2504));
#2506=IFCCARTESIANPOINT((6397.493171005759,8101.6079210224925,95.511255305536665));
#2507=IFCAXIS2PLACEMENT3D(#2506,#36,#200);
#2508=IFCLOCALPLACEMENT(#25,#2507);
#2509=IFCBUILDINGELEMENTPROXY('1kkNhPW5XF4BusAPV6zOmF',#6,'Tile:Tile 100.4x100.4 Blue:482274',$,$,#2508,#2505,'482274',$);
#2510=IFCPROPERTYSET('09e8Dq6JQCNRM15V0ZnMl9',#6,'Pset_BuildingElementProxyCommon',$,(#2300));
#2511=IFCPROPERTYSET('1ayKBvxeA5WHkZIXnZBNHq',#6,'Pset_QuantityTakeOff',$,(#2300));
#2512=IFCRELDEFINESBYPROPERTIES('1tjqTbasLjbY4p_7IAV4ZL',#6,$,$,(#2509),#2510);
#2513=IFCRELDEFINESBYPROPERTIES('2FOMvtsSB6Nino20z$yigB',#6,$,$,(#2509),#2511);
#2514=IFCMAPPEDITEM(#2314,#195);
#2515=IFCSHAPEREPRESENTATION(#16,'Body','MappedRepresentation',(#2514));
#2516=IFCPRODUCTDEFINITIONSHAPE($,$,(#2515));
#2517=IFCCARTESIANPOINT((6499.8931710057586,8101.6079210224925,95.511255305536324));
#2518=IFCAXIS2PLACEMENT3D(#2517,#36,#200);
#2519=IFCLOCALPLACEMENT(#25,#2518);
#2520=IFCBUILDINGELEMENTPROXY('1kkNhPW5XF4BusAPV6zOmE',#6,'Tile:Tile 100.4x100.4 Blue:482275',$,$,#2519,#2516,'482275',$);
#2521=IFCPROPERTYSET('0bS8PcdkwaDpxRD2isOtxz',#6,'Pset_BuildingElementProxyCommon',$,(#2300));
#2522=IFCPROPERTYSET('1JVmhsDRKN9qivTjSXHC0a',#6,'Pset_QuantityTakeOff',$,(#2300));
#2523=IFCRELDEFINESBYPROPERTIES('2oWgWHHbbogS3bEylqlQJW',#6,$,$,(#2520),#2521);
#2524=IFCRELDEFINESBYPROPERTIES('3bWezJsTON2RFxWq3aVyHP',#6,$,$,(#2520),#2522);
#2525=IFCMAPPEDITEM(#2314,#195);
#2526=IFCSHAPEREPRESENTATION(#16,'Body','MappedRepresentation',(#2525));
#2527=IFCPRODUCTDEFINITIONSHAPE($,$,(#2526));
#2528=IFCCARTESIANPOINT((6602.2931710057583,8101.6079210224925,95.511255305536665));
#2529=IFCAXIS2PLACEMENT3D(#2528,#36,#200);
#2530=IFCLOCALPLACEMENT(#25,#2529);
#2531=IFCBUILDINGELEMENTPROXY('1kkNhPW5XF4BusAPV6zOm9',#6,'Tile:Tile 100.4x100.4 Blue:482276',$,$,#2530,#2527,'482276',$);
#2532=IFCPROPERTYSET('3QopBMDmWLXUElxlFkDUcE',#6,'Pset_BuildingElementProxyCommon',$,(#2300));
#2533=IFCPROPERTYSET('0hK3oi$D6g5t23DZBPVCfA',#6,'Pset_QuantityTakeOff',$,(#2300));
#2534=IFCRELDEFINESBYPROPERTIES('0c8r9srOJUiLXsGOWszDEz',#6,$,$,(#2531),#2532);
#2535=IFCRELDEFINESBYPROPERTIES('3OQ5E3XFVepi5f2QE5mQ3U',#6,$,$,(#2531),#2533);
#2536=IFCMAPPEDITEM(#2314,#195);
#2537=IFCSHAPEREPRESENTATION(#16,'Body','MappedRepresentation',(#2536));
#2538=IFCPRODUCTDEFINITIONSHAPE($,$,(#2537));
#2539=IFCCARTESIANPOINT((6704.693171005757,8101.6079210224925,95.511255305536665));
#2540=IFCAXIS2PLACEMENT3D(#2539,#36,#200);
#2541=IFCLOCALPLACEMENT(#25,#2540);
#2542=IFCBUILDINGELEMENTPROXY('1kkNhPW5XF4BusAPV6zOm8',#6,'Tile:Tile 100.4x100.4 Blue:482277',$,$,#2541,#2538,'482277',$);
#2543=IFCPROPERTYSET('1yXV8VR9vy6Y2DZQkXJAvH',#6,'Pset_BuildingElementProxyCommon',$,(#2300));
#2544=IFCPROPERTYSET('3AzTxIxnI5715409wIuGCX',#6,'Pset_QuantityTakeOff',$,(#2300));
#2545=IFCRELDEFINESBYPROPERTIES('1Q4d9gj52fxkIrtPQcf3zy',#6,$,$,(#2542),#2543);
#2546=IFCRELDEFINESBYPROPERTIES('0wvupATB5$D7GfsreCk9l$',#6,$,$,(#2542),#2544);
#2547=IFCMAPPEDITEM(#2314,#195);
#2548=IFCSHAPEREPRESENTATION(#16,'Body','MappedRepresentation',(#2547));
#2549=IFCPRODUCTDEFINITIONSHAPE($,$,(#2548));
#2550=IFCCARTESIANPOINT((6807.0931710057566,8101.6079210224925,95.511255305536665));
#2551=IFCAXIS2PLACEMENT3D(#2550,#36,#200);
#2552=IFCLOCALPLACEMENT(#25,#2551);
#2553=IFCBUILDINGELEMENTPROXY('1kkNhPW5XF4BusAPV6zOmB',#6,'Tile:Tile 100.4x100.4 Blue:482278',$,$,#2552,#2549,'482278',$);
#2554=IFCPROPERTYSET('3vt5OcnOaHQ$gpXZwnHRIu',#6,'Pset_BuildingElementProxyCommon',$,(#2300));
#2555=IFCPROPERTYSET('3T3cmT4RR7yOSFXuAmAfkn',#6,'Pset_QuantityTakeOff',$,(#2300));
#2556=IFCRELDEFINESBYPROPERTIES('22F8GPmotdAERadDLg880P',#6,$,$,(#2553),#2554);
#2557=IFCRELDEFINESBYPROPERTIES('0Efd17YSNzI6jVYvj0aVDF',#6,$,$,(#2553),#2555);
#2558=IFCMAPPEDITEM(#2314,#195);
#2559=IFCSHAPEREPRESENTATION(#16,'Body','MappedRepresentation',(#2558));
#2560=IFCPRODUCTDEFINITIONSHAPE($,$,(#2559));
#2561=IFCCARTESIANPOINT((6909.4931710057563,8101.6079210224925,95.511255305536665));
#2562=IFCAXIS2PLACEMENT3D(#2561,#36,#200);
#2563=IFCLOCALPLACEMENT(#25,#2562);
#2564=IFCBUILDINGELEMENTPROXY('1kkNhPW5XF4BusAPV6zOmA',#6,'Tile:Tile 100.4x100.4 Blue:482279',$,$,#2563,#2560,'482279',$);
#2565=IFCPROPERTYSET('0EYIui9kWHKeTW_l10bNPi',#6,'Pset_BuildingElementProxyCommon',$,(#2300));
#2566=IFCPROPERTYSET('3g51QEup2rQ$DsyxpTvDVD',#6,'Pset_QuantityTakeOff',$,(#2300));
#2567=IFCRELDEFINESBYPROPERTIES('3LEGJbCkhrpsu30VJ7ovNR',#6,$,$,(#2564),#2565);
#2568=IFCRELDEFINESBYPROPERTIES('1Aq8Zt1x9nJ_n7w1XheJJm',#6,$,$,(#2564),#2566);
#2569=IFCMAPPEDITEM(#2391,#195);
#2570=IFCSHAPEREPRESENTATION(#16,'Body','MappedRepresentation',(#2569));
#2571=IFCPRODUCTDEFINITIONSHAPE($,$,(#2570));
#2572=IFCCARTESIANPOINT((7011.8931710057586,8101.6079210224925,95.511255305534704));
#2573=IFCAXIS2PLACEMENT3D(#2572,#36,#200);
#2574=IFCLOCALPLACEMENT(#25,#2573);
#2575=IFCBUILDINGELEMENTPROXY('1kkNhPW5XF4BusAPV6zOm5',#6,'Tile:Tile 100.4x100.4 Blue:482280',$,$,#2574,#2571,'482280',$);
#2576=IFCPROPERTYSET('3bC0fNJz9JIxWDl837d72w',#6,'Pset_BuildingElementProxyCommon',$,(#2300));
#2577=IFCPROPERTYSET('2VzPl9tSOquoIuLY1Q4SAt',#6,'Pset_QuantityTakeOff',$,(#2300));
#2578=IFCRELDEFINESBYPROPERTIES('3qJWlIa4g29vT78jo52dL7',#6,$,$,(#2575),#2576);
#2579=IFCRELDEFINESBYPROPERTIES('2FJ9P31kJuZVis8i3hm6cn',#6,$,$,(#2575),#2577);
#2580=IFCCARTESIANPOINT((3.5527136788005009E-015,0.));
#2581=IFCAXIS2PLACEMENT2D(#2580,#171);
#2582=IFCRECTANGLEPROFILEDEF(.AREA.,'Tile 100.4x100.4 Blue',#2581,65.599999999999994,80.5);
#2583=IFCCARTESIANPOINT((-32.799999999993737,-40.250000000008427,-0.));
#2584=IFCAXIS2PLACEMENT3D(#2583,#35,#200);
#2585=IFCEXTRUDEDAREASOLID(#2582,#2584,#35,6.9999999999999973);
#2586=IFCSTYLEDITEM(#2585,(#2282),$);
#2587=IFCSHAPEREPRESENTATION(#16,'Body','SweptSolid',(#2585));
#2588=IFCAXIS2PLACEMENT3D(#11,$,$);
#2589=IFCREPRESENTATIONMAP(#2588,#2587);
#2590=IFCBUILDINGELEMENTPROXYTYPE('1prwuuYvTDYwb_qq8gB88a',#6,'Tile:Tile 100.4x100.4 Blue',$,$,$,(#2589),'445708',$,.NOTDEFINED.);
#2591=IFCMAPPEDITEM(#2589,#195);
#2592=IFCSHAPEREPRESENTATION(#16,'Body','MappedRepresentation',(#2591));
#2593=IFCPRODUCTDEFINITIONSHAPE($,$,(#2592));
#2594=IFCCARTESIANPOINT((6329.8931710057595,8101.6079210224925,13.011255305536908));
#2595=IFCAXIS2PLACEMENT3D(#2594,#36,#200);
#2596=IFCLOCALPLACEMENT(#25,#2595);
#2597=IFCBUILDINGELEMENTPROXY('1kkNhPW5XF4BusAPV6zOm7',#6,'Tile:Tile 100.4x100.4 Blue:482282',$,$,#2596,#2593,'482282',$);
#2598=IFCPROPERTYSET('2k1KEvci9ok38M1k9R$hE$',#6,'Pset_BuildingElementProxyCommon',$,(#2300));
#2599=IFCPROPERTYSET('1xpavuou2HeDVQIcbFDms1',#6,'Pset_QuantityTakeOff',$,(#2300));
#2600=IFCRELDEFINESBYPROPERTIES('0Q$HZtrfDUB2NAMAIZSvxc',#6,$,$,(#2597),#2598);
#2601=IFCRELDEFINESBYPROPERTIES('1iAm44y7iLBwJHVtPlnPJR',#6,$,$,(#2597),#2599);
#2602=IFCCARTESIANPOINT((0.,0.));
#2603=IFCAXIS2PLACEMENT2D(#2602,#171);
#2604=IFCRECTANGLEPROFILEDEF(.AREA.,'Tile 100.4x100.4 Blue',#2603,80.5,100.40000000000001);
#2605=IFCCARTESIANPOINT((-50.199999999993743,-40.250000000008427,-0.));
#2606=IFCAXIS2PLACEMENT3D(#2605,#35,#36);
#2607=IFCEXTRUDEDAREASOLID(#2604,#2606,#35,6.9999999999999973);
#2608=IFCSTYLEDITEM(#2607,(#2282),$);
#2609=IFCSHAPEREPRESENTATION(#16,'Body','SweptSolid',(#2607));
#2610=IFCAXIS2PLACEMENT3D(#11,$,$);
#2611=IFCREPRESENTATIONMAP(#2610,#2609);
#2612=IFCBUILDINGELEMENTPROXYTYPE('1prwuuYvTDYwb_qq8gB8BY',#6,'Tile:Tile 100.4x100.4 Blue',$,$,$,(#2611),'445708',$,.NOTDEFINED.);
#2613=IFCMAPPEDITEM(#2611,#195);
#2614=IFCSHAPEREPRESENTATION(#16,'Body','MappedRepresentation',(#2613));
#2615=IFCPRODUCTDEFINITIONSHAPE($,$,(#2614));
#2616=IFCCARTESIANPOINT((6397.493171005759,8101.6079210224925,13.011255305536706));
#2617=IFCAXIS2PLACEMENT3D(#2616,#36,#200);
#2618=IFCLOCALPLACEMENT(#25,#2617);
#2619=IFCBUILDINGELEMENTPROXY('1kkNhPW5XF4BusAPV6zOm6',#6,'Tile:Tile 100.4x100.4 Blue:482283',$,$,#2618,#2615,'482283',$);
#2620=IFCPROPERTYSET('3guEXKrulht3ZDlp_GbgxN',#6,'Pset_BuildingElementProxyCommon',$,(#2300));
#2621=IFCPROPERTYSET('03LAYcUMUeDU$sMZbhsnyh',#6,'Pset_QuantityTakeOff',$,(#2300));
#2622=IFCRELDEFINESBYPROPERTIES('0CLMErakipOMim5YBbCw_m',#6,$,$,(#2619),#2620);
#2623=IFCRELDEFINESBYPROPERTIES('1c7SYSsq8Qj727QBfs7_vV',#6,$,$,(#2619),#2621);
#2624=IFCMAPPEDITEM(#2611,#195);
#2625=IFCSHAPEREPRESENTATION(#16,'Body','MappedRepresentation',(#2624));
#2626=IFCPRODUCTDEFINITIONSHAPE($,$,(#2625));
#2627=IFCCARTESIANPOINT((6499.8931710057586,8101.6079210224925,13.011255305536368));
#2628=IFCAXIS2PLACEMENT3D(#2627,#36,#200);
#2629=IFCLOCALPLACEMENT(#25,#2628);
#2630=IFCBUILDINGELEMENTPROXY('1kkNhPW5XF4BusAPV6zOm1',#6,'Tile:Tile 100.4x100.4 Blue:482284',$,$,#2629,#2626,'482284',$);
#2631=IFCPROPERTYSET('3rJE7$_iIZrY$wxW2VT7RX',#6,'Pset_BuildingElementProxyCommon',$,(#2300));
#2632=IFCPROPERTYSET('3GXNmsf03NamisgcW7_9hj',#6,'Pset_QuantityTakeOff',$,(#2300));
#2633=IFCRELDEFINESBYPROPERTIES('3$1w6c51KoA8LWLNSQi0ua',#6,$,$,(#2630),#2631);
#2634=IFCRELDEFINESBYPROPERTIES('1KfRjRBI8ofEMSq8wh$t03',#6,$,$,(#2630),#2632);
#2635=IFCMAPPEDITEM(#2611,#195);
#2636=IFCSHAPEREPRESENTATION(#16,'Body','MappedRepresentation',(#2635));
#2637=IFCPRODUCTDEFINITIONSHAPE($,$,(#2636));
#2638=IFCCARTESIANPOINT((6602.2931710057583,8101.6079210224925,13.011255305536706));
#2639=IFCAXIS2PLACEMENT3D(#2638,#36,#200);
#2640=IFCLOCALPLACEMENT(#25,#2639);
#2641=IFCBUILDINGELEMENTPROXY('1kkNhPW5XF4BusAPV6zOm0',#6,'Tile:Tile 100.4x100.4 Blue:482285',$,$,#2640,#2637,'482285',$);
#2642=IFCPROPERTYSET('3FlBdcUon$kQ6IBebayEXq',#6,'Pset_BuildingElementProxyCommon',$,(#2300));
#2643=IFCPROPERTYSET('1UEXJmEdjJevvL_0tO_zxu',#6,'Pset_QuantityTakeOff',$,(#2300));
#2644=IFCRELDEFINESBYPROPERTIES('1OZ$Hi48EQLFFp$ZIA8nKi',#6,$,$,(#2641),#2642);
#2645=IFCRELDEFINESBYPROPERTIES('1DJqL8TBkb3LFkzEQTTIFC',#6,$,$,(#2641),#2643);
#2646=IFCMAPPEDITEM(#2611,#195);
#2647=IFCSHAPEREPRESENTATION(#16,'Body','MappedRepresentation',(#2646));
#2648=IFCPRODUCTDEFINITIONSHAPE($,$,(#2647));
#2649=IFCCARTESIANPOINT((6704.693171005757,8101.6079210224925,13.011255305536706));
#2650=IFCAXIS2PLACEMENT3D(#2649,#36,#200);
#2651=IFCLOCALPLACEMENT(#25,#2650);
#2652=IFCBUILDINGELEMENTPROXY('1kkNhPW5XF4BusAPV6zOm3',#6,'Tile:Tile 100.4x100.4 Blue:482286',$,$,#2651,#2648,'482286',$);
#2653=IFCPROPERTYSET('1GW9JpA61$QecE0e3ebzTO',#6,'Pset_BuildingElementProxyCommon',$,(#2300));
#2654=IFCPROPERTYSET('1t72Er59RJ1yNvM0vJlyd9',#6,'Pset_QuantityTakeOff',$,(#2300));
#2655=IFCRELDEFINESBYPROPERTIES('0ImzuH5yhovE5bqRYQJlAt',#6,$,$,(#2652),#2653);
#2656=IFCRELDEFINESBYPROPERTIES('2GlBjy$BkgABAzaX3SWem2',#6,$,$,(#2652),#2654);
#2657=IFCMAPPEDITEM(#2611,#195);
#2658=IFCSHAPEREPRESENTATION(#16,'Body','MappedRepresentation',(#2657));
#2659=IFCPRODUCTDEFINITIONSHAPE($,$,(#2658));
#2660=IFCCARTESIANPOINT((6807.0931710057566,8101.6079210224925,13.011255305536706));
#2661=IFCAXIS2PLACEMENT3D(#2660,#36,#200);
#2662=IFCLOCALPLACEMENT(#25,#2661);
#2663=IFCBUILDINGELEMENTPROXY('1kkNhPW5XF4BusAPV6zOm2',#6,'Tile:Tile 100.4x100.4 Blue:482287',$,$,#2662,#2659,'482287',$);
#2664=IFCPROPERTYSET('1gqn_5uqemoFEuTs54LSbv',#6,'Pset_BuildingElementProxyCommon',$,(#2300));
#2665=IFCPROPERTYSET('1nh91GM5KfAFGR42oooog$',#6,'Pset_QuantityTakeOff',$,(#2300));
#2666=IFCRELDEFINESBYPROPERTIES('1G1ZxLI2oancHcP1j7SCDE',#6,$,$,(#2663),#2664);
#2667=IFCRELDEFINESBYPROPERTIES('3j3I_ZhB7jvByPfuk$J75I',#6,$,$,(#2663),#2665);
#2668=IFCMAPPEDITEM(#2611,#195);
#2669=IFCSHAPEREPRESENTATION(#16,'Body','MappedRepresentation',(#2668));
#2670=IFCPRODUCTDEFINITIONSHAPE($,$,(#2669));
#2671=IFCCARTESIANPOINT((6909.4931710057563,8101.6079210224925,13.011255305536706));
#2672=IFCAXIS2PLACEMENT3D(#2671,#36,#200);
#2673=IFCLOCALPLACEMENT(#25,#2672);
#2674=IFCBUILDINGELEMENTPROXY('1kkNhPW5XF4BusAPV6zOmT',#6,'Tile:Tile 100.4x100.4 Blue:482288',$,$,#2673,#2670,'482288',$);
#2675=IFCPROPERTYSET('2_6YMXYNVi8e1umwar_w5F',#6,'Pset_BuildingElementProxyCommon',$,(#2300));
#2676=IFCPROPERTYSET('3Xkt8Jm9TdWXbElk9d1ZDh',#6,'Pset_QuantityTakeOff',$,(#2300));
#2677=IFCRELDEFINESBYPROPERTIES('3HieTigKAN8IFkH6lcAJDs',#6,$,$,(#2674),#2675);
#2678=IFCRELDEFINESBYPROPERTIES('3cGOt8eeDaX4a0zM4slsOp',#6,$,$,(#2674),#2676);
#2679=IFCCARTESIANPOINT((0.,0.));
#2680=IFCAXIS2PLACEMENT2D(#2679,#171);
#2681=IFCRECTANGLEPROFILEDEF(.AREA.,'Tile 100.4x100.4 Blue',#2680,66.600000000000009,80.5);
#2682=IFCCARTESIANPOINT((-33.299999999993744,-40.250000000008427,-0.));
#2683=IFCAXIS2PLACEMENT3D(#2682,#35,#200);
#2684=IFCEXTRUDEDAREASOLID(#2681,#2683,#35,6.9999999999999973);
#2685=IFCSTYLEDITEM(#2684,(#2282),$);
#2686=IFCSHAPEREPRESENTATION(#16,'Body','SweptSolid',(#2684));
#2687=IFCAXIS2PLACEMENT3D(#11,$,$);
#2688=IFCREPRESENTATIONMAP(#2687,#2686);
#2689=IFCBUILDINGELEMENTPROXYTYPE('1prwuuYvTDYwb_qq8gB8BX',#6,'Tile:Tile 100.4x100.4 Blue',$,$,$,(#2688),'445708',$,.NOTDEFINED.);
#2690=IFCMAPPEDITEM(#2688,#195);
#2691=IFCSHAPEREPRESENTATION(#16,'Body','MappedRepresentation',(#2690));
#2692=IFCPRODUCTDEFINITIONSHAPE($,$,(#2691));
#2693=IFCCARTESIANPOINT((7011.8931710057586,8101.6079210224925,13.011255305534743));
#2694=IFCAXIS2PLACEMENT3D(#2693,#36,#200);
#2695=IFCLOCALPLACEMENT(#25,#2694);
#2696=IFCBUILDINGELEMENTPROXY('1kkNhPW5XF4BusAPV6zOmS',#6,'Tile:Tile 100.4x100.4 Blue:482289',$,$,#2695,#2692,'482289',$);
#2697=IFCPROPERTYSET('3RKQcb1molRTzvd$JNN4yx',#6,'Pset_BuildingElementProxyCommon',$,(#2300));
#2698=IFCPROPERTYSET('0eAeXTyVPD2WG1Cb6g5has',#6,'Pset_QuantityTakeOff',$,(#2300));
#2699=IFCRELDEFINESBYPROPERTIES('36yNlaKnNO9OF$11bCQJ2h',#6,$,$,(#2696),#2697);
#2700=IFCRELDEFINESBYPROPERTIES('3hNfThXYV_oMhbnpWpxZDo',#6,$,$,(#2696),#2698);
#2701=IFCMAPPEDITEM(#2286,#195);
#2702=IFCSHAPEREPRESENTATION(#16,'Body','MappedRepresentation',(#2701));
#2703=IFCPRODUCTDEFINITIONSHAPE($,$,(#2702));
#2704=IFCCARTESIANPOINT((6329.8931710057595,8101.6079210224925,197.91125530553688));
#2705=IFCAXIS2PLACEMENT3D(#2704,#36,#200);
#2706=IFCLOCALPLACEMENT(#25,#2705);
#2707=IFCBUILDINGELEMENTPROXY('1kkNhPW5XF4BusAPV6zOmU',#6,'Tile:Tile 100.4x100.4 Blue:482291',$,$,#2706,#2703,'482291',$);
#2708=IFCPROPERTYSET('0CxOc0ItYNoSWU7WeAEFg$',#6,'Pset_BuildingElementProxyCommon',$,(#2300));
#2709=IFCPROPERTYSET('229zBgtnBN5b35S4ozwUie',#6,'Pset_QuantityTakeOff',$,(#2300));
#2710=IFCRELDEFINESBYPROPERTIES('1sr9dnvIY1yZedfYVlyFND',#6,$,$,(#2707),#2708);
#2711=IFCRELDEFINESBYPROPERTIES('1QDucNibFnm1ZJXgiPHKu4',#6,$,$,(#2707),#2709);
#2712=IFCMAPPEDITEM(#2314,#195);
#2713=IFCSHAPEREPRESENTATION(#16,'Body','MappedRepresentation',(#2712));
#2714=IFCPRODUCTDEFINITIONSHAPE($,$,(#2713));
#2715=IFCCARTESIANPOINT((6397.493171005759,8101.6079210224925,197.91125530553668));
#2716=IFCAXIS2PLACEMENT3D(#2715,#36,#200);
#2717=IFCLOCALPLACEMENT(#25,#2716);
#2718=IFCBUILDINGELEMENTPROXY('1kkNhPW5XF4BusAPV6zOmP',#6,'Tile:Tile 100.4x100.4 Blue:482292',$,$,#2717,#2714,'482292',$);
#2719=IFCPROPERTYSET('2I5sU9$UzQOS3dsv1K9Vfn',#6,'Pset_BuildingElementProxyCommon',$,(#2300));
#2720=IFCPROPERTYSET('1Mdk_Sme88lCkzwhLxUAC0',#6,'Pset_QuantityTakeOff',$,(#2300));
#2721=IFCRELDEFINESBYPROPERTIES('2DX6SgwZtkuBsue0F7WJ30',#6,$,$,(#2718),#2719);
#2722=IFCRELDEFINESBYPROPERTIES('0C2aGHzHCDG30HooA2doa7',#6,$,$,(#2718),#2720);
#2723=IFCMAPPEDITEM(#2314,#195);
#2724=IFCSHAPEREPRESENTATION(#16,'Body','MappedRepresentation',(#2723));
#2725=IFCPRODUCTDEFINITIONSHAPE($,$,(#2724));
#2726=IFCCARTESIANPOINT((6499.8931710057586,8101.6079210224925,197.91125530553634));
#2727=IFCAXIS2PLACEMENT3D(#2726,#36,#200);
#2728=IFCLOCALPLACEMENT(#25,#2727);
#2729=IFCBUILDINGELEMENTPROXY('1kkNhPW5XF4BusAPV6zOmO',#6,'Tile:Tile 100.4x100.4 Blue:482293',$,$,#2728,#2725,'482293',$);
#2730=IFCPROPERTYSET('3xRYe_ToHQ0wCnASjwx2G0',#6,'Pset_BuildingElementProxyCommon',$,(#2300));
#2731=IFCPROPERTYSET('2YusrNwrB0rlBl100fgLpF',#6,'Pset_QuantityTakeOff',$,(#2300));
#2732=IFCRELDEFINESBYPROPERTIES('0FX$ShWMEiSc8sz3akXzB6',#6,$,$,(#2729),#2730);
#2733=IFCRELDEFINESBYPROPERTIES('3BRmOZROD2m2Id4P$lzfsb',#6,$,$,(#2729),#2731);
#2734=IFCMAPPEDITEM(#2314,#195);
#2735=IFCSHAPEREPRESENTATION(#16,'Body','MappedRepresentation',(#2734));
#2736=IFCPRODUCTDEFINITIONSHAPE($,$,(#2735));
#2737=IFCCARTESIANPOINT((6602.2931710057583,8101.6079210224925,197.91125530553668));
#2738=IFCAXIS2PLACEMENT3D(#2737,#36,#200);
#2739=IFCLOCALPLACEMENT(#25,#2738);
#2740=IFCBUILDINGELEMENTPROXY('1kkNhPW5XF4BusAPV6zOmR',#6,'Tile:Tile 100.4x100.4 Blue:482294',$,$,#2739,#2736,'482294',$);
#2741=IFCPROPERTYSET('1DeO_pZK21ok198lYbVR5D',#6,'Pset_BuildingElementProxyCommon',$,(#2300));
#2742=IFCPROPERTYSET('1jbSVMyJlMBuzA3mWTZ29J',#6,'Pset_QuantityTakeOff',$,(#2300));
#2743=IFCRELDEFINESBYPROPERTIES('0lOiL3fwF2PKLIKoIe_aDt',#6,$,$,(#2740),#2741);
#2744=IFCRELDEFINESBYPROPERTIES('2tGsWk1kDU1kXMOGrjEhI_',#6,$,$,(#2740),#2742);
#2745=IFCMAPPEDITEM(#2314,#195);
#2746=IFCSHAPEREPRESENTATION(#16,'Body','MappedRepresentation',(#2745));
#2747=IFCPRODUCTDEFINITIONSHAPE($,$,(#2746));
#2748=IFCCARTESIANPOINT((6704.693171005757,8101.6079210224925,197.91125530553668));
#2749=IFCAXIS2PLACEMENT3D(#2748,#36,#200);
#2750=IFCLOCALPLACEMENT(#25,#2749);
#2751=IFCBUILDINGELEMENTPROXY('1kkNhPW5XF4BusAPV6zOmQ',#6,'Tile:Tile 100.4x100.4 Blue:482295',$,$,#2750,#2747,'482295',$);
#2752=IFCPROPERTYSET('1cuXwfKfmdL8Bb2$Ns4jyB',#6,'Pset_BuildingElementProxyCommon',$,(#2300));
#2753=IFCPROPERTYSET('2MsF6gBdeJrZdM_BAN_bHT',#6,'Pset_QuantityTakeOff',$,(#2300));
#2754=IFCRELDEFINESBYPROPERTIES('0xHlW8ooT78UvWEVSuBse1',#6,$,$,(#2751),#2752);
#2755=IFCRELDEFINESBYPROPERTIES('2hf76a_MXLjlommr6T7sUa',#6,$,$,(#2751),#2753);
#2756=IFCMAPPEDITEM(#2314,#195);
#2757=IFCSHAPEREPRESENTATION(#16,'Body','MappedRepresentation',(#2756));
#2758=IFCPRODUCTDEFINITIONSHAPE($,$,(#2757));
#2759=IFCCARTESIANPOINT((6807.0931710057566,8101.6079210224925,197.91125530553668));
#2760=IFCAXIS2PLACEMENT3D(#2759,#36,#200);
#2761=IFCLOCALPLACEMENT(#25,#2760);
#2762=IFCBUILDINGELEMENTPROXY('1kkNhPW5XF4BusAPV6zOmL',#6,'Tile:Tile 100.4x100.4 Blue:482296',$,$,#2761,#2758,'482296',$);
#2763=IFCPROPERTYSET('3Q9fwjITurNEZmvS9xj0cL',#6,'Pset_BuildingElementProxyCommon',$,(#2300));
#2764=IFCPROPERTYSET('3nCwNcQRgLefVhN1VHZUWr',#6,'Pset_QuantityTakeOff',$,(#2300));
#2765=IFCRELDEFINESBYPROPERTIES('3sBOoJ9I_HNBhq2HHcQ5Eo',#6,$,$,(#2762),#2763);
#2766=IFCRELDEFINESBYPROPERTIES('2LVV6EgC2us1_yziEetEU1',#6,$,$,(#2762),#2764);
#2767=IFCMAPPEDITEM(#2314,#195);
#2768=IFCSHAPEREPRESENTATION(#16,'Body','MappedRepresentation',(#2767));
#2769=IFCPRODUCTDEFINITIONSHAPE($,$,(#2768));
#2770=IFCCARTESIANPOINT((6909.4931710057563,8101.6079210224925,197.91125530553668));
#2771=IFCAXIS2PLACEMENT3D(#2770,#36,#200);
#2772=IFCLOCALPLACEMENT(#25,#2771);
#2773=IFCBUILDINGELEMENTPROXY('1kkNhPW5XF4BusAPV6zOmK',#6,'Tile:Tile 100.4x100.4 Blue:482297',$,$,#2772,#2769,'482297',$);
#2774=IFCPROPERTYSET('3wcPfDH3g3WAJ9D27apPuc',#6,'Pset_BuildingElementProxyCommon',$,(#2300));
#2775=IFCPROPERTYSET('2B_F14tR5tc9JT8uFALnYe',#6,'Pset_QuantityTakeOff',$,(#2300));
#2776=IFCRELDEFINESBYPROPERTIES('0_7h3DBs$buM85kNSs9K8n',#6,$,$,(#2773),#2774);
#2777=IFCRELDEFINESBYPROPERTIES('3AIv226pJiCrSq3XLcNlZ7',#6,$,$,(#2773),#2775);
#2778=IFCMAPPEDITEM(#2391,#195);
#2779=IFCSHAPEREPRESENTATION(#16,'Body','MappedRepresentation',(#2778));
#2780=IFCPRODUCTDEFINITIONSHAPE($,$,(#2779));
#2781=IFCCARTESIANPOINT((7011.8931710057586,8101.6079210224925,197.9112553055347));
#2782=IFCAXIS2PLACEMENT3D(#2781,#36,#200);
#2783=IFCLOCALPLACEMENT(#25,#2782);
#2784=IFCBUILDINGELEMENTPROXY('1kkNhPW5XF4BusAPV6zOmN',#6,'Tile:Tile 100.4x100.4 Blue:482298',$,$,#2783,#2780,'482298',$);
#2785=IFCPROPERTYSET('2mjnR3LtmfMMDzYGZjj3$j',#6,'Pset_BuildingElementProxyCommon',$,(#2300));
#2786=IFCPROPERTYSET('1hFE55n4HZHZn0uWLFVSeV',#6,'Pset_QuantityTakeOff',$,(#2300));
#2787=IFCRELDEFINESBYPROPERTIES('2FlPMJbT7DHK6kkcwC5i4e',#6,$,$,(#2784),#2785);
#2788=IFCRELDEFINESBYPROPERTIES('1IW9yPlUP0qI_FuAe6bAfM',#6,$,$,(#2784),#2786);
#2789=IFCCARTESIANPOINT((5.4156679141215136E-013,0.));
#2790=IFCAXIS2PLACEMENT2D(#2789,#171);
#2791=IFCRECTANGLEPROFILEDEF(.AREA.,'Tile Red',#2790,6.999999999999492,91.000000000607372);
#2792=IFCCARTESIANPOINT((7132.9931710054334,7929.163117691849,-50.016756282506122));
#2793=IFCAXIS2PLACEMENT3D(#2792,#35,#1606);
#2794=IFCEXTRUDEDAREASOLID(#2791,#2793,#35,347.54716179634062);
#2795=IFCSTYLEDITEM(#2794,(#746),$);
#2796=IFCSHAPEREPRESENTATION(#16,'Body','SweptSolid',(#2794));
#2797=IFCAXIS2PLACEMENT3D(#11,$,$);
#2798=IFCREPRESENTATIONMAP(#2797,#2796);
#2799=IFCBUILDINGELEMENTPROXYTYPE('1kkNhPW5XF4BusAPV6zOae',#6,'Tile Red22:Tile Red',$,$,$,(#2798),'483013',$,.NOTDEFINED.);
#2800=IFCMAPPEDITEM(#2798,#195);
#2801=IFCSHAPEREPRESENTATION(#16,'Body','MappedRepresentation',(#2800));
#2802=IFCPRODUCTDEFINITIONSHAPE($,$,(#2801));
#2803=IFCCARTESIANPOINT((-2.,-0.12500000000495937,65.015292423548473));
#2804=IFCAXIS2PLACEMENT3D(#2803,$,$);
#2805=IFCLOCALPLACEMENT(#25,#2804);
#2806=IFCBUILDINGELEMENTPROXY('1kkNhPW5XF4BusAPV6zOag',#6,'Tile Red22:Tile Red:483015',$,$,#2805,#2802,'483015',$);
#2807=IFCPROPERTYSET('0HnzZfK9eOe91h429X4JAS',#6,'Pset_BuildingElementProxyCommon',$,(#763));
#2808=IFCPROPERTYSET('3Sw8QEj7HYI9l3xFAE4g3I',#6,'Pset_QuantityTakeOff',$,(#763));
#2809=IFCRELDEFINESBYPROPERTIES('2Ojmj9uxsNYJSblnFjrt8b',#6,$,$,(#2806),#2807);
#2810=IFCRELDEFINESBYPROPERTIES('2CfRjDOYk7X42dtZAFPP1c',#6,$,$,(#2806),#2808);
#2811=IFCCARTESIANPOINT((5.4156679141215136E-013,5.4356519285647664E-013));
#2812=IFCAXIS2PLACEMENT2D(#2811,#171);
#2813=IFCRECTANGLEPROFILEDEF(.AREA.,'Tile Red',#2812,6.999999999999492,91.000000000608452);
#2814=IFCCARTESIANPOINT((7132.9931710054334,7929.163117691849,1.9838080485347258));
#2815=IFCAXIS2PLACEMENT3D(#2814,#35,#1606);
#2816=IFCEXTRUDEDAREASOLID(#2813,#2815,#35,450.69999999999987);
#2817=IFCSTYLEDITEM(#2816,(#746),$);
#2818=IFCSHAPEREPRESENTATION(#16,'Body','SweptSolid',(#2816));
#2819=IFCAXIS2PLACEMENT3D(#11,$,$);
#2820=IFCREPRESENTATIONMAP(#2819,#2818);
#2821=IFCBUILDINGELEMENTPROXYTYPE('1kkNhPW5XF4BusAPV6zOa_',#6,'Tile Red23:Tile Red',$,$,$,(#2820),'483027',$,.NOTDEFINED.);
#2822=IFCMAPPEDITEM(#2820,#195);
#2823=IFCSHAPEREPRESENTATION(#16,'Body','MappedRepresentation',(#2822));
#2824=IFCPRODUCTDEFINITIONSHAPE($,$,(#2823));
#2825=IFCCARTESIANPOINT((-2.,-0.12500000000495937,362.56188988884782));
#2826=IFCAXIS2PLACEMENT3D(#2825,$,$);
#2827=IFCLOCALPLACEMENT(#25,#2826);
#2828=IFCBUILDINGELEMENTPROXY('1kkNhPW5XF4BusAPV6zOau',#6,'Tile Red23:Tile Red:483029',$,$,#2827,#2824,'483029',$);
#2829=IFCPROPERTYSET('3fYzimsLicfDEYP0ihc5g7',#6,'Pset_BuildingElementProxyCommon',$,(#763));
#2830=IFCPROPERTYSET('1P3zHXPRaBRoeL1omFs8Wf',#6,'Pset_QuantityTakeOff',$,(#763));
#2831=IFCRELDEFINESBYPROPERTIES('2mzlOrlKb5HTiqpEFB9$Kt',#6,$,$,(#2828),#2829);
#2832=IFCRELDEFINESBYPROPERTIES('3GSYCLCRr0a9hcspK_6NCD',#6,$,$,(#2828),#2830);
#2833=IFCCARTESIANPOINT((5.4156679141215136E-013,0.));
#2834=IFCAXIS2PLACEMENT2D(#2833,#171);
#2835=IFCRECTANGLEPROFILEDEF(.AREA.,'Tile Red',#2834,6.999999999999492,91.000000000605212);
#2836=IFCCARTESIANPOINT((7132.9931710054343,7929.163117691849,9.6838080485354112));
#2837=IFCAXIS2PLACEMENT3D(#2836,#35,#1606);
#2838=IFCEXTRUDEDAREASOLID(#2835,#2837,#35,450.69999999999999);
#2839=IFCSTYLEDITEM(#2838,(#746),$);
#2840=IFCSHAPEREPRESENTATION(#16,'Body','SweptSolid',(#2838));
#2841=IFCAXIS2PLACEMENT3D(#11,$,$);
#2842=IFCREPRESENTATIONMAP(#2841,#2840);
#2843=IFCBUILDINGELEMENTPROXYTYPE('1kkNhPW5XF4BusAPV6zOaC',#6,'Tile Red24:Tile Red',$,$,$,(#2842),'483041',$,.NOTDEFINED.);
#2844=IFCMAPPEDITEM(#2842,#195);
#2845=IFCSHAPEREPRESENTATION(#16,'Body','MappedRepresentation',(#2844));
#2846=IFCPRODUCTDEFINITIONSHAPE($,$,(#2845));
#2847=IFCCARTESIANPOINT((-2.,-0.12500000000495937,807.56188988884742));
#2848=IFCAXIS2PLACEMENT3D(#2847,$,$);
#2849=IFCLOCALPLACEMENT(#25,#2848);
#2850=IFCBUILDINGELEMENTPROXY('1kkNhPW5XF4BusAPV6zOaE',#6,'Tile Red24:Tile Red:483043',$,$,#2849,#2846,'483043',$);
#2851=IFCPROPERTYSET('2Wz9ufshMqXss883yJaZ17',#6,'Pset_BuildingElementProxyCommon',$,(#763));
#2852=IFCPROPERTYSET('2uCYrjouaIozQSwbShs6oG',#6,'Pset_QuantityTakeOff',$,(#763));
#2853=IFCRELDEFINESBYPROPERTIES('0DZ5roLjkxImu4UTcx6DQ7',#6,$,$,(#2850),#2851);
#2854=IFCRELDEFINESBYPROPERTIES('2pNO8ZOXTcpKa0wYHGARV6',#6,$,$,(#2850),#2852);
#2855=IFCCARTESIANPOINT((5.4156679141215136E-013,5.4001247917767614E-013));
#2856=IFCAXIS2PLACEMENT2D(#2855,#171);
#2857=IFCRECTANGLEPROFILEDEF(.AREA.,'Tile Red',#2856,6.999999999999492,91.000000000606292);
#2858=IFCCARTESIANPOINT((7132.9931710054343,7929.163117691849,22.383808048535368));
#2859=IFCAXIS2PLACEMENT3D(#2858,#35,#1606);
#2860=IFCEXTRUDEDAREASOLID(#2857,#2859,#35,449.28578643762665);
#2861=IFCSTYLEDITEM(#2860,(#746),$);
#2862=IFCSHAPEREPRESENTATION(#16,'Body','SweptSolid',(#2860));
#2863=IFCAXIS2PLACEMENT3D(#11,$,$);
#2864=IFCREPRESENTATIONMAP(#2863,#2862);
#2865=IFCBUILDINGELEMENTPROXYTYPE('1kkNhPW5XF4BusAPV6zOa2',#6,'Tile Red25:Tile Red',$,$,$,(#2864),'483055',$,.NOTDEFINED.);
#2866=IFCMAPPEDITEM(#2864,#195);
#2867=IFCSHAPEREPRESENTATION(#16,'Body','MappedRepresentation',(#2866));
#2868=IFCPRODUCTDEFINITIONSHAPE($,$,(#2867));
#2869=IFCCARTESIANPOINT((-2.,-0.12500000000495937,1247.5618898888481));
#2870=IFCAXIS2PLACEMENT3D(#2869,$,$);
#2871=IFCLOCALPLACEMENT(#25,#2870);
#2872=IFCBUILDINGELEMENTPROXY('1kkNhPW5XF4BusAPV6zOaS',#6,'Tile Red25:Tile Red:483057',$,$,#2871,#2868,'483057',$);
#2873=IFCPROPERTYSET('1JUkOfgxHDrdlDAlT_rr_e',#6,'Pset_BuildingElementProxyCommon',$,(#763));
#2874=IFCPROPERTYSET('1V0PI2$eNPP70EXshmJEnc',#6,'Pset_QuantityTakeOff',$,(#763));
#2875=IFCRELDEFINESBYPROPERTIES('0hlzvQNxaAV8jm5CJp4m2Q',#6,$,$,(#2872),#2873);
#2876=IFCRELDEFINESBYPROPERTIES('012Jpbz4d1ELJV569_xf4K',#6,$,$,(#2872),#2874);
#2877=IFCCARTESIANPOINT((0.,0.));
#2878=IFCAXIS2PLACEMENT2D(#2877,#171);
#2879=IFCRECTANGLEPROFILEDEF(.AREA.,'Tile 100.4x100.4 Blue',#2878,100.40000000000001,100.40000000000001);
#2880=IFCCARTESIANPOINT((-50.199999999993743,-50.200000000008423,-0.));
#2881=IFCAXIS2PLACEMENT3D(#2880,#35,#36);
#2882=IFCEXTRUDEDAREASOLID(#2879,#2881,#35,6.9999999999999973);
#2883=IFCSTYLEDITEM(#2882,(#2282),$);
#2884=IFCSHAPEREPRESENTATION(#16,'Body','SweptSolid',(#2882));
#2885=IFCAXIS2PLACEMENT3D(#11,$,$);
#2886=IFCREPRESENTATIONMAP(#2885,#2884);
#2887=IFCBUILDINGELEMENTPROXYTYPE('1zzk4Pvb51xAijoPDrx4iZ',#6,'Tile:Tile 100.4x100.4 Blue',$,$,$,(#2886),'445708',$,.NOTDEFINED.);
#2888=IFCMAPPEDITEM(#2886,#195);
#2889=IFCSHAPEREPRESENTATION(#16,'Body','MappedRepresentation',(#2888));
#2890=IFCPRODUCTDEFINITIONSHAPE($,$,(#2889));
#2891=IFCCARTESIANPOINT((7184.4931710057399,7722.0631176918378,253.7100000000014));
#2892=IFCAXIS2PLACEMENT3D(#2891,#200,#1606);
#2893=IFCLOCALPLACEMENT(#25,#2892);
#2894=IFCBUILDINGELEMENTPROXY('1kkNhPW5XF4BusAPV6zRLc',#6,'Tile:Tile 100.4x100.4 Blue:483979',$,$,#2893,#2890,'483979',$);
#2895=IFCPROPERTYSET('0PDZ1dg0zgXYnOG6QsBUnh',#6,'Pset_BuildingElementProxyCommon',$,(#2300));
#2896=IFCPROPERTYSET('2As9$9yigGIJSHJHp0w5zr',#6,'Pset_QuantityTakeOff',$,(#2300));
#2897=IFCRELDEFINESBYPROPERTIES('2d$vsEpZdVpKByau7Rd1_z',#6,$,$,(#2894),#2895);
#2898=IFCRELDEFINESBYPROPERTIES('03gpcN$CKVo4ET_PqdB7vH',#6,$,$,(#2894),#2896);
#2899=IFCMAPPEDITEM(#2886,#195);
#2900=IFCSHAPEREPRESENTATION(#16,'Body','MappedRepresentation',(#2899));
#2901=IFCPRODUCTDEFINITIONSHAPE($,$,(#2900));
#2902=IFCCARTESIANPOINT((7184.493171005739,7619.6631176918299,253.71000000000109));
#2903=IFCAXIS2PLACEMENT3D(#2902,#200,#1606);
#2904=IFCLOCALPLACEMENT(#25,#2903);
#2905=IFCBUILDINGELEMENTPROXY('1kkNhPW5XF4BusAPV6zRLX',#6,'Tile:Tile 100.4x100.4 Blue:483980',$,$,#2904,#2901,'483980',$);
#2906=IFCPROPERTYSET('3LQCos1BLbAp4JsxG_UiYl',#6,'Pset_BuildingElementProxyCommon',$,(#2300));
#2907=IFCPROPERTYSET('1jE2nqw9DYw1YEA4TEfEXK',#6,'Pset_QuantityTakeOff',$,(#2300));
#2908=IFCRELDEFINESBYPROPERTIES('0GYGtQOcrFo7T2FXz$ZWoc',#6,$,$,(#2905),#2906);
#2909=IFCRELDEFINESBYPROPERTIES('2_reFBlKH1prhwhNCr1EwB',#6,$,$,(#2905),#2907);
#2910=IFCMAPPEDITEM(#2886,#195);
#2911=IFCSHAPEREPRESENTATION(#16,'Body','MappedRepresentation',(#2910));
#2912=IFCPRODUCTDEFINITIONSHAPE($,$,(#2911));
#2913=IFCCARTESIANPOINT((7184.4931710057399,7722.0631176918378,356.10999999999819));
#2914=IFCAXIS2PLACEMENT3D(#2913,#200,#1606);
#2915=IFCLOCALPLACEMENT(#25,#2914);
#2916=IFCBUILDINGELEMENTPROXY('1kkNhPW5XF4BusAPV6zRLW',#6,'Tile:Tile 100.4x100.4 Blue:483981',$,$,#2915,#2912,'483981',$);
#2917=IFCPROPERTYSET('1ST0x7S1EEAbsUMwtmQTkA',#6,'Pset_BuildingElementProxyCommon',$,(#2300));
#2918=IFCPROPERTYSET('0A6z4A5djvq$D4brVyXJu5',#6,'Pset_QuantityTakeOff',$,(#2300));
#2919=IFCRELDEFINESBYPROPERTIES('35smwC1TFhQvfSWqDc1hsa',#6,$,$,(#2916),#2917);
#2920=IFCRELDEFINESBYPROPERTIES('0JuvdZzNqpfqqL_mIZH0p$',#6,$,$,(#2916),#2918);
#2921=IFCMAPPEDITEM(#2886,#195);
#2922=IFCSHAPEREPRESENTATION(#16,'Body','MappedRepresentation',(#2921));
#2923=IFCPRODUCTDEFINITIONSHAPE($,$,(#2922));
#2924=IFCCARTESIANPOINT((7184.493171005739,7619.6631176918299,356.10999999999785));
#2925=IFCAXIS2PLACEMENT3D(#2924,#200,#1606);
#2926=IFCLOCALPLACEMENT(#25,#2925);
#2927=IFCBUILDINGELEMENTPROXY('1kkNhPW5XF4BusAPV6zRLZ',#6,'Tile:Tile 100.4x100.4 Blue:483982',$,$,#2926,#2923,'483982',$);
#2928=IFCPROPERTYSET('09ZE3HQczPz7$$VRnj3C4C',#6,'Pset_BuildingElementProxyCommon',$,(#2300));
#2929=IFCPROPERTYSET('0GziwyqNCdA1t7HYGS4_PL',#6,'Pset_QuantityTakeOff',$,(#2300));
#2930=IFCRELDEFINESBYPROPERTIES('1G_XUDlrUy8RqXyKZs9p9r',#6,$,$,(#2927),#2928);
#2931=IFCRELDEFINESBYPROPERTIES('1i8VM_9IezvQFxZyHQo$we',#6,$,$,(#2927),#2929);
#2932=IFCMAPPEDITEM(#2886,#195);
#2933=IFCSHAPEREPRESENTATION(#16,'Body','MappedRepresentation',(#2932));
#2934=IFCPRODUCTDEFINITIONSHAPE($,$,(#2933));
#2935=IFCCARTESIANPOINT((7184.4931710057399,7722.0631176918378,458.50999999999505));
#2936=IFCAXIS2PLACEMENT3D(#2935,#200,#1606);
#2937=IFCLOCALPLACEMENT(#25,#2936);
#2938=IFCBUILDINGELEMENTPROXY('1kkNhPW5XF4BusAPV6zRLY',#6,'Tile:Tile 100.4x100.4 Blue:483983',$,$,#2937,#2934,'483983',$);
#2939=IFCPROPERTYSET('2tG1HeSuKSU_hC7N_hf_tg',#6,'Pset_BuildingElementProxyCommon',$,(#2300));
#2940=IFCPROPERTYSET('0cmqje$N1nJQ_EWzMCbOMt',#6,'Pset_QuantityTakeOff',$,(#2300));
#2941=IFCRELDEFINESBYPROPERTIES('2u3Yul3HlqkM51byZ9EKj$',#6,$,$,(#2938),#2939);
#2942=IFCRELDEFINESBYPROPERTIES('0o9Sjys3hViWggRchsT81Q',#6,$,$,(#2938),#2940);
#2943=IFCMAPPEDITEM(#2886,#195);
#2944=IFCSHAPEREPRESENTATION(#16,'Body','MappedRepresentation',(#2943));
#2945=IFCPRODUCTDEFINITIONSHAPE($,$,(#2944));
#2946=IFCCARTESIANPOINT((7184.493171005739,7619.6631176918299,458.5099999999947));
#2947=IFCAXIS2PLACEMENT3D(#2946,#200,#1606);
#2948=IFCLOCALPLACEMENT(#25,#2947);
#2949=IFCBUILDINGELEMENTPROXY('1kkNhPW5XF4BusAPV6zRLz',#6,'Tile:Tile 100.4x100.4 Blue:483984',$,$,#2948,#2945,'483984',$);
#2950=IFCPROPERTYSET('2CK7B9zPaJriIIHeFSwZCW',#6,'Pset_BuildingElementProxyCommon',$,(#2300));
#2951=IFCPROPERTYSET('0L1hF1zFENNGQnjhMcgcWI',#6,'Pset_QuantityTakeOff',$,(#2300));
#2952=IFCRELDEFINESBYPROPERTIES('0jDsTgN53IS_pEltyVIeO9',#6,$,$,(#2949),#2950);
#2953=IFCRELDEFINESBYPROPERTIES('22Ki5xWI2gq2HTkHZz_jbh',#6,$,$,(#2949),#2951);
#2954=IFCMAPPEDITEM(#2886,#195);
#2955=IFCSHAPEREPRESENTATION(#16,'Body','MappedRepresentation',(#2954));
#2956=IFCPRODUCTDEFINITIONSHAPE($,$,(#2955));
#2957=IFCCARTESIANPOINT((7184.4931710057399,7722.0631176918378,560.9099999999919));
#2958=IFCAXIS2PLACEMENT3D(#2957,#200,#1606);
#2959=IFCLOCALPLACEMENT(#25,#2958);
#2960=IFCBUILDINGELEMENTPROXY('1kkNhPW5XF4BusAPV6zRLy',#6,'Tile:Tile 100.4x100.4 Blue:483985',$,$,#2959,#2956,'483985',$);
#2961=IFCPROPERTYSET('1Kkp3mn_0fpxEPe72zkdJ0',#6,'Pset_BuildingElementProxyCommon',$,(#2300));
#2962=IFCPROPERTYSET('3a7jcqAPzOxKca_kqjlELG',#6,'Pset_QuantityTakeOff',$,(#2300));
#2963=IFCRELDEFINESBYPROPERTIES('0SN5BZNSY89UDXwyc0DPe6',#6,$,$,(#2960),#2961);
#2964=IFCRELDEFINESBYPROPERTIES('2nbzxVUfpHb$brCj0zD9fU',#6,$,$,(#2960),#2962);
#2965=IFCMAPPEDITEM(#2886,#195);
#2966=IFCSHAPEREPRESENTATION(#16,'Body','MappedRepresentation',(#2965));
#2967=IFCPRODUCTDEFINITIONSHAPE($,$,(#2966));
#2968=IFCCARTESIANPOINT((7184.493171005739,7619.6631176918299,560.90999999999156));
#2969=IFCAXIS2PLACEMENT3D(#2968,#200,#1606);
#2970=IFCLOCALPLACEMENT(#25,#2969);
#2971=IFCBUILDINGELEMENTPROXY('1kkNhPW5XF4BusAPV6zRL$',#6,'Tile:Tile 100.4x100.4 Blue:483986',$,$,#2970,#2967,'483986',$);
#2972=IFCPROPERTYSET('0mGQh6LyuSniW_jGGo5oDD',#6,'Pset_BuildingElementProxyCommon',$,(#2300));
#2973=IFCPROPERTYSET('3lU55FSVXcjA_oJ8IPS4Im',#6,'Pset_QuantityTakeOff',$,(#2300));
#2974=IFCRELDEFINESBYPROPERTIES('0GUTOWf6tFvtPJ5Gkk6OxT',#6,$,$,(#2971),#2972);
#2975=IFCRELDEFINESBYPROPERTIES('2hrFyWJoNOi2suC5c4isWa',#6,$,$,(#2971),#2973);
#2976=IFCMAPPEDITEM(#2886,#195);
#2977=IFCSHAPEREPRESENTATION(#16,'Body','MappedRepresentation',(#2976));
#2978=IFCPRODUCTDEFINITIONSHAPE($,$,(#2977));
#2979=IFCCARTESIANPOINT((7184.4931710057399,7722.0631176918378,663.30999999998892));
#2980=IFCAXIS2PLACEMENT3D(#2979,#200,#1606);
#2981=IFCLOCALPLACEMENT(#25,#2980);
#2982=IFCBUILDINGELEMENTPROXY('1kkNhPW5XF4BusAPV6zRL_',#6,'Tile:Tile 100.4x100.4 Blue:483987',$,$,#2981,#2978,'483987',$);
#2983=IFCPROPERTYSET('1fOIE5zvHAIT6$0s$VoQxr',#6,'Pset_BuildingElementProxyCommon',$,(#2300));
#2984=IFCPROPERTYSET('2OA3YEijFPXjgZTe2sd9uA',#6,'Pset_QuantityTakeOff',$,(#2300));
#2985=IFCRELDEFINESBYPROPERTIES('1qfZfEUIGV3NnT8OywWQrj',#6,$,$,(#2982),#2983);
#2986=IFCRELDEFINESBYPROPERTIES('02gGjv3g0NdNnX6CJxxENj',#6,$,$,(#2982),#2984);
#2987=IFCMAPPEDITEM(#2886,#195);
#2988=IFCSHAPEREPRESENTATION(#16,'Body','MappedRepresentation',(#2987));
#2989=IFCPRODUCTDEFINITIONSHAPE($,$,(#2988));
#2990=IFCCARTESIANPOINT((7184.493171005739,7619.6631176918299,663.30999999998846));
#2991=IFCAXIS2PLACEMENT3D(#2990,#200,#1606);
#2992=IFCLOCALPLACEMENT(#25,#2991);
#2993=IFCBUILDINGELEMENTPROXY('1kkNhPW5XF4BusAPV6zRLv',#6,'Tile:Tile 100.4x100.4 Blue:483988',$,$,#2992,#2989,'483988',$);
#2994=IFCPROPERTYSET('0qm_YaVYvppzFDPtjfT5gg',#6,'Pset_BuildingElementProxyCommon',$,(#2300));
#2995=IFCPROPERTYSET('3tJ6qocuYcqauVzv1$Jm62',#6,'Pset_QuantityTakeOff',$,(#2300));
#2996=IFCRELDEFINESBYPROPERTIES('2wSXNTjM_j7ZDI1JDKmDIs',#6,$,$,(#2993),#2994);
#2997=IFCRELDEFINESBYPROPERTIES('0bZOnZLhI7LU5Fvqyt4n2c',#6,$,$,(#2993),#2995);
#2998=IFCMAPPEDITEM(#2886,#195);
#2999=IFCSHAPEREPRESENTATION(#16,'Body','MappedRepresentation',(#2998));
#3000=IFCPRODUCTDEFINITIONSHAPE($,$,(#2999));
#3001=IFCCARTESIANPOINT((7184.4931710057399,7722.0631176918369,1105.2100000000185));
#3002=IFCAXIS2PLACEMENT3D(#3001,#200,#1606);
#3003=IFCLOCALPLACEMENT(#25,#3002);
#3004=IFCBUILDINGELEMENTPROXY('1kkNhPW5XF4BusAPV6zRLu',#6,'Tile:Tile 100.4x100.4 Blue:483989',$,$,#3003,#3000,'483989',$);
#3005=IFCPROPERTYSET('2HKJwQKivTV2oUJPipxA$K',#6,'Pset_BuildingElementProxyCommon',$,(#2300));
#3006=IFCPROPERTYSET('2_8SckAqYPYg30bHIdsOYt',#6,'Pset_QuantityTakeOff',$,(#2300));
#3007=IFCRELDEFINESBYPROPERTIES('1SjLVyiaTpU5qZ0Z1YsrK$',#6,$,$,(#3004),#3005);
#3008=IFCRELDEFINESBYPROPERTIES('1Hsw5e0ffIkuABDVnLA_Ml',#6,$,$,(#3004),#3006);
#3009=IFCMAPPEDITEM(#2886,#195);
#3010=IFCSHAPEREPRESENTATION(#16,'Body','MappedRepresentation',(#3009));
#3011=IFCPRODUCTDEFINITIONSHAPE($,$,(#3010));
#3012=IFCCARTESIANPOINT((7184.493171005739,7619.6631176918281,1105.210000000018));
#3013=IFCAXIS2PLACEMENT3D(#3012,#200,#1606);
#3014=IFCLOCALPLACEMENT(#25,#3013);
#3015=IFCBUILDINGELEMENTPROXY('1kkNhPW5XF4BusAPV6zRLx',#6,'Tile:Tile 100.4x100.4 Blue:483990',$,$,#3014,#3011,'483990',$);
#3016=IFCPROPERTYSET('1niQAbDJKfDnR7YL_zbhBE',#6,'Pset_BuildingElementProxyCommon',$,(#2300));
#3017=IFCPROPERTYSET('35mTA376Vziu6XuhkEr34t',#6,'Pset_QuantityTakeOff',$,(#2300));
#3018=IFCRELDEFINESBYPROPERTIES('2vA63jGut5hzviYjupNmQi',#6,$,$,(#3015),#3016);
#3019=IFCRELDEFINESBYPROPERTIES('2dDy3O1S8LTkjZEnoXJ0Wc',#6,$,$,(#3015),#3017);
#3020=IFCMAPPEDITEM(#2886,#195);
#3021=IFCSHAPEREPRESENTATION(#16,'Body','MappedRepresentation',(#3020));
#3022=IFCPRODUCTDEFINITIONSHAPE($,$,(#3021));
#3023=IFCCARTESIANPOINT((7184.4931710057399,7722.0631176918369,1207.6100000000151));
#3024=IFCAXIS2PLACEMENT3D(#3023,#200,#1606);
#3025=IFCLOCALPLACEMENT(#25,#3024);
#3026=IFCBUILDINGELEMENTPROXY('1kkNhPW5XF4BusAPV6zRLw',#6,'Tile:Tile 100.4x100.4 Blue:483991',$,$,#3025,#3022,'483991',$);
#3027=IFCPROPERTYSET('1jidjxqMpgF7HrmFCY83ng',#6,'Pset_BuildingElementProxyCommon',$,(#2300));
#3028=IFCPROPERTYSET('1Et$Lp3OoMFEmSSOH69lrz',#6,'Pset_QuantityTakeOff',$,(#2300));
#3029=IFCRELDEFINESBYPROPERTIES('0ZyKkpsfFLHicT4fn7CBlz',#6,$,$,(#3026),#3027);
#3030=IFCRELDEFINESBYPROPERTIES('1F6GVBVZGL31mVpnp2WOYV',#6,$,$,(#3026),#3028);
#3031=IFCMAPPEDITEM(#2886,#195);
#3032=IFCSHAPEREPRESENTATION(#16,'Body','MappedRepresentation',(#3031));
#3033=IFCPRODUCTDEFINITIONSHAPE($,$,(#3032));
#3034=IFCCARTESIANPOINT((7184.493171005739,7619.6631176918281,1207.6100000000149));
#3035=IFCAXIS2PLACEMENT3D(#3034,#200,#1606);
#3036=IFCLOCALPLACEMENT(#25,#3035);
#3037=IFCBUILDINGELEMENTPROXY('1kkNhPW5XF4BusAPV6zRLr',#6,'Tile:Tile 100.4x100.4 Blue:483992',$,$,#3036,#3033,'483992',$);
#3038=IFCPROPERTYSET('3cNQqbsYwRIIZT7IFJqovA',#6,'Pset_BuildingElementProxyCommon',$,(#2300));
#3039=IFCPROPERTYSET('18UuqQp28ozZN31pbNBErK',#6,'Pset_QuantityTakeOff',$,(#2300));
#3040=IFCRELDEFINESBYPROPERTIES('2JelkyTQoSLDXg77Sea5s_',#6,$,$,(#3037),#3038);
#3041=IFCRELDEFINESBYPROPERTIES('2_DHxM_M4KEAMvJ2rfk6hD',#6,$,$,(#3037),#3039);
#3042=IFCMAPPEDITEM(#2886,#195);
#3043=IFCSHAPEREPRESENTATION(#16,'Body','MappedRepresentation',(#3042));
#3044=IFCPRODUCTDEFINITIONSHAPE($,$,(#3043));
#3045=IFCCARTESIANPOINT((7184.4931710057399,7722.0631176918369,1310.0100000000118));
#3046=IFCAXIS2PLACEMENT3D(#3045,#200,#1606);
#3047=IFCLOCALPLACEMENT(#25,#3046);
#3048=IFCBUILDINGELEMENTPROXY('1kkNhPW5XF4BusAPV6zRLq',#6,'Tile:Tile 100.4x100.4 Blue:483993',$,$,#3047,#3044,'483993',$);
#3049=IFCPROPERTYSET('1i5hcmEDj_gpVopAxJp18x',#6,'Pset_BuildingElementProxyCommon',$,(#2300));
#3050=IFCPROPERTYSET('2fVo6GFD6Nm1k6fmm82ZYX',#6,'Pset_QuantityTakeOff',$,(#2300));
#3051=IFCRELDEFINESBYPROPERTIES('1qSWOzUPjHpJzGpuO0AxDJ',#6,$,$,(#3048),#3049);
#3052=IFCRELDEFINESBYPROPERTIES('0OHvCTjwFB3cMS9OSOkBcu',#6,$,$,(#3048),#3050);
#3053=IFCMAPPEDITEM(#2886,#195);
#3054=IFCSHAPEREPRESENTATION(#16,'Body','MappedRepresentation',(#3053));
#3055=IFCPRODUCTDEFINITIONSHAPE($,$,(#3054));
#3056=IFCCARTESIANPOINT((7184.493171005739,7619.6631176918281,1310.0100000000111));
#3057=IFCAXIS2PLACEMENT3D(#3056,#200,#1606);
#3058=IFCLOCALPLACEMENT(#25,#3057);
#3059=IFCBUILDINGELEMENTPROXY('1kkNhPW5XF4BusAPV6zRLt',#6,'Tile:Tile 100.4x100.4 Blue:483994',$,$,#3058,#3055,'483994',$);
#3060=IFCPROPERTYSET('1tALC_RJbm3Dd7wSm2T8ZO',#6,'Pset_BuildingElementProxyCommon',$,(#2300));
#3061=IFCPROPERTYSET('3opgriAS3lNbFdPWAFn5Tw',#6,'Pset_QuantityTakeOff',$,(#2300));
#3062=IFCRELDEFINESBYPROPERTIES('0UuSZPoHzHixhNH6eJnkPX',#6,$,$,(#3059),#3060);
#3063=IFCRELDEFINESBYPROPERTIES('1_ZN3MGWWXKWaT2FHWtxNB',#6,$,$,(#3059),#3061);
#3064=IFCMAPPEDITEM(#2886,#195);
#3065=IFCSHAPEREPRESENTATION(#16,'Body','MappedRepresentation',(#3064));
#3066=IFCPRODUCTDEFINITIONSHAPE($,$,(#3065));
#3067=IFCCARTESIANPOINT((7184.4931710057399,7722.0631176918369,1412.4100000000085));
#3068=IFCAXIS2PLACEMENT3D(#3067,#200,#1606);
#3069=IFCLOCALPLACEMENT(#25,#3068);
#3070=IFCBUILDINGELEMENTPROXY('1kkNhPW5XF4BusAPV6zRLs',#6,'Tile:Tile 100.4x100.4 Blue:483995',$,$,#3069,#3066,'483995',$);
#3071=IFCPROPERTYSET('3moO2qF7vaiuRirXIIHkRF',#6,'Pset_BuildingElementProxyCommon',$,(#2300));
#3072=IFCPROPERTYSET('1DMqKN17NxjU3BGDbFH1Xo',#6,'Pset_QuantityTakeOff',$,(#2300));
#3073=IFCRELDEFINESBYPROPERTIES('2XbGq3DmGAtnRNqsrkYJ90',#6,$,$,(#3070),#3071);
#3074=IFCRELDEFINESBYPROPERTIES('3Kd4bb$CknGHW3cJ45Rezn',#6,$,$,(#3070),#3072);
#3075=IFCMAPPEDITEM(#2886,#195);
#3076=IFCSHAPEREPRESENTATION(#16,'Body','MappedRepresentation',(#3075));
#3077=IFCPRODUCTDEFINITIONSHAPE($,$,(#3076));
#3078=IFCCARTESIANPOINT((7184.493171005739,7619.6631176918281,1412.410000000008));
#3079=IFCAXIS2PLACEMENT3D(#3078,#200,#1606);
#3080=IFCLOCALPLACEMENT(#25,#3079);
#3081=IFCBUILDINGELEMENTPROXY('1kkNhPW5XF4BusAPV6zRLn',#6,'Tile:Tile 100.4x100.4 Blue:483996',$,$,#3080,#3077,'483996',$);
#3082=IFCPROPERTYSET('2sCAzcaSzYTPvhmHF3hrmy',#6,'Pset_BuildingElementProxyCommon',$,(#2300));
#3083=IFCPROPERTYSET('3d7waSvZxcqIkOV_TOsDJH',#6,'Pset_QuantityTakeOff',$,(#2300));
#3084=IFCRELDEFINESBYPROPERTIES('2Hsc2AH09sIeD8OhCB6AQN',#6,$,$,(#3081),#3082);
#3085=IFCRELDEFINESBYPROPERTIES('1rbHmC6pS6sxPl1AZrXs2g',#6,$,$,(#3081),#3083);
#3086=IFCMAPPEDITEM(#2886,#195);
#3087=IFCSHAPEREPRESENTATION(#16,'Body','MappedRepresentation',(#3086));
#3088=IFCPRODUCTDEFINITIONSHAPE($,$,(#3087));
#3089=IFCCARTESIANPOINT((7184.4931710057399,7722.0631176918369,1514.8100000000052));
#3090=IFCAXIS2PLACEMENT3D(#3089,#200,#1606);
#3091=IFCLOCALPLACEMENT(#25,#3090);
#3092=IFCBUILDINGELEMENTPROXY('1kkNhPW5XF4BusAPV6zRLm',#6,'Tile:Tile 100.4x100.4 Blue:483997',$,$,#3091,#3088,'483997',$);
#3093=IFCPROPERTYSET('25HKO88beumjLHUj1g43HE',#6,'Pset_BuildingElementProxyCommon',$,(#2300));
#3094=IFCPROPERTYSET('1Avlrh4hvPrNQoGDCx_Umo',#6,'Pset_QuantityTakeOff',$,(#2300));
#3095=IFCRELDEFINESBYPROPERTIES('03MPlQ1Y_bkyMbPrHXVme8',#6,$,$,(#3092),#3093);
#3096=IFCRELDEFINESBYPROPERTIES('1S29a8juNC8BQKZBxUX1FC',#6,$,$,(#3092),#3094);
#3097=IFCMAPPEDITEM(#2886,#195);
#3098=IFCSHAPEREPRESENTATION(#16,'Body','MappedRepresentation',(#3097));
#3099=IFCPRODUCTDEFINITIONSHAPE($,$,(#3098));
#3100=IFCCARTESIANPOINT((7184.493171005739,7619.6631176918281,1514.8100000000047));
#3101=IFCAXIS2PLACEMENT3D(#3100,#200,#1606);
#3102=IFCLOCALPLACEMENT(#25,#3101);
#3103=IFCBUILDINGELEMENTPROXY('1kkNhPW5XF4BusAPV6zRLp',#6,'Tile:Tile 100.4x100.4 Blue:483998',$,$,#3102,#3099,'483998',$);
#3104=IFCPROPERTYSET('0jvt$8FOno2_y79xwQgCnV',#6,'Pset_BuildingElementProxyCommon',$,(#2300));
#3105=IFCPROPERTYSET('0AdAzrvuTV3VWaS0UCzR3O',#6,'Pset_QuantityTakeOff',$,(#2300));
#3106=IFCRELDEFINESBYPROPERTIES('0UjE8mzhbgVlc$f69q0ktL',#6,$,$,(#3103),#3104);
#3107=IFCRELDEFINESBYPROPERTIES('2j9e1vaXnvcRBUouDfPmlE',#6,$,$,(#3103),#3105);
#3108=IFCCARTESIANPOINT((0.,0.));
#3109=IFCAXIS2PLACEMENT2D(#3108,#171);
#3110=IFCRECTANGLEPROFILEDEF(.AREA.,'Corte',#3109,149.5,92.);
#3111=IFCCARTESIANPOINT((-46.,-74.750000000008427,-0.));
#3112=IFCAXIS2PLACEMENT3D(#3111,#35,#36);
#3113=IFCEXTRUDEDAREASOLID(#3110,#3112,#35,6.9999999999999973);
#3114=IFCCOLOURRGB($,0.,0.50196078431372548,0.);
#3115=IFCSURFACESTYLERENDERING(#3114,0.,$,$,$,$,IFCNORMALISEDRATIOMEASURE(0.5),IFCSPECULAREXPONENT(64.),.NOTDEFINED.);
#3116=IFCSURFACESTYLE('Tile Green',.BOTH.,(#3115));
#3117=IFCPRESENTATIONSTYLEASSIGNMENT((#3116));
#3118=IFCSTYLEDITEM(#3113,(#3117),$);
#3119=IFCSHAPEREPRESENTATION(#16,'Body','SweptSolid',(#3113));
#3120=IFCAXIS2PLACEMENT3D(#11,$,$);
#3121=IFCREPRESENTATIONMAP(#3120,#3119);
#3122=IFCBUILDINGELEMENTPROXYTYPE('021fctLO9BvvcLxrYNuBbv',#6,'Tile:Corte',$,$,$,(#3121),'519381',$,.NOTDEFINED.);
#3123=IFCMATERIAL('Tile Green');
#3124=IFCPRESENTATIONSTYLEASSIGNMENT((#3116));
#3125=IFCSTYLEDITEM($,(#3124),$);
#3126=IFCSTYLEDREPRESENTATION(#14,'Style','Material',(#3125));
#3127=IFCMATERIALDEFINITIONREPRESENTATION($,$,(#3126),#3123);
#3128=IFCMAPPEDITEM(#3121,#195);
#3129=IFCSHAPEREPRESENTATION(#16,'Body','MappedRepresentation',(#3128));
#3130=IFCPRODUCTDEFINITIONSHAPE($,$,(#3129));
#3131=IFCCARTESIANPOINT((7184.4931710057399,7922.6631176918527,1709.5225000000089));
#3132=IFCAXIS2PLACEMENT3D(#3131,#200,#35);
#3133=IFCLOCALPLACEMENT(#25,#3132);
#3134=IFCBUILDINGELEMENTPROXY('1kkNhPW5XF4BusAPV6zRIf',#6,'Tile:Corte:484164',$,$,#3133,#3130,'484164',$);
#3135=IFCPROPERTYSINGLEVALUE('Reference',$,IFCIDENTIFIER('Corte'),$);
#3136=IFCPROPERTYSET('3hgZWKbG07BKalHqFZMT7c',#6,'Pset_BuildingElementProxyCommon',$,(#3135));
#3137=IFCPROPERTYSET('0KgyuR3oYgPimPn9KBaw6h',#6,'Pset_QuantityTakeOff',$,(#3135));
#3138=IFCRELDEFINESBYPROPERTIES('07N2PQqxv10tGLfPHURTd9',#6,$,$,(#3134),#3136);
#3139=IFCRELDEFINESBYPROPERTIES('2GZRtJePN$aWCxKntUMSrZ',#6,$,$,(#3134),#3137);
#3140=IFCMAPPEDITEM(#3121,#195);
#3141=IFCSHAPEREPRESENTATION(#16,'Body','MappedRepresentation',(#3140));
#3142=IFCPRODUCTDEFINITIONSHAPE($,$,(#3141));
#3143=IFCCARTESIANPOINT((7184.4931710057399,7771.1631176918527,1709.4443750000089));
#3144=IFCAXIS2PLACEMENT3D(#3143,#200,#35);
#3145=IFCLOCALPLACEMENT(#25,#3144);
#3146=IFCBUILDINGELEMENTPROXY('1kkNhPW5XF4BusAPV6zRIe',#6,'Tile:Corte:484165',$,$,#3145,#3142,'484165',$);
#3147=IFCPROPERTYSET('1899R9i$ampLq3iOH7Tlr5',#6,'Pset_BuildingElementProxyCommon',$,(#3135));
#3148=IFCPROPERTYSET('0tVBQeeP$U69h518G2Ey21',#6,'Pset_QuantityTakeOff',$,(#3135));
#3149=IFCRELDEFINESBYPROPERTIES('2t0nGjMGMjOOcXaWAFa5n5',#6,$,$,(#3146),#3147);
#3150=IFCRELDEFINESBYPROPERTIES('2PBUp2XZVLN3x$rF1tnGtP',#6,$,$,(#3146),#3148);
#3151=IFCMAPPEDITEM(#3121,#195);
#3152=IFCSHAPEREPRESENTATION(#16,'Body','MappedRepresentation',(#3151));
#3153=IFCPRODUCTDEFINITIONSHAPE($,$,(#3152));
#3154=IFCCARTESIANPOINT((7184.493171005739,7619.6631176918527,1709.4443750000062));
#3155=IFCAXIS2PLACEMENT3D(#3154,#200,#35);
#3156=IFCLOCALPLACEMENT(#25,#3155);
#3157=IFCBUILDINGELEMENTPROXY('1kkNhPW5XF4BusAPV6zRIh',#6,'Tile:Corte:484166',$,$,#3156,#3153,'484166',$);
#3158=IFCPROPERTYSET('0nBzpIiuzoKIbbU8Zf$JH5',#6,'Pset_BuildingElementProxyCommon',$,(#3135));
#3159=IFCPROPERTYSET('1MQauktnI921dhM0p4nnIM',#6,'Pset_QuantityTakeOff',$,(#3135));
#3160=IFCRELDEFINESBYPROPERTIES('0pX3NxeGkqRB6$3kq$1laF',#6,$,$,(#3157),#3158);
#3161=IFCRELDEFINESBYPROPERTIES('2nH8Y49Trv8MhpxFTDSAmV',#6,$,$,(#3157),#3159);
#3162=IFCMAPPEDITEM(#3121,#195);
#3163=IFCSHAPEREPRESENTATION(#16,'Body','MappedRepresentation',(#3162));
#3164=IFCPRODUCTDEFINITIONSHAPE($,$,(#3163));
#3165=IFCCARTESIANPOINT((7184.493171005739,7468.1631176918518,1709.4443750000089));
#3166=IFCAXIS2PLACEMENT3D(#3165,#200,#35);
#3167=IFCLOCALPLACEMENT(#25,#3166);
#3168=IFCBUILDINGELEMENTPROXY('1kkNhPW5XF4BusAPV6zRIg',#6,'Tile:Corte:484167',$,$,#3167,#3164,'484167',$);
#3169=IFCPROPERTYSET('3Qcu3HzBKyZExBmKv0vbJg',#6,'Pset_BuildingElementProxyCommon',$,(#3135));
#3170=IFCPROPERTYSET('2cWEW4hdv9NoWyKVyDjW95',#6,'Pset_QuantityTakeOff',$,(#3135));
#3171=IFCRELDEFINESBYPROPERTIES('2sgOJRcDv1Fsd3q4vlOQfl',#6,$,$,(#3168),#3169);
#3172=IFCRELDEFINESBYPROPERTIES('00W6NOk_4Fyrk$hchaqDkP',#6,$,$,(#3168),#3170);
#3173=IFCCARTESIANPOINT((0.,0.));
#3174=IFCAXIS2PLACEMENT2D(#3173,#171);
#3175=IFCRECTANGLEPROFILEDEF(.AREA.,'Tile 149.5x149.5 Green',#3174,149.5,149.5);
#3176=IFCCARTESIANPOINT((-74.749999999993747,-74.750000000008427,-0.));
#3177=IFCAXIS2PLACEMENT3D(#3176,#35,#36);
#3178=IFCEXTRUDEDAREASOLID(#3175,#3177,#35,6.9999999999999973);
#3179=IFCSTYLEDITEM(#3178,(#3117),$);
#3180=IFCSHAPEREPRESENTATION(#16,'Body','SweptSolid',(#3178));
#3181=IFCAXIS2PLACEMENT3D(#11,$,$);
#3182=IFCREPRESENTATIONMAP(#3181,#3180);
#3183=IFCBUILDINGELEMENTPROXYTYPE('1zzk4Pvb51xAijoPDrx43M',#6,'Tile:Tile 149.5x149.5 Green',$,$,$,(#3182),'444153',$,.NOTDEFINED.);
#3184=IFCMAPPEDITEM(#3182,#195);
#3185=IFCSHAPEREPRESENTATION(#16,'Body','MappedRepresentation',(#3184));
#3186=IFCPRODUCTDEFINITIONSHAPE($,$,(#3185));
#3187=IFCCARTESIANPOINT((7184.4931710057399,7922.6631176918545,1615.2100000000084));
#3188=IFCAXIS2PLACEMENT3D(#3187,#200,#35);
#3189=IFCLOCALPLACEMENT(#25,#3188);
#3190=IFCBUILDINGELEMENTPROXY('1kkNhPW5XF4BusAPV6zRIb',#6,'Tile:Tile 149.5x149.5 Green:484168',$,$,#3189,#3186,'484168',$);
#3191=IFCPROPERTYSINGLEVALUE('Reference',$,IFCIDENTIFIER('Tile 149.5x149.5 Green'),$);
#3192=IFCPROPERTYSET('08rPyAIlrAtwu9yEkPFJYN',#6,'Pset_BuildingElementProxyCommon',$,(#3191));
#3193=IFCPROPERTYSET('1zhEXn1Sn3CooZUFm1pmwA',#6,'Pset_QuantityTakeOff',$,(#3191));
#3194=IFCRELDEFINESBYPROPERTIES('1VJjZ2NSmLB5TUYTrjM4Q7',#6,$,$,(#3190),#3192);
#3195=IFCRELDEFINESBYPROPERTIES('3kY1GDbuQzFp4wliS3zz5b',#6,$,$,(#3190),#3193);
#3196=IFCMAPPEDITEM(#3182,#195);
#3197=IFCSHAPEREPRESENTATION(#16,'Body','MappedRepresentation',(#3196));
#3198=IFCPRODUCTDEFINITIONSHAPE($,$,(#3197));
#3199=IFCCARTESIANPOINT((7184.493171005739,7468.1631176918545,1615.2100000000078));
#3200=IFCAXIS2PLACEMENT3D(#3199,#200,#35);
#3201=IFCLOCALPLACEMENT(#25,#3200);
#3202=IFCBUILDINGELEMENTPROXY('1kkNhPW5XF4BusAPV6zRIa',#6,'Tile:Tile 149.5x149.5 Green:484169',$,$,#3201,#3198,'484169',$);
#3203=IFCPROPERTYSET('2odJZ3sE6yMqN5qVItfoY_',#6,'Pset_BuildingElementProxyCommon',$,(#3191));
#3204=IFCPROPERTYSET('0NEVk7A6C7zP9nQMwpUevm',#6,'Pset_QuantityTakeOff',$,(#3191));
#3205=IFCRELDEFINESBYPROPERTIES('1Elb63QlPTTeMM9k4A55J5',#6,$,$,(#3202),#3203);
#3206=IFCRELDEFINESBYPROPERTIES('3btUhuAiMYIzP3zgtBi5To',#6,$,$,(#3202),#3204);
#3207=IFCMAPPEDITEM(#3182,#195);
#3208=IFCSHAPEREPRESENTATION(#16,'Body','MappedRepresentation',(#3207));
#3209=IFCPRODUCTDEFINITIONSHAPE($,$,(#3208));
#3210=IFCCARTESIANPOINT((7184.4931710057399,7922.6631176918527,1463.7100000000087));
#3211=IFCAXIS2PLACEMENT3D(#3210,#200,#35);
#3212=IFCLOCALPLACEMENT(#25,#3211);
#3213=IFCBUILDINGELEMENTPROXY('1kkNhPW5XF4BusAPV6zRId',#6,'Tile:Tile 149.5x149.5 Green:484170',$,$,#3212,#3209,'484170',$);
#3214=IFCPROPERTYSET('39z1j1ZJgjBqR$Uv8TntM8',#6,'Pset_BuildingElementProxyCommon',$,(#3191));
#3215=IFCPROPERTYSET('1YbeL9tHRBb_HVHrvvf6_M',#6,'Pset_QuantityTakeOff',$,(#3191));
#3216=IFCRELDEFINESBYPROPERTIES('0Q$wMGat0AQXMd$OCIhpcB',#6,$,$,(#3213),#3214);
#3217=IFCRELDEFINESBYPROPERTIES('3oyBdAcytuhtKzCT53Na5j',#6,$,$,(#3213),#3215);
#3218=IFCMAPPEDITEM(#3182,#195);
#3219=IFCSHAPEREPRESENTATION(#16,'Body','MappedRepresentation',(#3218));
#3220=IFCPRODUCTDEFINITIONSHAPE($,$,(#3219));
#3221=IFCCARTESIANPOINT((7184.493171005739,7468.1631176918518,1463.7100000000082));
#3222=IFCAXIS2PLACEMENT3D(#3221,#200,#35);
#3223=IFCLOCALPLACEMENT(#25,#3222);
#3224=IFCBUILDINGELEMENTPROXY('1kkNhPW5XF4BusAPV6zRIc',#6,'Tile:Tile 149.5x149.5 Green:484171',$,$,#3223,#3220,'484171',$);
#3225=IFCPROPERTYSET('2OIJWVRnjISkeHTxnYUSSB',#6,'Pset_BuildingElementProxyCommon',$,(#3191));
#3226=IFCPROPERTYSET('0MVojA5nMD12DhS5eOpnqo',#6,'Pset_QuantityTakeOff',$,(#3191));
#3227=IFCRELDEFINESBYPROPERTIES('25NfW5FGv72aJzj1$anOqn',#6,$,$,(#3224),#3225);
#3228=IFCRELDEFINESBYPROPERTIES('01pu1SDGL3PWsOyCDYbxS_',#6,$,$,(#3224),#3226);
#3229=IFCMAPPEDITEM(#3182,#195);
#3230=IFCSHAPEREPRESENTATION(#16,'Body','MappedRepresentation',(#3229));
#3231=IFCPRODUCTDEFINITIONSHAPE($,$,(#3230));
#3232=IFCCARTESIANPOINT((7184.4931710057399,7922.6631176918527,1312.2100000000091));
#3233=IFCAXIS2PLACEMENT3D(#3232,#200,#35);
#3234=IFCLOCALPLACEMENT(#25,#3233);
#3235=IFCBUILDINGELEMENTPROXY('1kkNhPW5XF4BusAPV6zRIX',#6,'Tile:Tile 149.5x149.5 Green:484172',$,$,#3234,#3231,'484172',$);
#3236=IFCPROPERTYSET('2kILS8JGPqj$gswU_Ygarn',#6,'Pset_BuildingElementProxyCommon',$,(#3191));
#3237=IFCPROPERTYSET('3DTfYVHlJSHz04xO1JhTWR',#6,'Pset_QuantityTakeOff',$,(#3191));
#3238=IFCRELDEFINESBYPROPERTIES('0KmaAowvp6dQ2uqHGDRkJr',#6,$,$,(#3235),#3236);
#3239=IFCRELDEFINESBYPROPERTIES('0Dw5XJLTxiDcywq7eEzHYj',#6,$,$,(#3235),#3237);
#3240=IFCMAPPEDITEM(#3182,#195);
#3241=IFCSHAPEREPRESENTATION(#16,'Body','MappedRepresentation',(#3240));
#3242=IFCPRODUCTDEFINITIONSHAPE($,$,(#3241));
#3243=IFCCARTESIANPOINT((7184.493171005739,7468.1631176918518,1312.2100000000084));
#3244=IFCAXIS2PLACEMENT3D(#3243,#200,#35);
#3245=IFCLOCALPLACEMENT(#25,#3244);
#3246=IFCBUILDINGELEMENTPROXY('1kkNhPW5XF4BusAPV6zRIW',#6,'Tile:Tile 149.5x149.5 Green:484173',$,$,#3245,#3242,'484173',$);
#3247=IFCPROPERTYSET('0_gSdkL1P5l8W7O4ABPJsZ',#6,'Pset_BuildingElementProxyCommon',$,(#3191));
#3248=IFCPROPERTYSET('2oJPx8Cm7sjZyydPK4mqtu',#6,'Pset_QuantityTakeOff',$,(#3191));
#3249=IFCRELDEFINESBYPROPERTIES('19gt2MZ8asZ_PiFFNE0_oR',#6,$,$,(#3246),#3247);
#3250=IFCRELDEFINESBYPROPERTIES('1v6Sj8EMyqQ9DWN54I824C',#6,$,$,(#3246),#3248);
#3251=IFCMAPPEDITEM(#3182,#195);
#3252=IFCSHAPEREPRESENTATION(#16,'Body','MappedRepresentation',(#3251));
#3253=IFCPRODUCTDEFINITIONSHAPE($,$,(#3252));
#3254=IFCCARTESIANPOINT((7184.4931710057399,7922.6631176918527,1160.7100000000094));
#3255=IFCAXIS2PLACEMENT3D(#3254,#200,#35);
#3256=IFCLOCALPLACEMENT(#25,#3255);
#3257=IFCBUILDINGELEMENTPROXY('1kkNhPW5XF4BusAPV6zRIZ',#6,'Tile:Tile 149.5x149.5 Green:484174',$,$,#3256,#3253,'484174',$);
#3258=IFCPROPERTYSET('1YOvc3RVjYlSZ_TOToz3zX',#6,'Pset_BuildingElementProxyCommon',$,(#3191));
#3259=IFCPROPERTYSET('2YmyYnD_Jp5kOK5OYdn55c',#6,'Pset_QuantityTakeOff',$,(#3191));
#3260=IFCRELDEFINESBYPROPERTIES('1eSvQR8nzz2s4iNulURsY5',#6,$,$,(#3257),#3258);
#3261=IFCRELDEFINESBYPROPERTIES('1QUeqTaTdPxOACKgiNIY9d',#6,$,$,(#3257),#3259);
#3262=IFCMAPPEDITEM(#3182,#195);
#3263=IFCSHAPEREPRESENTATION(#16,'Body','MappedRepresentation',(#3262));
#3264=IFCPRODUCTDEFINITIONSHAPE($,$,(#3263));
#3265=IFCCARTESIANPOINT((7184.493171005739,7468.1631176918518,1160.7100000000087));
#3266=IFCAXIS2PLACEMENT3D(#3265,#200,#35);
#3267=IFCLOCALPLACEMENT(#25,#3266);
#3268=IFCBUILDINGELEMENTPROXY('1kkNhPW5XF4BusAPV6zRIY',#6,'Tile:Tile 149.5x149.5 Green:484175',$,$,#3267,#3264,'484175',$);
#3269=IFCPROPERTYSET('3pDyD88untakZchFvxyYCy',#6,'Pset_BuildingElementProxyCommon',$,(#3191));
#3270=IFCPROPERTYSET('3Jb39ujgZz1xbnMM3Aeeck',#6,'Pset_QuantityTakeOff',$,(#3191));
#3271=IFCRELDEFINESBYPROPERTIES('06iiM6cDc969Vy96xS3wyZ',#6,$,$,(#3268),#3269);
#3272=IFCRELDEFINESBYPROPERTIES('3CVrUeLT2Uu_hlH3dbc0si',#6,$,$,(#3268),#3270);
#3273=IFCMAPPEDITEM(#3182,#195);
#3274=IFCSHAPEREPRESENTATION(#16,'Body','MappedRepresentation',(#3273));
#3275=IFCPRODUCTDEFINITIONSHAPE($,$,(#3274));
#3276=IFCCARTESIANPOINT((7184.4931710057399,7922.6631176918527,1009.2100000000094));
#3277=IFCAXIS2PLACEMENT3D(#3276,#200,#35);
#3278=IFCLOCALPLACEMENT(#25,#3277);
#3279=IFCBUILDINGELEMENTPROXY('1kkNhPW5XF4BusAPV6zRIz',#6,'Tile:Tile 149.5x149.5 Green:484176',$,$,#3278,#3275,'484176',$);
#3280=IFCPROPERTYSET('3sYT1PJfxvXY6U3pA35Vlf',#6,'Pset_BuildingElementProxyCommon',$,(#3191));
#3281=IFCPROPERTYSET('0b2KLiG8TLZNSFKJ4CuTz3',#6,'Pset_QuantityTakeOff',$,(#3191));
#3282=IFCRELDEFINESBYPROPERTIES('1bPt$JMptbzK6mES$_hiBh',#6,$,$,(#3279),#3280);
#3283=IFCRELDEFINESBYPROPERTIES('00BgZlBOBfkNTwJ9HHFEzL',#6,$,$,(#3279),#3281);
#3284=IFCMAPPEDITEM(#3182,#195);
#3285=IFCSHAPEREPRESENTATION(#16,'Body','MappedRepresentation',(#3284));
#3286=IFCPRODUCTDEFINITIONSHAPE($,$,(#3285));
#3287=IFCCARTESIANPOINT((7184.4931710057399,7771.1631176918527,1009.2100000000088));
#3288=IFCAXIS2PLACEMENT3D(#3287,#200,#35);
#3289=IFCLOCALPLACEMENT(#25,#3288);
#3290=IFCBUILDINGELEMENTPROXY('1kkNhPW5XF4BusAPV6zRIy',#6,'Tile:Tile 149.5x149.5 Green:484177',$,$,#3289,#3286,'484177',$);
#3291=IFCPROPERTYSET('32muik1q3ZULlBxRPYPQpL',#6,'Pset_BuildingElementProxyCommon',$,(#3191));
#3292=IFCPROPERTYSET('2F$hbK6Co1IXWPsf3ZjEnD',#6,'Pset_QuantityTakeOff',$,(#3191));
#3293=IFCRELDEFINESBYPROPERTIES('27vohrDB4UroxrrFe0Ywls',#6,$,$,(#3290),#3291);
#3294=IFCRELDEFINESBYPROPERTIES('3gWjMVQKF6j2jUmh76aio6',#6,$,$,(#3290),#3292);
#3295=IFCMAPPEDITEM(#3182,#195);
#3296=IFCSHAPEREPRESENTATION(#16,'Body','MappedRepresentation',(#3295));
#3297=IFCPRODUCTDEFINITIONSHAPE($,$,(#3296));
#3298=IFCCARTESIANPOINT((7184.493171005739,7619.6631176918527,1009.2100000000061));
#3299=IFCAXIS2PLACEMENT3D(#3298,#200,#35);
#3300=IFCLOCALPLACEMENT(#25,#3299);
#3301=IFCBUILDINGELEMENTPROXY('1kkNhPW5XF4BusAPV6zRI$',#6,'Tile:Tile 149.5x149.5 Green:484178',$,$,#3300,#3297,'484178',$);
#3302=IFCPROPERTYSET('0R6XccD9VSPhjaBrBuALcH',#6,'Pset_BuildingElementProxyCommon',$,(#3191));
#3303=IFCPROPERTYSET('1jKIakU8PR_r4yLPUO1ZcQ',#6,'Pset_QuantityTakeOff',$,(#3191));
#3304=IFCRELDEFINESBYPROPERTIES('2t6f3DENbzzrs7EWmtst7w',#6,$,$,(#3301),#3302);
#3305=IFCRELDEFINESBYPROPERTIES('3y3P5uaZS_X016aun$p1Ym',#6,$,$,(#3301),#3303);
#3306=IFCMAPPEDITEM(#3182,#195);
#3307=IFCSHAPEREPRESENTATION(#16,'Body','MappedRepresentation',(#3306));
#3308=IFCPRODUCTDEFINITIONSHAPE($,$,(#3307));
#3309=IFCCARTESIANPOINT((7184.493171005739,7468.1631176918518,1009.2100000000088));
#3310=IFCAXIS2PLACEMENT3D(#3309,#200,#35);
#3311=IFCLOCALPLACEMENT(#25,#3310);
#3312=IFCBUILDINGELEMENTPROXY('1kkNhPW5XF4BusAPV6zRI_',#6,'Tile:Tile 149.5x149.5 Green:484179',$,$,#3311,#3308,'484179',$);
#3313=IFCPROPERTYSET('2VSHDHFwX_r9nRie_lqJr3',#6,'Pset_BuildingElementProxyCommon',$,(#3191));
#3314=IFCPROPERTYSET('3m7ZlJvtWXNRVaI50tS3I4',#6,'Pset_QuantityTakeOff',$,(#3191));
#3315=IFCRELDEFINESBYPROPERTIES('0_Sq103XmRKNlImJOMwqCi',#6,$,$,(#3312),#3313);
#3316=IFCRELDEFINESBYPROPERTIES('3rysFyFiC9f7H1dca1N2hq',#6,$,$,(#3312),#3314);
#3317=IFCMAPPEDITEM(#3182,#195);
#3318=IFCSHAPEREPRESENTATION(#16,'Body','MappedRepresentation',(#3317));
#3319=IFCPRODUCTDEFINITIONSHAPE($,$,(#3318));
#3320=IFCCARTESIANPOINT((7184.4931710057399,7922.6631176918527,857.71000000000936));
#3321=IFCAXIS2PLACEMENT3D(#3320,#200,#35);
#3322=IFCLOCALPLACEMENT(#25,#3321);
#3323=IFCBUILDINGELEMENTPROXY('1kkNhPW5XF4BusAPV6zRIv',#6,'Tile:Tile 149.5x149.5 Green:484180',$,$,#3322,#3319,'484180',$);
#3324=IFCPROPERTYSET('1ZWKeJyQWyjEEGcm76yXEr',#6,'Pset_BuildingElementProxyCommon',$,(#3191));
#3325=IFCPROPERTYSET('2ybz6HQzvDZMIgxecFUnO7',#6,'Pset_QuantityTakeOff',$,(#3191));
#3326=IFCRELDEFINESBYPROPERTIES('1CvxBl8bOIZWf$BWGYbW2$',#6,$,$,(#3323),#3324);
#3327=IFCRELDEFINESBYPROPERTIES('3MoKZaDLx1SGeieZMs4qyi',#6,$,$,(#3323),#3325);
#3328=IFCMAPPEDITEM(#3182,#195);
#3329=IFCSHAPEREPRESENTATION(#16,'Body','MappedRepresentation',(#3328));
#3330=IFCPRODUCTDEFINITIONSHAPE($,$,(#3329));
#3331=IFCCARTESIANPOINT((7184.493171005739,7468.1631176918518,857.71000000000879));
#3332=IFCAXIS2PLACEMENT3D(#3331,#200,#35);
#3333=IFCLOCALPLACEMENT(#25,#3332);
#3334=IFCBUILDINGELEMENTPROXY('1kkNhPW5XF4BusAPV6zRIu',#6,'Tile:Tile 149.5x149.5 Green:484181',$,$,#3333,#3330,'484181',$);
#3335=IFCPROPERTYSET('2jhnVMZxuqmfdhMJ3_eUb_',#6,'Pset_BuildingElementProxyCommon',$,(#3191));
#3336=IFCPROPERTYSET('3EDGIpgBk4JsNgE9z_Sos2',#6,'Pset_QuantityTakeOff',$,(#3191));
#3337=IFCRELDEFINESBYPROPERTIES('30H6Zeohd6w1cjOwd_fDS2',#6,$,$,(#3334),#3335);
#3338=IFCRELDEFINESBYPROPERTIES('0x42EIjAdjiTgEX4mv1sVu',#6,$,$,(#3334),#3336);
#3339=IFCMAPPEDITEM(#3182,#195);
#3340=IFCSHAPEREPRESENTATION(#16,'Body','MappedRepresentation',(#3339));
#3341=IFCPRODUCTDEFINITIONSHAPE($,$,(#3340));
#3342=IFCCARTESIANPOINT((7184.4931710057399,7922.6631176918527,706.21000000000947));
#3343=IFCAXIS2PLACEMENT3D(#3342,#200,#35);
#3344=IFCLOCALPLACEMENT(#25,#3343);
#3345=IFCBUILDINGELEMENTPROXY('1kkNhPW5XF4BusAPV6zRIx',#6,'Tile:Tile 149.5x149.5 Green:484182',$,$,#3344,#3341,'484182',$);
#3346=IFCPROPERTYSET('3RwaMJuvKqsXkp2J9hV0U$',#6,'Pset_BuildingElementProxyCommon',$,(#3191));
#3347=IFCPROPERTYSET('2YOvzabnECi4IT34DGJ5KX',#6,'Pset_QuantityTakeOff',$,(#3191));
#3348=IFCRELDEFINESBYPROPERTIES('2W0Tqr_OrE4ON1TCepbIct',#6,$,$,(#3345),#3346);
#3349=IFCRELDEFINESBYPROPERTIES('1CIgG5ywcf7A$vxFVqqcwz',#6,$,$,(#3345),#3347);
#3350=IFCMAPPEDITEM(#3182,#195);
#3351=IFCSHAPEREPRESENTATION(#16,'Body','MappedRepresentation',(#3350));
#3352=IFCPRODUCTDEFINITIONSHAPE($,$,(#3351));
#3353=IFCCARTESIANPOINT((7184.493171005739,7468.1631176918518,706.2100000000089));
#3354=IFCAXIS2PLACEMENT3D(#3353,#200,#35);
#3355=IFCLOCALPLACEMENT(#25,#3354);
#3356=IFCBUILDINGELEMENTPROXY('1kkNhPW5XF4BusAPV6zRIw',#6,'Tile:Tile 149.5x149.5 Green:484183',$,$,#3355,#3352,'484183',$);
#3357=IFCPROPERTYSET('0GjvpdHnYHykqUo8w5nriO',#6,'Pset_BuildingElementProxyCommon',$,(#3191));
#3358=IFCPROPERTYSET('3MhkiSgb8W2KS0p1tpct07',#6,'Pset_QuantityTakeOff',$,(#3191));
#3359=IFCRELDEFINESBYPROPERTIES('0kBmqP7a_ddfz06ZeZD2fY',#6,$,$,(#3356),#3357);
#3360=IFCRELDEFINESBYPROPERTIES('24vl6uHeFtjyZGSbeEIa7W',#6,$,$,(#3356),#3358);
#3361=IFCMAPPEDITEM(#3182,#195);
#3362=IFCSHAPEREPRESENTATION(#16,'Body','MappedRepresentation',(#3361));
#3363=IFCPRODUCTDEFINITIONSHAPE($,$,(#3362));
#3364=IFCCARTESIANPOINT((7184.4931710057399,7922.6631176918527,554.71000000000947));
#3365=IFCAXIS2PLACEMENT3D(#3364,#200,#35);
#3366=IFCLOCALPLACEMENT(#25,#3365);
#3367=IFCBUILDINGELEMENTPROXY('1kkNhPW5XF4BusAPV6zRIr',#6,'Tile:Tile 149.5x149.5 Green:484184',$,$,#3366,#3363,'484184',$);
#3368=IFCPROPERTYSET('0Oc1Bea7MWi7p4bpO_XGoB',#6,'Pset_BuildingElementProxyCommon',$,(#3191));
#3369=IFCPROPERTYSET('2s6k9wcKdquY7l7f2AQW9c',#6,'Pset_QuantityTakeOff',$,(#3191));
#3370=IFCRELDEFINESBYPROPERTIES('1VImunlWCl8f0Mduv$wJ3x',#6,$,$,(#3367),#3368);
#3371=IFCRELDEFINESBYPROPERTIES('3CJxoh57nEUwmyMkGlT6Qo',#6,$,$,(#3367),#3369);
#3372=IFCMAPPEDITEM(#3182,#195);
#3373=IFCSHAPEREPRESENTATION(#16,'Body','MappedRepresentation',(#3372));
#3374=IFCPRODUCTDEFINITIONSHAPE($,$,(#3373));
#3375=IFCCARTESIANPOINT((7184.493171005739,7468.1631176918518,554.7100000000089));
#3376=IFCAXIS2PLACEMENT3D(#3375,#200,#35);
#3377=IFCLOCALPLACEMENT(#25,#3376);
#3378=IFCBUILDINGELEMENTPROXY('1kkNhPW5XF4BusAPV6zRIq',#6,'Tile:Tile 149.5x149.5 Green:484185',$,$,#3377,#3374,'484185',$);
#3379=IFCPROPERTYSET('1nFezNXsfdSqz1Xmyw2iwp',#6,'Pset_BuildingElementProxyCommon',$,(#3191));
#3380=IFCPROPERTYSET('13OsqOJ66oiXk3NXHi9aaw',#6,'Pset_QuantityTakeOff',$,(#3191));
#3381=IFCRELDEFINESBYPROPERTIES('1ZU_Qxvr1aAovormcGz4L6',#6,$,$,(#3378),#3379);
#3382=IFCRELDEFINESBYPROPERTIES('1YOoKGqFCvOS_EcI$9SZUR',#6,$,$,(#3378),#3380);
#3383=IFCMAPPEDITEM(#3182,#195);
#3384=IFCSHAPEREPRESENTATION(#16,'Body','MappedRepresentation',(#3383));
#3385=IFCPRODUCTDEFINITIONSHAPE($,$,(#3384));
#3386=IFCCARTESIANPOINT((7184.4931710057399,7922.6631176918527,403.21000000000947));
#3387=IFCAXIS2PLACEMENT3D(#3386,#200,#35);
#3388=IFCLOCALPLACEMENT(#25,#3387);
#3389=IFCBUILDINGELEMENTPROXY('1kkNhPW5XF4BusAPV6zRIt',#6,'Tile:Tile 149.5x149.5 Green:484186',$,$,#3388,#3385,'484186',$);
#3390=IFCPROPERTYSET('3e9ME0Oc$76DCW6y87fmBb',#6,'Pset_BuildingElementProxyCommon',$,(#3191));
#3391=IFCPROPERTYSET('1iTubsbquHHjyRPcuS1JSe',#6,'Pset_QuantityTakeOff',$,(#3191));
#3392=IFCRELDEFINESBYPROPERTIES('2GacFi86F$3hO_rVVnyXIL',#6,$,$,(#3389),#3390);
#3393=IFCRELDEFINESBYPROPERTIES('0PwDxv6lHurkJwfLnDs2Kj',#6,$,$,(#3389),#3391);
#3394=IFCMAPPEDITEM(#3182,#195);
#3395=IFCSHAPEREPRESENTATION(#16,'Body','MappedRepresentation',(#3394));
#3396=IFCPRODUCTDEFINITIONSHAPE($,$,(#3395));
#3397=IFCCARTESIANPOINT((7184.493171005739,7468.1631176918518,403.21000000000896));
#3398=IFCAXIS2PLACEMENT3D(#3397,#200,#35);
#3399=IFCLOCALPLACEMENT(#25,#3398);
#3400=IFCBUILDINGELEMENTPROXY('1kkNhPW5XF4BusAPV6zRIs',#6,'Tile:Tile 149.5x149.5 Green:484187',$,$,#3399,#3396,'484187',$);
#3401=IFCPROPERTYSET('3eAu$$pIp_m279S6J_u1J1',#6,'Pset_BuildingElementProxyCommon',$,(#3191));
#3402=IFCPROPERTYSET('1GU0iqOZxIsqts_$aQJoW6',#6,'Pset_QuantityTakeOff',$,(#3191));
#3403=IFCRELDEFINESBYPROPERTIES('2kJDoEXTV5cmIqLYwhBKMP',#6,$,$,(#3400),#3401);
#3404=IFCRELDEFINESBYPROPERTIES('3PS56E0hIfpqxepxWik1cr',#6,$,$,(#3400),#3402);
#3405=IFCCARTESIANPOINT((0.,0.));
#3406=IFCAXIS2PLACEMENT2D(#3405,#171);
#3407=IFCRECTANGLEPROFILEDEF(.AREA.,'Tile 149.5x149.5 Green',#3406,131.19900000000001,149.5);
#3408=IFCCARTESIANPOINT((-65.599499999993739,-74.750000000008427,-0.));
#3409=IFCAXIS2PLACEMENT3D(#3408,#35,#200);
#3410=IFCEXTRUDEDAREASOLID(#3407,#3409,#35,6.9999999999999973);
#3411=IFCSTYLEDITEM(#3410,(#3117),$);
#3412=IFCSHAPEREPRESENTATION(#16,'Body','SweptSolid',(#3410));
#3413=IFCAXIS2PLACEMENT3D(#11,$,$);
#3414=IFCREPRESENTATIONMAP(#3413,#3412);
#3415=IFCBUILDINGELEMENTPROXYTYPE('1zzk4Pvb51xAijoPDrx4hx',#6,'Tile:Tile 149.5x149.5 Green',$,$,$,(#3414),'444153',$,.NOTDEFINED.);
#3416=IFCMAPPEDITEM(#3414,#195);
#3417=IFCSHAPEREPRESENTATION(#16,'Body','MappedRepresentation',(#3416));
#3418=IFCPRODUCTDEFINITIONSHAPE($,$,(#3417));
#3419=IFCCARTESIANPOINT((7184.4931710057399,7922.6631176918527,251.71000000000959));
#3420=IFCAXIS2PLACEMENT3D(#3419,#200,#35);
#3421=IFCLOCALPLACEMENT(#25,#3420);
#3422=IFCBUILDINGELEMENTPROXY('1kkNhPW5XF4BusAPV6zRIn',#6,'Tile:Tile 149.5x149.5 Green:484188',$,$,#3421,#3418,'484188',$);
#3423=IFCPROPERTYSET('0Bfh_QkuiZmgPyL3EbetYA',#6,'Pset_BuildingElementProxyCommon',$,(#3191));
#3424=IFCPROPERTYSET('0L6eyU9sRSHmhJQT9tO1C5',#6,'Pset_QuantityTakeOff',$,(#3191));
#3425=IFCRELDEFINESBYPROPERTIES('0iuGAzkxX2mSLh68KbPbP3',#6,$,$,(#3422),#3423);
#3426=IFCRELDEFINESBYPROPERTIES('3D2tcO2ILDQPIZRNPHmf9e',#6,$,$,(#3422),#3424);
#3427=IFCMAPPEDITEM(#3414,#195);
#3428=IFCSHAPEREPRESENTATION(#16,'Body','MappedRepresentation',(#3427));
#3429=IFCPRODUCTDEFINITIONSHAPE($,$,(#3428));
#3430=IFCCARTESIANPOINT((7184.4931710057399,7771.1631176918527,251.71000000000905));
#3431=IFCAXIS2PLACEMENT3D(#3430,#200,#35);
#3432=IFCLOCALPLACEMENT(#25,#3431);
#3433=IFCBUILDINGELEMENTPROXY('1kkNhPW5XF4BusAPV6zRIm',#6,'Tile:Tile 149.5x149.5 Green:484189',$,$,#3432,#3429,'484189',$);
#3434=IFCPROPERTYSET('0YWlAR$asbi4YABsaLaAjK',#6,'Pset_BuildingElementProxyCommon',$,(#3191));
#3435=IFCPROPERTYSET('2W0A7sPC4DtAZCpZWSy8ck',#6,'Pset_QuantityTakeOff',$,(#3191));
#3436=IFCRELDEFINESBYPROPERTIES('1uq0PKjjqywbbrpXZ76ztl',#6,$,$,(#3433),#3434);
#3437=IFCRELDEFINESBYPROPERTIES('1zZEIBSAdwc4ygGjkJDMRN',#6,$,$,(#3433),#3435);
#3438=IFCMAPPEDITEM(#3414,#195);
#3439=IFCSHAPEREPRESENTATION(#16,'Body','MappedRepresentation',(#3438));
#3440=IFCPRODUCTDEFINITIONSHAPE($,$,(#3439));
#3441=IFCCARTESIANPOINT((7184.493171005739,7619.6631176918527,251.71000000000635));
#3442=IFCAXIS2PLACEMENT3D(#3441,#200,#35);
#3443=IFCLOCALPLACEMENT(#25,#3442);
#3444=IFCBUILDINGELEMENTPROXY('1kkNhPW5XF4BusAPV6zRIp',#6,'Tile:Tile 149.5x149.5 Green:484190',$,$,#3443,#3440,'484190',$);
#3445=IFCPROPERTYSET('3H6N7KxFeEopMzhZ0hwBmU',#6,'Pset_BuildingElementProxyCommon',$,(#3191));
#3446=IFCPROPERTYSET('0kHK0OteHCo$eiBb9VGrkq',#6,'Pset_QuantityTakeOff',$,(#3191));
#3447=IFCRELDEFINESBYPROPERTIES('2CLX9KnR96G8FNpCQzq$ul',#6,$,$,(#3444),#3445);
#3448=IFCRELDEFINESBYPROPERTIES('2xLwGzOMyGT2f0B3GPEvS2',#6,$,$,(#3444),#3446);
#3449=IFCMAPPEDITEM(#3414,#195);
#3450=IFCSHAPEREPRESENTATION(#16,'Body','MappedRepresentation',(#3449));
#3451=IFCPRODUCTDEFINITIONSHAPE($,$,(#3450));
#3452=IFCCARTESIANPOINT((7184.493171005739,7468.1631176918518,251.71000000000905));
#3453=IFCAXIS2PLACEMENT3D(#3452,#200,#35);
#3454=IFCLOCALPLACEMENT(#25,#3453);
#3455=IFCBUILDINGELEMENTPROXY('1kkNhPW5XF4BusAPV6zRIo',#6,'Tile:Tile 149.5x149.5 Green:484191',$,$,#3454,#3451,'484191',$);
#3456=IFCPROPERTYSET('34wiO2Zw4622Jyj7oQ6evs',#6,'Pset_BuildingElementProxyCommon',$,(#3191));
#3457=IFCPROPERTYSET('1pfdxtEeQDuybFiuROlmzz',#6,'Pset_QuantityTakeOff',$,(#3191));
#3458=IFCRELDEFINESBYPROPERTIES('0Ot5bR4XL62dix63Udbi1M',#6,$,$,(#3455),#3456);
#3459=IFCRELDEFINESBYPROPERTIES('2C4phTxVINA6n7GA6owIQo',#6,$,$,(#3455),#3457);
#3460=IFCCARTESIANPOINT((0.,0.));
#3461=IFCAXIS2PLACEMENT2D(#3460,#171);
#3462=IFCRECTANGLEPROFILEDEF(.AREA.,'Tile 149.5x149.5 Green',#3461,46.70000000000001,149.5);
#3463=IFCCARTESIANPOINT((-23.349999999993745,-74.750000000008427,-0.));
#3464=IFCAXIS2PLACEMENT3D(#3463,#35,#200);
#3465=IFCEXTRUDEDAREASOLID(#3462,#3464,#35,6.9999999999999973);
#3466=IFCSTYLEDITEM(#3465,(#3117),$);
#3467=IFCSHAPEREPRESENTATION(#16,'Body','SweptSolid',(#3465));
#3468=IFCAXIS2PLACEMENT3D(#11,$,$);
#3469=IFCREPRESENTATIONMAP(#3468,#3467);
#3470=IFCBUILDINGELEMENTPROXYTYPE('1zzk4Pvb51xAijoPDrx4be',#6,'Tile:Tile 149.5x149.5 Green',$,$,$,(#3469),'444153',$,.NOTDEFINED.);
#3471=IFCMAPPEDITEM(#3469,#195);
#3472=IFCSHAPEREPRESENTATION(#16,'Body','MappedRepresentation',(#3471));
#3473=IFCPRODUCTDEFINITIONSHAPE($,$,(#3472));
#3474=IFCCARTESIANPOINT((7184.4931710057399,7771.1631176918381,556.71000000000686));
#3475=IFCAXIS2PLACEMENT3D(#3474,#200,#1606);
#3476=IFCLOCALPLACEMENT(#25,#3475);
#3477=IFCBUILDINGELEMENTPROXY('1kkNhPW5XF4BusAPV6zRID',#6,'Tile:Tile 149.5x149.5 Green:484192',$,$,#3476,#3473,'484192',$);
#3478=IFCPROPERTYSET('2SHVt40oEn2Mafh9vvut8n',#6,'Pset_BuildingElementProxyCommon',$,(#3191));
#3479=IFCPROPERTYSET('21V4S5ohAPkhnZCAtvAuaO',#6,'Pset_QuantityTakeOff',$,(#3191));
#3480=IFCRELDEFINESBYPROPERTIES('14Li7nmwYPcqbxc3FU0bCu',#6,$,$,(#3477),#3478);
#3481=IFCRELDEFINESBYPROPERTIES('1i9m3XVPbkIwlyZpih$RgI',#6,$,$,(#3477),#3479);
#3482=IFCMAPPEDITEM(#3469,#195);
#3483=IFCSHAPEREPRESENTATION(#16,'Body','MappedRepresentation',(#3482));
#3484=IFCPRODUCTDEFINITIONSHAPE($,$,(#3483));
#3485=IFCCARTESIANPOINT((7184.4931710057399,7771.1631176918381,405.21000000000686));
#3486=IFCAXIS2PLACEMENT3D(#3485,#200,#1606);
#3487=IFCLOCALPLACEMENT(#25,#3486);
#3488=IFCBUILDINGELEMENTPROXY('1kkNhPW5XF4BusAPV6zRIC',#6,'Tile:Tile 149.5x149.5 Green:484193',$,$,#3487,#3484,'484193',$);
#3489=IFCPROPERTYSET('0Up1b4yIK36_DZeXMQNQ4q',#6,'Pset_BuildingElementProxyCommon',$,(#3191));
#3490=IFCPROPERTYSET('1MgDcY77XgmxDRMSTmbMWD',#6,'Pset_QuantityTakeOff',$,(#3191));
#3491=IFCRELDEFINESBYPROPERTIES('2cDcRkIpkfrPPY7focb9OK',#6,$,$,(#3488),#3489);
#3492=IFCRELDEFINESBYPROPERTIES('0YgQtj64dXwvi5JpuYJGL2',#6,$,$,(#3488),#3490);
#3493=IFCMAPPEDITEM(#3469,#195);
#3494=IFCSHAPEREPRESENTATION(#16,'Body','MappedRepresentation',(#3493));
#3495=IFCPRODUCTDEFINITIONSHAPE($,$,(#3494));
#3496=IFCCARTESIANPOINT((7184.4931710057399,7771.1631176918381,253.71000000000703));
#3497=IFCAXIS2PLACEMENT3D(#3496,#200,#1606);
#3498=IFCLOCALPLACEMENT(#25,#3497);
#3499=IFCBUILDINGELEMENTPROXY('1kkNhPW5XF4BusAPV6zRIF',#6,'Tile:Tile 149.5x149.5 Green:484194',$,$,#3498,#3495,'484194',$);
#3500=IFCPROPERTYSET('05liWEX$PBq$jbTYhCSGG4',#6,'Pset_BuildingElementProxyCommon',$,(#3191));
#3501=IFCPROPERTYSET('3dkiaoduiHD2JxMuwYXksB',#6,'Pset_QuantityTakeOff',$,(#3191));
#3502=IFCRELDEFINESBYPROPERTIES('0MX9maoFaFbKFdS2sS9d3R',#6,$,$,(#3499),#3500);
#3503=IFCRELDEFINESBYPROPERTIES('3HbgTNDuIjcKoInu_gEt1j',#6,$,$,(#3499),#3501);
#3504=IFCMAPPEDITEM(#3469,#195);
#3505=IFCSHAPEREPRESENTATION(#16,'Body','MappedRepresentation',(#3504));
#3506=IFCPRODUCTDEFINITIONSHAPE($,$,(#3505));
#3507=IFCCARTESIANPOINT((7184.493171005739,7517.2631176918294,556.71000000000595));
#3508=IFCAXIS2PLACEMENT3D(#3507,#200,#1606);
#3509=IFCLOCALPLACEMENT(#25,#3508);
#3510=IFCBUILDINGELEMENTPROXY('1kkNhPW5XF4BusAPV6zRIE',#6,'Tile:Tile 149.5x149.5 Green:484195',$,$,#3509,#3506,'484195',$);
#3511=IFCPROPERTYSET('1b3Lb5KH9zR4WGRfkzEsrt',#6,'Pset_BuildingElementProxyCommon',$,(#3191));
#3512=IFCPROPERTYSET('0e2HwNSyHkPXh9Q5jK4JHw',#6,'Pset_QuantityTakeOff',$,(#3191));
#3513=IFCRELDEFINESBYPROPERTIES('3nOMJhYTIGUgZ8hhAqF7CZ',#6,$,$,(#3510),#3511);
#3514=IFCRELDEFINESBYPROPERTIES('01F4rQcEN_KWeCgtk4XEGU',#6,$,$,(#3510),#3512);
#3515=IFCMAPPEDITEM(#3469,#195);
#3516=IFCSHAPEREPRESENTATION(#16,'Body','MappedRepresentation',(#3515));
#3517=IFCPRODUCTDEFINITIONSHAPE($,$,(#3516));
#3518=IFCCARTESIANPOINT((7184.493171005739,7517.2631176918294,405.21000000000606));
#3519=IFCAXIS2PLACEMENT3D(#3518,#200,#1606);
#3520=IFCLOCALPLACEMENT(#25,#3519);
#3521=IFCBUILDINGELEMENTPROXY('1kkNhPW5XF4BusAPV6zRI9',#6,'Tile:Tile 149.5x149.5 Green:484196',$,$,#3520,#3517,'484196',$);
#3522=IFCPROPERTYSET('1EHW6iWUyVuF3NPhe$hub3',#6,'Pset_BuildingElementProxyCommon',$,(#3191));
#3523=IFCPROPERTYSET('373qQI54UmIfCp6QKANEP8',#6,'Pset_QuantityTakeOff',$,(#3191));
#3524=IFCRELDEFINESBYPROPERTIES('0GW2VWomg05pvb_C1cUure',#6,$,$,(#3521),#3522);
#3525=IFCRELDEFINESBYPROPERTIES('1lA92ux$eDhdHCDUD_vEE0',#6,$,$,(#3521),#3523);
#3526=IFCMAPPEDITEM(#3469,#195);
#3527=IFCSHAPEREPRESENTATION(#16,'Body','MappedRepresentation',(#3526));
#3528=IFCPRODUCTDEFINITIONSHAPE($,$,(#3527));
#3529=IFCCARTESIANPOINT((7184.493171005739,7517.2631176918294,253.71000000000623));
#3530=IFCAXIS2PLACEMENT3D(#3529,#200,#1606);
#3531=IFCLOCALPLACEMENT(#25,#3530);
#3532=IFCBUILDINGELEMENTPROXY('1kkNhPW5XF4BusAPV6zRI8',#6,'Tile:Tile 149.5x149.5 Green:484197',$,$,#3531,#3528,'484197',$);
#3533=IFCPROPERTYSET('1y1UPEhAsSinpr8SIcj7pU',#6,'Pset_BuildingElementProxyCommon',$,(#3191));
#3534=IFCPROPERTYSET('3rOGkNZ$BY_88XZIcacuSd',#6,'Pset_QuantityTakeOff',$,(#3191));
#3535=IFCRELDEFINESBYPROPERTIES('2lBR1m70MH87thA0A7Vgln',#6,$,$,(#3532),#3533);
#3536=IFCRELDEFINESBYPROPERTIES('04qVWNHdhBjL7pfk8JEhes',#6,$,$,(#3532),#3534);
#3537=IFCMAPPEDITEM(#3469,#195);
#3538=IFCSHAPEREPRESENTATION(#16,'Body','MappedRepresentation',(#3537));
#3539=IFCPRODUCTDEFINITIONSHAPE($,$,(#3538));
#3540=IFCCARTESIANPOINT((7184.4931710057399,7771.163117691769,1465.7100000000062));
#3541=IFCAXIS2PLACEMENT3D(#3540,#200,#1606);
#3542=IFCLOCALPLACEMENT(#25,#3541);
#3543=IFCBUILDINGELEMENTPROXY('1kkNhPW5XF4BusAPV6zRIB',#6,'Tile:Tile 149.5x149.5 Green:484198',$,$,#3542,#3539,'484198',$);
#3544=IFCPROPERTYSET('2BzFND8i6_TzUrDqVEXup6',#6,'Pset_BuildingElementProxyCommon',$,(#3191));
#3545=IFCPROPERTYSET('05GRObA1miTG1eg4wK9Qzd',#6,'Pset_QuantityTakeOff',$,(#3191));
#3546=IFCRELDEFINESBYPROPERTIES('388rR_tY6mSuZxr0vrKoLQ',#6,$,$,(#3543),#3544);
#3547=IFCRELDEFINESBYPROPERTIES('3njF9dvyLFkBzVmoE0ph3v',#6,$,$,(#3543),#3545);
#3548=IFCMAPPEDITEM(#3469,#195);
#3549=IFCSHAPEREPRESENTATION(#16,'Body','MappedRepresentation',(#3548));
#3550=IFCPRODUCTDEFINITIONSHAPE($,$,(#3549));
#3551=IFCCARTESIANPOINT((7184.4931710057399,7771.163117691769,1314.2100000000059));
#3552=IFCAXIS2PLACEMENT3D(#3551,#200,#1606);
#3553=IFCLOCALPLACEMENT(#25,#3552);
#3554=IFCBUILDINGELEMENTPROXY('1kkNhPW5XF4BusAPV6zRIA',#6,'Tile:Tile 149.5x149.5 Green:484199',$,$,#3553,#3550,'484199',$);
#3555=IFCPROPERTYSET('0aKVLSCzMnNIK1HtoH7aH3',#6,'Pset_BuildingElementProxyCommon',$,(#3191));
#3556=IFCPROPERTYSET('2zP_t_8sV8rGxOrQZ1FG3G',#6,'Pset_QuantityTakeOff',$,(#3191));
#3557=IFCRELDEFINESBYPROPERTIES('0xqiuRF6IWjFsu2Rl0BH7l',#6,$,$,(#3554),#3555);
#3558=IFCRELDEFINESBYPROPERTIES('16M7RUvqR_OMceNzXVQuU8',#6,$,$,(#3554),#3556);
#3559=IFCMAPPEDITEM(#3469,#195);
#3560=IFCSHAPEREPRESENTATION(#16,'Body','MappedRepresentation',(#3559));
#3561=IFCPRODUCTDEFINITIONSHAPE($,$,(#3560));
#3562=IFCCARTESIANPOINT((7184.4931710057399,7771.163117691769,1162.7100000000066));
#3563=IFCAXIS2PLACEMENT3D(#3562,#200,#1606);
#3564=IFCLOCALPLACEMENT(#25,#3563);
#3565=IFCBUILDINGELEMENTPROXY('1kkNhPW5XF4BusAPV6zRI5',#6,'Tile:Tile 149.5x149.5 Green:484200',$,$,#3564,#3561,'484200',$);
#3566=IFCPROPERTYSET('0eN5oEl8t8zgTmbHnvKRZd',#6,'Pset_BuildingElementProxyCommon',$,(#3191));
#3567=IFCPROPERTYSET('17B7Fsv5yMowvMBtSo0vrp',#6,'Pset_QuantityTakeOff',$,(#3191));
#3568=IFCRELDEFINESBYPROPERTIES('1XmDu4ZTHxonq0meaukBCF',#6,$,$,(#3565),#3566);
#3569=IFCRELDEFINESBYPROPERTIES('0Gra5JpO_CJDkFfr0TjvP8',#6,$,$,(#3565),#3567);
#3570=IFCMAPPEDITEM(#3469,#195);
#3571=IFCSHAPEREPRESENTATION(#16,'Body','MappedRepresentation',(#3570));
#3572=IFCPRODUCTDEFINITIONSHAPE($,$,(#3571));
#3573=IFCCARTESIANPOINT((7184.493171005739,7517.2631176917594,1465.710000000005));
#3574=IFCAXIS2PLACEMENT3D(#3573,#200,#1606);
#3575=IFCLOCALPLACEMENT(#25,#3574);
#3576=IFCBUILDINGELEMENTPROXY('1kkNhPW5XF4BusAPV6zRI4',#6,'Tile:Tile 149.5x149.5 Green:484201',$,$,#3575,#3572,'484201',$);
#3577=IFCPROPERTYSET('1HSH1Ipq6SYLj23Mkj1MIc',#6,'Pset_BuildingElementProxyCommon',$,(#3191));
#3578=IFCPROPERTYSET('2OwEkB8YsNtqZ35hJBvj4e',#6,'Pset_QuantityTakeOff',$,(#3191));
#3579=IFCRELDEFINESBYPROPERTIES('0kJJUdkTMVGdVvlUKgknTy',#6,$,$,(#3576),#3577);
#3580=IFCRELDEFINESBYPROPERTIES('0NkVuQ_v18SOcE8yqiVdvp',#6,$,$,(#3576),#3578);
#3581=IFCMAPPEDITEM(#3469,#195);
#3582=IFCSHAPEREPRESENTATION(#16,'Body','MappedRepresentation',(#3581));
#3583=IFCPRODUCTDEFINITIONSHAPE($,$,(#3582));
#3584=IFCCARTESIANPOINT((7184.493171005739,7517.2631176917594,1314.2100000000053));
#3585=IFCAXIS2PLACEMENT3D(#3584,#200,#1606);
#3586=IFCLOCALPLACEMENT(#25,#3585);
#3587=IFCBUILDINGELEMENTPROXY('1kkNhPW5XF4BusAPV6zRI7',#6,'Tile:Tile 149.5x149.5 Green:484202',$,$,#3586,#3583,'484202',$);
#3588=IFCPROPERTYSET('0G_IglIa2nWwoL_JBFzAs8',#6,'Pset_BuildingElementProxyCommon',$,(#3191));
#3589=IFCPROPERTYSET('0sg25J19lghgl6enWM6XJm',#6,'Pset_QuantityTakeOff',$,(#3191));
#3590=IFCRELDEFINESBYPROPERTIES('0_EXf9ZXwOj7yk3X0TN0mE',#6,$,$,(#3587),#3588);
#3591=IFCRELDEFINESBYPROPERTIES('38irWx2GW2ICk2itNvUNYL',#6,$,$,(#3587),#3589);
#3592=IFCMAPPEDITEM(#3469,#195);
#3593=IFCSHAPEREPRESENTATION(#16,'Body','MappedRepresentation',(#3592));
#3594=IFCPRODUCTDEFINITIONSHAPE($,$,(#3593));
#3595=IFCCARTESIANPOINT((7184.493171005739,7517.2631176917594,1162.7100000000057));
#3596=IFCAXIS2PLACEMENT3D(#3595,#200,#1606);
#3597=IFCLOCALPLACEMENT(#25,#3596);
#3598=IFCBUILDINGELEMENTPROXY('1kkNhPW5XF4BusAPV6zRI6',#6,'Tile:Tile 149.5x149.5 Green:484203',$,$,#3597,#3594,'484203',$);
#3599=IFCPROPERTYSET('0xT6lvwSUeOGsVXtYLQSYR',#6,'Pset_BuildingElementProxyCommon',$,(#3191));
#3600=IFCPROPERTYSET('3e8wfneYFMBuDRug_ywIM8',#6,'Pset_QuantityTakeOff',$,(#3191));
#3601=IFCRELDEFINESBYPROPERTIES('1FmUtxISLX5ZhqpHa527Pa',#6,$,$,(#3598),#3599);
#3602=IFCRELDEFINESBYPROPERTIES('3dK9aKhX4OICSObZ5n$BkR',#6,$,$,(#3598),#3600);
#3603=IFCCARTESIANPOINT((-69.,-18.433333333332392));
#3604=IFCCARTESIANPOINT((-69.,-65.533333333333601));
#3605=IFCCARTESIANPOINT((80.500000000005528,-65.533333333333601));
#3606=IFCCARTESIANPOINT((80.500000000005528,83.966666666663826));
#3607=IFCCARTESIANPOINT((-11.500000000008756,83.966666666663826));
#3608=IFCCARTESIANPOINT((-11.500000000008756,-18.433333333332392));
#3609=IFCPOLYLINE((#3603,#3604,#3605,#3606,#3607,#3608,#3603));
#3610=IFCARBITRARYCLOSEDPROFILEDEF(.AREA.,'Tile Green',#3609);
#3611=IFCCARTESIANPOINT((7177.4931710057408,7705.6297843585098,1078.6999999999948));
#3612=IFCAXIS2PLACEMENT3D(#3611,#200,#1605);
#3613=IFCEXTRUDEDAREASOLID(#3610,#3612,#1605,6.9999999999994911);
#3614=IFCSTYLEDITEM(#3613,(#3117),$);
#3615=IFCSHAPEREPRESENTATION(#16,'Body','SweptSolid',(#3613));
#3616=IFCAXIS2PLACEMENT3D(#11,$,$);
#3617=IFCREPRESENTATIONMAP(#3616,#3615);
#3618=IFCBUILDINGELEMENTPROXYTYPE('1kkNhPW5XF4BusAPV6zRIR',#6,'Tile Green4:Tile Green',$,$,$,(#3617),'484214',$,.NOTDEFINED.);
#3619=IFCMAPPEDITEM(#3617,#195);
#3620=IFCSHAPEREPRESENTATION(#16,'Body','MappedRepresentation',(#3619));
#3621=IFCPRODUCTDEFINITIONSHAPE($,$,(#3620));
#3622=IFCCARTESIANPOINT((0.,0.,13.010000000023275));
#3623=IFCAXIS2PLACEMENT3D(#3622,$,$);
#3624=IFCLOCALPLACEMENT(#25,#3623);
#3625=IFCBUILDINGELEMENTPROXY('1kkNhPW5XF4BusAPV6zRIL',#6,'Tile Green4:Tile Green:484216',$,$,#3624,#3621,'484216',$);
#3626=IFCPROPERTYSINGLEVALUE('Reference',$,IFCIDENTIFIER('Tile Green'),$);
#3627=IFCPROPERTYSET('2b7hj8qSSCT0DsHxW$qrhI',#6,'Pset_BuildingElementProxyCommon',$,(#3626));
#3628=IFCPROPERTYSET('1c72MftiBD7lqOueISnLvJ',#6,'Pset_QuantityTakeOff',$,(#3626));
#3629=IFCRELDEFINESBYPROPERTIES('0ZHPD5XWVUsfMgZbVy0h6l',#6,$,$,(#3625),#3627);
#3630=IFCRELDEFINESBYPROPERTIES('04E4UfRB5qEaUJP0klrGWz',#6,$,$,(#3625),#3628);
#3631=IFCCARTESIANPOINT((-69.,-65.533333333329267));
#3632=IFCCARTESIANPOINT((80.500000000003766,-65.533333333329267));
#3633=IFCCARTESIANPOINT((80.500000000003766,83.966666666667066));
#3634=IFCCARTESIANPOINT((-11.500000000005778,83.966666666667066));
#3635=IFCCARTESIANPOINT((-11.500000000005778,-18.433333333337806));
#3636=IFCCARTESIANPOINT((-69.,-18.433333333337806));
#3637=IFCPOLYLINE((#3631,#3632,#3633,#3634,#3635,#3636,#3631));
#3638=IFCARBITRARYCLOSEDPROFILEDEF(.AREA.,'Tile Green',#3637);
#3639=IFCCARTESIANPOINT((7177.4931710057408,7535.6964510251737,1091.7100000000212));
#3640=IFCAXIS2PLACEMENT3D(#3639,#1482,#1605);
#3641=IFCEXTRUDEDAREASOLID(#3638,#3640,#35,6.9999999999994911);
#3642=IFCSTYLEDITEM(#3641,(#3117),$);
#3643=IFCSHAPEREPRESENTATION(#16,'Body','SweptSolid',(#3641));
#3644=IFCAXIS2PLACEMENT3D(#11,$,$);
#3645=IFCREPRESENTATIONMAP(#3644,#3643);
#3646=IFCBUILDINGELEMENTPROXYTYPE('1kkNhPW5XF4BusAPV6zRHi',#6,'Tile Green5:Tile Green',$,$,$,(#3645),'484225',$,.NOTDEFINED.);
#3647=IFCMAPPEDITEM(#3645,#195);
#3648=IFCSHAPEREPRESENTATION(#16,'Body','MappedRepresentation',(#3647));
#3649=IFCPRODUCTDEFINITIONSHAPE($,$,(#3648));
#3650=IFCAXIS2PLACEMENT3D(#11,$,$);
#3651=IFCLOCALPLACEMENT(#25,#3650);
#3652=IFCBUILDINGELEMENTPROXY('1kkNhPW5XF4BusAPV6zRHk',#6,'Tile Green5:Tile Green:484227',$,$,#3651,#3649,'484227',$);
#3653=IFCPROPERTYSET('0O_UMwpjnCJdxUXzzlgxi6',#6,'Pset_BuildingElementProxyCommon',$,(#3626));
#3654=IFCPROPERTYSET('3wMJdxIO9UIIUP8i5jzLoI',#6,'Pset_QuantityTakeOff',$,(#3626));
#3655=IFCRELDEFINESBYPROPERTIES('2BZTCbhLHWNfhanLlQgIO$',#6,$,$,(#3652),#3653);
#3656=IFCRELDEFINESBYPROPERTIES('2nNOhS_PvzsAJuTG_fEigw',#6,$,$,(#3652),#3654);
#3657=IFCCARTESIANPOINT((18.433333333333142,-69.000010946444007));
#3658=IFCCARTESIANPOINT((65.53333333333326,-69.000010946444007));
#3659=IFCCARTESIANPOINT((65.533333333333616,80.499989053539721));
#3660=IFCCARTESIANPOINT((-83.966666666663784,80.499989053539551));
#3661=IFCCARTESIANPOINT((-83.966666666663514,-11.499978107095448));
#3662=IFCCARTESIANPOINT((18.433333333332698,-11.49997810709527));
#3663=IFCPOLYLINE((#3657,#3658,#3659,#3660,#3661,#3662,#3657));
#3664=IFCARBITRARYCLOSEDPROFILEDEF(.AREA.,'Tile Green',#3663);
#3665=IFCCARTESIANPOINT((7177.4931710057408,7705.6297843584925,777.2100109464651));
#3666=IFCAXIS2PLACEMENT3D(#3665,#1482,#1606);
#3667=IFCEXTRUDEDAREASOLID(#3664,#3666,#35,6.9999999999984084);
#3668=IFCSTYLEDITEM(#3667,(#3117),$);
#3669=IFCSHAPEREPRESENTATION(#16,'Body','SweptSolid',(#3667));
#3670=IFCAXIS2PLACEMENT3D(#11,$,$);
#3671=IFCREPRESENTATIONMAP(#3670,#3669);
#3672=IFCBUILDINGELEMENTPROXYTYPE('1kkNhPW5XF4BusAPV6zRHz',#6,'Tile Green6:Tile Green',$,$,$,(#3671),'484240',$,.NOTDEFINED.);
#3673=IFCMAPPEDITEM(#3671,#195);
#3674=IFCSHAPEREPRESENTATION(#16,'Body','MappedRepresentation',(#3673));
#3675=IFCPRODUCTDEFINITIONSHAPE($,$,(#3674));
#3676=IFCAXIS2PLACEMENT3D(#11,$,$);
#3677=IFCLOCALPLACEMENT(#25,#3676);
#3678=IFCBUILDINGELEMENTPROXY('1kkNhPW5XF4BusAPV6zRH$',#6,'Tile Green6:Tile Green:484242',$,$,#3677,#3675,'484242',$);
#3679=IFCPROPERTYSET('11zGtndD_BjBWhfwmJ1SJ2',#6,'Pset_BuildingElementProxyCommon',$,(#3626));
#3680=IFCPROPERTYSET('19q1UdCefQN9rHWjTp2oPN',#6,'Pset_QuantityTakeOff',$,(#3626));
#3681=IFCRELDEFINESBYPROPERTIES('3shRJ$Fk5yicN2stnuOg1a',#6,$,$,(#3678),#3679);
#3682=IFCRELDEFINESBYPROPERTIES('0w6EjrC4tyoJzaKE2LXMUT',#6,$,$,(#3678),#3680);
#3683=IFCCARTESIANPOINT((-65.533333333329793,-69.000010946458019));
#3684=IFCCARTESIANPOINT((-18.433333333337256,-69.000010946458019));
#3685=IFCCARTESIANPOINT((-18.433333333338616,-11.499978107095064));
#3686=IFCCARTESIANPOINT((83.966666666667336,-11.499978107095181));
#3687=IFCCARTESIANPOINT((83.966666666667322,80.499989053553094));
#3688=IFCCARTESIANPOINT((-65.533333333328997,80.49998905355335));
#3689=IFCPOLYLINE((#3683,#3684,#3685,#3686,#3687,#3688,#3683));
#3690=IFCARBITRARYCLOSEDPROFILEDEF(.AREA.,'Tile Green',#3689);
#3691=IFCCARTESIANPOINT((7177.4931710057408,7535.6964510251564,777.21001094647193));
#3692=IFCAXIS2PLACEMENT3D(#3691,#1482,#1606);
#3693=IFCEXTRUDEDAREASOLID(#3690,#3692,#35,6.9999999999994911);
#3694=IFCSTYLEDITEM(#3693,(#3117),$);
#3695=IFCSHAPEREPRESENTATION(#16,'Body','SweptSolid',(#3693));
#3696=IFCAXIS2PLACEMENT3D(#11,$,$);
#3697=IFCREPRESENTATIONMAP(#3696,#3695);
#3698=IFCBUILDINGELEMENTPROXYTYPE('1kkNhPW5XF4BusAPV6zRHs',#6,'Tile Green7:Tile Green',$,$,$,(#3697),'484251',$,.NOTDEFINED.);
#3699=IFCMAPPEDITEM(#3697,#195);
#3700=IFCSHAPEREPRESENTATION(#16,'Body','MappedRepresentation',(#3699));
#3701=IFCPRODUCTDEFINITIONSHAPE($,$,(#3700));
#3702=IFCAXIS2PLACEMENT3D(#11,$,$);
#3703=IFCLOCALPLACEMENT(#25,#3702);
#3704=IFCBUILDINGELEMENTPROXY('1kkNhPW5XF4BusAPV6zRHm',#6,'Tile Green7:Tile Green:484253',$,$,#3703,#3701,'484253',$);
#3705=IFCPROPERTYSET('1tKZR$P0MwdkxnrG6dRdbw',#6,'Pset_BuildingElementProxyCommon',$,(#3626));
#3706=IFCPROPERTYSET('08daxH7vaOMY7AnMjPG2P1',#6,'Pset_QuantityTakeOff',$,(#3626));
#3707=IFCRELDEFINESBYPROPERTIES('3uQAoHZ1X1BYspCKUwsxdU',#6,$,$,(#3704),#3705);
#3708=IFCRELDEFINESBYPROPERTIES('3Ee6NMu6iqJ5FjN0IHd2cK',#6,$,$,(#3704),#3706);
#3709=IFCCARTESIANPOINT((1.6026785714265994,-7.7142857142881205));
#3710=IFCCARTESIANPOINT((2.7589285714268783,-7.7142857142881205));
#3711=IFCCARTESIANPOINT((2.7589285714302436,12.285714285711665));
#3712=IFCCARTESIANPOINT((1.8370535714307241,12.285714285712322));
#3713=IFCCARTESIANPOINT((1.8370535714282656,-0.71428571427930765));
#3714=IFCCARTESIANPOINT((-5.3973214285719848,-0.71428571427797605));
#3715=IFCCARTESIANPOINT((-5.3973214285728917,-7.7142857142872137));
#3716=IFCPOLYLINE((#3709,#3710,#3711,#3712,#3713,#3714,#3715,#3709));
#3717=IFCCARTESIANPOINT((-5.0973214285712096,-1.0142857142575734));
#3718=IFCCARTESIANPOINT((1.8370535714377714,-1.0142857142792394));
#3719=IFCCARTESIANPOINT((1.8370535714265155,-7.4142857142896954));
#3720=IFCCARTESIANPOINT((-5.0973214285727195,-7.414285714287522));
#3721=IFCPOLYLINE((#3717,#3718,#3719,#3720,#3717));
#3722=IFCARBITRARYPROFILEDEFWITHVOIDS(.AREA.,'Cantoneira 2',#3716,(#3721));
#3723=IFCCARTESIANPOINT((5272.9137943787109,8533.7496917689059,7.998536141046082));
#3724=IFCAXIS2PLACEMENT3D(#3723,$,$);
#3725=IFCEXTRUDEDAREASOLID(#3722,#3724,#35,1907.8629923678548);
#3726=IFCCOLOURRGB($,0.64313725490196083,0.64313725490196083,0.);
#3727=IFCSURFACESTYLERENDERING(#3726,0.,$,$,$,$,IFCNORMALISEDRATIOMEASURE(0.5),IFCSPECULAREXPONENT(128.),.NOTDEFINED.);
#3728=IFCSURFACESTYLE('Aluminium',.BOTH.,(#3727));
#3729=IFCPRESENTATIONSTYLEASSIGNMENT((#3728));
#3730=IFCSTYLEDITEM(#3725,(#3729),$);
#3731=IFCSHAPEREPRESENTATION(#16,'Body','SweptSolid',(#3725));
#3732=IFCAXIS2PLACEMENT3D(#11,$,$);
#3733=IFCREPRESENTATIONMAP(#3732,#3731);
#3734=IFCBUILDINGELEMENTPROXYTYPE('1kkNhPW5XF4BusAPV6zQ2O',#6,'Cantoneira 3:Cantoneira 2',$,$,$,(#3733),'489333',$,.NOTDEFINED.);
#3735=IFCMATERIAL('Aluminium');
#3736=IFCPRESENTATIONSTYLEASSIGNMENT((#3728));
#3737=IFCSTYLEDITEM($,(#3736),$);
#3738=IFCSTYLEDREPRESENTATION(#14,'Style','Material',(#3737));
#3739=IFCMATERIALDEFINITIONREPRESENTATION($,$,(#3738),#3735);
#3740=IFCMAPPEDITEM(#3733,#195);
#3741=IFCSHAPEREPRESENTATION(#16,'Body','MappedRepresentation',(#3740));
#3742=IFCPRODUCTDEFINITIONSHAPE($,$,(#3741));
#3743=IFCAXIS2PLACEMENT3D(#11,$,$);
#3744=IFCLOCALPLACEMENT(#25,#3743);
#3745=IFCBUILDINGELEMENTPROXY('1kkNhPW5XF4BusAPV6zQ2Q',#6,'Cantoneira 3:Cantoneira 2:489335',$,$,#3744,#3742,'489335',$);
#3746=IFCPROPERTYSINGLEVALUE('Reference',$,IFCIDENTIFIER('Cantoneira 2'),$);
#3747=IFCPROPERTYSET('0qtUPrO1JxcntWAobdIS5$',#6,'Pset_BuildingElementProxyCommon',$,(#3746));
#3748=IFCPROPERTYSET('3eyCX0PbDAQj6puRpymVSc',#6,'Pset_QuantityTakeOff',$,(#3746));
#3749=IFCRELDEFINESBYPROPERTIES('2Ff$EKTKqu7g6C9tAoTfVC',#6,$,$,(#3745),#3747);
#3750=IFCRELDEFINESBYPROPERTIES('3E9RcDQtc0dwg4T0Xzg$Y1',#6,$,$,(#3745),#3748);
#3751=IFCCARTESIANPOINT((-1.4210854715202004E-014,0.));
#3752=IFCAXIS2PLACEMENT2D(#3751,#171);
#3753=IFCRECTANGLEPROFILEDEF(.AREA.,'Tile 450,700 x 300,500 x 95 Red',#3752,201.95999999999998,275.44999999999993);
#3754=IFCCARTESIANPOINT((-100.97999999999375,-137.72500000000841,-0.));
#3755=IFCAXIS2PLACEMENT3D(#3754,#35,#200);
#3756=IFCEXTRUDEDAREASOLID(#3753,#3755,#35,6.9999999999999973);
#3757=IFCSTYLEDITEM(#3756,(#746),$);
#3758=IFCSHAPEREPRESENTATION(#16,'Body','SweptSolid',(#3756));
#3759=IFCAXIS2PLACEMENT3D(#11,$,$);
#3760=IFCREPRESENTATIONMAP(#3759,#3758);
#3761=IFCBUILDINGELEMENTPROXYTYPE('1kkNhPW5XF4BusAPV6zQ8z',#6,'Tile:Tile 450,700 x 300,500 x 95 Red',$,$,$,(#3760),'427296',$,.NOTDEFINED.);
#3762=IFCMAPPEDITEM(#3760,#195);
#3763=IFCSHAPEREPRESENTATION(#16,'Body','MappedRepresentation',(#3762));
#3764=IFCPRODUCTDEFINITIONSHAPE($,$,(#3763));
#3765=IFCCARTESIANPOINT((5274.4931710057172,8736.0354060546269,1648.558577513598));
#3766=IFCAXIS2PLACEMENT3D(#3765,#200,#1606);
#3767=IFCLOCALPLACEMENT(#25,#3766);
#3768=IFCBUILDINGELEMENTPROXY('1kkNhPW5XF4BusAPV6zLTV',#6,'Tile:Tile 450,700 x 300,500 x 95 Red:491698',$,$,#3767,#3764,'491698',$);
#3769=IFCPROPERTYSET('1hnIzxUrL__tUk_jJRr07P',#6,'Pset_BuildingElementProxyCommon',$,(#1707));
#3770=IFCPROPERTYSET('1HrO$QsYXOov_54zJYT0JX',#6,'Pset_QuantityTakeOff',$,(#1707));
#3771=IFCRELDEFINESBYPROPERTIES('29R$nAldglkcaABrOjKWUN',#6,$,$,(#3768),#3769);
#3772=IFCRELDEFINESBYPROPERTIES('0vO1eZni4IMq6ee4SWevYr',#6,$,$,(#3768),#3770);
#3773=IFCCARTESIANPOINT((-1.4210854715202004E-014,-2.8421709430404007E-014));
#3774=IFCAXIS2PLACEMENT2D(#3773,#171);
#3775=IFCRECTANGLEPROFILEDEF(.AREA.,'Tile 450,700 x 300,500 x 95 Red',#3774,201.95999999999998,450.69999999999999);
#3776=IFCCARTESIANPOINT((-100.97999999999375,-225.35000000000846,-0.));
#3777=IFCAXIS2PLACEMENT3D(#3776,#35,#200);
#3778=IFCEXTRUDEDAREASOLID(#3775,#3777,#35,6.9999999999999973);
#3779=IFCSTYLEDITEM(#3778,(#746),$);
#3780=IFCSHAPEREPRESENTATION(#16,'Body','SweptSolid',(#3778));
#3781=IFCAXIS2PLACEMENT3D(#11,$,$);
#3782=IFCREPRESENTATIONMAP(#3781,#3780);
#3783=IFCBUILDINGELEMENTPROXYTYPE('1kkNhPW5XF4BusAPV6zQ7f',#6,'Tile:Tile 450,700 x 300,500 x 95 Red',$,$,$,(#3782),'427296',$,.NOTDEFINED.);
#3784=IFCMAPPEDITEM(#3782,#195);
#3785=IFCSHAPEREPRESENTATION(#16,'Body','MappedRepresentation',(#3784));
#3786=IFCPRODUCTDEFINITIONSHAPE($,$,(#3785));
#3787=IFCCARTESIANPOINT((5274.4931710057172,8736.0354060546269,1195.8585731196838));
#3788=IFCAXIS2PLACEMENT3D(#3787,#200,#1606);
#3789=IFCLOCALPLACEMENT(#25,#3788);
#3790=IFCBUILDINGELEMENTPROXY('1kkNhPW5XF4BusAPV6zLTU',#6,'Tile:Tile 450,700 x 300,500 x 95 Red:491699',$,$,#3789,#3786,'491699',$);
#3791=IFCPROPERTYSET('056QUIUN_AEri$CRo_bFfX',#6,'Pset_BuildingElementProxyCommon',$,(#1707));
#3792=IFCPROPERTYSET('3BgGQQYXStuhzCrtRctw00',#6,'Pset_QuantityTakeOff',$,(#1707));
#3793=IFCRELDEFINESBYPROPERTIES('3Mn2$hmIe1SEDOqjtV$csL',#6,$,$,(#3790),#3791);
#3794=IFCRELDEFINESBYPROPERTIES('3C_SGLbMsCxr2e3w4sXwHQ',#6,$,$,(#3790),#3792);
#3795=IFCMAPPEDITEM(#3782,#195);
#3796=IFCSHAPEREPRESENTATION(#16,'Body','MappedRepresentation',(#3795));
#3797=IFCPRODUCTDEFINITIONSHAPE($,$,(#3796));
#3798=IFCCARTESIANPOINT((5274.4931710057172,8736.0354060546288,743.1585727318236));
#3799=IFCAXIS2PLACEMENT3D(#3798,#200,#1606);
#3800=IFCLOCALPLACEMENT(#25,#3799);
#3801=IFCBUILDINGELEMENTPROXY('1kkNhPW5XF4BusAPV6zLTP',#6,'Tile:Tile 450,700 x 300,500 x 95 Red:491700',$,$,#3800,#3797,'491700',$);
#3802=IFCPROPERTYSET('0xLXySgJE5heVESFvJshiu',#6,'Pset_BuildingElementProxyCommon',$,(#1707));
#3803=IFCPROPERTYSET('20pEHQKennx6_XqzAThWVE',#6,'Pset_QuantityTakeOff',$,(#1707));
#3804=IFCRELDEFINESBYPROPERTIES('1neTsc7yJnaNc3QyDdIm3x',#6,$,$,(#3801),#3802);
#3805=IFCRELDEFINESBYPROPERTIES('2PPb_qiF1L5eR87HMO0akz',#6,$,$,(#3801),#3803);
#3806=IFCMAPPEDITEM(#3782,#195);
#3807=IFCSHAPEREPRESENTATION(#16,'Body','MappedRepresentation',(#3806));
#3808=IFCPRODUCTDEFINITIONSHAPE($,$,(#3807));
#3809=IFCCARTESIANPOINT((5274.4931710057172,8736.0354060546306,290.45857234396237));
#3810=IFCAXIS2PLACEMENT3D(#3809,#200,#1606);
#3811=IFCLOCALPLACEMENT(#25,#3810);
#3812=IFCBUILDINGELEMENTPROXY('1kkNhPW5XF4BusAPV6zLTO',#6,'Tile:Tile 450,700 x 300,500 x 95 Red:491701',$,$,#3811,#3808,'491701',$);
#3813=IFCPROPERTYSET('0t05ttdoJheZFPH8xqHldN',#6,'Pset_BuildingElementProxyCommon',$,(#1707));
#3814=IFCPROPERTYSET('3iCNcX3ZVNqzlHQmQc0ikK',#6,'Pset_QuantityTakeOff',$,(#1707));
#3815=IFCRELDEFINESBYPROPERTIES('1pai2LR9sJRqHDSUUmg$Tc',#6,$,$,(#3812),#3813);
#3816=IFCRELDEFINESBYPROPERTIES('0FnlS8rQxsLfwKgf63Gmi0',#6,$,$,(#3812),#3814);
#3817=IFCCARTESIANPOINT((-1.4210854715202004E-014,0.));
#3818=IFCAXIS2PLACEMENT2D(#3817,#171);
#3819=IFCRECTANGLEPROFILEDEF(.AREA.,'Tile 450,700 x 300,500 x 95 Red',#3818,201.95999999999998,281.44999999999993);
#3820=IFCCARTESIANPOINT((-100.97999999999375,-140.72500000000844,-0.));
#3821=IFCAXIS2PLACEMENT3D(#3820,#35,#200);
#3822=IFCEXTRUDEDAREASOLID(#3819,#3821,#35,6.9999999999999973);
#3823=IFCSTYLEDITEM(#3822,(#746),$);
#3824=IFCSHAPEREPRESENTATION(#16,'Body','SweptSolid',(#3822));
#3825=IFCAXIS2PLACEMENT3D(#11,$,$);
#3826=IFCREPRESENTATIONMAP(#3825,#3824);
#3827=IFCBUILDINGELEMENTPROXYTYPE('1kkNhPW5XF4BusAPV6zQ63',#6,'Tile:Tile 450,700 x 300,500 x 95 Red',$,$,$,(#3826),'427296',$,.NOTDEFINED.);
#3828=IFCMAPPEDITEM(#3826,#195);
#3829=IFCSHAPEREPRESENTATION(#16,'Body','MappedRepresentation',(#3828));
#3830=IFCPRODUCTDEFINITIONSHAPE($,$,(#3829));
#3831=IFCCARTESIANPOINT((5274.4931710057172,8736.0354060546306,7.0114638588880904));
#3832=IFCAXIS2PLACEMENT3D(#3831,#200,#1606);
#3833=IFCLOCALPLACEMENT(#25,#3832);
#3834=IFCBUILDINGELEMENTPROXY('1kkNhPW5XF4BusAPV6zLTR',#6,'Tile:Tile 450,700 x 300,500 x 95 Red:491702',$,$,#3833,#3830,'491702',$);
#3835=IFCPROPERTYSET('1ZeExkQ8jOO$nc2aMl_KZt',#6,'Pset_BuildingElementProxyCommon',$,(#1707));
#3836=IFCPROPERTYSET('2pCeGYktN2_UTdPkSGQjI3',#6,'Pset_QuantityTakeOff',$,(#1707));
#3837=IFCRELDEFINESBYPROPERTIES('1Kr8OCMoR7D1fzocP_zujq',#6,$,$,(#3834),#3835);
#3838=IFCRELDEFINESBYPROPERTIES('2TrVj7DqmEQiQW8$$0Gynh',#6,$,$,(#3834),#3836);
#3839=IFCCARTESIANPOINT((0.,5.6843418860808015E-014));
#3840=IFCAXIS2PLACEMENT2D(#3839,#171);
#3841=IFCRECTANGLEPROFILEDEF(.AREA.,'Tile 600x600 Gray',#3840,600.,600.00000000000011);
#3842=IFCCARTESIANPOINT((-300.,-300.,-0.));
#3843=IFCAXIS2PLACEMENT3D(#3842,#35,#36);
#3844=IFCEXTRUDEDAREASOLID(#3841,#3843,#35,6.9999999999999973);
#3845=IFCSTYLEDITEM(#3844,(#1638),$);
#3846=IFCSHAPEREPRESENTATION(#16,'Body','SweptSolid',(#3844));
#3847=IFCAXIS2PLACEMENT3D(#11,$,$);
#3848=IFCREPRESENTATIONMAP(#3847,#3846);
#3849=IFCBUILDINGELEMENTPROXYTYPE('1pxQ0MlwzAiOQ$tXtNokCX',#6,'Tile:Tile 600x600 Gray',$,$,$,(#3848),'425013',$,.NOTDEFINED.);
#3850=IFCMAPPEDITEM(#3848,#195);
#3851=IFCSHAPEREPRESENTATION(#16,'Body','MappedRepresentation',(#3850));
#3852=IFCPRODUCTDEFINITIONSHAPE($,$,(#3851));
#3853=IFCCARTESIANPOINT((7074.4984714912753,7023.0354060546479,7.998536141046082));
#3854=IFCAXIS2PLACEMENT3D(#3853,#35,#36);
#3855=IFCLOCALPLACEMENT(#25,#3854);
#3856=IFCBUILDINGELEMENTPROXY('1kkNhPW5XF4BusAPV6zL6i',#6,'Tile:Tile 600x600 Gray:493121',$,$,#3855,#3852,'493121',$);
#3857=IFCPROPERTYSINGLEVALUE('Reference',$,IFCIDENTIFIER('Tile 600x600 Gray'),$);
#3858=IFCPROPERTYSET('1aj70l67VV7InvNFpTEcO6',#6,'Pset_BuildingElementProxyCommon',$,(#3857));
#3859=IFCPROPERTYSET('2G4dH16cegsHO3KYxNihuH',#6,'Pset_QuantityTakeOff',$,(#3857));
#3860=IFCRELDEFINESBYPROPERTIES('0aKsckcH6hwhuXwtdLAump',#6,$,$,(#3856),#3858);
#3861=IFCRELDEFINESBYPROPERTIES('0CorsRAWizEcxru3IbDgXW',#6,$,$,(#3856),#3859);
#3862=IFCMAPPEDITEM(#3848,#195);
#3863=IFCSHAPEREPRESENTATION(#16,'Body','MappedRepresentation',(#3862));
#3864=IFCPRODUCTDEFINITIONSHAPE($,$,(#3863));
#3865=IFCCARTESIANPOINT((6472.4984714912753,7023.0354060546497,7.998536141046082));
#3866=IFCAXIS2PLACEMENT3D(#3865,#35,#36);
#3867=IFCLOCALPLACEMENT(#25,#3866);
#3868=IFCBUILDINGELEMENTPROXY('1kkNhPW5XF4BusAPV6zL6l',#6,'Tile:Tile 600x600 Gray:493122',$,$,#3867,#3864,'493122',$);
#3869=IFCPROPERTYSET('3uSfX8VNMb1$JhuYJDF5py',#6,'Pset_BuildingElementProxyCommon',$,(#3857));
#3870=IFCPROPERTYSET('0_smH67lKVLhDpVFMu6ZD8',#6,'Pset_QuantityTakeOff',$,(#3857));
#3871=IFCRELDEFINESBYPROPERTIES('3wNGFVFHzATkPF6RTpatTb',#6,$,$,(#3868),#3869);
#3872=IFCRELDEFINESBYPROPERTIES('1mqvf_oEKT4JyVzlPYrpI2',#6,$,$,(#3868),#3870);
#3873=IFCMAPPEDITEM(#3848,#195);
#3874=IFCSHAPEREPRESENTATION(#16,'Body','MappedRepresentation',(#3873));
#3875=IFCPRODUCTDEFINITIONSHAPE($,$,(#3874));
#3876=IFCCARTESIANPOINT((5870.4984714912762,7023.0354060546524,7.998536141046082));
#3877=IFCAXIS2PLACEMENT3D(#3876,#35,#36);
#3878=IFCLOCALPLACEMENT(#25,#3877);
#3879=IFCBUILDINGELEMENTPROXY('1kkNhPW5XF4BusAPV6zL6k',#6,'Tile:Tile 600x600 Gray:493123',$,$,#3878,#3875,'493123',$);
#3880=IFCPROPERTYSET('3WLxT29oQj4494RFsj1yeD',#6,'Pset_BuildingElementProxyCommon',$,(#3857));
#3881=IFCPROPERTYSET('2mjfLTx6Vjw0UQt9hLqh9p',#6,'Pset_QuantityTakeOff',$,(#3857));
#3882=IFCRELDEFINESBYPROPERTIES('06Rd7WV$gXX4XR6PLUucnj',#6,$,$,(#3879),#3880);
#3883=IFCRELDEFINESBYPROPERTIES('39o$W3id43kUE48zHUVjYn',#6,$,$,(#3879),#3881);
#3884=IFCMAPPEDITEM(#3848,#195);
#3885=IFCSHAPEREPRESENTATION(#16,'Body','MappedRepresentation',(#3884));
#3886=IFCPRODUCTDEFINITIONSHAPE($,$,(#3885));
#3887=IFCCARTESIANPOINT((5870.4984714912762,7625.0354060546515,7.998536141046082));
#3888=IFCAXIS2PLACEMENT3D(#3887,#35,#36);
#3889=IFCLOCALPLACEMENT(#25,#3888);
#3890=IFCBUILDINGELEMENTPROXY('1kkNhPW5XF4BusAPV6zL6f',#6,'Tile:Tile 600x600 Gray:493124',$,$,#3889,#3886,'493124',$);
#3891=IFCPROPERTYSET('2kVwezp6$JPWT$g0w5vetL',#6,'Pset_BuildingElementProxyCommon',$,(#3857));
#3892=IFCPROPERTYSET('0i9B0zqfWzIt0a5k4zcG9U',#6,'Pset_QuantityTakeOff',$,(#3857));
#3893=IFCRELDEFINESBYPROPERTIES('3p_KOcpVeZ7gF7itveTp7K',#6,$,$,(#3890),#3891);
#3894=IFCRELDEFINESBYPROPERTIES('2nOmdBgMPTcUilW9SjbTbe',#6,$,$,(#3890),#3892);
#3895=IFCCARTESIANPOINT((-296.53182305786015,-168.47371543694666));
#3896=IFCCARTESIANPOINT((-106.97312502497317,-168.47371543694666));
#3897=IFCCARTESIANPOINT((240.69094047211047,121.8437000817533));
#3898=IFCCARTESIANPOINT((162.81400761072206,215.10373079213932));
#3899=IFCPOLYLINE((#3895,#3896,#3897,#3898,#3895));
#3900=IFCARBITRARYCLOSEDPROFILEDEF(.AREA.,'Piso Ralo',#3899);
#3901=IFCCARTESIANPOINT((5607.6535484380947,8463.2854060546433,7.9985361410460829));
#3902=IFCDIRECTION((0.76757226922130117,-0.64096241038181201,-0.));
#3903=IFCAXIS2PLACEMENT3D(#3901,#35,#3902);
#3904=IFCEXTRUDEDAREASOLID(#3900,#3903,#35,8.0000000000000018);
#3905=IFCSTYLEDITEM(#3904,(#1638),$);
#3906=IFCSHAPEREPRESENTATION(#16,'Body','SweptSolid',(#3904));
#3907=IFCAXIS2PLACEMENT3D(#11,$,$);
#3908=IFCREPRESENTATIONMAP(#3907,#3906);
#3909=IFCBUILDINGELEMENTPROXYTYPE('1kkNhPW5XF4BusAPV6zL6Z',#6,'Piso Ralo1:Piso Ralo',$,$,$,(#3908),'493134',$,.NOTDEFINED.);
#3910=IFCMAPPEDITEM(#3908,#195);
#3911=IFCSHAPEREPRESENTATION(#16,'Body','MappedRepresentation',(#3910));
#3912=IFCPRODUCTDEFINITIONSHAPE($,$,(#3911));
#3913=IFCAXIS2PLACEMENT3D(#11,$,$);
#3914=IFCLOCALPLACEMENT(#25,#3913);
#3915=IFCBUILDINGELEMENTPROXY('1kkNhPW5XF4BusAPV6zL6z',#6,'Piso Ralo1:Piso Ralo:493136',$,$,#3914,#3912,'493136',$);
#3916=IFCPROPERTYSINGLEVALUE('Reference',$,IFCIDENTIFIER('Piso Ralo'),$);
#3917=IFCPROPERTYSET('2HMvSohOuiht0udTql1Ivr',#6,'Pset_BuildingElementProxyCommon',$,(#3916));
#3918=IFCPROPERTYSET('0o3WmbC8eUnE2py9JQrCKO',#6,'Pset_QuantityTakeOff',$,(#3916));
#3919=IFCRELDEFINESBYPROPERTIES('3rB00lyAPxRVH8W3KNe6Lo',#6,$,$,(#3915),#3917);
#3920=IFCRELDEFINESBYPROPERTIES('0IWqGyxuHy7CIsexTbkBUr',#6,$,$,(#3915),#3918);
#3921=IFCCARTESIANPOINT((-335.59492305329576,-60.749999999999794));
#3922=IFCCARTESIANPOINT((262.84492305342621,-60.749999999999794));
#3923=IFCCARTESIANPOINT((262.84492305342604,60.749999999997492));
#3924=IFCCARTESIANPOINT((-190.09492305355755,60.749999999997755));
#3925=IFCPOLYLINE((#3921,#3922,#3923,#3924,#3921));
#3926=IFCARBITRARYCLOSEDPROFILEDEF(.AREA.,'Piso Ralo',#3925);
#3927=IFCCARTESIANPOINT((5607.6535484380947,8287.7854060546415,7.9985361410460829));
#3928=IFCAXIS2PLACEMENT3D(#3927,$,$);
#3929=IFCEXTRUDEDAREASOLID(#3926,#3928,#35,8.0000000000000018);
#3930=IFCSTYLEDITEM(#3929,(#1638),$);
#3931=IFCSHAPEREPRESENTATION(#16,'Body','SweptSolid',(#3929));
#3932=IFCAXIS2PLACEMENT3D(#11,$,$);
#3933=IFCREPRESENTATIONMAP(#3932,#3931);
#3934=IFCBUILDINGELEMENTPROXYTYPE('1kkNhPW5XF4BusAPV6zL6t',#6,'Piso Ralo2:Piso Ralo',$,$,$,(#3933),'493146',$,.NOTDEFINED.);
#3935=IFCMAPPEDITEM(#3933,#195);
#3936=IFCSHAPEREPRESENTATION(#16,'Body','MappedRepresentation',(#3935));
#3937=IFCPRODUCTDEFINITIONSHAPE($,$,(#3936));
#3938=IFCAXIS2PLACEMENT3D(#11,$,$);
#3939=IFCLOCALPLACEMENT(#25,#3938);
#3940=IFCBUILDINGELEMENTPROXY('1kkNhPW5XF4BusAPV6zL6n',#6,'Piso Ralo2:Piso Ralo:493148',$,$,#3939,#3937,'493148',$);
#3941=IFCPROPERTYSET('2dpck5v_8$ubG4aLToB1VY',#6,'Pset_BuildingElementProxyCommon',$,(#3916));
#3942=IFCPROPERTYSET('286Jq_pf5PsziLHCUgS44S',#6,'Pset_QuantityTakeOff',$,(#3916));
#3943=IFCRELDEFINESBYPROPERTIES('2c4AFa0JXxVTWjowMs3F7f',#6,$,$,(#3940),#3941);
#3944=IFCRELDEFINESBYPROPERTIES('0Fi1jOhjYhSDl33iSAmYkC',#6,$,$,(#3940),#3942);
#3945=IFCCARTESIANPOINT((-150.18874898105494,-66.354466624167969));
#3946=IFCCARTESIANPOINT((39.369949051832599,-66.354466624167955));
#3947=IFCCARTESIANPOINT((72.311816119665338,-26.905564086217066));
#3948=IFCCARTESIANPOINT((38.506983809557411,159.61449733455689));
#3949=IFCPOLYLINE((#3945,#3946,#3947,#3948,#3945));
#3950=IFCARBITRARYCLOSEDPROFILEDEF(.AREA.,'Piso Ralo',#3949);
#3951=IFCCARTESIANPOINT((5343.2484714913926,8375.5354060546288,7.9985361410460829));
#3952=IFCDIRECTION((0.76757226922129318,0.64096241038182167,-0.));
#3953=IFCAXIS2PLACEMENT3D(#3951,#35,#3952);
#3954=IFCEXTRUDEDAREASOLID(#3950,#3953,#35,8.0000000000000018);
#3955=IFCSTYLEDITEM(#3954,(#1638),$);
#3956=IFCSHAPEREPRESENTATION(#16,'Body','SweptSolid',(#3954));
#3957=IFCAXIS2PLACEMENT3D(#11,$,$);
#3958=IFCREPRESENTATIONMAP(#3957,#3956);
#3959=IFCBUILDINGELEMENTPROXYTYPE('1kkNhPW5XF4BusAPV6zL6F',#6,'Piso Ralo3:Piso Ralo',$,$,$,(#3958),'493154',$,.NOTDEFINED.);
#3960=IFCMAPPEDITEM(#3958,#195);
#3961=IFCSHAPEREPRESENTATION(#16,'Body','MappedRepresentation',(#3960));
#3962=IFCPRODUCTDEFINITIONSHAPE($,$,(#3961));
#3963=IFCAXIS2PLACEMENT3D(#11,$,$);
#3964=IFCLOCALPLACEMENT(#25,#3963);
#3965=IFCBUILDINGELEMENTPROXY('1kkNhPW5XF4BusAPV6zL69',#6,'Piso Ralo3:Piso Ralo:493156',$,$,#3964,#3962,'493156',$);
#3966=IFCPROPERTYSET('3RlbLJ8mMZO6l2TVqiAo7f',#6,'Pset_BuildingElementProxyCommon',$,(#3916));
#3967=IFCPROPERTYSET('1xSmJXf3_StyedpO1Cjtkr',#6,'Pset_QuantityTakeOff',$,(#3916));
#3968=IFCRELDEFINESBYPROPERTIES('1jtPKdvSKUtsII2JNXWd0O',#6,$,$,(#3965),#3966);
#3969=IFCRELDEFINESBYPROPERTIES('0voyL5nl0x669nWZNno$M3',#6,$,$,(#3965),#3967);
#3970=IFCCARTESIANPOINT((-148.06633998023361,-63.313812978014191));
#3971=IFCCARTESIANPOINT((30.527710652171564,-63.313812978014184));
#3972=IFCCARTESIANPOINT((65.408211404697241,-25.736081914621359));
#3973=IFCCARTESIANPOINT((52.130417923366267,152.36370787065133));
#3974=IFCPOLYLINE((#3970,#3971,#3972,#3973,#3970));
#3975=IFCARBITRARYCLOSEDPROFILEDEF(.AREA.,'Piso Ralo',#3974);
#3976=IFCCARTESIANPOINT((6089.4505717809316,8375.5354060546342,7.9985361410460829));
#3977=IFCDIRECTION((-0.73292094561840992,-0.68031381543653502,-0.));
#3978=IFCAXIS2PLACEMENT3D(#3976,#35,#3977);
#3979=IFCEXTRUDEDAREASOLID(#3975,#3978,#35,8.0000000000000018);
#3980=IFCSTYLEDITEM(#3979,(#1638),$);
#3981=IFCSHAPEREPRESENTATION(#16,'Body','SweptSolid',(#3979));
#3982=IFCAXIS2PLACEMENT3D(#11,$,$);
#3983=IFCREPRESENTATIONMAP(#3982,#3981);
#3984=IFCBUILDINGELEMENTPROXYTYPE('1kkNhPW5XF4BusAPV6zL63',#6,'Piso Ralo4:Piso Ralo',$,$,$,(#3983),'493166',$,.NOTDEFINED.);
#3985=IFCMAPPEDITEM(#3983,#195);
#3986=IFCSHAPEREPRESENTATION(#16,'Body','MappedRepresentation',(#3985));
#3987=IFCPRODUCTDEFINITIONSHAPE($,$,(#3986));
#3988=IFCAXIS2PLACEMENT3D(#11,$,$);
#3989=IFCLOCALPLACEMENT(#25,#3988);
#3990=IFCBUILDINGELEMENTPROXY('1kkNhPW5XF4BusAPV6zL6T',#6,'Piso Ralo4:Piso Ralo:493168',$,$,#3989,#3987,'493168',$);
#3991=IFCPROPERTYSET('0g$Gr5aONY4_WLQD77lsvI',#6,'Pset_BuildingElementProxyCommon',$,(#3916));
#3992=IFCPROPERTYSET('04TyMPVMxuPPeBIlYu6ty5',#6,'Pset_QuantityTakeOff',$,(#3916));
#3993=IFCRELDEFINESBYPROPERTIES('3h_YH8ruAFJGgiveN07z4H',#6,$,$,(#3990),#3991);
#3994=IFCRELDEFINESBYPROPERTIES('3j1OQJt3qIfO27ucNNsv5W',#6,$,$,(#3990),#3992);
#3995=IFCCARTESIANPOINT((-173.18875543962204,-60.749999999998103));
#3996=IFCCARTESIANPOINT((107.74109520395704,-60.749999999998103));
#3997=IFCCARTESIANPOINT((107.74109520395704,60.749999999999183));
#3998=IFCCARTESIANPOINT((-42.293434968295308,60.749999999999183));
#3999=IFCPOLYLINE((#3995,#3996,#3997,#3998,#3995));
#4000=IFCARBITRARYCLOSEDPROFILEDEF(.AREA.,'Piso Ralo',#3999);
#4001=IFCCARTESIANPOINT((5980.2395666952198,8463.2854060546433,7.9985361410460829));
#4002=IFCAXIS2PLACEMENT3D(#4001,#35,#200);
#4003=IFCEXTRUDEDAREASOLID(#4000,#4002,#35,8.0000000000000018);
#4004=IFCSTYLEDITEM(#4003,(#1638),$);
#4005=IFCSHAPEREPRESENTATION(#16,'Body','SweptSolid',(#4003));
#4006=IFCAXIS2PLACEMENT3D(#11,$,$);
#4007=IFCREPRESENTATIONMAP(#4006,#4005);
#4008=IFCBUILDINGELEMENTPROXYTYPE('1kkNhPW5XF4BusAPV6zL6J',#6,'Piso Ralo5:Piso Ralo',$,$,$,(#4007),'493182',$,.NOTDEFINED.);
#4009=IFCMAPPEDITEM(#4007,#195);
#4010=IFCSHAPEREPRESENTATION(#16,'Body','MappedRepresentation',(#4009));
#4011=IFCPRODUCTDEFINITIONSHAPE($,$,(#4010));
#4012=IFCAXIS2PLACEMENT3D(#11,$,$);
#4013=IFCLOCALPLACEMENT(#25,#4012);
#4014=IFCBUILDINGELEMENTPROXY('1kkNhPW5XF4BusAPV6zL5j',#6,'Piso Ralo5:Piso Ralo:493184',$,$,#4013,#4011,'493184',$);
#4015=IFCPROPERTYSET('2FMis$WpEaB$2ebjRxe0xi',#6,'Pset_BuildingElementProxyCommon',$,(#3916));
#4016=IFCPROPERTYSET('1gRw$aYUgfye5LMT3gtEh0',#6,'Pset_QuantityTakeOff',$,(#3916));
#4017=IFCRELDEFINESBYPROPERTIES('0w2UE3efZp1IDaB0TS4jt8',#6,$,$,(#4014),#4015);
#4018=IFCRELDEFINESBYPROPERTIES('17Y8Ibwc5vuXf21tWXVugZ',#6,$,$,(#4014),#4016);
#4019=IFCCARTESIANPOINT((-168.26273069505183,-73.297755557515003));
#4020=IFCCARTESIANPOINT((10.331319937354186,-73.297755557515003));
#4021=IFCCARTESIANPOINT((120.29476966661568,28.772808111197484));
#4022=IFCCARTESIANPOINT((37.636641091078879,117.82270300383264));
#4023=IFCPOLYLINE((#4019,#4020,#4021,#4022,#4019));
#4024=IFCARBITRARYCLOSEDPROFILEDEF(.AREA.,'Piso Ralo',#4023);
#4025=IFCCARTESIANPOINT((5980.2395666952198,8287.7854060546415,7.9985361410460829));
#4026=IFCDIRECTION((-0.73292094561841281,0.68031381543653202,-0.));
#4027=IFCAXIS2PLACEMENT3D(#4025,#35,#4026);
#4028=IFCEXTRUDEDAREASOLID(#4024,#4027,#35,8.0000000000000018);
#4029=IFCSTYLEDITEM(#4028,(#1638),$);
#4030=IFCSHAPEREPRESENTATION(#16,'Body','SweptSolid',(#4028));
#4031=IFCAXIS2PLACEMENT3D(#11,$,$);
#4032=IFCREPRESENTATIONMAP(#4031,#4030);
#4033=IFCBUILDINGELEMENTPROXYTYPE('1kkNhPW5XF4BusAPV6zL5d',#6,'Piso Ralo6:Piso Ralo',$,$,$,(#4032),'493194',$,.NOTDEFINED.);
#4034=IFCMAPPEDITEM(#4032,#195);
#4035=IFCSHAPEREPRESENTATION(#16,'Body','MappedRepresentation',(#4034));
#4036=IFCPRODUCTDEFINITIONSHAPE($,$,(#4035));
#4037=IFCAXIS2PLACEMENT3D(#11,$,$);
#4038=IFCLOCALPLACEMENT(#25,#4037);
#4039=IFCBUILDINGELEMENTPROXY('1kkNhPW5XF4BusAPV6zL5X',#6,'Piso Ralo6:Piso Ralo:493196',$,$,#4038,#4036,'493196',$);
#4040=IFCPROPERTYSET('29LuZuCVA0i0t7lc6_Nhp0',#6,'Pset_BuildingElementProxyCommon',$,(#3916));
#4041=IFCPROPERTYSET('1f8qjMYfRZIsXgwr_sBx2J',#6,'Pset_QuantityTakeOff',$,(#3916));
#4042=IFCRELDEFINESBYPROPERTIES('1Chr8qY9cmsBembg5$mXHX',#6,$,$,(#4039),#4040);
#4043=IFCRELDEFINESBYPROPERTIES('37TnQODI7B7gT_A3OfRQ1I',#6,$,$,(#4039),#4041);
#4044=IFCCARTESIANPOINT((5.4001247917767614E-013,0.));
#4045=IFCAXIS2PLACEMENT2D(#4044,#171);
#4046=IFCRECTANGLEPROFILEDEF(.AREA.,'Piso Ralo',#4045,149.49999999999957,50.000000000005961);
#4047=IFCCARTESIANPOINT((5492.7484714912625,8375.5354060546397,7.9985361410460829));
#4048=IFCAXIS2PLACEMENT3D(#4047,#35,#200);
#4049=IFCEXTRUDEDAREASOLID(#4046,#4048,#35,8.0000000000000018);
#4050=IFCSTYLEDITEM(#4049,(#3117),$);
#4051=IFCSHAPEREPRESENTATION(#16,'Body','SweptSolid',(#4049));
#4052=IFCAXIS2PLACEMENT3D(#11,$,$);
#4053=IFCREPRESENTATIONMAP(#4052,#4051);
#4054=IFCBUILDINGELEMENTPROXYTYPE('1kkNhPW5XF4BusAPV6zL5$',#6,'Piso Ralo7:Piso Ralo',$,$,$,(#4053),'493202',$,.NOTDEFINED.);
#4055=IFCMAPPEDITEM(#4053,#195);
#4056=IFCSHAPEREPRESENTATION(#16,'Body','MappedRepresentation',(#4055));
#4057=IFCPRODUCTDEFINITIONSHAPE($,$,(#4056));
#4058=IFCAXIS2PLACEMENT3D(#11,$,$);
#4059=IFCLOCALPLACEMENT(#25,#4058);
#4060=IFCBUILDINGELEMENTPROXY('1kkNhPW5XF4BusAPV6zL5v',#6,'Piso Ralo7:Piso Ralo:493204',$,$,#4059,#4057,'493204',$);
#4061=IFCPROPERTYSET('3VypwnQka0SBSKsjPT0sAB',#6,'Pset_BuildingElementProxyCommon',$,(#3916));
#4062=IFCPROPERTYSET('0OPHVMdjOF$4pCCpYL0WLL',#6,'Pset_QuantityTakeOff',$,(#3916));
#4063=IFCRELDEFINESBYPROPERTIES('3PMn84poCq6BrLrLRkC8Rw',#6,$,$,(#4060),#4061);
#4064=IFCRELDEFINESBYPROPERTIES('0LcUiJdIfOf6370V9HA1kA',#6,$,$,(#4060),#4062);
#4065=IFCCARTESIANPOINT((5.4001247917767614E-013,0.));
#4066=IFCAXIS2PLACEMENT2D(#4065,#171);
#4067=IFCRECTANGLEPROFILEDEF(.AREA.,'Piso Ralo',#4066,149.49999999999957,50.000000000005961);
#4068=IFCCARTESIANPOINT((5492.7484714912625,8375.5354060546397,7.9985361410460829));
#4069=IFCAXIS2PLACEMENT3D(#4068,#35,#200);
#4070=IFCEXTRUDEDAREASOLID(#4067,#4069,#35,8.0000000000000018);
#4071=IFCSTYLEDITEM(#4070,(#3117),$);
#4072=IFCSHAPEREPRESENTATION(#16,'Body','SweptSolid',(#4070));
#4073=IFCAXIS2PLACEMENT3D(#11,$,$);
#4074=IFCREPRESENTATIONMAP(#4073,#4072);
#4075=IFCBUILDINGELEMENTPROXYTYPE('1kkNhPW5XF4BusAPV6zL5p',#6,'Piso Ralo8:Piso Ralo',$,$,$,(#4074),'493214',$,.NOTDEFINED.);
#4076=IFCMAPPEDITEM(#4074,#195);
#4077=IFCSHAPEREPRESENTATION(#16,'Body','MappedRepresentation',(#4076));
#4078=IFCPRODUCTDEFINITIONSHAPE($,$,(#4077));
#4079=IFCCARTESIANPOINT((151.49999999999912,0.,0.));
#4080=IFCAXIS2PLACEMENT3D(#4079,$,$);
#4081=IFCLOCALPLACEMENT(#25,#4080);
#4082=IFCBUILDINGELEMENTPROXY('1kkNhPW5XF4BusAPV6zL5D',#6,'Piso Ralo8:Piso Ralo:493216',$,$,#4081,#4078,'493216',$);
#4083=IFCPROPERTYSET('1dvhSeothF_DxoakVDLE7I',#6,'Pset_BuildingElementProxyCommon',$,(#3916));
#4084=IFCPROPERTYSET('0vCk2re7tMIjCBOnTutUGq',#6,'Pset_QuantityTakeOff',$,(#3916));
#4085=IFCRELDEFINESBYPROPERTIES('1fbjAUaBBMmfabVW9N3dbc',#6,$,$,(#4082),#4083);
#4086=IFCRELDEFINESBYPROPERTIES('14hEdm5a47MmAjOtzAA4Sm',#6,$,$,(#4082),#4084);
#4087=IFCCARTESIANPOINT((5.4001247917767614E-013,0.));
#4088=IFCAXIS2PLACEMENT2D(#4087,#171);
#4089=IFCRECTANGLEPROFILEDEF(.AREA.,'Piso Ralo',#4088,149.49999999999957,50.000000000005961);
#4090=IFCCARTESIANPOINT((5492.7484714912625,8375.5354060546397,7.9985361410460829));
#4091=IFCAXIS2PLACEMENT3D(#4090,#35,#200);
#4092=IFCEXTRUDEDAREASOLID(#4089,#4091,#35,8.0000000000000018);
#4093=IFCSTYLEDITEM(#4092,(#3117),$);
#4094=IFCSHAPEREPRESENTATION(#16,'Body','SweptSolid',(#4092));
#4095=IFCAXIS2PLACEMENT3D(#11,$,$);
#4096=IFCREPRESENTATIONMAP(#4095,#4094);
#4097=IFCBUILDINGELEMENTPROXYTYPE('1kkNhPW5XF4BusAPV6zL57',#6,'Piso Ralo9:Piso Ralo',$,$,$,(#4096),'493226',$,.NOTDEFINED.);
#4098=IFCMAPPEDITEM(#4096,#195);
#4099=IFCSHAPEREPRESENTATION(#16,'Body','MappedRepresentation',(#4098));
#4100=IFCPRODUCTDEFINITIONSHAPE($,$,(#4099));
#4101=IFCCARTESIANPOINT((303.,0.,0.));
#4102=IFCAXIS2PLACEMENT3D(#4101,$,$);
#4103=IFCLOCALPLACEMENT(#25,#4102);
#4104=IFCBUILDINGELEMENTPROXY('1kkNhPW5XF4BusAPV6zL51',#6,'Piso Ralo9:Piso Ralo:493228',$,$,#4103,#4100,'493228',$);
#4105=IFCPROPERTYSET('1C1uAGoYzhg4Dus5cycYn9',#6,'Pset_BuildingElementProxyCommon',$,(#3916));
#4106=IFCPROPERTYSET('18XYBr3nkME9476xUxv6Yz',#6,'Pset_QuantityTakeOff',$,(#3916));
#4107=IFCRELDEFINESBYPROPERTIES('2WWpeJP8BVMR1VR9ZmFaZz',#6,$,$,(#4104),#4105);
#4108=IFCRELDEFINESBYPROPERTIES('1$jgN5byu0MqcrE5Yop7CO',#6,$,$,(#4104),#4106);
#4109=IFCCARTESIANPOINT((5.4001247917767614E-013,0.));
#4110=IFCAXIS2PLACEMENT2D(#4109,#171);
#4111=IFCRECTANGLEPROFILEDEF(.AREA.,'Piso Ralo',#4110,149.49999999999957,50.000000000005961);
#4112=IFCCARTESIANPOINT((5492.7484714912625,8375.5354060546397,7.9985361410460829));
#4113=IFCAXIS2PLACEMENT3D(#4112,#35,#200);
#4114=IFCEXTRUDEDAREASOLID(#4111,#4113,#35,8.0000000000000018);
#4115=IFCSTYLEDITEM(#4114,(#3117),$);
#4116=IFCSHAPEREPRESENTATION(#16,'Body','SweptSolid',(#4114));
#4117=IFCAXIS2PLACEMENT3D(#11,$,$);
#4118=IFCREPRESENTATIONMAP(#4117,#4116);
#4119=IFCBUILDINGELEMENTPROXYTYPE('1kkNhPW5XF4BusAPV6zL5R',#6,'Piso Ralo20:Piso Ralo',$,$,$,(#4118),'493238',$,.NOTDEFINED.);
#4120=IFCMAPPEDITEM(#4118,#195);
#4121=IFCSHAPEREPRESENTATION(#16,'Body','MappedRepresentation',(#4120));
#4122=IFCPRODUCTDEFINITIONSHAPE($,$,(#4121));
#4123=IFCCARTESIANPOINT((454.49999999999955,0.,0.));
#4124=IFCAXIS2PLACEMENT3D(#4123,$,$);
#4125=IFCLOCALPLACEMENT(#25,#4124);
#4126=IFCBUILDINGELEMENTPROXY('1kkNhPW5XF4BusAPV6zL5L',#6,'Piso Ralo20:Piso Ralo:493240',$,$,#4125,#4122,'493240',$);
#4127=IFCPROPERTYSET('06Gdybge4ofAmBLWQuCL3z',#6,'Pset_BuildingElementProxyCommon',$,(#3916));
#4128=IFCPROPERTYSET('3bkE$4gtQYL5XSJfT4VL$G',#6,'Pset_QuantityTakeOff',$,(#3916));
#4129=IFCRELDEFINESBYPROPERTIES('13xV092_pJh_90cAl4QR7C',#6,$,$,(#4126),#4127);
#4130=IFCRELDEFINESBYPROPERTIES('2IRJ8LAVeu9M9HdTZWfNTt',#6,$,$,(#4126),#4128);
#4131=IFCCARTESIANPOINT((1.4210854715202004E-014,0.));
#4132=IFCAXIS2PLACEMENT2D(#4131,#171);
#4133=IFCRECTANGLEPROFILEDEF(.AREA.,'Tile 600x600 Gray',#4132,282.40000000000003,600.00000000000011);
#4134=IFCCARTESIANPOINT((-300.,-141.2000000000084,-0.));
#4135=IFCAXIS2PLACEMENT3D(#4134,#35,#36);
#4136=IFCEXTRUDEDAREASOLID(#4133,#4135,#35,6.9999999999999973);
#4137=IFCSTYLEDITEM(#4136,(#1638),$);
#4138=IFCSHAPEREPRESENTATION(#16,'Body','SweptSolid',(#4136));
#4139=IFCAXIS2PLACEMENT3D(#11,$,$);
#4140=IFCREPRESENTATIONMAP(#4139,#4138);
#4141=IFCBUILDINGELEMENTPROXYTYPE('2K3ZkqEXH14Pr_cbC5EW29',#6,'Tile:Tile 600x600 Gray',$,$,$,(#4140),'425013',$,.NOTDEFINED.);
#4142=IFCMAPPEDITEM(#4140,#195);
#4143=IFCSHAPEREPRESENTATION(#16,'Body','MappedRepresentation',(#4142));
#4144=IFCPRODUCTDEFINITIONSHAPE($,$,(#4143));
#4145=IFCCARTESIANPOINT((6154.8982320166033,7625.0354060546542,7.998536141046082));
#4146=IFCAXIS2PLACEMENT3D(#4145,#35,#36);
#4147=IFCLOCALPLACEMENT(#25,#4146);
#4148=IFCBUILDINGELEMENTPROXY('1kkNhPW5XF4BusAPV6zL5G',#6,'Tile:Tile 600x600 Gray:493245',$,$,#4147,#4144,'493245',$);
#4149=IFCPROPERTYSET('24Is2uRuwO1fm1erl7Caq7',#6,'Pset_BuildingElementProxyCommon',$,(#3857));
#4150=IFCPROPERTYSET('1K7j$9CdZYQ1MvbC9ki6xQ',#6,'Pset_QuantityTakeOff',$,(#3857));
#4151=IFCRELDEFINESBYPROPERTIES('1$0qWNeE022sfjVdKUeira',#6,$,$,(#4148),#4149);
#4152=IFCRELDEFINESBYPROPERTIES('2aOnc0FgycWqvub7dxsgQx',#6,$,$,(#4148),#4150);
#4153=IFCCARTESIANPOINT((0.,-1.4210854715202004E-014));
#4154=IFCAXIS2PLACEMENT2D(#4153,#171);
#4155=IFCRECTANGLEPROFILEDEF(.AREA.,'Tile 600x600 Gray',#4154,471.00000000000011,143.60000000000011);
#4156=IFCCARTESIANPOINT((-235.49999999999378,-71.800000000008453,-0.));
#4157=IFCAXIS2PLACEMENT3D(#4156,#35,#200);
#4158=IFCEXTRUDEDAREASOLID(#4155,#4157,#35,6.9999999999999973);
#4159=IFCSTYLEDITEM(#4158,(#1638),$);
#4160=IFCSHAPEREPRESENTATION(#16,'Body','SweptSolid',(#4158));
#4161=IFCAXIS2PLACEMENT3D(#11,$,$);
#4162=IFCREPRESENTATIONMAP(#4161,#4160);
#4163=IFCBUILDINGELEMENTPROXYTYPE('2$VVOJLwT6pgz3fUFT5IBw',#6,'Tile:Tile 600x600 Gray',$,$,$,(#4162),'425013',$,.NOTDEFINED.);
#4164=IFCMAPPEDITEM(#4162,#195);
#4165=IFCSHAPEREPRESENTATION(#16,'Body','MappedRepresentation',(#4164));
#4166=IFCPRODUCTDEFINITIONSHAPE($,$,(#4165));
#4167=IFCCARTESIANPOINT((6472.4984714912671,7625.0354060546542,7.998536141046082));
#4168=IFCAXIS2PLACEMENT3D(#4167,#35,#36);
#4169=IFCLOCALPLACEMENT(#25,#4168);
#4170=IFCBUILDINGELEMENTPROXY('1kkNhPW5XF4BusAPV6zL5J',#6,'Tile:Tile 600x600 Gray:493246',$,$,#4169,#4166,'493246',$);
#4171=IFCPROPERTYSET('1S8JpG_7p5_jrxnGkfQdKp',#6,'Pset_BuildingElementProxyCommon',$,(#3857));
#4172=IFCPROPERTYSET('1Sc0n5_a4GNIKggji_jiRT',#6,'Pset_QuantityTakeOff',$,(#3857));
#4173=IFCRELDEFINESBYPROPERTIES('1FqQzmPPBGfRNiSbbekUXG',#6,$,$,(#4170),#4171);
#4174=IFCRELDEFINESBYPROPERTIES('1TEZIrHj1WZSya1myi$9lK',#6,$,$,(#4170),#4172);
#4175=IFCCARTESIANPOINT((0.,0.));
#4176=IFCAXIS2PLACEMENT2D(#4175,#171);
#4177=IFCRECTANGLEPROFILEDEF(.AREA.,'Tile 600x600 Gray',#4176,471.00000000000011,600.);
#4178=IFCCARTESIANPOINT((-235.49999999999378,-300.,-0.));
#4179=IFCAXIS2PLACEMENT3D(#4178,#35,#200);
#4180=IFCEXTRUDEDAREASOLID(#4177,#4179,#35,6.9999999999999973);
#4181=IFCSTYLEDITEM(#4180,(#1638),$);
#4182=IFCSHAPEREPRESENTATION(#16,'Body','SweptSolid',(#4180));
#4183=IFCAXIS2PLACEMENT3D(#11,$,$);
#4184=IFCREPRESENTATIONMAP(#4183,#4182);
#4185=IFCBUILDINGELEMENTPROXYTYPE('2$VVOJLwT6pgz3fUFT5I9M',#6,'Tile:Tile 600x600 Gray',$,$,$,(#4184),'425013',$,.NOTDEFINED.);
#4186=IFCMAPPEDITEM(#4184,#195);
#4187=IFCSHAPEREPRESENTATION(#16,'Body','MappedRepresentation',(#4186));
#4188=IFCPRODUCTDEFINITIONSHAPE($,$,(#4187));
#4189=IFCCARTESIANPOINT((7074.498471491268,7625.0354060546515,7.998536141046082));
#4190=IFCAXIS2PLACEMENT3D(#4189,#35,#36);
#4191=IFCLOCALPLACEMENT(#25,#4190);
#4192=IFCBUILDINGELEMENTPROXY('1kkNhPW5XF4BusAPV6zL5I',#6,'Tile:Tile 600x600 Gray:493247',$,$,#4191,#4188,'493247',$);
#4193=IFCPROPERTYSET('0Tp7WdT$wS35KRiMhwGNMi',#6,'Pset_BuildingElementProxyCommon',$,(#3857));
#4194=IFCPROPERTYSET('19HEOKPYifso_Agd7yD5t2',#6,'Pset_QuantityTakeOff',$,(#3857));
#4195=IFCRELDEFINESBYPROPERTIES('2otzxt2x302cG8AfVmqSAd',#6,$,$,(#4192),#4193);
#4196=IFCRELDEFINESBYPROPERTIES('32INxWSBVdMbWccTusL5Ah',#6,$,$,(#4192),#4194);
#4197=IFCCARTESIANPOINT((0.,0.));
#4198=IFCAXIS2PLACEMENT2D(#4197,#171);
#4199=IFCRECTANGLEPROFILEDEF(.AREA.,'Tile 600x600 Gray',#4198,438.20000000000016,450.00000000000006);
#4200=IFCCARTESIANPOINT((-219.09999999999377,-225.,-0.));
#4201=IFCAXIS2PLACEMENT3D(#4200,#35,#200);
#4202=IFCEXTRUDEDAREASOLID(#4199,#4201,#35,6.9999999999999973);
#4203=IFCSTYLEDITEM(#4202,(#1638),$);
#4204=IFCSHAPEREPRESENTATION(#16,'Body','SweptSolid',(#4202));
#4205=IFCAXIS2PLACEMENT3D(#11,$,$);
#4206=IFCREPRESENTATIONMAP(#4205,#4204);
#4207=IFCBUILDINGELEMENTPROXYTYPE('1pWAiev0D0PBwy2gi$xpQd',#6,'Tile:Tile 600x600 Gray',$,$,$,(#4206),'425013',$,.NOTDEFINED.);
#4208=IFCMAPPEDITEM(#4206,#195);
#4209=IFCSHAPEREPRESENTATION(#16,'Body','MappedRepresentation',(#4208));
#4210=IFCPRODUCTDEFINITIONSHAPE($,$,(#4209));
#4211=IFCCARTESIANPOINT((5715.2164729501274,8533.0354060546197,463.01000000000494));
#4212=IFCAXIS2PLACEMENT3D(#4211,#36,#1482);
#4213=IFCLOCALPLACEMENT(#25,#4212);
#4214=IFCBUILDINGELEMENTPROXY('1kkNhPW5XF4BusAPV6zL4V',#6,'Tile:Tile 600x600 Gray:493298',$,$,#4213,#4210,'493298',$);
#4215=IFCPROPERTYSET('1Nq26Clb72cfnzVZbuwMI2',#6,'Pset_BuildingElementProxyCommon',$,(#3857));
#4216=IFCPROPERTYSET('1YnDvKstPCL_PnP89BJLEv',#6,'Pset_QuantityTakeOff',$,(#3857));
#4217=IFCRELDEFINESBYPROPERTIES('1Ramh8nU8VvzdDLEWcTxAx',#6,$,$,(#4214),#4215);
#4218=IFCRELDEFINESBYPROPERTIES('2NZLYblRjqzNRCHI4_wvQR',#6,$,$,(#4214),#4216);
#4219=IFCMAPPEDITEM(#4206,#195);
#4220=IFCSHAPEREPRESENTATION(#16,'Body','MappedRepresentation',(#4219));
#4221=IFCPRODUCTDEFINITIONSHAPE($,$,(#4220));
#4222=IFCCARTESIANPOINT((6155.4164729501272,8533.0354060546179,463.01000000000346));
#4223=IFCAXIS2PLACEMENT3D(#4222,#36,#1482);
#4224=IFCLOCALPLACEMENT(#25,#4223);
#4225=IFCBUILDINGELEMENTPROXY('1kkNhPW5XF4BusAPV6zL4U',#6,'Tile:Tile 600x600 Gray:493299',$,$,#4224,#4221,'493299',$);
#4226=IFCPROPERTYSET('1$syGpQrSVvUxt11Eb33sF',#6,'Pset_BuildingElementProxyCommon',$,(#3857));
#4227=IFCPROPERTYSET('1SYTMphAf9dA93dGgsnugV',#6,'Pset_QuantityTakeOff',$,(#3857));
#4228=IFCRELDEFINESBYPROPERTIES('17tYmC2o5JqULJXb56I0uz',#6,$,$,(#4225),#4226);
#4229=IFCRELDEFINESBYPROPERTIES('3mj7F6_sSOTf_KoZKhMuOK',#6,$,$,(#4225),#4227);
#4230=IFCMAPPEDITEM(#4206,#195);
#4231=IFCSHAPEREPRESENTATION(#16,'Body','MappedRepresentation',(#4230));
#4232=IFCPRODUCTDEFINITIONSHAPE($,$,(#4231));
#4233=IFCCARTESIANPOINT((5715.2164729501274,8533.0354060546197,915.01000000000488));
#4234=IFCAXIS2PLACEMENT3D(#4233,#36,#1482);
#4235=IFCLOCALPLACEMENT(#25,#4234);
#4236=IFCBUILDINGELEMENTPROXY('1kkNhPW5XF4BusAPV6zL4P',#6,'Tile:Tile 600x600 Gray:493300',$,$,#4235,#4232,'493300',$);
#4237=IFCPROPERTYSET('1jyyCNuLly0nedH4B77bGc',#6,'Pset_BuildingElementProxyCommon',$,(#3857));
#4238=IFCPROPERTYSET('3KzZtjLyZNDRRpXhEWBfty',#6,'Pset_QuantityTakeOff',$,(#3857));
#4239=IFCRELDEFINESBYPROPERTIES('0HhTxObmlADHrmWjBCd7BA',#6,$,$,(#4236),#4237);
#4240=IFCRELDEFINESBYPROPERTIES('3whYnJ0H1dSVmoDfeR1dK6',#6,$,$,(#4236),#4238);
#4241=IFCMAPPEDITEM(#4206,#195);
#4242=IFCSHAPEREPRESENTATION(#16,'Body','MappedRepresentation',(#4241));
#4243=IFCPRODUCTDEFINITIONSHAPE($,$,(#4242));
#4244=IFCCARTESIANPOINT((6155.4164729501272,8533.0354060546179,915.0100000000034));
#4245=IFCAXIS2PLACEMENT3D(#4244,#36,#1482);
#4246=IFCLOCALPLACEMENT(#25,#4245);
#4247=IFCBUILDINGELEMENTPROXY('1kkNhPW5XF4BusAPV6zL4O',#6,'Tile:Tile 600x600 Gray:493301',$,$,#4246,#4243,'493301',$);
#4248=IFCPROPERTYSET('0XCjeESw30PBoK1tomkmCI',#6,'Pset_BuildingElementProxyCommon',$,(#3857));
#4249=IFCPROPERTYSET('0HuCnk9c90W2Vc7qrdMD3o',#6,'Pset_QuantityTakeOff',$,(#3857));
#4250=IFCRELDEFINESBYPROPERTIES('0O76hu_FPc0kWbLoYx9WMD',#6,$,$,(#4247),#4248);
#4251=IFCRELDEFINESBYPROPERTIES('0gseQawgFext_9lXxGq_mX',#6,$,$,(#4247),#4249);
#4252=IFCCARTESIANPOINT((-2.1316282072803006E-014,0.));
#4253=IFCAXIS2PLACEMENT2D(#4252,#171);
#4254=IFCRECTANGLEPROFILEDEF(.AREA.,'Tile 450,700 x 300,500 x 95 Red',#4253,233.90000000000006,300.29999999999995);
#4255=IFCCARTESIANPOINT((-116.94999999999378,-150.15000000000845,-0.));
#4256=IFCAXIS2PLACEMENT3D(#4255,#35,#200);
#4257=IFCEXTRUDEDAREASOLID(#4254,#4256,#35,6.9999999999999973);
#4258=IFCSTYLEDITEM(#4257,(#746),$);
#4259=IFCSHAPEREPRESENTATION(#16,'Body','SweptSolid',(#4257));
#4260=IFCAXIS2PLACEMENT3D(#11,$,$);
#4261=IFCREPRESENTATIONMAP(#4260,#4259);
#4262=IFCBUILDINGELEMENTPROXYTYPE('0ZqRNsBqv5aPUTYwZjIaO$',#6,'Tile:Tile 450,700 x 300,500 x 95 Red',$,$,$,(#4261),'427296',$,.NOTDEFINED.);
#4263=IFCMAPPEDITEM(#4261,#195);
#4264=IFCSHAPEREPRESENTATION(#16,'Body','MappedRepresentation',(#4263));
#4265=IFCPRODUCTDEFINITIONSHAPE($,$,(#4264));
#4266=IFCCARTESIANPOINT((5510.4164729501299,8533.0354060546197,1217.5100000000048));
#4267=IFCAXIS2PLACEMENT3D(#4266,#36,#1482);
#4268=IFCLOCALPLACEMENT(#25,#4267);
#4269=IFCBUILDINGELEMENTPROXY('1kkNhPW5XF4BusAPV6zL4R',#6,'Tile:Tile 450,700 x 300,500 x 95 Red:493302',$,$,#4268,#4265,'493302',$);
#4270=IFCPROPERTYSET('2xDz2XYsEPiEt0mQv6GPur',#6,'Pset_BuildingElementProxyCommon',$,(#1707));
#4271=IFCPROPERTYSET('1ZhdghwJO8IRMY9qIariQd',#6,'Pset_QuantityTakeOff',$,(#1707));
#4272=IFCRELDEFINESBYPROPERTIES('18d15NocBw6HyrIufbMz3B',#6,$,$,(#4269),#4270);
#4273=IFCRELDEFINESBYPROPERTIES('0CYah3MdmgFoEfaaxakPcP',#6,$,$,(#4269),#4271);
#4274=IFCCARTESIANPOINT((-1.4210854715202004E-014,0.));
#4275=IFCAXIS2PLACEMENT2D(#4274,#171);
#4276=IFCRECTANGLEPROFILEDEF(.AREA.,'Tile 450,700 x 300,500 x 95 Red',#4275,233.94,300.29999999999995);
#4277=IFCCARTESIANPOINT((-116.96999999999376,-150.15000000000845,-0.));
#4278=IFCAXIS2PLACEMENT3D(#4277,#35,#200);
#4279=IFCEXTRUDEDAREASOLID(#4276,#4278,#35,6.9999999999999973);
#4280=IFCSTYLEDITEM(#4279,(#746),$);
#4281=IFCSHAPEREPRESENTATION(#16,'Body','SweptSolid',(#4279));
#4282=IFCAXIS2PLACEMENT3D(#11,$,$);
#4283=IFCREPRESENTATIONMAP(#4282,#4281);
#4284=IFCBUILDINGELEMENTPROXYTYPE('0ZqRNsBqv5aPUTYwZjIaOB',#6,'Tile:Tile 450,700 x 300,500 x 95 Red',$,$,$,(#4283),'427296',$,.NOTDEFINED.);
#4285=IFCMAPPEDITEM(#4283,#195);
#4286=IFCSHAPEREPRESENTATION(#16,'Body','MappedRepresentation',(#4285));
#4287=IFCPRODUCTDEFINITIONSHAPE($,$,(#4286));
#4288=IFCCARTESIANPOINT((6155.4564729501271,8533.0354060546179,1217.5100000000025));
#4289=IFCAXIS2PLACEMENT3D(#4288,#36,#1482);
#4290=IFCLOCALPLACEMENT(#25,#4289);
#4291=IFCBUILDINGELEMENTPROXY('1kkNhPW5XF4BusAPV6zL4Q',#6,'Tile:Tile 450,700 x 300,500 x 95 Red:493303',$,$,#4290,#4287,'493303',$);
#4292=IFCPROPERTYSET('2BtJ27ZulYyhSy_tTw5Vg5',#6,'Pset_BuildingElementProxyCommon',$,(#1707));
#4293=IFCPROPERTYSET('0dQD3PVL5FqTsnWXBiRNEO',#6,'Pset_QuantityTakeOff',$,(#1707));
#4294=IFCRELDEFINESBYPROPERTIES('23qKFsQ5lYEjgM74SXhQgk',#6,$,$,(#4291),#4292);
#4295=IFCRELDEFINESBYPROPERTIES('04XNWLZlteVh1ALV8Plqi_',#6,$,$,(#4291),#4293);
#4296=IFCCARTESIANPOINT((-1.4210854715202004E-014,0.));
#4297=IFCAXIS2PLACEMENT2D(#4296,#171);
#4298=IFCRECTANGLEPROFILEDEF(.AREA.,'Tile 450,700 x 300,500 x 95 Red',#4297,203.30000000000004,300.29999999999995);
#4299=IFCCARTESIANPOINT((-101.64999999999378,-150.15000000000845,-0.));
#4300=IFCAXIS2PLACEMENT3D(#4299,#35,#200);
#4301=IFCEXTRUDEDAREASOLID(#4298,#4300,#35,6.9999999999999973);
#4302=IFCSTYLEDITEM(#4301,(#746),$);
#4303=IFCSHAPEREPRESENTATION(#16,'Body','SweptSolid',(#4301));
#4304=IFCAXIS2PLACEMENT3D(#11,$,$);
#4305=IFCREPRESENTATIONMAP(#4304,#4303);
#4306=IFCBUILDINGELEMENTPROXYTYPE('0ZqRNsBqv5aPUTYwZjIaR4',#6,'Tile:Tile 450,700 x 300,500 x 95 Red',$,$,$,(#4305),'427296',$,.NOTDEFINED.);
#4307=IFCMAPPEDITEM(#4305,#195);
#4308=IFCSHAPEREPRESENTATION(#16,'Body','MappedRepresentation',(#4307));
#4309=IFCPRODUCTDEFINITIONSHAPE($,$,(#4308));
#4310=IFCCARTESIANPOINT((5817.616472950137,8533.0354060546179,1217.5100000000182));
#4311=IFCAXIS2PLACEMENT3D(#4310,#36,#1482);
#4312=IFCLOCALPLACEMENT(#25,#4311);
#4313=IFCBUILDINGELEMENTPROXY('1kkNhPW5XF4BusAPV6zL4L',#6,'Tile:Tile 450,700 x 300,500 x 95 Red:493304',$,$,#4312,#4309,'493304',$);
#4314=IFCPROPERTYSET('2sKVVecGOj4gUzqpNeI6Sj',#6,'Pset_BuildingElementProxyCommon',$,(#1707));
#4315=IFCPROPERTYSET('0Tmp3TcLwlQcoBU9l1Jk8f',#6,'Pset_QuantityTakeOff',$,(#1707));
#4316=IFCRELDEFINESBYPROPERTIES('2PlNPlrRNmXC0cr7oRYKcb',#6,$,$,(#4313),#4314);
#4317=IFCRELDEFINESBYPROPERTIES('0H8g5FoTgns$8f4eBoWgWZ',#6,$,$,(#4313),#4315);
#4318=IFCCARTESIANPOINT((2.1316282072803006E-014,0.));
#4319=IFCAXIS2PLACEMENT2D(#4318,#171);
#4320=IFCRECTANGLEPROFILEDEF(.AREA.,'Tile 200x100x75 White 2',#4319,199.80000000000001,100.40000000000001);
#4321=IFCCARTESIANPOINT((-50.199999999993743,-99.900000000008419,-0.));
#4322=IFCAXIS2PLACEMENT3D(#4321,#35,#36);
#4323=IFCEXTRUDEDAREASOLID(#4320,#4322,#35,6.9999999999999973);
#4324=IFCSTYLEDITEM(#4323,(#184),$);
#4325=IFCSHAPEREPRESENTATION(#16,'Body','SweptSolid',(#4323));
#4326=IFCAXIS2PLACEMENT3D(#11,$,$);
#4327=IFCREPRESENTATIONMAP(#4326,#4325);
#4328=IFCBUILDINGELEMENTPROXYTYPE('0qyAVvJzHBtx7qBAcZyoZt',#6,'Tile:Tile 200x100x75 White 2',$,$,$,(#4327),'431094',$,.NOTDEFINED.);
#4329=IFCMAPPEDITEM(#4327,#195);
#4330=IFCSHAPEREPRESENTATION(#16,'Body','MappedRepresentation',(#4329));
#4331=IFCPRODUCTDEFINITIONSHAPE($,$,(#4330));
#4332=IFCCARTESIANPOINT((5612.8164729501332,8533.0354060546179,1117.0100000000034));
#4333=IFCAXIS2PLACEMENT3D(#4332,#36,#1482);
#4334=IFCLOCALPLACEMENT(#25,#4333);
#4335=IFCBUILDINGELEMENTPROXY('1kkNhPW5XF4BusAPV6zL4K',#6,'Tile:Tile 200x100x75 White 2:493305',$,$,#4334,#4331,'493305',$);
#4336=IFCPROPERTYSET('3j0ZFMTRuePcHR$WOb7xnC',#6,'Pset_BuildingElementProxyCommon',$,(#204));
#4337=IFCPROPERTYSET('3h1_yuCmNHZS1qd6H3oytS',#6,'Pset_QuantityTakeOff',$,(#204));
#4338=IFCRELDEFINESBYPROPERTIES('0kjB_lwLiopbALnntEUCHP',#6,$,$,(#4335),#4336);
#4339=IFCRELDEFINESBYPROPERTIES('2AyJ3zsnMubj0J26BKBDoV',#6,$,$,(#4335),#4337);
#4340=IFCCARTESIANPOINT((2.1316282072803006E-014,0.));
#4341=IFCAXIS2PLACEMENT2D(#4340,#171);
#4342=IFCRECTANGLEPROFILEDEF(.AREA.,'Tile 200x100x75 White',#4341,200.00000000000006,100.40000000000001);
#4343=IFCCARTESIANPOINT((-50.199999999993743,-100.,-0.));
#4344=IFCAXIS2PLACEMENT3D(#4343,#35,#36);
#4345=IFCEXTRUDEDAREASOLID(#4342,#4344,#35,6.9999999999999973);
#4346=IFCSTYLEDITEM(#4345,(#184),$);
#4347=IFCSHAPEREPRESENTATION(#16,'Body','SweptSolid',(#4345));
#4348=IFCAXIS2PLACEMENT3D(#11,$,$);
#4349=IFCREPRESENTATIONMAP(#4348,#4347);
#4350=IFCBUILDINGELEMENTPROXYTYPE('1pWAiev0D0PBwy2gi$xplJ',#6,'Tile:Tile 200x100x75 White',$,$,$,(#4349),'428000',$,.NOTDEFINED.);
#4351=IFCMAPPEDITEM(#4349,#195);
#4352=IFCSHAPEREPRESENTATION(#16,'Body','MappedRepresentation',(#4351));
#4353=IFCPRODUCTDEFINITIONSHAPE($,$,(#4352));
#4354=IFCCARTESIANPOINT((5715.2364729500978,8533.035406054616,1419.5100000000025));
#4355=IFCAXIS2PLACEMENT3D(#4354,#36,#1482);
#4356=IFCLOCALPLACEMENT(#25,#4355);
#4357=IFCBUILDINGELEMENTPROXY('1kkNhPW5XF4BusAPV6zL4N',#6,'Tile:Tile 200x100x75 White:493306',$,$,#4356,#4353,'493306',$);
#4358=IFCPROPERTYSINGLEVALUE('Reference',$,IFCIDENTIFIER('Tile 200x100x75 White'),$);
#4359=IFCPROPERTYSET('2g4lXGytYqiaYy$ztF4Efx',#6,'Pset_BuildingElementProxyCommon',$,(#4358));
#4360=IFCPROPERTYSET('3S0lRbGpOG3vRuAEqE0cBK',#6,'Pset_QuantityTakeOff',$,(#4358));
#4361=IFCRELDEFINESBYPROPERTIES('29WlJLfrQiGYTQ9lv14vYj',#6,$,$,(#4357),#4359);
#4362=IFCRELDEFINESBYPROPERTIES('3msBK5l7Km9Zaa4KGQ2Ncl',#6,$,$,(#4357),#4360);
#4363=IFCMAPPEDITEM(#4349,#195);
#4364=IFCSHAPEREPRESENTATION(#16,'Body','MappedRepresentation',(#4363));
#4365=IFCPRODUCTDEFINITIONSHAPE($,$,(#4364));
#4366=IFCCARTESIANPOINT((5817.6364729501011,8533.035406054616,1419.5100000000036));
#4367=IFCAXIS2PLACEMENT3D(#4366,#36,#1482);
#4368=IFCLOCALPLACEMENT(#25,#4367);
#4369=IFCBUILDINGELEMENTPROXY('1kkNhPW5XF4BusAPV6zL4M',#6,'Tile:Tile 200x100x75 White:493307',$,$,#4368,#4365,'493307',$);
#4370=IFCPROPERTYSET('0HTY1_kGI99$1TnR7sKwxu',#6,'Pset_BuildingElementProxyCommon',$,(#4358));
#4371=IFCPROPERTYSET('3x1tPPYlD1ZQzebV27JDbZ',#6,'Pset_QuantityTakeOff',$,(#4358));
#4372=IFCRELDEFINESBYPROPERTIES('2eifREQJYH8bedztUNYMW9',#6,$,$,(#4369),#4370);
#4373=IFCRELDEFINESBYPROPERTIES('2PBjOUWOmO6k1WSI5zSabO',#6,$,$,(#4369),#4371);
#4374=IFCMAPPEDITEM(#4349,#195);
#4375=IFCSHAPEREPRESENTATION(#16,'Body','MappedRepresentation',(#4374));
#4376=IFCPRODUCTDEFINITIONSHAPE($,$,(#4375));
#4377=IFCCARTESIANPOINT((5715.236472950096,8533.0354060546179,1621.5100000000036));
#4378=IFCAXIS2PLACEMENT3D(#4377,#36,#1482);
#4379=IFCLOCALPLACEMENT(#25,#4378);
#4380=IFCBUILDINGELEMENTPROXY('1kkNhPW5XF4BusAPV6zL4H',#6,'Tile:Tile 200x100x75 White:493308',$,$,#4379,#4376,'493308',$);
#4381=IFCPROPERTYSET('2SqL1k9yQztEFxL$eiAT9$',#6,'Pset_BuildingElementProxyCommon',$,(#4358));
#4382=IFCPROPERTYSET('1XQ7zFoP$f$nYRtAsQKLGQ',#6,'Pset_QuantityTakeOff',$,(#4358));
#4383=IFCRELDEFINESBYPROPERTIES('0VooJ5jKvCIrpO3_tEYg_$',#6,$,$,(#4380),#4381);
#4384=IFCRELDEFINESBYPROPERTIES('0HJTN7MmPU4Fn4qaSLpGwv',#6,$,$,(#4380),#4382);
#4385=IFCMAPPEDITEM(#4349,#195);
#4386=IFCSHAPEREPRESENTATION(#16,'Body','MappedRepresentation',(#4385));
#4387=IFCPRODUCTDEFINITIONSHAPE($,$,(#4386));
#4388=IFCCARTESIANPOINT((5817.636472950102,8533.0354060546179,1621.5100000000043));
#4389=IFCAXIS2PLACEMENT3D(#4388,#36,#1482);
#4390=IFCLOCALPLACEMENT(#25,#4389);
#4391=IFCBUILDINGELEMENTPROXY('1kkNhPW5XF4BusAPV6zL4G',#6,'Tile:Tile 200x100x75 White:493309',$,$,#4390,#4387,'493309',$);
#4392=IFCPROPERTYSET('2FCQG88SEWVBgHg65tmgqq',#6,'Pset_BuildingElementProxyCommon',$,(#4358));
#4393=IFCPROPERTYSET('1e4hp2V9TDsoHEq6sAjVxS',#6,'Pset_QuantityTakeOff',$,(#4358));
#4394=IFCRELDEFINESBYPROPERTIES('2YVf$HKK$POi2s1a2XGIYU',#6,$,$,(#4391),#4392);
#4395=IFCRELDEFINESBYPROPERTIES('2ZeGkTr72EkojItJ4xs3Pb',#6,$,$,(#4391),#4393);
#4396=IFCMAPPEDITEM(#4349,#195);
#4397=IFCSHAPEREPRESENTATION(#16,'Body','MappedRepresentation',(#4396));
#4398=IFCPRODUCTDEFINITIONSHAPE($,$,(#4397));
#4399=IFCCARTESIANPOINT((5612.8364729500972,8533.0354060546179,1722.6099999999967));
#4400=IFCAXIS2PLACEMENT3D(#4399,#36,#1482);
#4401=IFCLOCALPLACEMENT(#25,#4400);
#4402=IFCBUILDINGELEMENTPROXY('1kkNhPW5XF4BusAPV6zL4J',#6,'Tile:Tile 200x100x75 White:493310',$,$,#4401,#4398,'493310',$);
#4403=IFCPROPERTYSET('2A16FP5yge6rlE5a1s28pN',#6,'Pset_BuildingElementProxyCommon',$,(#4358));
#4404=IFCPROPERTYSET('2Sv95pxbmshCaAYS58ppg6',#6,'Pset_QuantityTakeOff',$,(#4358));
#4405=IFCRELDEFINESBYPROPERTIES('2ESvbOjmMGxeI3lGQUXQe5',#6,$,$,(#4402),#4403);
#4406=IFCRELDEFINESBYPROPERTIES('0Ts4UQGn57wz2RICC_hq$5',#6,$,$,(#4402),#4404);
#4407=IFCMAPPEDITEM(#4349,#195);
#4408=IFCSHAPEREPRESENTATION(#16,'Body','MappedRepresentation',(#4407));
#4409=IFCPRODUCTDEFINITIONSHAPE($,$,(#4408));
#4410=IFCCARTESIANPOINT((5510.4364729500885,8533.0354060546179,1621.7099999999966));
#4411=IFCAXIS2PLACEMENT3D(#4410,#36,#1482);
#4412=IFCLOCALPLACEMENT(#25,#4411);
#4413=IFCBUILDINGELEMENTPROXY('1kkNhPW5XF4BusAPV6zL4I',#6,'Tile:Tile 200x100x75 White:493311',$,$,#4412,#4409,'493311',$);
#4414=IFCPROPERTYSET('0CVrV0uIXejr5N7ToW7GIr',#6,'Pset_BuildingElementProxyCommon',$,(#4358));
#4415=IFCPROPERTYSET('2GQAxbv5GC9a1ZWtPIoxha',#6,'Pset_QuantityTakeOff',$,(#4358));
#4416=IFCRELDEFINESBYPROPERTIES('1xddEZEQOJtSy8OUoOKmhi',#6,$,$,(#4413),#4414);
#4417=IFCRELDEFINESBYPROPERTIES('3A133nmBXZ4LefF8aYMZ2T',#6,$,$,(#4413),#4415);
#4418=IFCMAPPEDITEM(#4349,#195);
#4419=IFCSHAPEREPRESENTATION(#16,'Body','MappedRepresentation',(#4418));
#4420=IFCPRODUCTDEFINITIONSHAPE($,$,(#4419));
#4421=IFCCARTESIANPOINT((5408.036472950087,8533.0354060546215,1520.8099999999977));
#4422=IFCAXIS2PLACEMENT3D(#4421,#36,#1482);
#4423=IFCLOCALPLACEMENT(#25,#4422);
#4424=IFCBUILDINGELEMENTPROXY('1kkNhPW5XF4BusAPV6zL3j',#6,'Tile:Tile 200x100x75 White:493312',$,$,#4423,#4420,'493312',$);
#4425=IFCPROPERTYSET('3VNOwAf7LXqF$KExiEL6BP',#6,'Pset_BuildingElementProxyCommon',$,(#4358));
#4426=IFCPROPERTYSET('05hTbu3RXe_Jy7QYHCQNSU',#6,'Pset_QuantityTakeOff',$,(#4358));
#4427=IFCRELDEFINESBYPROPERTIES('3io4deQvOnqlTMz3SQSYzz',#6,$,$,(#4424),#4425);
#4428=IFCRELDEFINESBYPROPERTIES('0UMjGZd4k9mrYIOwlPmtI7',#6,$,$,(#4424),#4426);
#4429=IFCMAPPEDITEM(#4349,#195);
#4430=IFCSHAPEREPRESENTATION(#16,'Body','MappedRepresentation',(#4429));
#4431=IFCPRODUCTDEFINITIONSHAPE($,$,(#4430));
#4432=IFCCARTESIANPOINT((5819.6364729501256,8533.035406054616,1522.6099999999713));
#4433=IFCAXIS2PLACEMENT3D(#4432,#36,#200);
#4434=IFCLOCALPLACEMENT(#25,#4433);
#4435=IFCBUILDINGELEMENTPROXY('1kkNhPW5XF4BusAPV6zL3i',#6,'Tile:Tile 200x100x75 White:493313',$,$,#4434,#4431,'493313',$);
#4436=IFCPROPERTYSET('2NsWrWtw200PzntmQUfRgk',#6,'Pset_BuildingElementProxyCommon',$,(#4358));
#4437=IFCPROPERTYSET('04QLgJBSY9RgYab9OSZV$$',#6,'Pset_QuantityTakeOff',$,(#4358));
#4438=IFCRELDEFINESBYPROPERTIES('2yhl2w8ZrtPE7x7OP0O2RU',#6,$,$,(#4435),#4436);
#4439=IFCRELDEFINESBYPROPERTIES('1UJpzH_qXfjrYK_OJrAifz',#6,$,$,(#4435),#4437);
#4440=IFCMAPPEDITEM(#4349,#195);
#4441=IFCSHAPEREPRESENTATION(#16,'Body','MappedRepresentation',(#4440));
#4442=IFCPRODUCTDEFINITIONSHAPE($,$,(#4441));
#4443=IFCCARTESIANPOINT((5922.0364729501334,8533.035406054616,1623.50999999997));
#4444=IFCAXIS2PLACEMENT3D(#4443,#36,#200);
#4445=IFCLOCALPLACEMENT(#25,#4444);
#4446=IFCBUILDINGELEMENTPROXY('1kkNhPW5XF4BusAPV6zL3l',#6,'Tile:Tile 200x100x75 White:493314',$,$,#4445,#4442,'493314',$);
#4447=IFCPROPERTYSET('0K0uyASev_tdjBQMx6lOjW',#6,'Pset_BuildingElementProxyCommon',$,(#4358));
#4448=IFCPROPERTYSET('1P4zF14Sh1DtNZtULLq0F1',#6,'Pset_QuantityTakeOff',$,(#4358));
#4449=IFCRELDEFINESBYPROPERTIES('1ts19p5yhlEUi3$bfBT3hv',#6,$,$,(#4446),#4447);
#4450=IFCRELDEFINESBYPROPERTIES('0ZAxRS6BtQ$Xy082jtrMBU',#6,$,$,(#4446),#4448);
#4451=IFCCARTESIANPOINT((2.1316282072803006E-014,0.));
#4452=IFCAXIS2PLACEMENT2D(#4451,#171);
#4453=IFCRECTANGLEPROFILEDEF(.AREA.,'Tile 200x100x75 White 2',#4452,199.80000000000001,100.40000000000001);
#4454=IFCCARTESIANPOINT((-50.199999999993743,-99.900000000008419,-0.));
#4455=IFCAXIS2PLACEMENT3D(#4454,#35,#36);
#4456=IFCEXTRUDEDAREASOLID(#4453,#4455,#35,6.9999999999999973);
#4457=IFCSTYLEDITEM(#4456,(#184),$);
#4458=IFCSHAPEREPRESENTATION(#16,'Body','SweptSolid',(#4456));
#4459=IFCAXIS2PLACEMENT3D(#11,$,$);
#4460=IFCREPRESENTATIONMAP(#4459,#4458);
#4461=IFCBUILDINGELEMENTPROXYTYPE('1MH_t$ZbL18A53iTg7iWqu',#6,'Tile:Tile 200x100x75 White 2',$,$,$,(#4460),'431094',$,.NOTDEFINED.);
#4462=IFCMAPPEDITEM(#4460,#195);
#4463=IFCSHAPEREPRESENTATION(#16,'Body','MappedRepresentation',(#4462));
#4464=IFCPRODUCTDEFINITIONSHAPE($,$,(#4463));
#4465=IFCCARTESIANPOINT((6024.4364729501403,8533.035406054616,1724.2099999999807));
#4466=IFCAXIS2PLACEMENT3D(#4465,#36,#200);
#4467=IFCLOCALPLACEMENT(#25,#4466);
#4468=IFCBUILDINGELEMENTPROXY('1kkNhPW5XF4BusAPV6zL3k',#6,'Tile:Tile 200x100x75 White 2:493315',$,$,#4467,#4464,'493315',$);
#4469=IFCPROPERTYSET('0TimWXU2Dle2EzJTIVGyzt',#6,'Pset_BuildingElementProxyCommon',$,(#204));
#4470=IFCPROPERTYSET('1fjGkWMJoSFOOJomIwXDEp',#6,'Pset_QuantityTakeOff',$,(#204));
#4471=IFCRELDEFINESBYPROPERTIES('3B1A$8hSrmRm3S1EDk9GRa',#6,$,$,(#4468),#4469);
#4472=IFCRELDEFINESBYPROPERTIES('0CfJ7ig4d0NvblRoOxVl1o',#6,$,$,(#4468),#4470);
#4473=IFCMAPPEDITEM(#4460,#195);
#4474=IFCSHAPEREPRESENTATION(#16,'Body','MappedRepresentation',(#4473));
#4475=IFCPRODUCTDEFINITIONSHAPE($,$,(#4474));
#4476=IFCCARTESIANPOINT((6257.8364729501282,8533.035406054616,1116.810000000002));
#4477=IFCAXIS2PLACEMENT3D(#4476,#36,#1482);
#4478=IFCLOCALPLACEMENT(#25,#4477);
#4479=IFCBUILDINGELEMENTPROXY('1kkNhPW5XF4BusAPV6zL3f',#6,'Tile:Tile 200x100x75 White 2:493316',$,$,#4478,#4475,'493316',$);
#4480=IFCPROPERTYSET('2E7yWP5BPXXY7CwJZbl7X5',#6,'Pset_BuildingElementProxyCommon',$,(#204));
#4481=IFCPROPERTYSET('0ey$HDa4q3iY3OthlgdcVb',#6,'Pset_QuantityTakeOff',$,(#204));
#4482=IFCRELDEFINESBYPROPERTIES('0MIhQzbmf1$wlas7kbCqxJ',#6,$,$,(#4479),#4480);
#4483=IFCRELDEFINESBYPROPERTIES('2xd_FiTSIPHsGPYHjo32JC',#6,$,$,(#4479),#4481);
#4484=IFCMAPPEDITEM(#4460,#195);
#4485=IFCSHAPEREPRESENTATION(#16,'Body','MappedRepresentation',(#4484));
#4486=IFCPRODUCTDEFINITIONSHAPE($,$,(#4485));
#4487=IFCCARTESIANPOINT((6257.8364729501282,8533.035406054616,1318.6099999999947));
#4488=IFCAXIS2PLACEMENT3D(#4487,#36,#1482);
#4489=IFCLOCALPLACEMENT(#25,#4488);
#4490=IFCBUILDINGELEMENTPROXY('1kkNhPW5XF4BusAPV6zL3e',#6,'Tile:Tile 200x100x75 White 2:493317',$,$,#4489,#4486,'493317',$);
#4491=IFCPROPERTYSET('3zrIa8mSFOt9TWB_eP8pf_',#6,'Pset_BuildingElementProxyCommon',$,(#204));
#4492=IFCPROPERTYSET('3WTs_$hKrYOKQDWwi6$W4M',#6,'Pset_QuantityTakeOff',$,(#204));
#4493=IFCRELDEFINESBYPROPERTIES('14ikQ0EcQ295cq2$Y5EgbM',#6,$,$,(#4490),#4491);
#4494=IFCRELDEFINESBYPROPERTIES('1A7R4YlTakND63txEMx_Ju',#6,$,$,(#4490),#4492);
#4495=IFCMAPPEDITEM(#4460,#195);
#4496=IFCSHAPEREPRESENTATION(#16,'Body','MappedRepresentation',(#4495));
#4497=IFCPRODUCTDEFINITIONSHAPE($,$,(#4496));
#4498=IFCCARTESIANPOINT((6257.8364729501282,8533.035406054616,1520.409999999988));
#4499=IFCAXIS2PLACEMENT3D(#4498,#36,#1482);
#4500=IFCLOCALPLACEMENT(#25,#4499);
#4501=IFCBUILDINGELEMENTPROXY('1kkNhPW5XF4BusAPV6zL3h',#6,'Tile:Tile 200x100x75 White 2:493318',$,$,#4500,#4497,'493318',$);
#4502=IFCPROPERTYSET('0vZSVvA7DeZ5seEERG6w7t',#6,'Pset_BuildingElementProxyCommon',$,(#204));
#4503=IFCPROPERTYSET('0aF888H$9NhpIB$SJKL630',#6,'Pset_QuantityTakeOff',$,(#204));
#4504=IFCRELDEFINESBYPROPERTIES('1FbrZMaahqZSJBadVH1dCW',#6,$,$,(#4501),#4502);
#4505=IFCRELDEFINESBYPROPERTIES('1qrILLEU4GkV$yHfTW1yjN',#6,$,$,(#4501),#4503);
#4506=IFCMAPPEDITEM(#4460,#195);
#4507=IFCSHAPEREPRESENTATION(#16,'Body','MappedRepresentation',(#4506));
#4508=IFCPRODUCTDEFINITIONSHAPE($,$,(#4507));
#4509=IFCCARTESIANPOINT((6257.8364729501291,8533.035406054616,1722.2099999999955));
#4510=IFCAXIS2PLACEMENT3D(#4509,#36,#1482);
#4511=IFCLOCALPLACEMENT(#25,#4510);
#4512=IFCBUILDINGELEMENTPROXY('1kkNhPW5XF4BusAPV6zL3g',#6,'Tile:Tile 200x100x75 White 2:493319',$,$,#4511,#4508,'493319',$);
#4513=IFCPROPERTYSET('2t7NqbxvClAInr2UOm8l2p',#6,'Pset_BuildingElementProxyCommon',$,(#204));
#4514=IFCPROPERTYSET('16Y56_VhL4LAf2_5cc08ug',#6,'Pset_QuantityTakeOff',$,(#204));
#4515=IFCRELDEFINESBYPROPERTIES('1XtWyHx35JaeWihd6PZ_Zt',#6,$,$,(#4512),#4513);
#4516=IFCRELDEFINESBYPROPERTIES('0mwzuaBea9SoFuSOvLTSQ7',#6,$,$,(#4512),#4514);
#4517=IFCMAPPEDITEM(#4460,#195);
#4518=IFCSHAPEREPRESENTATION(#16,'Body','MappedRepresentation',(#4517));
#4519=IFCPRODUCTDEFINITIONSHAPE($,$,(#4518));
#4520=IFCCARTESIANPOINT((6257.8364729501282,8533.035406054616,1924.0100000000034));
#4521=IFCAXIS2PLACEMENT3D(#4520,#36,#1482);
#4522=IFCLOCALPLACEMENT(#25,#4521);
#4523=IFCBUILDINGELEMENTPROXY('1kkNhPW5XF4BusAPV6zL3b',#6,'Tile:Tile 200x100x75 White 2:493320',$,$,#4522,#4519,'493320',$);
#4524=IFCPROPERTYSET('23l_c9iSOLmBHJRDwdfCGv',#6,'Pset_BuildingElementProxyCommon',$,(#204));
#4525=IFCPROPERTYSET('1CdOZ2M8aRyLevasvDw6jN',#6,'Pset_QuantityTakeOff',$,(#204));
#4526=IFCRELDEFINESBYPROPERTIES('1Lc2KQ01uFrLZ81Jgd$KT8',#6,$,$,(#4523),#4524);
#4527=IFCRELDEFINESBYPROPERTIES('0_qSf72u4kh1z1mn8qMSi2',#6,$,$,(#4523),#4525);
#4528=IFCMAPPEDITEM(#4460,#195);
#4529=IFCSHAPEREPRESENTATION(#16,'Body','MappedRepresentation',(#4528));
#4530=IFCPRODUCTDEFINITIONSHAPE($,$,(#4529));
#4531=IFCCARTESIANPOINT((6462.6364729501292,8533.035406054616,1117.01));
#4532=IFCAXIS2PLACEMENT3D(#4531,#36,#1482);
#4533=IFCLOCALPLACEMENT(#25,#4532);
#4534=IFCBUILDINGELEMENTPROXY('1kkNhPW5XF4BusAPV6zL3a',#6,'Tile:Tile 200x100x75 White 2:493321',$,$,#4533,#4530,'493321',$);
#4535=IFCPROPERTYSET('0oo1LYlqpeK7IiIRpt1Yu_',#6,'Pset_BuildingElementProxyCommon',$,(#204));
#4536=IFCPROPERTYSET('0romGdI4M_HrNBo2lQSkVv',#6,'Pset_QuantityTakeOff',$,(#204));
#4537=IFCRELDEFINESBYPROPERTIES('2g9TGfK37shTswId2n53Gq',#6,$,$,(#4534),#4535);
#4538=IFCRELDEFINESBYPROPERTIES('1RueZy7PmQ4v1ZvbciioOU',#6,$,$,(#4534),#4536);
#4539=IFCMAPPEDITEM(#4460,#195);
#4540=IFCSHAPEREPRESENTATION(#16,'Body','MappedRepresentation',(#4539));
#4541=IFCPRODUCTDEFINITIONSHAPE($,$,(#4540));
#4542=IFCCARTESIANPOINT((6462.6364729501274,8533.035406054616,1318.6099999999951));
#4543=IFCAXIS2PLACEMENT3D(#4542,#36,#1482);
#4544=IFCLOCALPLACEMENT(#25,#4543);
#4545=IFCBUILDINGELEMENTPROXY('1kkNhPW5XF4BusAPV6zL3d',#6,'Tile:Tile 200x100x75 White 2:493322',$,$,#4544,#4541,'493322',$);
#4546=IFCPROPERTYSET('3t56yRjGXZa6wjirUNXkkt',#6,'Pset_BuildingElementProxyCommon',$,(#204));
#4547=IFCPROPERTYSET('2ok2Dgg$_E711e3PuppzOa',#6,'Pset_QuantityTakeOff',$,(#204));
#4548=IFCRELDEFINESBYPROPERTIES('0LhmzcZFM5zfDz3xki4$Fq',#6,$,$,(#4545),#4546);
#4549=IFCRELDEFINESBYPROPERTIES('3eZ7D0rMgleXRAg83phBGb',#6,$,$,(#4545),#4547);
#4550=IFCMAPPEDITEM(#4460,#195);
#4551=IFCSHAPEREPRESENTATION(#16,'Body','MappedRepresentation',(#4550));
#4552=IFCPRODUCTDEFINITIONSHAPE($,$,(#4551));
#4553=IFCCARTESIANPOINT((6462.6364729501265,8533.035406054616,1520.4099999999885));
#4554=IFCAXIS2PLACEMENT3D(#4553,#36,#1482);
#4555=IFCLOCALPLACEMENT(#25,#4554);
#4556=IFCBUILDINGELEMENTPROXY('1kkNhPW5XF4BusAPV6zL3c',#6,'Tile:Tile 200x100x75 White 2:493323',$,$,#4555,#4552,'493323',$);
#4557=IFCPROPERTYSET('2xSi7iSjT_DHLtYnhUpOrb',#6,'Pset_BuildingElementProxyCommon',$,(#204));
#4558=IFCPROPERTYSET('1KyDvXW4znLJvXyvMnLXPb',#6,'Pset_QuantityTakeOff',$,(#204));
#4559=IFCRELDEFINESBYPROPERTIES('3zCk82_wG$8UdEGIWGI2xz',#6,$,$,(#4556),#4557);
#4560=IFCRELDEFINESBYPROPERTIES('1zACSTbidLrv5CiMXO6$Ko',#6,$,$,(#4556),#4558);
#4561=IFCMAPPEDITEM(#4460,#195);
#4562=IFCSHAPEREPRESENTATION(#16,'Body','MappedRepresentation',(#4561));
#4563=IFCPRODUCTDEFINITIONSHAPE($,$,(#4562));
#4564=IFCCARTESIANPOINT((6462.6364729501265,8533.035406054616,1722.2099999999953));
#4565=IFCAXIS2PLACEMENT3D(#4564,#36,#1482);
#4566=IFCLOCALPLACEMENT(#25,#4565);
#4567=IFCBUILDINGELEMENTPROXY('1kkNhPW5XF4BusAPV6zL3X',#6,'Tile:Tile 200x100x75 White 2:493324',$,$,#4566,#4563,'493324',$);
#4568=IFCPROPERTYSET('1$ZmfWzLO5N3HzgJm$I1WZ',#6,'Pset_BuildingElementProxyCommon',$,(#204));
#4569=IFCPROPERTYSET('0nyi7pDuRwM70M4czrY6FI',#6,'Pset_QuantityTakeOff',$,(#204));
#4570=IFCRELDEFINESBYPROPERTIES('1q9lr41acF$ZxTlkARk4fq',#6,$,$,(#4567),#4568);
#4571=IFCRELDEFINESBYPROPERTIES('3TTT2FULdkHACwIJAyPYfx',#6,$,$,(#4567),#4569);
#4572=IFCMAPPEDITEM(#4460,#195);
#4573=IFCSHAPEREPRESENTATION(#16,'Body','MappedRepresentation',(#4572));
#4574=IFCPRODUCTDEFINITIONSHAPE($,$,(#4573));
#4575=IFCCARTESIANPOINT((6462.6364729501292,8533.035406054616,1924.0100000000041));
#4576=IFCAXIS2PLACEMENT3D(#4575,#36,#1482);
#4577=IFCLOCALPLACEMENT(#25,#4576);
#4578=IFCBUILDINGELEMENTPROXY('1kkNhPW5XF4BusAPV6zL3W',#6,'Tile:Tile 200x100x75 White 2:493325',$,$,#4577,#4574,'493325',$);
#4579=IFCPROPERTYSET('3f6hg1F9YZa7GdwZ9l45Hz',#6,'Pset_BuildingElementProxyCommon',$,(#204));
#4580=IFCPROPERTYSET('0KQ2UBzf9OdHNhrjXTnCpe',#6,'Pset_QuantityTakeOff',$,(#204));
#4581=IFCRELDEFINESBYPROPERTIES('2ENR$win27B$VngAdPXYhD',#6,$,$,(#4578),#4579);
#4582=IFCRELDEFINESBYPROPERTIES('2As4qenGSU8sC0cL9liWly',#6,$,$,(#4578),#4580);
#4583=IFCMAPPEDITEM(#4460,#195);
#4584=IFCSHAPEREPRESENTATION(#16,'Body','MappedRepresentation',(#4583));
#4585=IFCPRODUCTDEFINITIONSHAPE($,$,(#4584));
#4586=IFCCARTESIANPOINT((6667.4364729501249,8533.0354060546142,1117.01));
#4587=IFCAXIS2PLACEMENT3D(#4586,#36,#1482);
#4588=IFCLOCALPLACEMENT(#25,#4587);
#4589=IFCBUILDINGELEMENTPROXY('1kkNhPW5XF4BusAPV6zL3Z',#6,'Tile:Tile 200x100x75 White 2:493326',$,$,#4588,#4585,'493326',$);
#4590=IFCPROPERTYSET('0QsW4sCc47LaYrKNhEJmV7',#6,'Pset_BuildingElementProxyCommon',$,(#204));
#4591=IFCPROPERTYSET('0VQAKXi1X2AETD8REHV7qB',#6,'Pset_QuantityTakeOff',$,(#204));
#4592=IFCRELDEFINESBYPROPERTIES('0WcHN3mkUhjwZ_kuRIzz_H',#6,$,$,(#4589),#4590);
#4593=IFCRELDEFINESBYPROPERTIES('0BAJsRbTyL9ZrZH2q3fHJo',#6,$,$,(#4589),#4591);
#4594=IFCMAPPEDITEM(#4460,#195);
#4595=IFCSHAPEREPRESENTATION(#16,'Body','MappedRepresentation',(#4594));
#4596=IFCPRODUCTDEFINITIONSHAPE($,$,(#4595));
#4597=IFCCARTESIANPOINT((6667.4364729501258,8533.0354060546142,1318.609999999996));
#4598=IFCAXIS2PLACEMENT3D(#4597,#36,#1482);
#4599=IFCLOCALPLACEMENT(#25,#4598);
#4600=IFCBUILDINGELEMENTPROXY('1kkNhPW5XF4BusAPV6zL3Y',#6,'Tile:Tile 200x100x75 White 2:493327',$,$,#4599,#4596,'493327',$);
#4601=IFCPROPERTYSET('10egucEdfsykXv8LSe3hmM',#6,'Pset_BuildingElementProxyCommon',$,(#204));
#4602=IFCPROPERTYSET('2HZ3A0bgGN2n2T7ITOiV8l',#6,'Pset_QuantityTakeOff',$,(#204));
#4603=IFCRELDEFINESBYPROPERTIES('3tvwOoU0F4ei083M5ZDBZm',#6,$,$,(#4600),#4601);
#4604=IFCRELDEFINESBYPROPERTIES('1GoSssvldV5964elfgZHeN',#6,$,$,(#4600),#4602);
#4605=IFCMAPPEDITEM(#4460,#195);
#4606=IFCSHAPEREPRESENTATION(#16,'Body','MappedRepresentation',(#4605));
#4607=IFCPRODUCTDEFINITIONSHAPE($,$,(#4606));
#4608=IFCCARTESIANPOINT((6667.4364729501267,8533.0354060546142,1520.4099999999883));
#4609=IFCAXIS2PLACEMENT3D(#4608,#36,#1482);
#4610=IFCLOCALPLACEMENT(#25,#4609);
#4611=IFCBUILDINGELEMENTPROXY('1kkNhPW5XF4BusAPV6zL3z',#6,'Tile:Tile 200x100x75 White 2:493328',$,$,#4610,#4607,'493328',$);
#4612=IFCPROPERTYSET('1f3yLetXrnS9aW6y9$2sM9',#6,'Pset_BuildingElementProxyCommon',$,(#204));
#4613=IFCPROPERTYSET('2YaGOhZheiKUR3GUrDo7It',#6,'Pset_QuantityTakeOff',$,(#204));
#4614=IFCRELDEFINESBYPROPERTIES('3$28zKC$qoYRMFvnHmKx1Q',#6,$,$,(#4611),#4612);
#4615=IFCRELDEFINESBYPROPERTIES('0RGuVrGtSHkHwgFwzP$E4P',#6,$,$,(#4611),#4613);
#4616=IFCMAPPEDITEM(#4460,#195);
#4617=IFCSHAPEREPRESENTATION(#16,'Body','MappedRepresentation',(#4616));
#4618=IFCPRODUCTDEFINITIONSHAPE($,$,(#4617));
#4619=IFCCARTESIANPOINT((6667.4364729501249,8533.035406054616,1722.2099999999953));
#4620=IFCAXIS2PLACEMENT3D(#4619,#36,#1482);
#4621=IFCLOCALPLACEMENT(#25,#4620);
#4622=IFCBUILDINGELEMENTPROXY('1kkNhPW5XF4BusAPV6zL3y',#6,'Tile:Tile 200x100x75 White 2:493329',$,$,#4621,#4618,'493329',$);
#4623=IFCPROPERTYSET('3PnLEdHaGQNSsn1OFyFVv6',#6,'Pset_BuildingElementProxyCommon',$,(#204));
#4624=IFCPROPERTYSET('0OfXL4m7TmYTm3ncPbL8a_',#6,'Pset_QuantityTakeOff',$,(#204));
#4625=IFCRELDEFINESBYPROPERTIES('1HFLOKhDRAKWkb_3oU75tI',#6,$,$,(#4622),#4623);
#4626=IFCRELDEFINESBYPROPERTIES('3VM1CGmti_y7k8IxfQFAWq',#6,$,$,(#4622),#4624);
#4627=IFCMAPPEDITEM(#4460,#195);
#4628=IFCSHAPEREPRESENTATION(#16,'Body','MappedRepresentation',(#4627));
#4629=IFCPRODUCTDEFINITIONSHAPE($,$,(#4628));
#4630=IFCCARTESIANPOINT((6667.4364729501231,8533.0354060546142,1924.0100000000043));
#4631=IFCAXIS2PLACEMENT3D(#4630,#36,#1482);
#4632=IFCLOCALPLACEMENT(#25,#4631);
#4633=IFCBUILDINGELEMENTPROXY('1kkNhPW5XF4BusAPV6zL3$',#6,'Tile:Tile 200x100x75 White 2:493330',$,$,#4632,#4629,'493330',$);
#4634=IFCPROPERTYSET('0$5jBVYH4yBT3$4qCFFctk',#6,'Pset_BuildingElementProxyCommon',$,(#204));
#4635=IFCPROPERTYSET('2fMYPluHyK6h3kXjqizi1g',#6,'Pset_QuantityTakeOff',$,(#204));
#4636=IFCRELDEFINESBYPROPERTIES('2iP1JDnpXWQN3bjv_sLB6L',#6,$,$,(#4633),#4634);
#4637=IFCRELDEFINESBYPROPERTIES('3VRaQkVOPILQtUhIyCpbvQ',#6,$,$,(#4633),#4635);
#4638=IFCMAPPEDITEM(#4460,#195);
#4639=IFCSHAPEREPRESENTATION(#16,'Body','MappedRepresentation',(#4638));
#4640=IFCPRODUCTDEFINITIONSHAPE($,$,(#4639));
#4641=IFCCARTESIANPOINT((6872.236472950126,8533.0354060546124,1117.0099999999982));
#4642=IFCAXIS2PLACEMENT3D(#4641,#36,#1482);
#4643=IFCLOCALPLACEMENT(#25,#4642);
#4644=IFCBUILDINGELEMENTPROXY('1kkNhPW5XF4BusAPV6zL3_',#6,'Tile:Tile 200x100x75 White 2:493331',$,$,#4643,#4640,'493331',$);
#4645=IFCPROPERTYSET('3Ve_35VBaUEBZSpyTzSD69',#6,'Pset_BuildingElementProxyCommon',$,(#204));
#4646=IFCPROPERTYSET('304TkA5yeabDItVWzCJbJC',#6,'Pset_QuantityTakeOff',$,(#204));
#4647=IFCRELDEFINESBYPROPERTIES('3Y0qIF_oHVwQT8flL70gAI',#6,$,$,(#4644),#4645);
#4648=IFCRELDEFINESBYPROPERTIES('1_9uCO3HLKyTNy6giHQJ68',#6,$,$,(#4644),#4646);
#4649=IFCMAPPEDITEM(#4460,#195);
#4650=IFCSHAPEREPRESENTATION(#16,'Body','MappedRepresentation',(#4649));
#4651=IFCPRODUCTDEFINITIONSHAPE($,$,(#4650));
#4652=IFCCARTESIANPOINT((6872.2364729501242,8533.0354060546142,1318.609999999994));
#4653=IFCAXIS2PLACEMENT3D(#4652,#36,#1482);
#4654=IFCLOCALPLACEMENT(#25,#4653);
#4655=IFCBUILDINGELEMENTPROXY('1kkNhPW5XF4BusAPV6zL3v',#6,'Tile:Tile 200x100x75 White 2:493332',$,$,#4654,#4651,'493332',$);
#4656=IFCPROPERTYSET('3SEUscZaR6KxwjtxXAcvpJ',#6,'Pset_BuildingElementProxyCommon',$,(#204));
#4657=IFCPROPERTYSET('2pDO4VTo82c4h4bTFwQsLV',#6,'Pset_QuantityTakeOff',$,(#204));
#4658=IFCRELDEFINESBYPROPERTIES('07YUMhaj477$TP98bg65NZ',#6,$,$,(#4655),#4656);
#4659=IFCRELDEFINESBYPROPERTIES('0ojjIRK2N0o7ePMnXGC2Dj',#6,$,$,(#4655),#4657);
#4660=IFCMAPPEDITEM(#4460,#195);
#4661=IFCSHAPEREPRESENTATION(#16,'Body','MappedRepresentation',(#4660));
#4662=IFCPRODUCTDEFINITIONSHAPE($,$,(#4661));
#4663=IFCCARTESIANPOINT((6872.2364729501223,8533.0354060546142,1520.4099999999878));
#4664=IFCAXIS2PLACEMENT3D(#4663,#36,#1482);
#4665=IFCLOCALPLACEMENT(#25,#4664);
#4666=IFCBUILDINGELEMENTPROXY('1kkNhPW5XF4BusAPV6zL3u',#6,'Tile:Tile 200x100x75 White 2:493333',$,$,#4665,#4662,'493333',$);
#4667=IFCPROPERTYSET('3pI0ZA74zSy1RmQC8t7cMF',#6,'Pset_BuildingElementProxyCommon',$,(#204));
#4668=IFCPROPERTYSET('2ytJHnG6_YCKuVUvOapHu3',#6,'Pset_QuantityTakeOff',$,(#204));
#4669=IFCRELDEFINESBYPROPERTIES('3QVcf0HwgFvCGwN7UpYYJJ',#6,$,$,(#4666),#4667);
#4670=IFCRELDEFINESBYPROPERTIES('18tat3EmPv6g48NoTvliRh',#6,$,$,(#4666),#4668);
#4671=IFCMAPPEDITEM(#4460,#195);
#4672=IFCSHAPEREPRESENTATION(#16,'Body','MappedRepresentation',(#4671));
#4673=IFCPRODUCTDEFINITIONSHAPE($,$,(#4672));
#4674=IFCCARTESIANPOINT((6872.2364729501242,8533.0354060546124,1722.2099999999957));
#4675=IFCAXIS2PLACEMENT3D(#4674,#36,#1482);
#4676=IFCLOCALPLACEMENT(#25,#4675);
#4677=IFCBUILDINGELEMENTPROXY('1kkNhPW5XF4BusAPV6zL3x',#6,'Tile:Tile 200x100x75 White 2:493334',$,$,#4676,#4673,'493334',$);
#4678=IFCPROPERTYSET('3$92EJqC3d9gymgGf00wIe',#6,'Pset_BuildingElementProxyCommon',$,(#204));
#4679=IFCPROPERTYSET('3Nzyv9UT3UODtgPTur7lkh',#6,'Pset_QuantityTakeOff',$,(#204));
#4680=IFCRELDEFINESBYPROPERTIES('1KNVyYIrlGNXQ1KvGtw15q',#6,$,$,(#4677),#4678);
#4681=IFCRELDEFINESBYPROPERTIES('1w8eIMruD0RYq$blkidWlT',#6,$,$,(#4677),#4679);
#4682=IFCMAPPEDITEM(#4460,#195);
#4683=IFCSHAPEREPRESENTATION(#16,'Body','MappedRepresentation',(#4682));
#4684=IFCPRODUCTDEFINITIONSHAPE($,$,(#4683));
#4685=IFCCARTESIANPOINT((6872.2364729501242,8533.0354060546142,1924.0100000000043));
#4686=IFCAXIS2PLACEMENT3D(#4685,#36,#1482);
#4687=IFCLOCALPLACEMENT(#25,#4686);
#4688=IFCBUILDINGELEMENTPROXY('1kkNhPW5XF4BusAPV6zL3w',#6,'Tile:Tile 200x100x75 White 2:493335',$,$,#4687,#4684,'493335',$);
#4689=IFCPROPERTYSET('3LEWPRU6nHHe$f1tPV7WdJ',#6,'Pset_BuildingElementProxyCommon',$,(#204));
#4690=IFCPROPERTYSET('2KUZSBl6IBlbJpDRbkwQ6$',#6,'Pset_QuantityTakeOff',$,(#204));
#4691=IFCRELDEFINESBYPROPERTIES('1$7UWxSUYXOceD3P2Xn1kg',#6,$,$,(#4688),#4689);
#4692=IFCRELDEFINESBYPROPERTIES('02a702uVONPP$iaHh149y9',#6,$,$,(#4688),#4690);
#4693=IFCMAPPEDITEM(#4460,#195);
#4694=IFCSHAPEREPRESENTATION(#16,'Body','MappedRepresentation',(#4693));
#4695=IFCPRODUCTDEFINITIONSHAPE($,$,(#4694));
#4696=IFCCARTESIANPOINT((7077.0364729501234,8533.0354060546124,1117.0099999999975));
#4697=IFCAXIS2PLACEMENT3D(#4696,#36,#1482);
#4698=IFCLOCALPLACEMENT(#25,#4697);
#4699=IFCBUILDINGELEMENTPROXY('1kkNhPW5XF4BusAPV6zL3r',#6,'Tile:Tile 200x100x75 White 2:493336',$,$,#4698,#4695,'493336',$);
#4700=IFCPROPERTYSET('2_rTUaZea4mkiZLWHrpwe4',#6,'Pset_BuildingElementProxyCommon',$,(#204));
#4701=IFCPROPERTYSET('24dXfILPFo_NUGyK1hJgCi',#6,'Pset_QuantityTakeOff',$,(#204));
#4702=IFCRELDEFINESBYPROPERTIES('2GAndCu_n3a5Xv1YmIrJjS',#6,$,$,(#4699),#4700);
#4703=IFCRELDEFINESBYPROPERTIES('10rXwhb2lcA2jHBnw_TrVx',#6,$,$,(#4699),#4701);
#4704=IFCMAPPEDITEM(#4460,#195);
#4705=IFCSHAPEREPRESENTATION(#16,'Body','MappedRepresentation',(#4704));
#4706=IFCPRODUCTDEFINITIONSHAPE($,$,(#4705));
#4707=IFCCARTESIANPOINT((7077.0364729501225,8533.0354060546124,1318.6099999999935));
#4708=IFCAXIS2PLACEMENT3D(#4707,#36,#1482);
#4709=IFCLOCALPLACEMENT(#25,#4708);
#4710=IFCBUILDINGELEMENTPROXY('1kkNhPW5XF4BusAPV6zL3q',#6,'Tile:Tile 200x100x75 White 2:493337',$,$,#4709,#4706,'493337',$);
#4711=IFCPROPERTYSET('12jxQsH7k1wqi7uxSRRZXk',#6,'Pset_BuildingElementProxyCommon',$,(#204));
#4712=IFCPROPERTYSET('1whpTFjPZjOz3zKQLeDpuL',#6,'Pset_QuantityTakeOff',$,(#204));
#4713=IFCRELDEFINESBYPROPERTIES('0XSYSbjiHHlc3crg7CPrtc',#6,$,$,(#4710),#4711);
#4714=IFCRELDEFINESBYPROPERTIES('2LBiuMzCosrXvng6fPf7oW',#6,$,$,(#4710),#4712);
#4715=IFCMAPPEDITEM(#4460,#195);
#4716=IFCSHAPEREPRESENTATION(#16,'Body','MappedRepresentation',(#4715));
#4717=IFCPRODUCTDEFINITIONSHAPE($,$,(#4716));
#4718=IFCCARTESIANPOINT((7077.0364729501271,8533.0354060546124,1520.4099999999871));
#4719=IFCAXIS2PLACEMENT3D(#4718,#36,#1482);
#4720=IFCLOCALPLACEMENT(#25,#4719);
#4721=IFCBUILDINGELEMENTPROXY('1kkNhPW5XF4BusAPV6zL3t',#6,'Tile:Tile 200x100x75 White 2:493338',$,$,#4720,#4717,'493338',$);
#4722=IFCPROPERTYSET('01zLbGhYpDm3VdlHVttoHA',#6,'Pset_BuildingElementProxyCommon',$,(#204));
#4723=IFCPROPERTYSET('1yyJSfU_dZx04VXlsiys5w',#6,'Pset_QuantityTakeOff',$,(#204));
#4724=IFCRELDEFINESBYPROPERTIES('39ubN51T4UpKws1$g5XPJI',#6,$,$,(#4721),#4722);
#4725=IFCRELDEFINESBYPROPERTIES('3UFoU__aaJKT4ClgxTOVbi',#6,$,$,(#4721),#4723);
#4726=IFCMAPPEDITEM(#4460,#195);
#4727=IFCSHAPEREPRESENTATION(#16,'Body','MappedRepresentation',(#4726));
#4728=IFCPRODUCTDEFINITIONSHAPE($,$,(#4727));
#4729=IFCCARTESIANPOINT((7077.0364729501216,8533.0354060546124,1722.2099999999944));
#4730=IFCAXIS2PLACEMENT3D(#4729,#36,#1482);
#4731=IFCLOCALPLACEMENT(#25,#4730);
#4732=IFCBUILDINGELEMENTPROXY('1kkNhPW5XF4BusAPV6zL3s',#6,'Tile:Tile 200x100x75 White 2:493339',$,$,#4731,#4728,'493339',$);
#4733=IFCPROPERTYSET('1cjDNE8wsCyQFiwOZHeY6u',#6,'Pset_BuildingElementProxyCommon',$,(#204));
#4734=IFCPROPERTYSET('3zmgiPIfr6D1VOWKC9aUDh',#6,'Pset_QuantityTakeOff',$,(#204));
#4735=IFCRELDEFINESBYPROPERTIES('3tD50Zj1QOfltMSDGNIqqz',#6,$,$,(#4732),#4733);
#4736=IFCRELDEFINESBYPROPERTIES('0L_6nherhFi4s1hsEEVnKj',#6,$,$,(#4732),#4734);
#4737=IFCMAPPEDITEM(#4460,#195);
#4738=IFCSHAPEREPRESENTATION(#16,'Body','MappedRepresentation',(#4737));
#4739=IFCPRODUCTDEFINITIONSHAPE($,$,(#4738));
#4740=IFCCARTESIANPOINT((7077.0364729501225,8533.0354060546124,1924.010000000002));
#4741=IFCAXIS2PLACEMENT3D(#4740,#36,#1482);
#4742=IFCLOCALPLACEMENT(#25,#4741);
#4743=IFCBUILDINGELEMENTPROXY('1kkNhPW5XF4BusAPV6zL3n',#6,'Tile:Tile 200x100x75 White 2:493340',$,$,#4742,#4739,'493340',$);
#4744=IFCPROPERTYSET('1CGv4tOHLjY__TNS9wO_N_',#6,'Pset_BuildingElementProxyCommon',$,(#204));
#4745=IFCPROPERTYSET('2in1z40sXB34RAIQspCxSL',#6,'Pset_QuantityTakeOff',$,(#204));
#4746=IFCRELDEFINESBYPROPERTIES('2QNJusDDUSh1KbTAatR60A',#6,$,$,(#4743),#4744);
#4747=IFCRELDEFINESBYPROPERTIES('2CMFn3II5G6zT$rHUSVDDq',#6,$,$,(#4743),#4745);
#4748=IFCMAPPEDITEM(#4460,#195);
#4749=IFCSHAPEREPRESENTATION(#16,'Body','MappedRepresentation',(#4748));
#4750=IFCPRODUCTDEFINITIONSHAPE($,$,(#4749));
#4751=IFCCARTESIANPOINT((6360.236472950126,8533.035406054616,1217.7099999999882));
#4752=IFCAXIS2PLACEMENT3D(#4751,#36,#1482);
#4753=IFCLOCALPLACEMENT(#25,#4752);
#4754=IFCBUILDINGELEMENTPROXY('1kkNhPW5XF4BusAPV6zL3m',#6,'Tile:Tile 200x100x75 White 2:493341',$,$,#4753,#4750,'493341',$);
#4755=IFCPROPERTYSET('06Jje3oVNPUBQXB88ZG5px',#6,'Pset_BuildingElementProxyCommon',$,(#204));
#4756=IFCPROPERTYSET('2ZgN8ELRDtmIh5PULGOqLD',#6,'Pset_QuantityTakeOff',$,(#204));
#4757=IFCRELDEFINESBYPROPERTIES('1QkoT6OqAHLwOj7dFlXnwG',#6,$,$,(#4754),#4755);
#4758=IFCRELDEFINESBYPROPERTIES('0VwiHq3m$AjHk2GU4r6waz',#6,$,$,(#4754),#4756);
#4759=IFCMAPPEDITEM(#4460,#195);
#4760=IFCSHAPEREPRESENTATION(#16,'Body','MappedRepresentation',(#4759));
#4761=IFCPRODUCTDEFINITIONSHAPE($,$,(#4760));
#4762=IFCCARTESIANPOINT((6360.236472950126,8533.035406054616,1419.5099999999818));
#4763=IFCAXIS2PLACEMENT3D(#4762,#36,#1482);
#4764=IFCLOCALPLACEMENT(#25,#4763);
#4765=IFCBUILDINGELEMENTPROXY('1kkNhPW5XF4BusAPV6zL3p',#6,'Tile:Tile 200x100x75 White 2:493342',$,$,#4764,#4761,'493342',$);
#4766=IFCPROPERTYSET('2DLJkhEvYh6__7lCYRQ7G2',#6,'Pset_BuildingElementProxyCommon',$,(#204));
#4767=IFCPROPERTYSET('2IiLz4$T1F887gDfY1IWHg',#6,'Pset_QuantityTakeOff',$,(#204));
#4768=IFCRELDEFINESBYPROPERTIES('2h2LhU3xqSK$jD3pbqscAU',#6,$,$,(#4765),#4766);
#4769=IFCRELDEFINESBYPROPERTIES('2hWyJSo1GNWkIwOMrF4lrF',#6,$,$,(#4765),#4767);
#4770=IFCMAPPEDITEM(#4460,#195);
#4771=IFCSHAPEREPRESENTATION(#16,'Body','MappedRepresentation',(#4770));
#4772=IFCPRODUCTDEFINITIONSHAPE($,$,(#4771));
#4773=IFCCARTESIANPOINT((6360.2364729501269,8533.035406054616,1621.3099999999745));
#4774=IFCAXIS2PLACEMENT3D(#4773,#36,#1482);
#4775=IFCLOCALPLACEMENT(#25,#4774);
#4776=IFCBUILDINGELEMENTPROXY('1kkNhPW5XF4BusAPV6zL3o',#6,'Tile:Tile 200x100x75 White 2:493343',$,$,#4775,#4772,'493343',$);
#4777=IFCPROPERTYSET('2dCiCfoqkSVECPB600KtcZ',#6,'Pset_BuildingElementProxyCommon',$,(#204));
#4778=IFCPROPERTYSET('3tfVb3xGVdUqDjpGeQHgjX',#6,'Pset_QuantityTakeOff',$,(#204));
#4779=IFCRELDEFINESBYPROPERTIES('1KdTiZ2MCuZCbYs0y$5_kN',#6,$,$,(#4776),#4777);
#4780=IFCRELDEFINESBYPROPERTIES('1ZRBE4xmhfVniUxHY_doyI',#6,$,$,(#4776),#4778);
#4781=IFCMAPPEDITEM(#4460,#195);
#4782=IFCSHAPEREPRESENTATION(#16,'Body','MappedRepresentation',(#4781));
#4783=IFCPRODUCTDEFINITIONSHAPE($,$,(#4782));
#4784=IFCCARTESIANPOINT((6360.236472950126,8533.035406054616,1823.1099999999669));
#4785=IFCAXIS2PLACEMENT3D(#4784,#36,#1482);
#4786=IFCLOCALPLACEMENT(#25,#4785);
#4787=IFCBUILDINGELEMENTPROXY('1kkNhPW5XF4BusAPV6zL3D',#6,'Tile:Tile 200x100x75 White 2:493344',$,$,#4786,#4783,'493344',$);
#4788=IFCPROPERTYSET('3Kb2f8k8gzzwn567JP$DNL',#6,'Pset_BuildingElementProxyCommon',$,(#204));
#4789=IFCPROPERTYSET('3AbFbr1av_zum0mBYm3pjA',#6,'Pset_QuantityTakeOff',$,(#204));
#4790=IFCRELDEFINESBYPROPERTIES('2JMfIkbwkK1V9vuu7ZxBTN',#6,$,$,(#4787),#4788);
#4791=IFCRELDEFINESBYPROPERTIES('20oKvmgaaMCiaxpk8WiPH7',#6,$,$,(#4787),#4789);
#4792=IFCMAPPEDITEM(#4460,#195);
#4793=IFCSHAPEREPRESENTATION(#16,'Body','MappedRepresentation',(#4792));
#4794=IFCPRODUCTDEFINITIONSHAPE($,$,(#4793));
#4795=IFCCARTESIANPOINT((6565.0364729501271,8533.035406054616,1015.9100000000002));
#4796=IFCAXIS2PLACEMENT3D(#4795,#36,#1482);
#4797=IFCLOCALPLACEMENT(#25,#4796);
#4798=IFCBUILDINGELEMENTPROXY('1kkNhPW5XF4BusAPV6zL3C',#6,'Tile:Tile 200x100x75 White 2:493345',$,$,#4797,#4794,'493345',$);
#4799=IFCPROPERTYSET('0ZB9HZ7cGf$DvFUzvi_f$G',#6,'Pset_BuildingElementProxyCommon',$,(#204));
#4800=IFCPROPERTYSET('1bNygL8O_J8jeAWDfjZu$V',#6,'Pset_QuantityTakeOff',$,(#204));
#4801=IFCRELDEFINESBYPROPERTIES('2jA8Kzjyx83FnUGgNb3d1u',#6,$,$,(#4798),#4799);
#4802=IFCRELDEFINESBYPROPERTIES('1Xzy048Qdumxjtpocg3Bmi',#6,$,$,(#4798),#4800);
#4803=IFCMAPPEDITEM(#4460,#195);
#4804=IFCSHAPEREPRESENTATION(#16,'Body','MappedRepresentation',(#4803));
#4805=IFCPRODUCTDEFINITIONSHAPE($,$,(#4804));
#4806=IFCCARTESIANPOINT((6565.0364729501243,8533.035406054616,1217.7099999999882));
#4807=IFCAXIS2PLACEMENT3D(#4806,#36,#1482);
#4808=IFCLOCALPLACEMENT(#25,#4807);
#4809=IFCBUILDINGELEMENTPROXY('1kkNhPW5XF4BusAPV6zL3F',#6,'Tile:Tile 200x100x75 White 2:493346',$,$,#4808,#4805,'493346',$);
#4810=IFCPROPERTYSET('3ZAYCj7q9YmxSG5_30$zEI',#6,'Pset_BuildingElementProxyCommon',$,(#204));
#4811=IFCPROPERTYSET('3X849kV4BtCKObtoncjOun',#6,'Pset_QuantityTakeOff',$,(#204));
#4812=IFCRELDEFINESBYPROPERTIES('1HEzqG61Dn266UbCOs7Rfd',#6,$,$,(#4809),#4810);
#4813=IFCRELDEFINESBYPROPERTIES('0O0RqX9wDwCu_qiAVTI5I2',#6,$,$,(#4809),#4811);
#4814=IFCMAPPEDITEM(#4460,#195);
#4815=IFCSHAPEREPRESENTATION(#16,'Body','MappedRepresentation',(#4814));
#4816=IFCPRODUCTDEFINITIONSHAPE($,$,(#4815));
#4817=IFCCARTESIANPOINT((6565.0364729501252,8533.0354060546142,1419.5099999999809));
#4818=IFCAXIS2PLACEMENT3D(#4817,#36,#1482);
#4819=IFCLOCALPLACEMENT(#25,#4818);
#4820=IFCBUILDINGELEMENTPROXY('1kkNhPW5XF4BusAPV6zL3E',#6,'Tile:Tile 200x100x75 White 2:493347',$,$,#4819,#4816,'493347',$);
#4821=IFCPROPERTYSET('3c8rb5Zg0pXkRjuRz9Od0u',#6,'Pset_BuildingElementProxyCommon',$,(#204));
#4822=IFCPROPERTYSET('1KvvyGMK2ccXVGQJk3QtIs',#6,'Pset_QuantityTakeOff',$,(#204));
#4823=IFCRELDEFINESBYPROPERTIES('2XSbJ4yBrrja3xlDUqowJQ',#6,$,$,(#4820),#4821);
#4824=IFCRELDEFINESBYPROPERTIES('3yfO3XBKOz8WFFVxszz0K6',#6,$,$,(#4820),#4822);
#4825=IFCMAPPEDITEM(#4460,#195);
#4826=IFCSHAPEREPRESENTATION(#16,'Body','MappedRepresentation',(#4825));
#4827=IFCPRODUCTDEFINITIONSHAPE($,$,(#4826));
#4828=IFCCARTESIANPOINT((6565.036472950128,8533.035406054616,1621.3099999999745));
#4829=IFCAXIS2PLACEMENT3D(#4828,#36,#1482);
#4830=IFCLOCALPLACEMENT(#25,#4829);
#4831=IFCBUILDINGELEMENTPROXY('1kkNhPW5XF4BusAPV6zL39',#6,'Tile:Tile 200x100x75 White 2:493348',$,$,#4830,#4827,'493348',$);
#4832=IFCPROPERTYSET('2vFZtl9rEKxNFOFHIz0FJF',#6,'Pset_BuildingElementProxyCommon',$,(#204));
#4833=IFCPROPERTYSET('3wVnzGrGDmfhm0BaEvOs9p',#6,'Pset_QuantityTakeOff',$,(#204));
#4834=IFCRELDEFINESBYPROPERTIES('1PpL_HMiE_i1unFtK38Kuw',#6,$,$,(#4831),#4832);
#4835=IFCRELDEFINESBYPROPERTIES('1taK9jY_ZjSESw$Vipmw5a',#6,$,$,(#4831),#4833);
#4836=IFCMAPPEDITEM(#4460,#195);
#4837=IFCSHAPEREPRESENTATION(#16,'Body','MappedRepresentation',(#4836));
#4838=IFCPRODUCTDEFINITIONSHAPE($,$,(#4837));
#4839=IFCCARTESIANPOINT((6565.0364729501243,8533.035406054616,1823.1099999999681));
#4840=IFCAXIS2PLACEMENT3D(#4839,#36,#1482);
#4841=IFCLOCALPLACEMENT(#25,#4840);
#4842=IFCBUILDINGELEMENTPROXY('1kkNhPW5XF4BusAPV6zL38',#6,'Tile:Tile 200x100x75 White 2:493349',$,$,#4841,#4838,'493349',$);
#4843=IFCPROPERTYSET('2xL$GLFGCZXTFaj6t0yYyR',#6,'Pset_BuildingElementProxyCommon',$,(#204));
#4844=IFCPROPERTYSET('0rnnQ8c$kZY1Phr97oUAQT',#6,'Pset_QuantityTakeOff',$,(#204));
#4845=IFCRELDEFINESBYPROPERTIES('0UOmbdsUstMAmfPr7PE_Xm',#6,$,$,(#4842),#4843);
#4846=IFCRELDEFINESBYPROPERTIES('3RowFSGAfTC4LFLw68fJ4q',#6,$,$,(#4842),#4844);
#4847=IFCMAPPEDITEM(#4460,#195);
#4848=IFCSHAPEREPRESENTATION(#16,'Body','MappedRepresentation',(#4847));
#4849=IFCPRODUCTDEFINITIONSHAPE($,$,(#4848));
#4850=IFCCARTESIANPOINT((6769.8364729501254,8533.0354060546124,1015.9099999999995));
#4851=IFCAXIS2PLACEMENT3D(#4850,#36,#1482);
#4852=IFCLOCALPLACEMENT(#25,#4851);
#4853=IFCBUILDINGELEMENTPROXY('1kkNhPW5XF4BusAPV6zL3B',#6,'Tile:Tile 200x100x75 White 2:493350',$,$,#4852,#4849,'493350',$);
#4854=IFCPROPERTYSET('20bz9VjMTPWLY1y6AXz67w',#6,'Pset_BuildingElementProxyCommon',$,(#204));
#4855=IFCPROPERTYSET('3KN7wfCH1sWC3U9JzF0T8S',#6,'Pset_QuantityTakeOff',$,(#204));
#4856=IFCRELDEFINESBYPROPERTIES('0ryICM1ADpWNYAih_0xuyH',#6,$,$,(#4853),#4854);
#4857=IFCRELDEFINESBYPROPERTIES('00hfesd5jcGNgVPlEUfvaA',#6,$,$,(#4853),#4855);
#4858=IFCMAPPEDITEM(#4460,#195);
#4859=IFCSHAPEREPRESENTATION(#16,'Body','MappedRepresentation',(#4858));
#4860=IFCPRODUCTDEFINITIONSHAPE($,$,(#4859));
#4861=IFCCARTESIANPOINT((6769.8364729501254,8533.0354060546142,1217.7099999999889));
#4862=IFCAXIS2PLACEMENT3D(#4861,#36,#1482);
#4863=IFCLOCALPLACEMENT(#25,#4862);
#4864=IFCBUILDINGELEMENTPROXY('1kkNhPW5XF4BusAPV6zL3A',#6,'Tile:Tile 200x100x75 White 2:493351',$,$,#4863,#4860,'493351',$);
#4865=IFCPROPERTYSET('12zPZFPP6_IHqwb8hauzND',#6,'Pset_BuildingElementProxyCommon',$,(#204));
#4866=IFCPROPERTYSET('1dZSYeG9pMkWsnBBFDGz$6',#6,'Pset_QuantityTakeOff',$,(#204));
#4867=IFCRELDEFINESBYPROPERTIES('3u3V1zj$Yiu5P$kJd8YM9L',#6,$,$,(#4864),#4865);
#4868=IFCRELDEFINESBYPROPERTIES('2edxDSyBHbkhidKtZTi4QP',#6,$,$,(#4864),#4866);
#4869=IFCMAPPEDITEM(#4460,#195);
#4870=IFCSHAPEREPRESENTATION(#16,'Body','MappedRepresentation',(#4869));
#4871=IFCPRODUCTDEFINITIONSHAPE($,$,(#4870));
#4872=IFCCARTESIANPOINT((6769.8364729501254,8533.0354060546142,1419.5099999999818));
#4873=IFCAXIS2PLACEMENT3D(#4872,#36,#1482);
#4874=IFCLOCALPLACEMENT(#25,#4873);
#4875=IFCBUILDINGELEMENTPROXY('1kkNhPW5XF4BusAPV6zL35',#6,'Tile:Tile 200x100x75 White 2:493352',$,$,#4874,#4871,'493352',$);
#4876=IFCPROPERTYSET('0DyPhBGXNz85MZHYUk$itl',#6,'Pset_BuildingElementProxyCommon',$,(#204));
#4877=IFCPROPERTYSET('2nBRBd1_oFLhc0nkZ7ecNA',#6,'Pset_QuantityTakeOff',$,(#204));
#4878=IFCRELDEFINESBYPROPERTIES('2b2m3wNXX0rfHovf60gXqf',#6,$,$,(#4875),#4876);
#4879=IFCRELDEFINESBYPROPERTIES('1oxEThLgPOhx6O2o5fCAu2',#6,$,$,(#4875),#4877);
#4880=IFCMAPPEDITEM(#4460,#195);
#4881=IFCSHAPEREPRESENTATION(#16,'Body','MappedRepresentation',(#4880));
#4882=IFCPRODUCTDEFINITIONSHAPE($,$,(#4881));
#4883=IFCCARTESIANPOINT((6769.8364729501263,8533.0354060546142,1621.3099999999747));
#4884=IFCAXIS2PLACEMENT3D(#4883,#36,#1482);
#4885=IFCLOCALPLACEMENT(#25,#4884);
#4886=IFCBUILDINGELEMENTPROXY('1kkNhPW5XF4BusAPV6zL34',#6,'Tile:Tile 200x100x75 White 2:493353',$,$,#4885,#4882,'493353',$);
#4887=IFCPROPERTYSET('1I1AoV0p5TsTzwmkQKuuBC',#6,'Pset_BuildingElementProxyCommon',$,(#204));
#4888=IFCPROPERTYSET('0vvgIxdBmfMUNMpHKFON3Z',#6,'Pset_QuantityTakeOff',$,(#204));
#4889=IFCRELDEFINESBYPROPERTIES('1ebsBJvKC2ck9h8PLqgf$W',#6,$,$,(#4886),#4887);
#4890=IFCRELDEFINESBYPROPERTIES('3eSEemiQaVlgfJV5s3XENY',#6,$,$,(#4886),#4888);
#4891=IFCMAPPEDITEM(#4460,#195);
#4892=IFCSHAPEREPRESENTATION(#16,'Body','MappedRepresentation',(#4891));
#4893=IFCPRODUCTDEFINITIONSHAPE($,$,(#4892));
#4894=IFCCARTESIANPOINT((6769.8364729501254,8533.0354060546142,1823.1099999999669));
#4895=IFCAXIS2PLACEMENT3D(#4894,#36,#1482);
#4896=IFCLOCALPLACEMENT(#25,#4895);
#4897=IFCBUILDINGELEMENTPROXY('1kkNhPW5XF4BusAPV6zL37',#6,'Tile:Tile 200x100x75 White 2:493354',$,$,#4896,#4893,'493354',$);
#4898=IFCPROPERTYSET('1O95rBT9ECZWikf$UlzlZF',#6,'Pset_BuildingElementProxyCommon',$,(#204));
#4899=IFCPROPERTYSET('1wOV1mj1hBn3sZQFXyim0z',#6,'Pset_QuantityTakeOff',$,(#204));
#4900=IFCRELDEFINESBYPROPERTIES('3w9pDvuJNnmyFbXtAYzH4X',#6,$,$,(#4897),#4898);
#4901=IFCRELDEFINESBYPROPERTIES('2fMJ79QgomQ0xGHt2c8PAD',#6,$,$,(#4897),#4899);
#4902=IFCMAPPEDITEM(#4460,#195);
#4903=IFCSHAPEREPRESENTATION(#16,'Body','MappedRepresentation',(#4902));
#4904=IFCPRODUCTDEFINITIONSHAPE($,$,(#4903));
#4905=IFCCARTESIANPOINT((6974.6364729501238,8533.0354060546124,1015.9099999999981));
#4906=IFCAXIS2PLACEMENT3D(#4905,#36,#1482);
#4907=IFCLOCALPLACEMENT(#25,#4906);
#4908=IFCBUILDINGELEMENTPROXY('1kkNhPW5XF4BusAPV6zL36',#6,'Tile:Tile 200x100x75 White 2:493355',$,$,#4907,#4904,'493355',$);
#4909=IFCPROPERTYSET('0RsqwJBiAhUhqvDdPBHJAB',#6,'Pset_BuildingElementProxyCommon',$,(#204));
#4910=IFCPROPERTYSET('0gzNvTW0n$aVHVnItAQQ2$',#6,'Pset_QuantityTakeOff',$,(#204));
#4911=IFCRELDEFINESBYPROPERTIES('0H1suAXp_QxW82z2NmOlQN',#6,$,$,(#4908),#4909);
#4912=IFCRELDEFINESBYPROPERTIES('3veDhDrYAtZKS8x_hci08n',#6,$,$,(#4908),#4910);
#4913=IFCMAPPEDITEM(#4460,#195);
#4914=IFCSHAPEREPRESENTATION(#16,'Body','MappedRepresentation',(#4913));
#4915=IFCPRODUCTDEFINITIONSHAPE($,$,(#4914));
#4916=IFCCARTESIANPOINT((6974.6364729501229,8533.0354060546124,1217.709999999988));
#4917=IFCAXIS2PLACEMENT3D(#4916,#36,#1482);
#4918=IFCLOCALPLACEMENT(#25,#4917);
#4919=IFCBUILDINGELEMENTPROXY('1kkNhPW5XF4BusAPV6zL31',#6,'Tile:Tile 200x100x75 White 2:493356',$,$,#4918,#4915,'493356',$);
#4920=IFCPROPERTYSET('1B0auRHhMs6$sFz9M$vtN7',#6,'Pset_BuildingElementProxyCommon',$,(#204));
#4921=IFCPROPERTYSET('1CsnLPUOn5UHtKFgyKcR3b',#6,'Pset_QuantityTakeOff',$,(#204));
#4922=IFCRELDEFINESBYPROPERTIES('2$_xae3XPBXsTh9o2Xj6Oi',#6,$,$,(#4919),#4920);
#4923=IFCRELDEFINESBYPROPERTIES('2naCj8eqMlbY5Apm4Zjgjm',#6,$,$,(#4919),#4921);
#4924=IFCMAPPEDITEM(#4460,#195);
#4925=IFCSHAPEREPRESENTATION(#16,'Body','MappedRepresentation',(#4924));
#4926=IFCPRODUCTDEFINITIONSHAPE($,$,(#4925));
#4927=IFCCARTESIANPOINT((6974.6364729501229,8533.0354060546142,1419.5099999999791));
#4928=IFCAXIS2PLACEMENT3D(#4927,#36,#1482);
#4929=IFCLOCALPLACEMENT(#25,#4928);
#4930=IFCBUILDINGELEMENTPROXY('1kkNhPW5XF4BusAPV6zL30',#6,'Tile:Tile 200x100x75 White 2:493357',$,$,#4929,#4926,'493357',$);
#4931=IFCPROPERTYSET('3tJSwFMTdbPXYy_le3gz2$',#6,'Pset_BuildingElementProxyCommon',$,(#204));
#4932=IFCPROPERTYSET('213KiowKewj2p7hARRz7sS',#6,'Pset_QuantityTakeOff',$,(#204));
#4933=IFCRELDEFINESBYPROPERTIES('3w7QAfJ8bU12uSoVtN6mGa',#6,$,$,(#4930),#4931);
#4934=IFCRELDEFINESBYPROPERTIES('1l48PG2UxtUfsvnzjQln1w',#6,$,$,(#4930),#4932);
#4935=IFCMAPPEDITEM(#4460,#195);
#4936=IFCSHAPEREPRESENTATION(#16,'Body','MappedRepresentation',(#4935));
#4937=IFCPRODUCTDEFINITIONSHAPE($,$,(#4936));
#4938=IFCCARTESIANPOINT((6974.6364729501238,8533.0354060546124,1621.3099999999743));
#4939=IFCAXIS2PLACEMENT3D(#4938,#36,#1482);
#4940=IFCLOCALPLACEMENT(#25,#4939);
#4941=IFCBUILDINGELEMENTPROXY('1kkNhPW5XF4BusAPV6zL33',#6,'Tile:Tile 200x100x75 White 2:493358',$,$,#4940,#4937,'493358',$);
#4942=IFCPROPERTYSET('0CHv0JaCbLBFNxnLZsgQCo',#6,'Pset_BuildingElementProxyCommon',$,(#204));
#4943=IFCPROPERTYSET('2lr_UEfcLgJFzPZxqy8FDB',#6,'Pset_QuantityTakeOff',$,(#204));
#4944=IFCRELDEFINESBYPROPERTIES('1RcL6t7zkIWGnD7C7ebXRW',#6,$,$,(#4941),#4942);
#4945=IFCRELDEFINESBYPROPERTIES('30AFZn_Sf8dcyr$gUNoM22',#6,$,$,(#4941),#4943);
#4946=IFCMAPPEDITEM(#4460,#195);
#4947=IFCSHAPEREPRESENTATION(#16,'Body','MappedRepresentation',(#4946));
#4948=IFCPRODUCTDEFINITIONSHAPE($,$,(#4947));
#4949=IFCCARTESIANPOINT((6974.6364729501238,8533.0354060546124,1823.1099999999649));
#4950=IFCAXIS2PLACEMENT3D(#4949,#36,#1482);
#4951=IFCLOCALPLACEMENT(#25,#4950);
#4952=IFCBUILDINGELEMENTPROXY('1kkNhPW5XF4BusAPV6zL32',#6,'Tile:Tile 200x100x75 White 2:493359',$,$,#4951,#4948,'493359',$);
#4953=IFCPROPERTYSET('0_37n_dfRzwtk7NZ5FApLH',#6,'Pset_BuildingElementProxyCommon',$,(#204));
#4954=IFCPROPERTYSET('1f5Si2L0TtSA1g0KFA4K$0',#6,'Pset_QuantityTakeOff',$,(#204));
#4955=IFCRELDEFINESBYPROPERTIES('0dM75CUjoFS0DGy_tKI8o5',#6,$,$,(#4952),#4953);
#4956=IFCRELDEFINESBYPROPERTIES('3PPB_OMBjUwy1Xs86DQct5',#6,$,$,(#4952),#4954);
#4957=IFCCARTESIANPOINT((-160.67999999999711,-148.20000000002261));
#4958=IFCCARTESIANPOINT((38.919999999995433,-148.20000000002261));
#4959=IFCCARTESIANPOINT((38.919999999995433,-46.200000000016566));
#4960=IFCCARTESIANPOINT((140.4199999999951,-46.200000000016566));
#4961=IFCCARTESIANPOINT((140.41999999999481,187.59999999998658));
#4962=IFCCARTESIANPOINT((41.120000000002513,187.59999999998658));
#4963=IFCCARTESIANPOINT((41.120000000002513,54.600000000025489));
#4964=IFCCARTESIANPOINT((-59.779999999997294,54.600000000025489));
#4965=IFCCARTESIANPOINT((-59.779999999997294,-47.799999999979384));
#4966=IFCCARTESIANPOINT((-160.67999999999711,-47.799999999979384));
#4967=IFCPOLYLINE((#4957,#4958,#4959,#4960,#4961,#4962,#4963,#4964,#4965,#4966,#4957));
#4968=IFCARBITRARYCLOSEDPROFILEDEF(.AREA.,'Tile 350x Red',#4967);
#4969=IFCCARTESIANPOINT((5464.6364729501229,8526.0354060546197,1359.9299999999914));
#4970=IFCAXIS2PLACEMENT3D(#4969,#1606,#1605);
#4971=IFCEXTRUDEDAREASOLID(#4968,#4970,#35,6.9999999999973257);
#4972=IFCSTYLEDITEM(#4971,(#746),$);
#4973=IFCSHAPEREPRESENTATION(#16,'Body','SweptSolid',(#4971));
#4974=IFCAXIS2PLACEMENT3D(#11,$,$);
#4975=IFCREPRESENTATIONMAP(#4974,#4973);
#4976=IFCBUILDINGELEMENTPROXYTYPE('1kkNhPW5XF4BusAPV6zL2i',#6,'Tile 350x Red10:Tile 350x Red',$,$,$,(#4975),'493377',$,.NOTDEFINED.);
#4977=IFCMAPPEDITEM(#4975,#195);
#4978=IFCSHAPEREPRESENTATION(#16,'Body','MappedRepresentation',(#4977));
#4979=IFCPRODUCTDEFINITIONSHAPE($,$,(#4978));
#4980=IFCAXIS2PLACEMENT3D(#11,$,$);
#4981=IFCLOCALPLACEMENT(#25,#4980);
#4982=IFCBUILDINGELEMENTPROXY('1kkNhPW5XF4BusAPV6zL2k',#6,'Tile 350x Red10:Tile 350x Red:493379',$,$,#4981,#4979,'493379',$);
#4983=IFCPROPERTYSINGLEVALUE('Reference',$,IFCIDENTIFIER('Tile 350x Red'),$);
#4984=IFCPROPERTYSET('1bShZvl024qcEVm$LTdlpt',#6,'Pset_BuildingElementProxyCommon',$,(#4983));
#4985=IFCPROPERTYSET('3kg03Tj8n2LCSx5BmU403n',#6,'Pset_QuantityTakeOff',$,(#4983));
#4986=IFCRELDEFINESBYPROPERTIES('3BqHKCfUj_PJIk6xYEK4Kh',#6,$,$,(#4982),#4984);
#4987=IFCRELDEFINESBYPROPERTIES('3ZArFTx$Orut0g3VFeocNi',#6,$,$,(#4982),#4985);
#4988=IFCMAPPEDITEM(#4327,#195);
#4989=IFCSHAPEREPRESENTATION(#16,'Body','MappedRepresentation',(#4988));
#4990=IFCPRODUCTDEFINITIONSHAPE($,$,(#4989));
#4991=IFCCARTESIANPOINT((5920.0164729501403,8533.0354060546179,1117.0100000000018));
#4992=IFCAXIS2PLACEMENT3D(#4991,#36,#1482);
#4993=IFCLOCALPLACEMENT(#25,#4992);
#4994=IFCBUILDINGELEMENTPROXY('1kkNhPW5XF4BusAPV6zL2f',#6,'Tile:Tile 200x100x75 White 2:493380',$,$,#4993,#4990,'493380',$);
#4995=IFCPROPERTYSET('3LbYUyUbiqiCOXccVYlaD1',#6,'Pset_BuildingElementProxyCommon',$,(#204));
#4996=IFCPROPERTYSET('3KKhdyl2uCaZi1oTpyFbnP',#6,'Pset_QuantityTakeOff',$,(#204));
#4997=IFCRELDEFINESBYPROPERTIES('1UPtLsmpmDLNWcPpqjc4kb',#6,$,$,(#4994),#4995);
#4998=IFCRELDEFINESBYPROPERTIES('0PpZVOJFMqmj0EwzqSmWzP',#6,$,$,(#4994),#4996);
#4999=IFCMAPPEDITEM(#4327,#195);
#5000=IFCSHAPEREPRESENTATION(#16,'Body','MappedRepresentation',(#4999));
#5001=IFCPRODUCTDEFINITIONSHAPE($,$,(#5000));
#5002=IFCCARTESIANPOINT((5612.8164729501341,8533.0354060546179,1319.0100000000029));
#5003=IFCAXIS2PLACEMENT3D(#5002,#36,#1482);
#5004=IFCLOCALPLACEMENT(#25,#5003);
#5005=IFCBUILDINGELEMENTPROXY('1kkNhPW5XF4BusAPV6zL2e',#6,'Tile:Tile 200x100x75 White 2:493381',$,$,#5004,#5001,'493381',$);
#5006=IFCPROPERTYSET('0d7JNNnuEaux86TldkcP3L',#6,'Pset_BuildingElementProxyCommon',$,(#204));
#5007=IFCPROPERTYSET('3zfCTzb_3ObNsVZf5yD1fE',#6,'Pset_QuantityTakeOff',$,(#204));
#5008=IFCRELDEFINESBYPROPERTIES('0q3Vs5EM1gaorqV2x1nzt7',#6,$,$,(#5005),#5006);
#5009=IFCRELDEFINESBYPROPERTIES('0Wv1Sv0pxOPg3U1JSV9OHn',#6,$,$,(#5005),#5007);
#5010=IFCMAPPEDITEM(#4327,#195);
#5011=IFCSHAPEREPRESENTATION(#16,'Body','MappedRepresentation',(#5010));
#5012=IFCPRODUCTDEFINITIONSHAPE($,$,(#5011));
#5013=IFCCARTESIANPOINT((5920.0164729501412,8533.035406054616,1319.0100000000011));
#5014=IFCAXIS2PLACEMENT3D(#5013,#36,#1482);
#5015=IFCLOCALPLACEMENT(#25,#5014);
#5016=IFCBUILDINGELEMENTPROXY('1kkNhPW5XF4BusAPV6zL2h',#6,'Tile:Tile 200x100x75 White 2:493382',$,$,#5015,#5012,'493382',$);
#5017=IFCPROPERTYSET('22atPab1PUPka3Xb3j1hQp',#6,'Pset_BuildingElementProxyCommon',$,(#204));
#5018=IFCPROPERTYSET('1e74r1zMTqecVFNvnLTnil',#6,'Pset_QuantityTakeOff',$,(#204));
#5019=IFCRELDEFINESBYPROPERTIES('33uU6TdMTotkzKla6Ic_$5',#6,$,$,(#5016),#5017);
#5020=IFCRELDEFINESBYPROPERTIES('29Z9RvH0_w__bsGGBW9fTx',#6,$,$,(#5016),#5018);
#5021=IFCCARTESIANPOINT((-166.89999999999074,-189.75333333333373));
#5022=IFCCARTESIANPOINT((134.19999999999521,-189.75333333333373));
#5023=IFCCARTESIANPOINT((134.19999999999547,43.68666666665262));
#5024=IFCCARTESIANPOINT((32.699999999996088,43.68666666665262));
#5025=IFCCARTESIANPOINT((32.699999999995818,146.06666666668002));
#5026=IFCCARTESIANPOINT((-166.89999999999074,146.06666666668002));
#5027=IFCPOLYLINE((#5021,#5022,#5023,#5024,#5025,#5026,#5021));
#5028=IFCARBITRARYCLOSEDPROFILEDEF(.AREA.,'Tile 350x Red',#5027);
#5029=IFCCARTESIANPOINT((5965.7031396168031,8526.0354060546179,1353.7099999999896));
#5030=IFCAXIS2PLACEMENT3D(#5029,#1606,#1605);
#5031=IFCEXTRUDEDAREASOLID(#5028,#5030,#35,6.9999999999984084);
#5032=IFCSTYLEDITEM(#5031,(#746),$);
#5033=IFCSHAPEREPRESENTATION(#16,'Body','SweptSolid',(#5031));
#5034=IFCAXIS2PLACEMENT3D(#11,$,$);
#5035=IFCREPRESENTATIONMAP(#5034,#5033);
#5036=IFCBUILDINGELEMENTPROXYTYPE('1kkNhPW5XF4BusAPV6zL2Z',#6,'Tile 350x Red11:Tile 350x Red',$,$,$,(#5035),'493390',$,.NOTDEFINED.);
#5037=IFCMAPPEDITEM(#5035,#195);
#5038=IFCSHAPEREPRESENTATION(#16,'Body','MappedRepresentation',(#5037));
#5039=IFCPRODUCTDEFINITIONSHAPE($,$,(#5038));
#5040=IFCAXIS2PLACEMENT3D(#11,$,$);
#5041=IFCLOCALPLACEMENT(#25,#5040);
#5042=IFCBUILDINGELEMENTPROXY('1kkNhPW5XF4BusAPV6zL2z',#6,'Tile 350x Red11:Tile 350x Red:493392',$,$,#5041,#5039,'493392',$);
#5043=IFCPROPERTYSET('2pkJL2rJazX4Uw0cn3sVg6',#6,'Pset_BuildingElementProxyCommon',$,(#4983));
#5044=IFCPROPERTYSET('0p_O0Ysh2U5k3KoYGO1ZWf',#6,'Pset_QuantityTakeOff',$,(#4983));
#5045=IFCRELDEFINESBYPROPERTIES('0mQoDU1FsfhsZv7h0Q1BO5',#6,$,$,(#5042),#5043);
#5046=IFCRELDEFINESBYPROPERTIES('2vZsvPZZjPn5ZnFOrYUPQ0',#6,$,$,(#5042),#5044);
#5047=IFCCARTESIANPOINT((-175.02499999999623,-135.16999999998791));
#5048=IFCCARTESIANPOINT((-76.125000000004079,-135.16999999998791));
#5049=IFCCARTESIANPOINT((-76.125000000004619,-32.750000000008797));
#5050=IFCCARTESIANPOINT((24.774999999995181,-32.750000000007716));
#5051=IFCCARTESIANPOINT((24.774999999994638,69.649999999998244));
#5052=IFCCARTESIANPOINT((226.3750000000062,69.649999999999324));
#5053=IFCCARTESIANPOINT((226.3750000000062,98.269999999998447));
#5054=IFCCARTESIANPOINT((-175.02499999999623,98.269999999998447));
#5055=IFCPOLYLINE((#5047,#5048,#5049,#5050,#5051,#5052,#5053,#5054,#5047));
#5056=IFCARBITRARYCLOSEDPROFILEDEF(.AREA.,'Tile 350x Red',#5055);
#5057=IFCCARTESIANPOINT((6057.1864729501385,8526.0354060546179,1697.6349999999832));
#5058=IFCAXIS2PLACEMENT3D(#5057,#1606,#35);
#5059=IFCEXTRUDEDAREASOLID(#5056,#5058,#35,6.9999999999994911);
#5060=IFCSTYLEDITEM(#5059,(#746),$);
#5061=IFCSHAPEREPRESENTATION(#16,'Body','SweptSolid',(#5059));
#5062=IFCAXIS2PLACEMENT3D(#11,$,$);
#5063=IFCREPRESENTATIONMAP(#5062,#5061);
#5064=IFCBUILDINGELEMENTPROXYTYPE('1kkNhPW5XF4BusAPV6zL2p',#6,'Tile 350x Red12:Tile 350x Red',$,$,$,(#5063),'493406',$,.NOTDEFINED.);
#5065=IFCMAPPEDITEM(#5063,#195);
#5066=IFCSHAPEREPRESENTATION(#16,'Body','MappedRepresentation',(#5065));
#5067=IFCPRODUCTDEFINITIONSHAPE($,$,(#5066));
#5068=IFCAXIS2PLACEMENT3D(#11,$,$);
#5069=IFCLOCALPLACEMENT(#25,#5068);
#5070=IFCBUILDINGELEMENTPROXY('1kkNhPW5XF4BusAPV6zL2D',#6,'Tile 350x Red12:Tile 350x Red:493408',$,$,#5069,#5067,'493408',$);
#5071=IFCPROPERTYSET('08$QlspbLxsUuAlLjwkha8',#6,'Pset_BuildingElementProxyCommon',$,(#4983));
#5072=IFCPROPERTYSET('0AbEcRJ70BJ8zVtzKbRTYB',#6,'Pset_QuantityTakeOff',$,(#4983));
#5073=IFCRELDEFINESBYPROPERTIES('0JwPNdUw5NjvPgWEZWYarn',#6,$,$,(#5070),#5071);
#5074=IFCRELDEFINESBYPROPERTIES('1Z_E47h1YxagQVEfaosVWQ',#6,$,$,(#5070),#5072);
#5075=IFCCARTESIANPOINT((0.,0.));
#5076=IFCAXIS2PLACEMENT2D(#5075,#171);
#5077=IFCRECTANGLEPROFILEDEF(.AREA.,'Tile 200x100x75 White',#5076,99.000000000000071,100.40000000000001);
#5078=IFCCARTESIANPOINT((-50.199999999993743,-49.500000000008455,-0.));
#5079=IFCAXIS2PLACEMENT3D(#5078,#35,#36);
#5080=IFCEXTRUDEDAREASOLID(#5077,#5079,#35,6.9999999999999973);
#5081=IFCSTYLEDITEM(#5080,(#184),$);
#5082=IFCSHAPEREPRESENTATION(#16,'Body','SweptSolid',(#5080));
#5083=IFCAXIS2PLACEMENT3D(#11,$,$);
#5084=IFCREPRESENTATIONMAP(#5083,#5082);
#5085=IFCBUILDINGELEMENTPROXYTYPE('0qyAVvJzHBtx7qBAcZyof6',#6,'Tile:Tile 200x100x75 White',$,$,$,(#5084),'428000',$,.NOTDEFINED.);
#5086=IFCMAPPEDITEM(#5084,#195);
#5087=IFCSHAPEREPRESENTATION(#16,'Body','MappedRepresentation',(#5086));
#5088=IFCPRODUCTDEFINITIONSHAPE($,$,(#5087));
#5089=IFCCARTESIANPOINT((5715.236472950095,8533.0354060546179,1722.4099999999851));
#5090=IFCAXIS2PLACEMENT3D(#5089,#36,#1482);
#5091=IFCLOCALPLACEMENT(#25,#5090);
#5092=IFCBUILDINGELEMENTPROXY('1kkNhPW5XF4BusAPV6zL24',#6,'Tile:Tile 200x100x75 White:493417',$,$,#5091,#5088,'493417',$);
#5093=IFCPROPERTYSET('2w_ECDWM1rNQuWHWZ8iM8d',#6,'Pset_BuildingElementProxyCommon',$,(#4358));
#5094=IFCPROPERTYSET('0Y1tPomSB7BRvc1lFa9m5S',#6,'Pset_QuantityTakeOff',$,(#4358));
#5095=IFCRELDEFINESBYPROPERTIES('1F7E98UXot4H2iuyt4cff0',#6,$,$,(#5092),#5093);
#5096=IFCRELDEFINESBYPROPERTIES('2eI19hXiqxUtWK$yVN2hSD',#6,$,$,(#5092),#5094);
#5097=IFCMAPPEDITEM(#5084,#195);
#5098=IFCSHAPEREPRESENTATION(#16,'Body','MappedRepresentation',(#5097));
#5099=IFCPRODUCTDEFINITIONSHAPE($,$,(#5098));
#5100=IFCCARTESIANPOINT((5817.6364729501001,8533.0354060546179,1722.5099999999941));
#5101=IFCAXIS2PLACEMENT3D(#5100,#36,#1482);
#5102=IFCLOCALPLACEMENT(#25,#5101);
#5103=IFCBUILDINGELEMENTPROXY('1kkNhPW5XF4BusAPV6zL27',#6,'Tile:Tile 200x100x75 White:493418',$,$,#5102,#5099,'493418',$);
#5104=IFCPROPERTYSET('0E61KGh7Bc1fBOMTxi71XA',#6,'Pset_BuildingElementProxyCommon',$,(#4358));
#5105=IFCPROPERTYSET('2g77ZtSbd2EMtninWqYfrh',#6,'Pset_QuantityTakeOff',$,(#4358));
#5106=IFCRELDEFINESBYPROPERTIES('3vDlOs6FQV1MuPoNM6kqTS',#6,$,$,(#5103),#5104);
#5107=IFCRELDEFINESBYPROPERTIES('0FDyl0_ARgZ0Afw6TozEqG',#6,$,$,(#5103),#5105);
#5108=IFCCARTESIANPOINT((-99.437000973701828,-24.674999999980855));
#5109=IFCCARTESIANPOINT((99.437000973675836,-24.674999999980855));
#5110=IFCCARTESIANPOINT((51.,24.674999999980855));
#5111=IFCCARTESIANPOINT((-51.,24.674999999980855));
#5112=IFCPOLYLINE((#5108,#5109,#5110,#5111,#5108));
#5113=IFCARBITRARYCLOSEDPROFILEDEF(.AREA.,'Tile 350x Red',#5112);
#5114=IFCCARTESIANPOINT((5716.236472950095,8526.0354060546179,1798.7349999999692));
#5115=IFCAXIS2PLACEMENT3D(#5114,#1606,#1482);
#5116=IFCEXTRUDEDAREASOLID(#5113,#5115,#35,6.9999999999984084);
#5117=IFCSTYLEDITEM(#5116,(#184),$);
#5118=IFCSHAPEREPRESENTATION(#16,'Body','SweptSolid',(#5116));
#5119=IFCAXIS2PLACEMENT3D(#11,$,$);
#5120=IFCREPRESENTATIONMAP(#5119,#5118);
#5121=IFCBUILDINGELEMENTPROXYTYPE('1kkNhPW5XF4BusAPV6zL2V',#6,'Tile 350x Red13:Tile 350x Red',$,$,$,(#5120),'493426',$,.NOTDEFINED.);
#5122=IFCMAPPEDITEM(#5120,#195);
#5123=IFCSHAPEREPRESENTATION(#16,'Body','MappedRepresentation',(#5122));
#5124=IFCPRODUCTDEFINITIONSHAPE($,$,(#5123));
#5125=IFCAXIS2PLACEMENT3D(#11,$,$);
#5126=IFCLOCALPLACEMENT(#25,#5125);
#5127=IFCBUILDINGELEMENTPROXY('1kkNhPW5XF4BusAPV6zL2P',#6,'Tile 350x Red13:Tile 350x Red:493428',$,$,#5126,#5124,'493428',$);
#5128=IFCPROPERTYSET('35FlkiuSca1N0mD61oM4wX',#6,'Pset_BuildingElementProxyCommon',$,(#4983));
#5129=IFCPROPERTYSET('3VD6PeGxHRkVSw7tji6AqO',#6,'Pset_QuantityTakeOff',$,(#4983));
#5130=IFCRELDEFINESBYPROPERTIES('2l9StwFaHqzhlHLt43x5rR',#6,$,$,(#5127),#5128);
#5131=IFCRELDEFINESBYPROPERTIES('1UEVQb41l8sAt5Cfy8lTPE',#6,$,$,(#5127),#5129);
#5132=IFCCARTESIANPOINT((0.,0.));
#5133=IFCAXIS2PLACEMENT2D(#5132,#171);
#5134=IFCRECTANGLEPROFILEDEF(.AREA.,'Tile 200x100x75 White',#5133,98.600000000000023,100.40000000000001);
#5135=IFCCARTESIANPOINT((-50.199999999993743,-49.300000000008438,-0.));
#5136=IFCAXIS2PLACEMENT3D(#5135,#35,#36);
#5137=IFCEXTRUDEDAREASOLID(#5134,#5136,#35,6.9999999999999973);
#5138=IFCSTYLEDITEM(#5137,(#184),$);
#5139=IFCSHAPEREPRESENTATION(#16,'Body','SweptSolid',(#5137));
#5140=IFCAXIS2PLACEMENT3D(#11,$,$);
#5141=IFCREPRESENTATIONMAP(#5140,#5139);
#5142=IFCBUILDINGELEMENTPROXYTYPE('1MH_t$ZbL18A53iTg7iWrc',#6,'Tile:Tile 200x100x75 White',$,$,$,(#5141),'428000',$,.NOTDEFINED.);
#5143=IFCMAPPEDITEM(#5141,#195);
#5144=IFCSHAPEREPRESENTATION(#16,'Body','MappedRepresentation',(#5143));
#5145=IFCPRODUCTDEFINITIONSHAPE($,$,(#5144));
#5146=IFCCARTESIANPOINT((5715.236472950095,8533.0354060546179,1924.0100000000036));
#5147=IFCAXIS2PLACEMENT3D(#5146,#36,#1482);
#5148=IFCLOCALPLACEMENT(#25,#5147);
#5149=IFCBUILDINGELEMENTPROXY('1kkNhPW5XF4BusAPV6zL2K',#6,'Tile:Tile 200x100x75 White:493433',$,$,#5148,#5145,'493433',$);
#5150=IFCPROPERTYSET('1ZOwOLgLqG5yg9hLPVF83U',#6,'Pset_BuildingElementProxyCommon',$,(#4358));
#5151=IFCPROPERTYSET('0vsJy9o8ZAaQuWOSbnORA7',#6,'Pset_QuantityTakeOff',$,(#4358));
#5152=IFCRELDEFINESBYPROPERTIES('0M8dQa4_$2Ng43s4uqaLTE',#6,$,$,(#5149),#5150);
#5153=IFCRELDEFINESBYPROPERTIES('0pJmOihxtd42A9sw$_iPw4',#6,$,$,(#5149),#5151);
#5154=IFCMAPPEDITEM(#5141,#195);
#5155=IFCSHAPEREPRESENTATION(#16,'Body','MappedRepresentation',(#5154));
#5156=IFCPRODUCTDEFINITIONSHAPE($,$,(#5155));
#5157=IFCCARTESIANPOINT((5817.6364729501001,8533.0354060546179,1924.0100000000036));
#5158=IFCAXIS2PLACEMENT3D(#5157,#36,#1482);
#5159=IFCLOCALPLACEMENT(#25,#5158);
#5160=IFCBUILDINGELEMENTPROXY('1kkNhPW5XF4BusAPV6zL2N',#6,'Tile:Tile 200x100x75 White:493434',$,$,#5159,#5156,'493434',$);
#5161=IFCPROPERTYSET('1Al6cHXUO97vOpernbI0Tn',#6,'Pset_BuildingElementProxyCommon',$,(#4358));
#5162=IFCPROPERTYSET('2wJVKyVReTQ7cTzWmua3Pi',#6,'Pset_QuantityTakeOff',$,(#4358));
#5163=IFCRELDEFINESBYPROPERTIES('0SC6mkt2$5E_4mAoPi7BUA',#6,$,$,(#5160),#5161);
#5164=IFCRELDEFINESBYPROPERTIES('3xy27pQJOihMIGQnOuR3IG',#6,$,$,(#5160),#5162);
#5165=IFCCARTESIANPOINT((-92.576396400406821,35.879636422053622));
#5166=IFCCARTESIANPOINT((-128.18807867001931,72.162570639214195));
#5167=IFCCARTESIANPOINT((-162.05208340867873,38.925066475082112));
#5168=IFCCARTESIANPOINT((-19.99590122773807,-105.80876199699105));
#5169=IFCCARTESIANPOINT((52.014174180697303,-35.130908042083071));
#5170=IFCCARTESIANPOINT((123.74273954227402,-108.21149993330437));
#5171=IFCCARTESIANPOINT((194.03998857826713,-39.214784229050267));
#5172=IFCCARTESIANPOINT((51.983806397320947,105.51904424302658));
#5173=IFCCARTESIANPOINT((-18.968248991718177,35.879636422053615));
#5174=IFCPOLYLINE((#5165,#5166,#5167,#5168,#5169,#5170,#5171,#5172,#5173,#5165));
#5175=IFCARBITRARYCLOSEDPROFILEDEF(.AREA.,'Tile 350x Red',#5174);
#5176=IFCCARTESIANPOINT((5858.5297381274786,8526.0354060546179,1812.996943338356));
#5177=IFCDIRECTION((0.70047427110911076,-0.,0.71367765518766246));
#5178=IFCAXIS2PLACEMENT3D(#5176,#36,#5177);
#5179=IFCEXTRUDEDAREASOLID(#5175,#5178,#1605,6.9999999999994911);
#5180=IFCSTYLEDITEM(#5179,(#746),$);
#5181=IFCSHAPEREPRESENTATION(#16,'Body','SweptSolid',(#5179));
#5182=IFCAXIS2PLACEMENT3D(#11,$,$);
#5183=IFCREPRESENTATIONMAP(#5182,#5181);
#5184=IFCBUILDINGELEMENTPROXYTYPE('1kkNhPW5XF4BusAPV6zL1l',#6,'Tile 350x Red14:Tile 350x Red',$,$,$,(#5183),'493442',$,.NOTDEFINED.);
#5185=IFCMAPPEDITEM(#5183,#195);
#5186=IFCSHAPEREPRESENTATION(#16,'Body','MappedRepresentation',(#5185));
#5187=IFCPRODUCTDEFINITIONSHAPE($,$,(#5186));
#5188=IFCAXIS2PLACEMENT3D(#11,$,$);
#5189=IFCLOCALPLACEMENT(#25,#5188);
#5190=IFCBUILDINGELEMENTPROXY('1kkNhPW5XF4BusAPV6zL1f',#6,'Tile 350x Red14:Tile 350x Red:493444',$,$,#5189,#5187,'493444',$);
#5191=IFCPROPERTYSET('1jfopc9_5m3pei$ASPQwIU',#6,'Pset_BuildingElementProxyCommon',$,(#4983));
#5192=IFCPROPERTYSET('2ZbOlANBrwLZw7iA81h9vC',#6,'Pset_QuantityTakeOff',$,(#4983));
#5193=IFCRELDEFINESBYPROPERTIES('3x338_cvcxhWDEDkFTKgkO',#6,$,$,(#5190),#5191);
#5194=IFCRELDEFINESBYPROPERTIES('2XX1eg5OA76D1_kCPD0ler',#6,$,$,(#5190),#5192);
#5195=IFCCARTESIANPOINT((120.45387858114144,-3.9075011060754488));
#5196=IFCCARTESIANPOINT((171.29326517734884,-3.9075011060754488));
#5197=IFCCARTESIANPOINT((171.29326517734856,43.542498893931359));
#5198=IFCCARTESIANPOINT((-33.506734822651438,43.542498893931622));
#5199=IFCCARTESIANPOINT((-33.506734822651978,144.44249889393006));
#5200=IFCCARTESIANPOINT((-266.90673482261843,144.4424988939291));
#5201=IFCCARTESIANPOINT((-266.9067348226157,-155.8575011060787));
#5202=IFCCARTESIANPOINT((68.893265177355588,-155.85750110607717));
#5203=IFCCARTESIANPOINT((68.893265177348553,-56.439991151416457));
#5204=IFCPOLYLINE((#5195,#5196,#5197,#5198,#5199,#5200,#5201,#5202,#5203,#5195));
#5205=IFCARBITRARYCLOSEDPROFILEDEF(.AREA.,'Tile 350x Red',#5204);
#5206=IFCCARTESIANPOINT((5543.9432077727388,8526.0354060546179,1768.1524988939118));
#5207=IFCAXIS2PLACEMENT3D(#5206,#1606,#1482);
#5208=IFCEXTRUDEDAREASOLID(#5205,#5207,#35,7.0000000000005747);
#5209=IFCSTYLEDITEM(#5208,(#746),$);
#5210=IFCSHAPEREPRESENTATION(#16,'Body','SweptSolid',(#5208));
#5211=IFCAXIS2PLACEMENT3D(#11,$,$);
#5212=IFCREPRESENTATIONMAP(#5211,#5210);
#5213=IFCBUILDINGELEMENTPROXYTYPE('1kkNhPW5XF4BusAPV6zL1u',#6,'Tile 350x Red15:Tile 350x Red',$,$,$,(#5212),'493461',$,.NOTDEFINED.);
#5214=IFCMAPPEDITEM(#5212,#195);
#5215=IFCSHAPEREPRESENTATION(#16,'Body','MappedRepresentation',(#5214));
#5216=IFCPRODUCTDEFINITIONSHAPE($,$,(#5215));
#5217=IFCAXIS2PLACEMENT3D(#11,$,$);
#5218=IFCLOCALPLACEMENT(#25,#5217);
#5219=IFCBUILDINGELEMENTPROXY('1kkNhPW5XF4BusAPV6zL1w',#6,'Tile 350x Red15:Tile 350x Red:493463',$,$,#5218,#5216,'493463',$);
#5220=IFCPROPERTYSET('0wui6Q$NiCsW1T8LIENgBq',#6,'Pset_BuildingElementProxyCommon',$,(#4983));
#5221=IFCPROPERTYSET('0XSnpJVidODzDDBr2LdBfU',#6,'Pset_QuantityTakeOff',$,(#4983));
#5222=IFCRELDEFINESBYPROPERTIES('0UXvD_P26t1k2Mr$iLeQTt',#6,$,$,(#5219),#5220);
#5223=IFCRELDEFINESBYPROPERTIES('0lapaPJdB7DaazNrRkqTHj',#6,$,$,(#5219),#5221);
#5224=IFCCARTESIANPOINT((-167.63333333333097,-53.199999999972746));
#5225=IFCCARTESIANPOINT((133.26666666666182,-53.199999999972746));
#5226=IFCCARTESIANPOINT((133.26666666666182,77.799999999988813));
#5227=IFCCARTESIANPOINT((34.36666666666941,77.799999999988813));
#5228=IFCCARTESIANPOINT((34.36666666666941,-24.600000000016063));
#5229=IFCCARTESIANPOINT((-167.63333333333068,-24.600000000016063));
#5230=IFCPOLYLINE((#5224,#5225,#5226,#5227,#5228,#5229,#5224));
#5231=IFCARBITRARYCLOSEDPROFILEDEF(.AREA.,'Tile 350x Red',#5230);
#5232=IFCCARTESIANPOINT((5330.2364729501105,8526.0354060546197,1488.4433333333197));
#5233=IFCAXIS2PLACEMENT3D(#5232,#1606,#35);
#5234=IFCEXTRUDEDAREASOLID(#5231,#5233,#35,6.9999999999973257);
#5235=IFCSTYLEDITEM(#5234,(#746),$);
#5236=IFCSHAPEREPRESENTATION(#16,'Body','SweptSolid',(#5234));
#5237=IFCAXIS2PLACEMENT3D(#11,$,$);
#5238=IFCREPRESENTATIONMAP(#5237,#5236);
#5239=IFCBUILDINGELEMENTPROXYTYPE('1kkNhPW5XF4BusAPV6zL18',#6,'Tile 350x Red16:Tile 350x Red',$,$,$,(#5238),'493477',$,.NOTDEFINED.);
#5240=IFCMAPPEDITEM(#5238,#195);
#5241=IFCSHAPEREPRESENTATION(#16,'Body','MappedRepresentation',(#5240));
#5242=IFCPRODUCTDEFINITIONSHAPE($,$,(#5241));
#5243=IFCAXIS2PLACEMENT3D(#11,$,$);
#5244=IFCLOCALPLACEMENT(#25,#5243);
#5245=IFCBUILDINGELEMENTPROXY('1kkNhPW5XF4BusAPV6zL1A',#6,'Tile 350x Red16:Tile 350x Red:493479',$,$,#5244,#5242,'493479',$);
#5246=IFCPROPERTYSET('1hBxIPtglUwLfdQWT_TFBB',#6,'Pset_BuildingElementProxyCommon',$,(#4983));
#5247=IFCPROPERTYSET('3k_cSxpGtm0yWacd9OUtAZ',#6,'Pset_QuantityTakeOff',$,(#4983));
#5248=IFCRELDEFINESBYPROPERTIES('3q5EyCegeKx6Lwp3r7dCmB',#6,$,$,(#5245),#5246);
#5249=IFCRELDEFINESBYPROPERTIES('1s86x3JPZTRI94$1KTc4U3',#6,$,$,(#5245),#5247);
#5250=IFCMAPPEDITEM(#328,#195);
#5251=IFCSHAPEREPRESENTATION(#16,'Body','MappedRepresentation',(#5250));
#5252=IFCPRODUCTDEFINITIONSHAPE($,$,(#5251));
#5253=IFCCARTESIANPOINT((6462.656472950127,8533.035406054616,915.01000000000829));
#5254=IFCAXIS2PLACEMENT3D(#5253,#36,#1482);
#5255=IFCLOCALPLACEMENT(#25,#5254);
#5256=IFCBUILDINGELEMENTPROXY('1kkNhPW5XF4BusAPV6zL1S',#6,'Tile:Tile 200x100x75 White 2:493489',$,$,#5255,#5252,'493489',$);
#5257=IFCPROPERTYSET('3TiTm5NHu4tzUoP4MmI$d8',#6,'Pset_BuildingElementProxyCommon',$,(#204));
#5258=IFCPROPERTYSET('0RRFkFX1J4z55F6kTUurI2',#6,'Pset_QuantityTakeOff',$,(#204));
#5259=IFCRELDEFINESBYPROPERTIES('2quhrHaIGNSgOl2lkBGvI5',#6,$,$,(#5256),#5257);
#5260=IFCRELDEFINESBYPROPERTIES('2JBxcdkoG9Z5hbS6tiFYe$',#6,$,$,(#5256),#5258);
#5261=IFCMAPPEDITEM(#328,#195);
#5262=IFCSHAPEREPRESENTATION(#16,'Body','MappedRepresentation',(#5261));
#5263=IFCPRODUCTDEFINITIONSHAPE($,$,(#5262));
#5264=IFCCARTESIANPOINT((6667.4564729501271,8533.0354060546142,915.01000000000749));
#5265=IFCAXIS2PLACEMENT3D(#5264,#36,#1482);
#5266=IFCLOCALPLACEMENT(#25,#5265);
#5267=IFCBUILDINGELEMENTPROXY('1kkNhPW5XF4BusAPV6zL1V',#6,'Tile:Tile 200x100x75 White 2:493490',$,$,#5266,#5263,'493490',$);
#5268=IFCPROPERTYSET('2l7uGngjV9t$VyuFIe7DkY',#6,'Pset_BuildingElementProxyCommon',$,(#204));
#5269=IFCPROPERTYSET('2pQ4f$NEctdhTKE49vkjfj',#6,'Pset_QuantityTakeOff',$,(#204));
#5270=IFCRELDEFINESBYPROPERTIES('1sHgpfnEYwKLwp65YHQ5hh',#6,$,$,(#5267),#5268);
#5271=IFCRELDEFINESBYPROPERTIES('3RC_f1nY5tiqbVJA25125T',#6,$,$,(#5267),#5269);
#5272=IFCMAPPEDITEM(#328,#195);
#5273=IFCSHAPEREPRESENTATION(#16,'Body','MappedRepresentation',(#5272));
#5274=IFCPRODUCTDEFINITIONSHAPE($,$,(#5273));
#5275=IFCCARTESIANPOINT((6872.2564729501237,8533.0354060546124,915.01000000000511));
#5276=IFCAXIS2PLACEMENT3D(#5275,#36,#1482);
#5277=IFCLOCALPLACEMENT(#25,#5276);
#5278=IFCBUILDINGELEMENTPROXY('1kkNhPW5XF4BusAPV6zL1U',#6,'Tile:Tile 200x100x75 White 2:493491',$,$,#5277,#5274,'493491',$);
#5279=IFCPROPERTYSET('12pC$zIqBf4DxWuf9kDYu2',#6,'Pset_BuildingElementProxyCommon',$,(#204));
#5280=IFCPROPERTYSET('3PzCYPmhjOv6H3uYW0FcbF',#6,'Pset_QuantityTakeOff',$,(#204));
#5281=IFCRELDEFINESBYPROPERTIES('1c4ALxW2xnMf4x7$tbf2N2',#6,$,$,(#5278),#5279);
#5282=IFCRELDEFINESBYPROPERTIES('3CiXxxWXmBykBjr1KEndB8',#6,$,$,(#5278),#5280);
#5283=IFCMAPPEDITEM(#328,#195);
#5284=IFCSHAPEREPRESENTATION(#16,'Body','MappedRepresentation',(#5283));
#5285=IFCPRODUCTDEFINITIONSHAPE($,$,(#5284));
#5286=IFCCARTESIANPOINT((7077.0564729501248,8533.0354060546124,915.01000000000568));
#5287=IFCAXIS2PLACEMENT3D(#5286,#36,#1482);
#5288=IFCLOCALPLACEMENT(#25,#5287);
#5289=IFCBUILDINGELEMENTPROXY('1kkNhPW5XF4BusAPV6zL1P',#6,'Tile:Tile 200x100x75 White 2:493492',$,$,#5288,#5285,'493492',$);
#5290=IFCPROPERTYSET('0$i8QJiOM3UKka0GBkdX1m',#6,'Pset_BuildingElementProxyCommon',$,(#204));
#5291=IFCPROPERTYSET('1aPurqV4pA4Wgc3lQh7O1r',#6,'Pset_QuantityTakeOff',$,(#204));
#5292=IFCRELDEFINESBYPROPERTIES('2VB85zsP$TUC76x5bfkuxT',#6,$,$,(#5289),#5290);
#5293=IFCRELDEFINESBYPROPERTIES('35i5uivuw95SNItQHUQftp',#6,$,$,(#5289),#5291);
#5294=IFCMAPPEDITEM(#328,#195);
#5295=IFCSHAPEREPRESENTATION(#16,'Body','MappedRepresentation',(#5294));
#5296=IFCPRODUCTDEFINITIONSHAPE($,$,(#5295));
#5297=IFCCARTESIANPOINT((6360.236472950126,8533.035406054616,1924.010000000005));
#5298=IFCAXIS2PLACEMENT3D(#5297,#36,#1482);
#5299=IFCLOCALPLACEMENT(#25,#5298);
#5300=IFCBUILDINGELEMENTPROXY('1kkNhPW5XF4BusAPV6zL1O',#6,'Tile:Tile 200x100x75 White 2:493493',$,$,#5299,#5296,'493493',$);
#5301=IFCPROPERTYSET('3IuJpJHHES3XOHIiIIw7xl',#6,'Pset_BuildingElementProxyCommon',$,(#204));
#5302=IFCPROPERTYSET('0N2WZNiq$krA_2WJKGTO8Z',#6,'Pset_QuantityTakeOff',$,(#204));
#5303=IFCRELDEFINESBYPROPERTIES('0oiABs4d9ku$cqwzX75ADD',#6,$,$,(#5300),#5301);
#5304=IFCRELDEFINESBYPROPERTIES('2OpTIOB6w4AYauJgcG6dDl',#6,$,$,(#5300),#5302);
#5305=IFCMAPPEDITEM(#328,#195);
#5306=IFCSHAPEREPRESENTATION(#16,'Body','MappedRepresentation',(#5305));
#5307=IFCPRODUCTDEFINITIONSHAPE($,$,(#5306));
#5308=IFCCARTESIANPOINT((6565.0364729501252,8533.035406054616,1924.0100000000041));
#5309=IFCAXIS2PLACEMENT3D(#5308,#36,#1482);
#5310=IFCLOCALPLACEMENT(#25,#5309);
#5311=IFCBUILDINGELEMENTPROXY('1kkNhPW5XF4BusAPV6zL1R',#6,'Tile:Tile 200x100x75 White 2:493494',$,$,#5310,#5307,'493494',$);
#5312=IFCPROPERTYSET('0Qa4SoB9IVvFDjxGIhirr7',#6,'Pset_BuildingElementProxyCommon',$,(#204));
#5313=IFCPROPERTYSET('0W3cKYikLrFlqTQzfaHLdt',#6,'Pset_QuantityTakeOff',$,(#204));
#5314=IFCRELDEFINESBYPROPERTIES('3YitWc_jPVHxJsZeAP41Mn',#6,$,$,(#5311),#5312);
#5315=IFCRELDEFINESBYPROPERTIES('34nUo5gDN7XTllio$7z6Y$',#6,$,$,(#5311),#5313);
#5316=IFCMAPPEDITEM(#328,#195);
#5317=IFCSHAPEREPRESENTATION(#16,'Body','MappedRepresentation',(#5316));
#5318=IFCPRODUCTDEFINITIONSHAPE($,$,(#5317));
#5319=IFCCARTESIANPOINT((6769.8364729501254,8533.0354060546142,1924.0100000000034));
#5320=IFCAXIS2PLACEMENT3D(#5319,#36,#1482);
#5321=IFCLOCALPLACEMENT(#25,#5320);
#5322=IFCBUILDINGELEMENTPROXY('1kkNhPW5XF4BusAPV6zL1Q',#6,'Tile:Tile 200x100x75 White 2:493495',$,$,#5321,#5318,'493495',$);
#5323=IFCPROPERTYSET('2pa3BObhoRuay$Tmy$LGT9',#6,'Pset_BuildingElementProxyCommon',$,(#204));
#5324=IFCPROPERTYSET('1ceimQiqWcrw2IMaB9RcmN',#6,'Pset_QuantityTakeOff',$,(#204));
#5325=IFCRELDEFINESBYPROPERTIES('251IjaBR7zoudBvSbHkKZ_',#6,$,$,(#5322),#5323);
#5326=IFCRELDEFINESBYPROPERTIES('2LO_KPopFO1oGAMJPp2pjm',#6,$,$,(#5322),#5324);
#5327=IFCMAPPEDITEM(#328,#195);
#5328=IFCSHAPEREPRESENTATION(#16,'Body','MappedRepresentation',(#5327));
#5329=IFCPRODUCTDEFINITIONSHAPE($,$,(#5328));
#5330=IFCCARTESIANPOINT((6974.6364729501238,8533.0354060546124,1924.01));
#5331=IFCAXIS2PLACEMENT3D(#5330,#36,#1482);
#5332=IFCLOCALPLACEMENT(#25,#5331);
#5333=IFCBUILDINGELEMENTPROXY('1kkNhPW5XF4BusAPV6zL1L',#6,'Tile:Tile 200x100x75 White 2:493496',$,$,#5332,#5329,'493496',$);
#5334=IFCPROPERTYSET('2OEb4nMaFNFOgArbSZi_Hn',#6,'Pset_BuildingElementProxyCommon',$,(#204));
#5335=IFCPROPERTYSET('0JdKTdY7IuH9Mw2XzR7cMy',#6,'Pset_QuantityTakeOff',$,(#204));
#5336=IFCRELDEFINESBYPROPERTIES('0QykXk9aNXU$EZiKcjQzxA',#6,$,$,(#5333),#5334);
#5337=IFCRELDEFINESBYPROPERTIES('1F2C5QQk6wK28IzuyEyFGN',#6,$,$,(#5333),#5335);
#5338=IFCCARTESIANPOINT((-99.566666666663522,-44.066666666665313));
#5339=IFCCARTESIANPOINT((100.23333333332842,-44.066666666665313));
#5340=IFCCARTESIANPOINT((100.23333333332855,-12.26666666667254));
#5341=IFCCARTESIANPOINT((-0.66666666666489083,-12.26666666667254));
#5342=IFCCARTESIANPOINT((-0.66666666666502616,56.3333333333346));
#5343=IFCCARTESIANPOINT((-99.566666666663664,56.3333333333346));
#5344=IFCPOLYLINE((#5338,#5339,#5340,#5341,#5342,#5343,#5338));
#5345=IFCARBITRARYCLOSEDPROFILEDEF(.AREA.,'Tile 350x Red',#5344);
#5346=IFCCARTESIANPOINT((6316.1698062834685,8526.0354060546197,916.34333333332927));
#5347=IFCAXIS2PLACEMENT3D(#5346,#1606,#1605);
#5348=IFCEXTRUDEDAREASOLID(#5345,#5347,#35,6.999999999992994);
#5349=IFCSTYLEDITEM(#5348,(#184),$);
#5350=IFCSHAPEREPRESENTATION(#16,'Body','SweptSolid',(#5348));
#5351=IFCAXIS2PLACEMENT3D(#11,$,$);
#5352=IFCREPRESENTATIONMAP(#5351,#5350);
#5353=IFCBUILDINGELEMENTPROXYTYPE('1kkNhPW5XF4BusAPV6zL0i',#6,'Tile 350x Red17:Tile 350x Red',$,$,$,(#5352),'493505',$,.NOTDEFINED.);
#5354=IFCMAPPEDITEM(#5352,#195);
#5355=IFCSHAPEREPRESENTATION(#16,'Body','MappedRepresentation',(#5354));
#5356=IFCPRODUCTDEFINITIONSHAPE($,$,(#5355));
#5357=IFCAXIS2PLACEMENT3D(#11,$,$);
#5358=IFCLOCALPLACEMENT(#25,#5357);
#5359=IFCBUILDINGELEMENTPROXY('1kkNhPW5XF4BusAPV6zL0k',#6,'Tile 350x Red17:Tile 350x Red:493507',$,$,#5358,#5356,'493507',$);
#5360=IFCPROPERTYSET('1NvuSKIY5wFNwT14ieQwoV',#6,'Pset_BuildingElementProxyCommon',$,(#4983));
#5361=IFCPROPERTYSET('2y7pBt77QguD7Oe3O93Of2',#6,'Pset_QuantityTakeOff',$,(#4983));
#5362=IFCRELDEFINESBYPROPERTIES('0OlsXJ7ZAZXXIVDRMcTl3I',#6,$,$,(#5359),#5360);
#5363=IFCRELDEFINESBYPROPERTIES('3iPdpD1708XtLVVB0lOAUK',#6,$,$,(#5359),#5361);
#5364=IFCCARTESIANPOINT((0.,0.));
#5365=IFCAXIS2PLACEMENT2D(#5364,#171);
#5366=IFCRECTANGLEPROFILEDEF(.AREA.,'Modelos gen\X\E9ricos 1',#5365,150.00000000000054,600.);
#5367=IFCCARTESIANPOINT((6083.5813096541078,5997.3829601568341,14.204449928490083));
#5368=IFCAXIS2PLACEMENT3D(#5367,#35,#200);
#5369=IFCEXTRUDEDAREASOLID(#5366,#5368,#35,225.79555007150989);
#5370=IFCSHAPEREPRESENTATION(#16,'Body','SweptSolid',(#5369));
#5371=IFCAXIS2PLACEMENT3D(#11,$,$);
#5372=IFCREPRESENTATIONMAP(#5371,#5370);
#5373=IFCBUILDINGELEMENTPROXYTYPE('3cz65ZUMD8OxF9Hz16muAR',#6,'Modelos gen\X\E9ricos 1:Modelos gen\X\E9ricos 1',$,$,$,(#5372),'500090',$,.NOTDEFINED.);
#5374=IFCMAPPEDITEM(#5372,#195);
#5375=IFCSHAPEREPRESENTATION(#16,'Body','MappedRepresentation',(#5374));
#5376=IFCPRODUCTDEFINITIONSHAPE($,$,(#5375));
#5377=IFCCARTESIANPOINT((159.88652408571076,2228.3708031157748,-40.));
#5378=IFCAXIS2PLACEMENT3D(#5377,$,$);
#5379=IFCLOCALPLACEMENT(#25,#5378);
#5380=IFCBUILDINGELEMENTPROXY('3cz65ZUMD8OxF9Hz16muAT',#6,'Modelos gen\X\E9ricos 1:Modelos gen\X\E9ricos 1:500092',$,$,#5379,#5376,'500092',$);
#5381=IFCPROPERTYSINGLEVALUE('Reference',$,IFCIDENTIFIER('Modelos gen\X\E9ricos 1'),$);
#5382=IFCPROPERTYSET('2J0Wd$POuR$3RU8JPZHZ5B',#6,'Pset_BuildingElementProxyCommon',$,(#5381));
#5383=IFCPROPERTYSET('2vfuk7Url6sJzlLc9Bu0_k',#6,'Pset_QuantityTakeOff',$,(#5381));
#5384=IFCRELDEFINESBYPROPERTIES('2k1y0aUmGtW7V85b5wFxZJ',#6,$,$,(#5380),#5382);
#5385=IFCRELDEFINESBYPROPERTIES('3A08Pwngq75s4zNA$COY__',#6,$,$,(#5380),#5383);
#5386=IFCCARTESIANPOINT((0.,0.));
#5387=IFCAXIS2PLACEMENT2D(#5386,#171);
#5388=IFCRECTANGLEPROFILEDEF(.AREA.,'Modelos gen\X\E9ricos 1',#5387,150.00000000000054,600.);
#5389=IFCCARTESIANPOINT((6083.5813096541078,5997.3829601568341,0.));
#5390=IFCAXIS2PLACEMENT3D(#5389,#35,#200);
#5391=IFCEXTRUDEDAREASOLID(#5388,#5390,#35,240.);
#5392=IFCSHAPEREPRESENTATION(#16,'Body','SweptSolid',(#5391));
#5393=IFCAXIS2PLACEMENT3D(#11,$,$);
#5394=IFCREPRESENTATIONMAP(#5393,#5392);
#5395=IFCBUILDINGELEMENTPROXYTYPE('3cz65ZUMD8OxF9Hz16mu9d',#6,'Modelos gen\X\E9ricos 3:Modelos gen\X\E9ricos 1',$,$,$,(#5394),'500102',$,.NOTDEFINED.);
#5396=IFCMAPPEDITEM(#5394,#195);
#5397=IFCSHAPEREPRESENTATION(#16,'Body','MappedRepresentation',(#5396));
#5398=IFCPRODUCTDEFINITIONSHAPE($,$,(#5397));
#5399=IFCCARTESIANPOINT((159.88652408571076,2228.3708031157735,202.));
#5400=IFCAXIS2PLACEMENT3D(#5399,$,$);
#5401=IFCLOCALPLACEMENT(#25,#5400);
#5402=IFCBUILDINGELEMENTPROXY('3cz65ZUMD8OxF9Hz16mu9f',#6,'Modelos gen\X\E9ricos 3:Modelos gen\X\E9ricos 1:500104',$,$,#5401,#5398,'500104',$);
#5403=IFCPROPERTYSET('3Bu6C06I0FlJ6H24AszYz1',#6,'Pset_BuildingElementProxyCommon',$,(#5381));
#5404=IFCPROPERTYSET('22iXM$RabTtg6pyneDLh8I',#6,'Pset_QuantityTakeOff',$,(#5381));
#5405=IFCRELDEFINESBYPROPERTIES('350_ZIPx0yUBpiBBikb1Wa',#6,$,$,(#5402),#5403);
#5406=IFCRELDEFINESBYPROPERTIES('1kMovPn8hSMYk_jPIgRakX',#6,$,$,(#5402),#5404);
#5407=IFCCARTESIANPOINT((0.,0.));
#5408=IFCAXIS2PLACEMENT2D(#5407,#171);
#5409=IFCRECTANGLEPROFILEDEF(.AREA.,'Modelos gen\X\E9ricos 1',#5408,150.00000000000054,600.);
#5410=IFCCARTESIANPOINT((6083.5813096541078,5997.3829601568341,0.));
#5411=IFCAXIS2PLACEMENT3D(#5410,#35,#200);
#5412=IFCEXTRUDEDAREASOLID(#5409,#5411,#35,240.);
#5413=IFCSHAPEREPRESENTATION(#16,'Body','SweptSolid',(#5412));
#5414=IFCAXIS2PLACEMENT3D(#11,$,$);
#5415=IFCREPRESENTATIONMAP(#5414,#5413);
#5416=IFCBUILDINGELEMENTPROXYTYPE('3cz65ZUMD8OxF9Hz16mu9p',#6,'Modelos gen\X\E9ricos 5:Modelos gen\X\E9ricos 1',$,$,$,(#5415),'500114',$,.NOTDEFINED.);
#5417=IFCMAPPEDITEM(#5415,#195);
#5418=IFCSHAPEREPRESENTATION(#16,'Body','MappedRepresentation',(#5417));
#5419=IFCPRODUCTDEFINITIONSHAPE($,$,(#5418));
#5420=IFCCARTESIANPOINT((159.88652408571076,2228.3708031157726,444.));
#5421=IFCAXIS2PLACEMENT3D(#5420,$,$);
#5422=IFCLOCALPLACEMENT(#25,#5421);
#5423=IFCBUILDINGELEMENTPROXY('3cz65ZUMD8OxF9Hz16mu9r',#6,'Modelos gen\X\E9ricos 5:Modelos gen\X\E9ricos 1:500116',$,$,#5422,#5419,'500116',$);
#5424=IFCPROPERTYSET('3GSJ$iHxWPD1p1Fgc3Dcy5',#6,'Pset_BuildingElementProxyCommon',$,(#5381));
#5425=IFCPROPERTYSET('0hKBT0tqc7_4LuE0_Nlmsd',#6,'Pset_QuantityTakeOff',$,(#5381));
#5426=IFCRELDEFINESBYPROPERTIES('0Dk$OzctjXtrd03KwV7784',#6,$,$,(#5423),#5424);
#5427=IFCRELDEFINESBYPROPERTIES('0$W4$4_cVZRLsnLj5GinCT',#6,$,$,(#5423),#5425);
#5428=IFCCARTESIANPOINT((0.,0.));
#5429=IFCAXIS2PLACEMENT2D(#5428,#171);
#5430=IFCRECTANGLEPROFILEDEF(.AREA.,'Modelos gen\X\E9ricos 1',#5429,150.00000000000054,600.);
#5431=IFCCARTESIANPOINT((6083.5813096541078,5997.3829601568341,0.));
#5432=IFCAXIS2PLACEMENT3D(#5431,#35,#200);
#5433=IFCEXTRUDEDAREASOLID(#5430,#5432,#35,240.);
#5434=IFCSHAPEREPRESENTATION(#16,'Body','SweptSolid',(#5433));
#5435=IFCAXIS2PLACEMENT3D(#11,$,$);
#5436=IFCREPRESENTATIONMAP(#5435,#5434);
#5437=IFCBUILDINGELEMENTPROXYTYPE('3cz65ZUMD8OxF9Hz16mu9$',#6,'Modelos gen\X\E9ricos 9:Modelos gen\X\E9ricos 1',$,$,$,(#5436),'500126',$,.NOTDEFINED.);
#5438=IFCMAPPEDITEM(#5436,#195);
#5439=IFCSHAPEREPRESENTATION(#16,'Body','MappedRepresentation',(#5438));
#5440=IFCPRODUCTDEFINITIONSHAPE($,$,(#5439));
#5441=IFCCARTESIANPOINT((622.59249484188786,14262.293583367595,-40.));
#5442=IFCAXIS2PLACEMENT3D(#5441,#35,#36);
#5443=IFCLOCALPLACEMENT(#25,#5442);
#5444=IFCBUILDINGELEMENTPROXY('3cz65ZUMD8OxF9Hz16mu91',#6,'Modelos gen\X\E9ricos 9:Modelos gen\X\E9ricos 1:500128',$,$,#5443,#5440,'500128',$);
#5445=IFCPROPERTYSET('1Wj$TIc1y44OiONz3A2mE0',#6,'Pset_BuildingElementProxyCommon',$,(#5381));
#5446=IFCPROPERTYSET('2eFwfLBoj6aPuFom1_mpMO',#6,'Pset_QuantityTakeOff',$,(#5381));
#5447=IFCRELDEFINESBYPROPERTIES('3uKz4cs$rYIISDQ6E$HxqR',#6,$,$,(#5444),#5445);
#5448=IFCRELDEFINESBYPROPERTIES('0eHhpCedKmxKyRbEVCMw5g',#6,$,$,(#5444),#5446);
#5449=IFCCARTESIANPOINT((0.,0.));
#5450=IFCAXIS2PLACEMENT2D(#5449,#171);
#5451=IFCRECTANGLEPROFILEDEF(.AREA.,'Modelos gen\X\E9ricos 1',#5450,150.00000000000054,600.);
#5452=IFCCARTESIANPOINT((6083.5813096541078,5997.3829601568341,0.));
#5453=IFCAXIS2PLACEMENT3D(#5452,#35,#200);
#5454=IFCEXTRUDEDAREASOLID(#5451,#5453,#35,240.);
#5455=IFCSHAPEREPRESENTATION(#16,'Body','SweptSolid',(#5454));
#5456=IFCAXIS2PLACEMENT3D(#11,$,$);
#5457=IFCREPRESENTATIONMAP(#5456,#5455);
#5458=IFCBUILDINGELEMENTPROXYTYPE('3cz65ZUMD8OxF9Hz16mu9B',#6,'Modelos gen\X\E9ricos 10:Modelos gen\X\E9ricos 1',$,$,$,(#5457),'500138',$,.NOTDEFINED.);
#5459=IFCMAPPEDITEM(#5457,#195);
#5460=IFCSHAPEREPRESENTATION(#16,'Body','MappedRepresentation',(#5459));
#5461=IFCPRODUCTDEFINITIONSHAPE($,$,(#5460));
#5462=IFCCARTESIANPOINT((622.59249484188786,14262.293583367595,209.50000000000003));
#5463=IFCAXIS2PLACEMENT3D(#5462,#35,#36);
#5464=IFCLOCALPLACEMENT(#25,#5463);
#5465=IFCBUILDINGELEMENTPROXY('3cz65ZUMD8OxF9Hz16mu9D',#6,'Modelos gen\X\E9ricos 10:Modelos gen\X\E9ricos 1:500140',$,$,#5464,#5461,'500140',$);
#5466=IFCPROPERTYSET('1NmL0Cm$0XPxpgR0$e5Pz8',#6,'Pset_BuildingElementProxyCommon',$,(#5381));
#5467=IFCPROPERTYSET('2g3399RBby1QIFpAw_nv27',#6,'Pset_QuantityTakeOff',$,(#5381));
#5468=IFCRELDEFINESBYPROPERTIES('2vQZ81lrIg59P8GjQ3uq_b',#6,$,$,(#5465),#5466);
#5469=IFCRELDEFINESBYPROPERTIES('2Get3RWB5pUDhsV5QnzgmQ',#6,$,$,(#5465),#5467);
#5470=IFCCARTESIANPOINT((0.,0.));
#5471=IFCAXIS2PLACEMENT2D(#5470,#171);
#5472=IFCRECTANGLEPROFILEDEF(.AREA.,'Modelos gen\X\E9ricos 1',#5471,150.00000000000054,600.);
#5473=IFCCARTESIANPOINT((6083.5813096541078,5997.3829601568341,0.));
#5474=IFCAXIS2PLACEMENT3D(#5473,#35,#200);
#5475=IFCEXTRUDEDAREASOLID(#5472,#5474,#35,240.);
#5476=IFCSHAPEREPRESENTATION(#16,'Body','SweptSolid',(#5475));
#5477=IFCAXIS2PLACEMENT3D(#11,$,$);
#5478=IFCREPRESENTATIONMAP(#5477,#5476);
#5479=IFCBUILDINGELEMENTPROXYTYPE('3cz65ZUMD8OxF9Hz16mu9N',#6,'Modelos gen\X\E9ricos 11:Modelos gen\X\E9ricos 1',$,$,$,(#5478),'500150',$,.NOTDEFINED.);
#5480=IFCMAPPEDITEM(#5478,#195);
#5481=IFCSHAPEREPRESENTATION(#16,'Body','MappedRepresentation',(#5480));
#5482=IFCPRODUCTDEFINITIONSHAPE($,$,(#5481));
#5483=IFCCARTESIANPOINT((622.59249484188786,14414.293583367595,-40.));
#5484=IFCAXIS2PLACEMENT3D(#5483,#35,#36);
#5485=IFCLOCALPLACEMENT(#25,#5484);
#5486=IFCBUILDINGELEMENTPROXY('3cz65ZUMD8OxF9Hz16mu9P',#6,'Modelos gen\X\E9ricos 11:Modelos gen\X\E9ricos 1:500152',$,$,#5485,#5482,'500152',$);
#5487=IFCPROPERTYSET('3HD8lg8o0icbM8iOIbxsoc',#6,'Pset_BuildingElementProxyCommon',$,(#5381));
#5488=IFCPROPERTYSET('3teNPh03qDcXwakxXU2tsv',#6,'Pset_QuantityTakeOff',$,(#5381));
#5489=IFCRELDEFINESBYPROPERTIES('1oeCYsDmlSSTAAxfg973Yp',#6,$,$,(#5486),#5487);
#5490=IFCRELDEFINESBYPROPERTIES('3_YqLd_sIDr6kGQSNYw58n',#6,$,$,(#5486),#5488);
#5491=IFCCARTESIANPOINT((0.,0.));
#5492=IFCAXIS2PLACEMENT2D(#5491,#171);
#5493=IFCRECTANGLEPROFILEDEF(.AREA.,'Modelos gen\X\E9ricos 1',#5492,150.00000000000054,600.);
#5494=IFCCARTESIANPOINT((6083.5813096541078,5997.3829601568341,0.));
#5495=IFCAXIS2PLACEMENT3D(#5494,#35,#200);
#5496=IFCEXTRUDEDAREASOLID(#5493,#5495,#35,240.);
#5497=IFCSHAPEREPRESENTATION(#16,'Body','SweptSolid',(#5496));
#5498=IFCAXIS2PLACEMENT3D(#11,$,$);
#5499=IFCREPRESENTATIONMAP(#5498,#5497);
#5500=IFCBUILDINGELEMENTPROXYTYPE('3cz65ZUMD8OxF9Hz16mu8Z',#6,'Modelos gen\X\E9ricos 12:Modelos gen\X\E9ricos 1',$,$,$,(#5499),'500162',$,.NOTDEFINED.);
#5501=IFCMAPPEDITEM(#5499,#195);
#5502=IFCSHAPEREPRESENTATION(#16,'Body','MappedRepresentation',(#5501));
#5503=IFCPRODUCTDEFINITIONSHAPE($,$,(#5502));
#5504=IFCCARTESIANPOINT((622.59249484188786,14414.293583367595,209.50000000000048));
#5505=IFCAXIS2PLACEMENT3D(#5504,#35,#36);
#5506=IFCLOCALPLACEMENT(#25,#5505);
#5507=IFCBUILDINGELEMENTPROXY('3cz65ZUMD8OxF9Hz16mu8b',#6,'Modelos gen\X\E9ricos 12:Modelos gen\X\E9ricos 1:500164',$,$,#5506,#5503,'500164',$);
#5508=IFCPROPERTYSET('2Ipvr1rTrhi6fJeSnhteL0',#6,'Pset_BuildingElementProxyCommon',$,(#5381));
#5509=IFCPROPERTYSET('3kWiXb8duTSyfjA4gR89$A',#6,'Pset_QuantityTakeOff',$,(#5381));
#5510=IFCRELDEFINESBYPROPERTIES('2O2PJn1ekErUS0KuWFai7K',#6,$,$,(#5507),#5508);
#5511=IFCRELDEFINESBYPROPERTIES('06clCphhPBlulxOwcIO1zI',#6,$,$,(#5507),#5509);
#5512=IFCCARTESIANPOINT((5.4001247917767614E-013,0.));
#5513=IFCAXIS2PLACEMENT2D(#5512,#171);
#5514=IFCRECTANGLEPROFILEDEF(.AREA.,'Modelos gen\X\E9ricos 1',#5513,112.38750781803689,600.);
#5515=IFCCARTESIANPOINT((6102.3875557450901,5997.3829601568341,0.));
#5516=IFCAXIS2PLACEMENT3D(#5515,#35,#200);
#5517=IFCEXTRUDEDAREASOLID(#5514,#5516,#35,240.);
#5518=IFCSHAPEREPRESENTATION(#16,'Body','SweptSolid',(#5517));
#5519=IFCAXIS2PLACEMENT3D(#11,$,$);
#5520=IFCREPRESENTATIONMAP(#5519,#5518);
#5521=IFCBUILDINGELEMENTPROXYTYPE('3cz65ZUMD8OxF9Hz16mu8l',#6,'Modelos gen\X\E9ricos 13:Modelos gen\X\E9ricos 1',$,$,$,(#5520),'500174',$,.NOTDEFINED.);
#5522=IFCMAPPEDITEM(#5520,#195);
#5523=IFCSHAPEREPRESENTATION(#16,'Body','MappedRepresentation',(#5522));
#5524=IFCPRODUCTDEFINITIONSHAPE($,$,(#5523));
#5525=IFCCARTESIANPOINT((622.59249484188786,14566.293583367595,-40.));
#5526=IFCAXIS2PLACEMENT3D(#5525,#35,#36);
#5527=IFCLOCALPLACEMENT(#25,#5526);
#5528=IFCBUILDINGELEMENTPROXY('3cz65ZUMD8OxF9Hz16mu8n',#6,'Modelos gen\X\E9ricos 13:Modelos gen\X\E9ricos 1:500176',$,$,#5527,#5524,'500176',$);
#5529=IFCPROPERTYSET('0seRhY5fPBALRxNcmh89A3',#6,'Pset_BuildingElementProxyCommon',$,(#5381));
#5530=IFCPROPERTYSET('2sbAwwvPOJKu1dgDtaB_zj',#6,'Pset_QuantityTakeOff',$,(#5381));
#5531=IFCRELDEFINESBYPROPERTIES('0sORpoVQvTqfMh_uhejJvh',#6,$,$,(#5528),#5529);
#5532=IFCRELDEFINESBYPROPERTIES('2sQuzHkB8PjEXdsMz5retw',#6,$,$,(#5528),#5530);
#5533=IFCCARTESIANPOINT((-5.4001247917767614E-013,0.));
#5534=IFCAXIS2PLACEMENT2D(#5533,#171);
#5535=IFCRECTANGLEPROFILEDEF(.AREA.,'Modelos gen\X\E9ricos 1',#5534,112.80024061617672,600.);
#5536=IFCCARTESIANPOINT((6102.181189346019,5997.3829601568341,0.));
#5537=IFCAXIS2PLACEMENT3D(#5536,#35,#200);
#5538=IFCEXTRUDEDAREASOLID(#5535,#5537,#35,240.);
#5539=IFCSHAPEREPRESENTATION(#16,'Body','SweptSolid',(#5538));
#5540=IFCAXIS2PLACEMENT3D(#11,$,$);
#5541=IFCREPRESENTATIONMAP(#5540,#5539);
#5542=IFCBUILDINGELEMENTPROXYTYPE('3cz65ZUMD8OxF9Hz16mu8x',#6,'Modelos gen\X\E9ricos 14:Modelos gen\X\E9ricos 1',$,$,$,(#5541),'500186',$,.NOTDEFINED.);
#5543=IFCMAPPEDITEM(#5541,#195);
#5544=IFCSHAPEREPRESENTATION(#16,'Body','MappedRepresentation',(#5543));
#5545=IFCPRODUCTDEFINITIONSHAPE($,$,(#5544));
#5546=IFCCARTESIANPOINT((622.59249484188786,14566.293583367595,209.50000000000097));
#5547=IFCAXIS2PLACEMENT3D(#5546,#35,#36);
#5548=IFCLOCALPLACEMENT(#25,#5547);
#5549=IFCBUILDINGELEMENTPROXY('3cz65ZUMD8OxF9Hz16mu8z',#6,'Modelos gen\X\E9ricos 14:Modelos gen\X\E9ricos 1:500188',$,$,#5548,#5545,'500188',$);
#5550=IFCPROPERTYSET('3on8Y2GYYPda6yMbgI3I1X',#6,'Pset_BuildingElementProxyCommon',$,(#5381));
#5551=IFCPROPERTYSET('3_yjYdPeoEnYmn98I2KmpA',#6,'Pset_QuantityTakeOff',$,(#5381));
#5552=IFCRELDEFINESBYPROPERTIES('15LtGGKEvdfpWQmXddxpq2',#6,$,$,(#5549),#5550);
#5553=IFCRELDEFINESBYPROPERTIES('3e$iyKhrosWp5hDMc81HMU',#6,$,$,(#5549),#5551);
#5554=IFCCARTESIANPOINT((0.,0.));
#5555=IFCAXIS2PLACEMENT2D(#5554,#171);
#5556=IFCRECTANGLEPROFILEDEF(.AREA.,'Modelos gen\X\E9ricos 1',#5555,112.86212189405141,600.);
#5557=IFCCARTESIANPOINT((6102.150248707082,5997.3829601568341,0.));
#5558=IFCAXIS2PLACEMENT3D(#5557,#35,#200);
#5559=IFCEXTRUDEDAREASOLID(#5556,#5558,#35,240.);
#5560=IFCSHAPEREPRESENTATION(#16,'Body','SweptSolid',(#5559));
#5561=IFCAXIS2PLACEMENT3D(#11,$,$);
#5562=IFCREPRESENTATIONMAP(#5561,#5560);
#5563=IFCBUILDINGELEMENTPROXYTYPE('3cz65ZUMD8OxF9Hz16mu87',#6,'Modelos gen\X\E9ricos 15:Modelos gen\X\E9ricos 1',$,$,$,(#5562),'500198',$,.NOTDEFINED.);
#5564=IFCMAPPEDITEM(#5562,#195);
#5565=IFCSHAPEREPRESENTATION(#16,'Body','MappedRepresentation',(#5564));
#5566=IFCPRODUCTDEFINITIONSHAPE($,$,(#5565));
#5567=IFCCARTESIANPOINT((622.59249484188786,14566.293583367595,459.));
#5568=IFCAXIS2PLACEMENT3D(#5567,#35,#36);
#5569=IFCLOCALPLACEMENT(#25,#5568);
#5570=IFCBUILDINGELEMENTPROXY('3cz65ZUMD8OxF9Hz16mu89',#6,'Modelos gen\X\E9ricos 15:Modelos gen\X\E9ricos 1:500200',$,$,#5569,#5566,'500200',$);
#5571=IFCPROPERTYSET('07RCtbOhYK6r8DHYtM89nZ',#6,'Pset_BuildingElementProxyCommon',$,(#5381));
#5572=IFCPROPERTYSET('3Zc$XH45vJdYSNfd28_PIu',#6,'Pset_QuantityTakeOff',$,(#5381));
#5573=IFCRELDEFINESBYPROPERTIES('0IDkAbjfiq$bPH$oYkiIKD',#6,$,$,(#5570),#5571);
#5574=IFCRELDEFINESBYPROPERTIES('3NCj7v9ZlphGLJa5jPmVkZ',#6,$,$,(#5570),#5572);
#5575=IFCCARTESIANPOINT((0.,0.));
#5576=IFCAXIS2PLACEMENT2D(#5575,#171);
#5577=IFCRECTANGLEPROFILEDEF(.AREA.,'Modelos gen\X\E9ricos 1',#5576,150.00000000000054,600.);
#5578=IFCCARTESIANPOINT((6083.5813096541078,5997.3829601568341,0.));
#5579=IFCAXIS2PLACEMENT3D(#5578,#35,#200);
#5580=IFCEXTRUDEDAREASOLID(#5577,#5579,#35,240.);
#5581=IFCSHAPEREPRESENTATION(#16,'Body','SweptSolid',(#5580));
#5582=IFCAXIS2PLACEMENT3D(#11,$,$);
#5583=IFCREPRESENTATIONMAP(#5582,#5581);
#5584=IFCBUILDINGELEMENTPROXYTYPE('3cz65ZUMD8OxF9Hz16mu8J',#6,'Modelos gen\X\E9ricos 16:Modelos gen\X\E9ricos 1',$,$,$,(#5583),'500210',$,.NOTDEFINED.);
#5585=IFCMAPPEDITEM(#5583,#195);
#5586=IFCSHAPEREPRESENTATION(#16,'Body','MappedRepresentation',(#5585));
#5587=IFCPRODUCTDEFINITIONSHAPE($,$,(#5586));
#5588=IFCCARTESIANPOINT((622.59249484188786,14414.293583367595,459.));
#5589=IFCAXIS2PLACEMENT3D(#5588,#35,#36);
#5590=IFCLOCALPLACEMENT(#25,#5589);
#5591=IFCBUILDINGELEMENTPROXY('3cz65ZUMD8OxF9Hz16mu8L',#6,'Modelos gen\X\E9ricos 16:Modelos gen\X\E9ricos 1:500212',$,$,#5590,#5587,'500212',$);
#5592=IFCPROPERTYSET('2RO3IVOCtxU_Lr9bwEUUrm',#6,'Pset_BuildingElementProxyCommon',$,(#5381));
#5593=IFCPROPERTYSET('1tIwRcRPq2TmirMc9m924c',#6,'Pset_QuantityTakeOff',$,(#5381));
#5594=IFCRELDEFINESBYPROPERTIES('1HBmRjzCPIm2WU3oESry37',#6,$,$,(#5591),#5592);
#5595=IFCRELDEFINESBYPROPERTIES('0N29krjkXmRsNbg3R6moVI',#6,$,$,(#5591),#5593);
#5596=IFCCARTESIANPOINT((0.,0.));
#5597=IFCAXIS2PLACEMENT2D(#5596,#171);
#5598=IFCRECTANGLEPROFILEDEF(.AREA.,'Modelos gen\X\E9ricos 1',#5597,150.00000000000054,600.);
#5599=IFCCARTESIANPOINT((6083.5813096541078,5997.3829601568341,0.));
#5600=IFCAXIS2PLACEMENT3D(#5599,#35,#200);
#5601=IFCEXTRUDEDAREASOLID(#5598,#5600,#35,240.);
#5602=IFCSHAPEREPRESENTATION(#16,'Body','SweptSolid',(#5601));
#5603=IFCAXIS2PLACEMENT3D(#11,$,$);
#5604=IFCREPRESENTATIONMAP(#5603,#5602);
#5605=IFCBUILDINGELEMENTPROXYTYPE('3cz65ZUMD8OxF9Hz16mu8V',#6,'Modelos gen\X\E9ricos 17:Modelos gen\X\E9ricos 1',$,$,$,(#5604),'500222',$,.NOTDEFINED.);
#5606=IFCMAPPEDITEM(#5604,#195);
#5607=IFCSHAPEREPRESENTATION(#16,'Body','MappedRepresentation',(#5606));
#5608=IFCPRODUCTDEFINITIONSHAPE($,$,(#5607));
#5609=IFCCARTESIANPOINT((622.59249484188786,14260.189230676608,459.));
#5610=IFCAXIS2PLACEMENT3D(#5609,#35,#36);
#5611=IFCLOCALPLACEMENT(#25,#5610);
#5612=IFCBUILDINGELEMENTPROXY('3cz65ZUMD8OxF9Hz16mu7X',#6,'Modelos gen\X\E9ricos 17:Modelos gen\X\E9ricos 1:500224',$,$,#5611,#5608,'500224',$);
#5613=IFCPROPERTYSET('3qLaABia3kNz7ZAGcT0Uax',#6,'Pset_BuildingElementProxyCommon',$,(#5381));
#5614=IFCPROPERTYSET('0ElFn63SUb8GmmCi$iZST4',#6,'Pset_QuantityTakeOff',$,(#5381));
#5615=IFCRELDEFINESBYPROPERTIES('1BmmCpnaoCXjAZkoyxtvPq',#6,$,$,(#5612),#5613);
#5616=IFCRELDEFINESBYPROPERTIES('2bokYR7KOyZquxkHoaXtCN',#6,$,$,(#5612),#5614);
#5617=IFCCARTESIANPOINT((-27.717090346360916,-46.230819365273028));
#5618=IFCCARTESIANPOINT((120.17872907690683,-46.230819365273));
#5619=IFCCARTESIANPOINT((-9.2568645094567898,83.204774221089238));
#5620=IFCCARTESIANPOINT((-83.204774221089906,9.2568645094560207));
#5621=IFCPOLYLINE((#5617,#5618,#5619,#5620,#5617));
#5622=IFCARBITRARYCLOSEDPROFILEDEF(.AREA.,'Modelos gen\X\E9ricos 1',#5621);
#5623=IFCCARTESIANPOINT((6319.9754549987174,8046.5190935408373,633.11974825400944));
#5624=IFCDIRECTION((-0.,0.70710678118654802,-0.70710678118654713));
#5625=IFCAXIS2PLACEMENT3D(#5623,#1482,#5624);
#5626=IFCEXTRUDEDAREASOLID(#5622,#5625,#35,599.99999999999989);
#5627=IFCSHAPEREPRESENTATION(#16,'Body','SweptSolid',(#5626));
#5628=IFCAXIS2PLACEMENT3D(#11,$,$);
#5629=IFCREPRESENTATIONMAP(#5628,#5627);
#5630=IFCBUILDINGELEMENTPROXYTYPE('3cz65ZUMD8OxF9Hz16mu7Y',#6,'Modelos gen\X\E9ricos 18:Modelos gen\X\E9ricos 1',$,$,$,(#5629),'500227',$,.NOTDEFINED.);
#5631=IFCMAPPEDITEM(#5629,#195);
#5632=IFCSHAPEREPRESENTATION(#16,'Body','MappedRepresentation',(#5631));
#5633=IFCPRODUCTDEFINITIONSHAPE($,$,(#5632));
#5634=IFCAXIS2PLACEMENT3D(#11,$,$);
#5635=IFCLOCALPLACEMENT(#25,#5634);
#5636=IFCBUILDINGELEMENTPROXY('3cz65ZUMD8OxF9Hz16mu7a',#6,'Modelos gen\X\E9ricos 18:Modelos gen\X\E9ricos 1:500229',$,$,#5635,#5633,'500229',$);
#5637=IFCPROPERTYSET('0y_MxUgCzChB4EIWMavETe',#6,'Pset_BuildingElementProxyCommon',$,(#5381));
#5638=IFCPROPERTYSET('1Z7EOM5yu3wVN9DWMcdsmz',#6,'Pset_QuantityTakeOff',$,(#5381));
#5639=IFCRELDEFINESBYPROPERTIES('2kEEZ7DcMb05XdOKd7oFCq',#6,$,$,(#5636),#5637);
#5640=IFCRELDEFINESBYPROPERTIES('2IVhfvKwgsOjcK8s5QAjDl',#6,$,$,(#5636),#5638);
#5641=IFCCARTESIANPOINT((0.,0.));
#5642=IFCAXIS2PLACEMENT2D(#5641,#171);
#5643=IFCRECTANGLEPROFILEDEF(.AREA.,'Modelos gen\X\E9ricos 1',#5642,599.99999999999784,239.99999999999957);
#5644=IFCCARTESIANPOINT((6619.9754549987165,8401.8132125863885,741.));
#5645=IFCAXIS2PLACEMENT3D(#5644,#35,#200);
#5646=IFCEXTRUDEDAREASOLID(#5643,#5645,#35,107.11003283937399);
#5647=IFCSHAPEREPRESENTATION(#16,'Body','SweptSolid',(#5646));
#5648=IFCAXIS2PLACEMENT3D(#11,$,$);
#5649=IFCREPRESENTATIONMAP(#5648,#5647);
#5650=IFCBUILDINGELEMENTPROXYTYPE('3cz65ZUMD8OxF9Hz16mu7k',#6,'Modelos gen\X\E9ricos 20:Modelos gen\X\E9ricos 1',$,$,$,(#5649),'500239',$,.NOTDEFINED.);
#5651=IFCMAPPEDITEM(#5649,#195);
#5652=IFCSHAPEREPRESENTATION(#16,'Body','MappedRepresentation',(#5651));
#5653=IFCPRODUCTDEFINITIONSHAPE($,$,(#5652));
#5654=IFCCARTESIANPOINT((0.,0.,-40.));
#5655=IFCAXIS2PLACEMENT3D(#5654,$,$);
#5656=IFCLOCALPLACEMENT(#25,#5655);
#5657=IFCBUILDINGELEMENTPROXY('3cz65ZUMD8OxF9Hz16mu7m',#6,'Modelos gen\X\E9ricos 20:Modelos gen\X\E9ricos 1:500241',$,$,#5656,#5653,'500241',$);
#5658=IFCPROPERTYSET('2sI9t6fILA5Qz78LjHGsgl',#6,'Pset_BuildingElementProxyCommon',$,(#5381));
#5659=IFCPROPERTYSET('0oxb30a6H9ajS0qOHC4sKv',#6,'Pset_QuantityTakeOff',$,(#5381));
#5660=IFCRELDEFINESBYPROPERTIES('3q62WxolLKH$TkhsQ2YbwZ',#6,$,$,(#5657),#5658);
#5661=IFCRELDEFINESBYPROPERTIES('2C4ycGltlW6qRyCywWtGHP',#6,$,$,(#5657),#5659);
#5662=IFCCARTESIANPOINT((0.,0.));
#5663=IFCAXIS2PLACEMENT2D(#5662,#171);
#5664=IFCRECTANGLEPROFILEDEF(.AREA.,'Modelos gen\X\E9ricos 1',#5663,599.99999999999784,240.85980451916365);
#5665=IFCCARTESIANPOINT((6619.9754549987165,8401.3833103268062,741.));
#5666=IFCAXIS2PLACEMENT3D(#5665,#35,#200);
#5667=IFCEXTRUDEDAREASOLID(#5664,#5666,#35,107.11003283937411);
#5668=IFCSHAPEREPRESENTATION(#16,'Body','SweptSolid',(#5667));
#5669=IFCAXIS2PLACEMENT3D(#11,$,$);
#5670=IFCREPRESENTATIONMAP(#5669,#5668);
#5671=IFCBUILDINGELEMENTPROXYTYPE('3cz65ZUMD8OxF9Hz16mu7w',#6,'Modelos gen\X\E9ricos 19:Modelos gen\X\E9ricos 1',$,$,$,(#5670),'500251',$,.NOTDEFINED.);
#5672=IFCMAPPEDITEM(#5670,#195);
#5673=IFCSHAPEREPRESENTATION(#16,'Body','MappedRepresentation',(#5672));
#5674=IFCPRODUCTDEFINITIONSHAPE($,$,(#5673));
#5675=IFCCARTESIANPOINT((-0.,-287.,-40.));
#5676=IFCAXIS2PLACEMENT3D(#5675,$,$);
#5677=IFCLOCALPLACEMENT(#25,#5676);
#5678=IFCBUILDINGELEMENTPROXY('3cz65ZUMD8OxF9Hz16mu7y',#6,'Modelos gen\X\E9ricos 19:Modelos gen\X\E9ricos 1:500253',$,$,#5677,#5674,'500253',$);
#5679=IFCPROPERTYSET('2wjiULzE_FMn06Bh03mpLZ',#6,'Pset_BuildingElementProxyCommon',$,(#5381));
#5680=IFCPROPERTYSET('1G0tsQU7$SkV4w$TrAr1An',#6,'Pset_QuantityTakeOff',$,(#5381));
#5681=IFCRELDEFINESBYPROPERTIES('2UdwFGzDjCudnRznfeWpsa',#6,$,$,(#5678),#5679);
#5682=IFCRELDEFINESBYPROPERTIES('3KsVMI5J8WKKmvC2EBo1Wq',#6,$,$,(#5678),#5680);
#5683=IFCCARTESIANPOINT((0.,0.));
#5684=IFCAXIS2PLACEMENT2D(#5683,#171);
#5685=IFCRECTANGLEPROFILEDEF(.AREA.,'Modelos gen\X\E9ricos 1',#5684,599.99999999999784,40.440190745747451);
#5686=IFCCARTESIANPOINT((6619.9754549987165,8298.0657755920693,741.));
#5687=IFCAXIS2PLACEMENT3D(#5686,#35,#200);
#5688=IFCEXTRUDEDAREASOLID(#5685,#5687,#35,107.1100328393733);
#5689=IFCSHAPEREPRESENTATION(#16,'Body','SweptSolid',(#5688));
#5690=IFCAXIS2PLACEMENT3D(#11,$,$);
#5691=IFCREPRESENTATIONMAP(#5690,#5689);
#5692=IFCBUILDINGELEMENTPROXYTYPE('3cz65ZUMD8OxF9Hz16mu76',#6,'Modelos gen\X\E9ricos 21:Modelos gen\X\E9ricos 1',$,$,$,(#5691),'500263',$,.NOTDEFINED.);
#5693=IFCMAPPEDITEM(#5691,#195);
#5694=IFCSHAPEREPRESENTATION(#16,'Body','MappedRepresentation',(#5693));
#5695=IFCPRODUCTDEFINITIONSHAPE($,$,(#5694));
#5696=IFCCARTESIANPOINT((-0.,-40.915947836399447,-40.));
#5697=IFCAXIS2PLACEMENT3D(#5696,$,$);
#5698=IFCLOCALPLACEMENT(#25,#5697);
#5699=IFCBUILDINGELEMENTPROXY('3cz65ZUMD8OxF9Hz16mu78',#6,'Modelos gen\X\E9ricos 21:Modelos gen\X\E9ricos 1:500265',$,$,#5698,#5695,'500265',$);
#5700=IFCPROPERTYSET('2UlRku2wxyCEyZBXdUQDF3',#6,'Pset_BuildingElementProxyCommon',$,(#5381));
#5701=IFCPROPERTYSET('3tUKueRXK4dAhsP_sOWtHP',#6,'Pset_QuantityTakeOff',$,(#5381));
#5702=IFCRELDEFINESBYPROPERTIES('2d53at4ysGYMZMGX9e2q0R',#6,$,$,(#5699),#5700);
#5703=IFCRELDEFINESBYPROPERTIES('3waDPgUQFz0zyzSYA$0roZ',#6,$,$,(#5699),#5701);
#5704=IFCCARTESIANPOINT((0.,-5.4001247917767614E-013));
#5705=IFCAXIS2PLACEMENT2D(#5704,#171);
#5706=IFCRECTANGLEPROFILEDEF(.AREA.,'Modelos gen\X\E9ricos 1',#5705,150.00000000000054,417.73218714765517);
#5707=IFCCARTESIANPOINT((6083.5813096541078,5906.2490537306603,0.));
#5708=IFCAXIS2PLACEMENT3D(#5707,#35,#200);
#5709=IFCEXTRUDEDAREASOLID(#5706,#5708,#35,240.);
#5710=IFCSHAPEREPRESENTATION(#16,'Body','SweptSolid',(#5709));
#5711=IFCAXIS2PLACEMENT3D(#11,$,$);
#5712=IFCREPRESENTATIONMAP(#5711,#5710);
#5713=IFCBUILDINGELEMENTPROXYTYPE('3cz65ZUMD8OxF9Hz16mu7R',#6,'Modelos gen\X\E9ricos 22:Modelos gen\X\E9ricos 1',$,$,$,(#5712),'500282',$,.NOTDEFINED.);
#5714=IFCMAPPEDITEM(#5712,#195);
#5715=IFCSHAPEREPRESENTATION(#16,'Body','MappedRepresentation',(#5714));
#5716=IFCPRODUCTDEFINITIONSHAPE($,$,(#5715));
#5717=IFCCARTESIANPOINT((13082.550481748882,14218.827421017957,-40.));
#5718=IFCAXIS2PLACEMENT3D(#5717,#35,#200);
#5719=IFCLOCALPLACEMENT(#25,#5718);
#5720=IFCBUILDINGELEMENTPROXY('3cz65ZUMD8OxF9Hz16mu7T',#6,'Modelos gen\X\E9ricos 22:Modelos gen\X\E9ricos 1:500284',$,$,#5719,#5716,'500284',$);
#5721=IFCPROPERTYSET('2_QQDBHwkmTtbimMJjq7ug',#6,'Pset_BuildingElementProxyCommon',$,(#5381));
#5722=IFCPROPERTYSET('3iLjpSZoY72SQBNE7rqigV',#6,'Pset_QuantityTakeOff',$,(#5381));
#5723=IFCRELDEFINESBYPROPERTIES('0J5fgbcCROmJ0C3o4nIBWl',#6,$,$,(#5720),#5721);
#5724=IFCRELDEFINESBYPROPERTIES('3VpQnoXqCrgaG064rskbZu',#6,$,$,(#5720),#5722);
#5725=IFCCARTESIANPOINT((0.,-5.4001247917767614E-013));
#5726=IFCAXIS2PLACEMENT2D(#5725,#171);
#5727=IFCRECTANGLEPROFILEDEF(.AREA.,'Modelos gen\X\E9ricos 1',#5726,150.00000000000054,417.73218714765517);
#5728=IFCCARTESIANPOINT((6083.5813096541078,5906.2490537306603,0.));
#5729=IFCAXIS2PLACEMENT3D(#5728,#35,#200);
#5730=IFCEXTRUDEDAREASOLID(#5727,#5729,#35,240.);
#5731=IFCSHAPEREPRESENTATION(#16,'Body','SweptSolid',(#5730));
#5732=IFCAXIS2PLACEMENT3D(#11,$,$);
#5733=IFCREPRESENTATIONMAP(#5732,#5731);
#5734=IFCBUILDINGELEMENTPROXYTYPE('3cz65ZUMD8OxF9Hz16mu6d',#6,'Modelos gen\X\E9ricos 23:Modelos gen\X\E9ricos 1',$,$,$,(#5733),'500294',$,.NOTDEFINED.);
#5735=IFCMAPPEDITEM(#5733,#195);
#5736=IFCSHAPEREPRESENTATION(#16,'Body','MappedRepresentation',(#5735));
#5737=IFCPRODUCTDEFINITIONSHAPE($,$,(#5736));
#5738=IFCCARTESIANPOINT((13082.550481748884,14218.827421017957,209.49999999999997));
#5739=IFCAXIS2PLACEMENT3D(#5738,#35,#200);
#5740=IFCLOCALPLACEMENT(#25,#5739);
#5741=IFCBUILDINGELEMENTPROXY('3cz65ZUMD8OxF9Hz16mu6f',#6,'Modelos gen\X\E9ricos 23:Modelos gen\X\E9ricos 1:500296',$,$,#5740,#5737,'500296',$);
#5742=IFCPROPERTYSET('1HJQT6VwuGde8sBVII3scu',#6,'Pset_BuildingElementProxyCommon',$,(#5381));
#5743=IFCPROPERTYSET('3AW4x_ORZvgyeWlPEI75eF',#6,'Pset_QuantityTakeOff',$,(#5381));
#5744=IFCRELDEFINESBYPROPERTIES('1ykZnghIDTHP9BoscokFc6',#6,$,$,(#5741),#5742);
#5745=IFCRELDEFINESBYPROPERTIES('302vApNshOYxQphHJgSCdI',#6,$,$,(#5741),#5743);
#5746=IFCCARTESIANPOINT((-315.68365852353838,-124.05346100899111));
#5747=IFCCARTESIANPOINT((211.53077720842984,-124.05346100899111));
#5748=IFCCARTESIANPOINT((211.53077720842984,-45.582025928679791));
#5749=IFCCARTESIANPOINT((104.15288131510637,61.795869964644027));
#5750=IFCCARTESIANPOINT((104.15288131510637,115.94653899100888));
#5751=IFCCARTESIANPOINT((-315.68365852353838,115.94653899100888));
#5752=IFCPOLYLINE((#5746,#5747,#5748,#5749,#5750,#5751,#5746));
#5753=IFCARBITRARYCLOSEDPROFILEDEF(.AREA.,'Modelos gen\X\E9ricos 1',#5752);
#5754=IFCCARTESIANPOINT((6923.9691720947612,8205.7608023375997,614.4465389910082));
#5755=IFCAXIS2PLACEMENT3D(#5754,#1482,#36);
#5756=IFCEXTRUDEDAREASOLID(#5753,#5755,#35,150.00000000000054);
#5757=IFCSHAPEREPRESENTATION(#16,'Body','SweptSolid',(#5756));
#5758=IFCAXIS2PLACEMENT3D(#11,$,$);
#5759=IFCREPRESENTATIONMAP(#5758,#5757);
#5760=IFCBUILDINGELEMENTPROXYTYPE('3cz65ZUMD8OxF9Hz16mu6p',#6,'Modelos gen\X\E9ricos 24:Modelos gen\X\E9ricos 1',$,$,$,(#5759),'500306',$,.NOTDEFINED.);
#5761=IFCMAPPEDITEM(#5759,#195);
#5762=IFCSHAPEREPRESENTATION(#16,'Body','MappedRepresentation',(#5761));
#5763=IFCPRODUCTDEFINITIONSHAPE($,$,(#5762));
#5764=IFCCARTESIANPOINT((0.,0.,-40.));
#5765=IFCAXIS2PLACEMENT3D(#5764,$,$);
#5766=IFCLOCALPLACEMENT(#25,#5765);
#5767=IFCBUILDINGELEMENTPROXY('3cz65ZUMD8OxF9Hz16mu6r',#6,'Modelos gen\X\E9ricos 24:Modelos gen\X\E9ricos 1:500308',$,$,#5766,#5763,'500308',$);
#5768=IFCPROPERTYSET('1Ic9zgQwxINLN2rFetaIw$',#6,'Pset_BuildingElementProxyCommon',$,(#5381));
#5769=IFCPROPERTYSET('0_U93x9ILQ$aumr200GpqF',#6,'Pset_QuantityTakeOff',$,(#5381));
#5770=IFCRELDEFINESBYPROPERTIES('0XxF6cUKX48mXiFMJHL$LO',#6,$,$,(#5767),#5768);
#5771=IFCRELDEFINESBYPROPERTIES('2At6JN6zWUhQnlzj7p$SpB',#6,$,$,(#5767),#5769);
#5772=IFCCARTESIANPOINT((0.,-5.4001247917767614E-013));
#5773=IFCAXIS2PLACEMENT2D(#5772,#171);
#5774=IFCRECTANGLEPROFILEDEF(.AREA.,'Modelos gen\X\E9ricos 1',#5773,150.00000000000054,527.49105279391301);
#5775=IFCCARTESIANPOINT((6083.5813096541078,5961.12848655379,0.));
#5776=IFCAXIS2PLACEMENT3D(#5775,#35,#200);
#5777=IFCEXTRUDEDAREASOLID(#5774,#5776,#35,107.61003283937482);
#5778=IFCSHAPEREPRESENTATION(#16,'Body','SweptSolid',(#5777));
#5779=IFCAXIS2PLACEMENT3D(#11,$,$);
#5780=IFCREPRESENTATIONMAP(#5779,#5778);
#5781=IFCBUILDINGELEMENTPROXYTYPE('3cz65ZUMD8OxF9Hz16mu6$',#6,'Modelos gen\X\E9ricos 25:Modelos gen\X\E9ricos 1',$,$,$,(#5780),'500318',$,.NOTDEFINED.);
#5782=IFCMAPPEDITEM(#5780,#195);
#5783=IFCSHAPEREPRESENTATION(#16,'Body','MappedRepresentation',(#5782));
#5784=IFCPRODUCTDEFINITIONSHAPE($,$,(#5783));
#5785=IFCCARTESIANPOINT((13082.550481748884,14218.827421017957,700.49999999999852));
#5786=IFCAXIS2PLACEMENT3D(#5785,#35,#200);
#5787=IFCLOCALPLACEMENT(#25,#5786);
#5788=IFCBUILDINGELEMENTPROXY('3cz65ZUMD8OxF9Hz16mu61',#6,'Modelos gen\X\E9ricos 25:Modelos gen\X\E9ricos 1:500320',$,$,#5787,#5784,'500320',$);
#5789=IFCPROPERTYSET('3WJbEcb2UpOg5$31aIDnI0',#6,'Pset_BuildingElementProxyCommon',$,(#5381));
#5790=IFCPROPERTYSET('1MC12i2AHF1kE5_eepEZtV',#6,'Pset_QuantityTakeOff',$,(#5381));
#5791=IFCRELDEFINESBYPROPERTIES('3qAIRl8nYJ9rt41aG__F8U',#6,$,$,(#5788),#5789);
#5792=IFCRELDEFINESBYPROPERTIES('079odEG1bg$dHS1$MVM6Nt',#6,$,$,(#5788),#5790);
#5793=IFCCARTESIANPOINT((0.,-5.4001247917767614E-013));
#5794=IFCAXIS2PLACEMENT2D(#5793,#171);
#5795=IFCRECTANGLEPROFILEDEF(.AREA.,'Modelos gen\X\E9ricos 1',#5794,150.00000000000054,290.77798405515495);
#5796=IFCCARTESIANPOINT((6083.5813096541078,6017.3789377005651,14.998536141044205));
#5797=IFCAXIS2PLACEMENT3D(#5796,#35,#200);
#5798=IFCEXTRUDEDAREASOLID(#5795,#5797,#35,224.70736569676484);
#5799=IFCSHAPEREPRESENTATION(#16,'Body','SweptSolid',(#5798));
#5800=IFCAXIS2PLACEMENT3D(#11,$,$);
#5801=IFCREPRESENTATIONMAP(#5800,#5799);
#5802=IFCBUILDINGELEMENTPROXYTYPE('3cz65ZUMD8OxF9Hz16mu4d',#6,'Modelos gen\X\E9ricos 2:Modelos gen\X\E9ricos 1',$,$,$,(#5801),'500422',$,.NOTDEFINED.);
#5803=IFCMAPPEDITEM(#5801,#195);
#5804=IFCSHAPEREPRESENTATION(#16,'Body','MappedRepresentation',(#5803));
#5805=IFCPRODUCTDEFINITIONSHAPE($,$,(#5804));
#5806=IFCCARTESIANPOINT((159.88652408571076,1760.6731720188616,-41.125274755095809));
#5807=IFCAXIS2PLACEMENT3D(#5806,$,$);
#5808=IFCLOCALPLACEMENT(#25,#5807);
#5809=IFCBUILDINGELEMENTPROXY('3cz65ZUMD8OxF9Hz16mu4f',#6,'Modelos gen\X\E9ricos 2:Modelos gen\X\E9ricos 1:500424',$,$,#5808,#5805,'500424',$);
#5810=IFCPROPERTYSET('1sPPINlS0IWmAqrNpWQqlZ',#6,'Pset_BuildingElementProxyCommon',$,(#5381));
#5811=IFCPROPERTYSET('3XL1YnXoUwwnDPNieiS6b3',#6,'Pset_QuantityTakeOff',$,(#5381));
#5812=IFCRELDEFINESBYPROPERTIES('0q4w3ORbgsb1A_lfRZcQ9$',#6,$,$,(#5809),#5810);
#5813=IFCRELDEFINESBYPROPERTIES('2dubZMlfz2bD_$nxk6BiYS',#6,$,$,(#5809),#5811);
#5814=IFCCARTESIANPOINT((0.,-5.4001247917767614E-013));
#5815=IFCAXIS2PLACEMENT2D(#5814,#171);
#5816=IFCRECTANGLEPROFILEDEF(.AREA.,'Modelos gen\X\E9ricos 1',#5815,150.00000000000054,290.77798405515495);
#5817=IFCCARTESIANPOINT((6083.5813096541078,6017.3789377005651,242.20064588871264));
#5818=IFCAXIS2PLACEMENT3D(#5817,#35,#200);
#5819=IFCEXTRUDEDAREASOLID(#5816,#5818,#35,239.55883211149128);
#5820=IFCSHAPEREPRESENTATION(#16,'Body','SweptSolid',(#5819));
#5821=IFCAXIS2PLACEMENT3D(#11,$,$);
#5822=IFCREPRESENTATIONMAP(#5821,#5820);
#5823=IFCBUILDINGELEMENTPROXYTYPE('3cz65ZUMD8OxF9Hz16mu4p',#6,'Modelos gen\X\E9ricos 4:Modelos gen\X\E9ricos 1',$,$,$,(#5822),'500434',$,.NOTDEFINED.);
#5824=IFCMAPPEDITEM(#5822,#195);
#5825=IFCSHAPEREPRESENTATION(#16,'Body','MappedRepresentation',(#5824));
#5826=IFCPRODUCTDEFINITIONSHAPE($,$,(#5825));
#5827=IFCCARTESIANPOINT((159.88652408571076,1760.6731720188616,-41.125274755095809));
#5828=IFCAXIS2PLACEMENT3D(#5827,$,$);
#5829=IFCLOCALPLACEMENT(#25,#5828);
#5830=IFCBUILDINGELEMENTPROXY('3cz65ZUMD8OxF9Hz16mu4r',#6,'Modelos gen\X\E9ricos 4:Modelos gen\X\E9ricos 1:500436',$,$,#5829,#5826,'500436',$);
#5831=IFCPROPERTYSET('3IY$50JASX2aVAj0NHzz8u',#6,'Pset_BuildingElementProxyCommon',$,(#5381));
#5832=IFCPROPERTYSET('0SY2QmTyXpBMspe31B5pcC',#6,'Pset_QuantityTakeOff',$,(#5381));
#5833=IFCRELDEFINESBYPROPERTIES('2_U2Wn7lYtp3NPlwNpwi1x',#6,$,$,(#5830),#5831);
#5834=IFCRELDEFINESBYPROPERTIES('1stG4nz1JKSJ93L3xPygLy',#6,$,$,(#5830),#5832);
#5835=IFCCARTESIANPOINT((0.,-5.4001247917767614E-013));
#5836=IFCAXIS2PLACEMENT2D(#5835,#171);
#5837=IFCRECTANGLEPROFILEDEF(.AREA.,'Modelos gen\X\E9ricos 1',#5836,150.00000000000054,290.77798405515495);
#5838=IFCCARTESIANPOINT((6083.5813096541078,6017.3789377005651,483.89443037020919));
#5839=IFCAXIS2PLACEMENT3D(#5838,#35,#200);
#5840=IFCEXTRUDEDAREASOLID(#5837,#5839,#35,240.21485044581578);
#5841=IFCSHAPEREPRESENTATION(#16,'Body','SweptSolid',(#5840));
#5842=IFCAXIS2PLACEMENT3D(#11,$,$);
#5843=IFCREPRESENTATIONMAP(#5842,#5841);
#5844=IFCBUILDINGELEMENTPROXYTYPE('3cz65ZUMD8OxF9Hz16mu4$',#6,'Modelos gen\X\E9ricos 6:Modelos gen\X\E9ricos 1',$,$,$,(#5843),'500446',$,.NOTDEFINED.);
#5845=IFCMAPPEDITEM(#5843,#195);
#5846=IFCSHAPEREPRESENTATION(#16,'Body','MappedRepresentation',(#5845));
#5847=IFCPRODUCTDEFINITIONSHAPE($,$,(#5846));
#5848=IFCCARTESIANPOINT((159.88652408571076,1760.6731720188616,-41.125274755095809));
#5849=IFCAXIS2PLACEMENT3D(#5848,$,$);
#5850=IFCLOCALPLACEMENT(#25,#5849);
#5851=IFCBUILDINGELEMENTPROXY('3cz65ZUMD8OxF9Hz16mu41',#6,'Modelos gen\X\E9ricos 6:Modelos gen\X\E9ricos 1:500448',$,$,#5850,#5847,'500448',$);
#5852=IFCPROPERTYSET('0zFkhWYTZC2FWsXoRsN3sX',#6,'Pset_BuildingElementProxyCommon',$,(#5381));
#5853=IFCPROPERTYSET('0rlnv9twqo4x8FC15tuleI',#6,'Pset_QuantityTakeOff',$,(#5381));
#5854=IFCRELDEFINESBYPROPERTIES('1n4pTunbwimfNAGra3Ck17',#6,$,$,(#5851),#5852);
#5855=IFCRELDEFINESBYPROPERTIES('2GVMZsAV7JqPA1tnQdDK5M',#6,$,$,(#5851),#5853);
#5856=IFCCARTESIANPOINT((0.,-5.4001247917767614E-013));
#5857=IFCAXIS2PLACEMENT2D(#5856,#171);
#5858=IFCRECTANGLEPROFILEDEF(.AREA.,'Modelos gen\X\E9ricos 1',#5857,150.00000000000054,290.77798405515495);
#5859=IFCCARTESIANPOINT((6083.5813096541078,6017.3789377005651,726.56998894321191));
#5860=IFCAXIS2PLACEMENT3D(#5859,#35,#200);
#5861=IFCEXTRUDEDAREASOLID(#5858,#5860,#35,221.48403581187785);
#5862=IFCSHAPEREPRESENTATION(#16,'Body','SweptSolid',(#5861));
#5863=IFCAXIS2PLACEMENT3D(#11,$,$);
#5864=IFCREPRESENTATIONMAP(#5863,#5862);
#5865=IFCBUILDINGELEMENTPROXYTYPE('3cz65ZUMD8OxF9Hz16mu4B',#6,'Modelos gen\X\E9ricos 7:Modelos gen\X\E9ricos 1',$,$,$,(#5864),'500458',$,.NOTDEFINED.);
#5866=IFCMAPPEDITEM(#5864,#195);
#5867=IFCSHAPEREPRESENTATION(#16,'Body','MappedRepresentation',(#5866));
#5868=IFCPRODUCTDEFINITIONSHAPE($,$,(#5867));
#5869=IFCCARTESIANPOINT((159.88652408571076,1760.6731720188616,-41.125274755095809));
#5870=IFCAXIS2PLACEMENT3D(#5869,$,$);
#5871=IFCLOCALPLACEMENT(#25,#5870);
#5872=IFCBUILDINGELEMENTPROXY('3cz65ZUMD8OxF9Hz16mu4D',#6,'Modelos gen\X\E9ricos 7:Modelos gen\X\E9ricos 1:500460',$,$,#5871,#5868,'500460',$);
#5873=IFCPROPERTYSET('3T66zSS4kmSJ$hyAGViUNX',#6,'Pset_BuildingElementProxyCommon',$,(#5381));
#5874=IFCPROPERTYSET('1c1N9U_WdGEDhdWk2n4NN1',#6,'Pset_QuantityTakeOff',$,(#5381));
#5875=IFCRELDEFINESBYPROPERTIES('0F12MQxLcdPkcHe3UKT0kz',#6,$,$,(#5872),#5873);
#5876=IFCRELDEFINESBYPROPERTIES('0s9igZsbv45hp4_sSF4oZh',#6,$,$,(#5872),#5874);
#5877=IFCCARTESIANPOINT((0.,0.));
#5878=IFCAXIS2PLACEMENT2D(#5877,#171);
#5879=IFCRECTANGLEPROFILEDEF(.AREA.,'Modelos gen\X\E9ricos 1',#5878,594.8349786088811,150.00000000000054);
#5880=IFCCARTESIANPOINT((6243.4678337398182,8223.1930775000219,685.44471418811611));
#5881=IFCAXIS2PLACEMENT3D(#5880,#35,#1606);
#5882=IFCEXTRUDEDAREASOLID(#5879,#5881,#35,220.39852809547867);
#5883=IFCSHAPEREPRESENTATION(#16,'Body','SweptSolid',(#5882));
#5884=IFCAXIS2PLACEMENT3D(#11,$,$);
#5885=IFCREPRESENTATIONMAP(#5884,#5883);
#5886=IFCBUILDINGELEMENTPROXYTYPE('3cz65ZUMD8OxF9Hz16mu4N',#6,'Modelos gen\X\E9ricos 8:Modelos gen\X\E9ricos 1',$,$,$,(#5885),'500470',$,.NOTDEFINED.);
#5887=IFCMAPPEDITEM(#5885,#195);
#5888=IFCSHAPEREPRESENTATION(#16,'Body','MappedRepresentation',(#5887));
#5889=IFCPRODUCTDEFINITIONSHAPE($,$,(#5888));
#5890=IFCAXIS2PLACEMENT3D(#11,$,$);
#5891=IFCLOCALPLACEMENT(#25,#5890);
#5892=IFCBUILDINGELEMENTPROXY('3cz65ZUMD8OxF9Hz16mu4P',#6,'Modelos gen\X\E9ricos 8:Modelos gen\X\E9ricos 1:500472',$,$,#5891,#5889,'500472',$);
#5893=IFCPROPERTYSET('3MSWYiig2zU$C1H4$jOsKe',#6,'Pset_BuildingElementProxyCommon',$,(#5381));
#5894=IFCPROPERTYSET('2Zumc0kCF4BZmbDlzxnbWA',#6,'Pset_QuantityTakeOff',$,(#5381));
#5895=IFCRELDEFINESBYPROPERTIES('3WAR43x19kgz2P60aVPLHn',#6,$,$,(#5892),#5893);
#5896=IFCRELDEFINESBYPROPERTIES('1xMqh4ZY1oF$u7TBSub3gL',#6,$,$,(#5892),#5894);
#5897=IFCCARTESIANPOINT((5.4001247917767614E-013,0.));
#5898=IFCAXIS2PLACEMENT2D(#5897,#171);
#5899=IFCRECTANGLEPROFILEDEF(.AREA.,'Tile Red',#5898,89.999999999993619,300.99999999998573);
#5900=IFCCARTESIANPOINT((7133.4931710057381,7469.1631176918363,1660.1475000000128));
#5901=IFCAXIS2PLACEMENT3D(#5900,$,$);
#5902=IFCEXTRUDEDAREASOLID(#5899,#5901,#35,8.0000000000000764);
#5903=IFCSTYLEDITEM(#5902,(#746),$);
#5904=IFCSHAPEREPRESENTATION(#16,'Body','SweptSolid',(#5902));
#5905=IFCAXIS2PLACEMENT3D(#11,$,$);
#5906=IFCREPRESENTATIONMAP(#5905,#5904);
#5907=IFCBUILDINGELEMENTPROXYTYPE('2pPCwE2QHAIvBYdRM1Bi8s',#6,'Tile Red15:Tile Red',$,$,$,(#5906),'502269',$,.NOTDEFINED.);
#5908=IFCMAPPEDITEM(#5906,#195);
#5909=IFCSHAPEREPRESENTATION(#16,'Body','MappedRepresentation',(#5908));
#5910=IFCPRODUCTDEFINITIONSHAPE($,$,(#5909));
#5911=IFCCARTESIANPOINT((0.,0.,52.958984375000057));
#5912=IFCAXIS2PLACEMENT3D(#5911,$,$);
#5913=IFCLOCALPLACEMENT(#25,#5912);
#5914=IFCBUILDINGELEMENTPROXY('2pPCwE2QHAIvBYdRM1Bi8q',#6,'Tile Red15:Tile Red:502271',$,$,#5913,#5910,'502271',$);
#5915=IFCPROPERTYSET('2KEINQbzIGSpLF_U3LTsml',#6,'Pset_BuildingElementProxyCommon',$,(#763));
#5916=IFCPROPERTYSET('0Ni6M3M89BZIaJNtQRabfW',#6,'Pset_QuantityTakeOff',$,(#763));
#5917=IFCRELDEFINESBYPROPERTIES('0Xe8OZUVMvXrgYNIX1AanQ',#6,$,$,(#5914),#5915);
#5918=IFCRELDEFINESBYPROPERTIES('1GEH2Ifmlbi4hyhBiTdNyk',#6,$,$,(#5914),#5916);
#5919=IFCCARTESIANPOINT((0.,-5.4001247917767614E-013));
#5920=IFCAXIS2PLACEMENT2D(#5919,#171);
#5921=IFCRECTANGLEPROFILEDEF(.AREA.,'Tile Red',#5920,300.99999999998573,89.999999999993619);
#5922=IFCCARTESIANPOINT((7133.493171005739,7772.1631176918499,1660.1475000000125));
#5923=IFCAXIS2PLACEMENT3D(#5922,#35,#36);
#5924=IFCEXTRUDEDAREASOLID(#5921,#5923,#35,8.0000000000000764);
#5925=IFCSTYLEDITEM(#5924,(#746),$);
#5926=IFCSHAPEREPRESENTATION(#16,'Body','SweptSolid',(#5924));
#5927=IFCAXIS2PLACEMENT3D(#11,$,$);
#5928=IFCREPRESENTATIONMAP(#5927,#5926);
#5929=IFCBUILDINGELEMENTPROXYTYPE('2pPCwE2QHAIvBYdRM1BiQn',#6,'Tile Red2:Tile Red',$,$,$,(#5928),'503162',$,.NOTDEFINED.);
#5930=IFCMAPPEDITEM(#5928,#195);
#5931=IFCSHAPEREPRESENTATION(#16,'Body','MappedRepresentation',(#5930));
#5932=IFCPRODUCTDEFINITIONSHAPE($,$,(#5931));
#5933=IFCCARTESIANPOINT((0.,0.,52.958984375001378));
#5934=IFCAXIS2PLACEMENT3D(#5933,$,$);
#5935=IFCLOCALPLACEMENT(#25,#5934);
#5936=IFCBUILDINGELEMENTPROXY('2pPCwE2QHAIvBYdRM1BiQt',#6,'Tile Red2:Tile Red:503164',$,$,#5935,#5932,'503164',$);
#5937=IFCPROPERTYSET('01f2dr8TKmF4ro_DeMP2NU',#6,'Pset_BuildingElementProxyCommon',$,(#763));
#5938=IFCPROPERTYSET('3zD7F8M5zJmTcRqUT363e4',#6,'Pset_QuantityTakeOff',$,(#763));
#5939=IFCRELDEFINESBYPROPERTIES('2pIcYRG$iUZJgMNJ237ZM_',#6,$,$,(#5936),#5937);
#5940=IFCRELDEFINESBYPROPERTIES('1shn_Hrmtv1CJjzy9T2oeq',#6,$,$,(#5936),#5938);
#5941=IFCCARTESIANPOINT((7188.4931710057317,7307.6631176918472,-40.));
#5942=IFCAXIS2PLACEMENT3D(#5941,#35,#36);
#5943=IFCLOCALPLACEMENT(#25,#5942);
#5944=IFCCARTESIANPOINT((586.78183764586231,-0.));
#5945=IFCPOLYLINE((#39,#5944));
#5946=IFCSHAPEREPRESENTATION(#15,'Axis','Curve2D',(#5945));
#5947=IFCPRODUCTDEFINITIONSHAPE($,$,(#5946,#5954));
#5948=IFCCARTESIANPOINT((293.39091882293036,1.4210854715202004E-014));
#5949=IFCAXIS2PLACEMENT2D(#5948,#45);
#5950=IFCRECTANGLEPROFILEDEF(.AREA.,$,#5949,586.78183764586288,200.);
#5951=IFCAXIS2PLACEMENT3D(#11,$,$);
#5952=IFCEXTRUDEDAREASOLID(#5950,#5951,#35,2000.0000000000002);
#5953=IFCSTYLEDITEM(#5952,(#53),$);
#5954=IFCSHAPEREPRESENTATION(#16,'Body','SweptSolid',(#5952));
#5955=IFCWALLSTANDARDCASE('2pPCwE2QHAIvBYdRM1BiNM',#6,'Parede b\X\E1sica:Bloco Leve de Concreto - 600x240x200:503325',$,$,#5943,#5947,'503325');
#5956=IFCMATERIALLAYERSETUSAGE(#64,.AXIS2.,.NEGATIVE.,100.);
#5957=IFCPROPERTYSET('2mU$$QLqOSaCzXJTBBbYc9',#6,'Pset_QuantityTakeOff',$,(#66));
#5958=IFCPROPERTYSINGLEVALUE('Reference',$,IFCLABEL('Bloco Leve de Concreto - 600x240x200'),$);
#5959=IFCPROPERTYSET('3gNrWxj5WtzTxvoiRRr8lg',#6,'Pset_ReinforcementBarPitchOfWall',$,(#5958));
#5960=IFCPROPERTYSET('0dbrEXFLauBFypkcSUBhfi',#6,'Pset_WallCommon',$,(#66,#70,#71,#72));
#5961=IFCRELDEFINESBYPROPERTIES('0esgb1z281CK0mQLaunuXZ',#6,$,$,(#5955),#5957);
#5962=IFCRELDEFINESBYPROPERTIES('31lIOmbw2XXCyaiXmZRaTA',#6,$,$,(#5955),#5959);
#5963=IFCRELDEFINESBYPROPERTIES('1iPptxvc2TAOtQPe1mVq7N',#6,$,$,(#5955),#5960);
#5964=IFCCARTESIANPOINT((7.1054273576010019E-015,1.4210854715202004E-014));
#5965=IFCAXIS2PLACEMENT2D(#5964,#171);
#5966=IFCRECTANGLEPROFILEDEF(.AREA.,'Tile 450,700 x 300,500 x 95 Yellow',#5965,150.5,300.19999999999993);
#5967=IFCCARTESIANPOINT((-75.249999999993733,-150.10000000000841,-0.));
#5968=IFCAXIS2PLACEMENT3D(#5967,#35,#200);
#5969=IFCEXTRUDEDAREASOLID(#5966,#5968,#35,7.9999999999999973);
#5970=IFCSTYLEDITEM(#5969,(#1754),$);
#5971=IFCSHAPEREPRESENTATION(#16,'Body','SweptSolid',(#5969));
#5972=IFCAXIS2PLACEMENT3D(#11,$,$);
#5973=IFCREPRESENTATIONMAP(#5972,#5971);
#5974=IFCBUILDINGELEMENTPROXYTYPE('0LTDyIvC5DtPgxFIQIxVQY',#6,'Tile:Tile 450,700 x 300,500 x 95 Yellow',$,$,$,(#5973),'475685',$,.NOTDEFINED.);
#5975=IFCMAPPEDITEM(#5973,#195);
#5976=IFCSHAPEREPRESENTATION(#16,'Body','MappedRepresentation',(#5975));
#5977=IFCPRODUCTDEFINITIONSHAPE($,$,(#5976));
#5978=IFCCARTESIANPOINT((6318.5806710057377,8223.6006176918454,907.70999999999697));
#5979=IFCAXIS2PLACEMENT3D(#5978,$,$);
#5980=IFCLOCALPLACEMENT(#25,#5979);
#5981=IFCBUILDINGELEMENTPROXY('0LTDyIvC5DtPgxFIQIxPs4',#6,'Tile:Tile 450,700 x 300,500 x 95 Yellow:503928',$,$,#5980,#5977,'503928',$);
#5982=IFCPROPERTYSET('2onoThvS0T7A76BTsY_odn',#6,'Pset_BuildingElementProxyCommon',$,(#1772));
#5983=IFCPROPERTYSET('0MSUPm3C411sKdxv5nrK1F',#6,'Pset_QuantityTakeOff',$,(#1772));
#5984=IFCRELDEFINESBYPROPERTIES('28iZIUEuYBXRbLTWRldbk3',#6,$,$,(#5981),#5982);
#5985=IFCRELDEFINESBYPROPERTIES('0isoJG0Pe42_Zopu$uDtsb',#6,$,$,(#5981),#5983);
#5986=IFCCARTESIANPOINT((-1.6026785714266492,-7.7142857142875885));
#5987=IFCCARTESIANPOINT((5.3973214285717592,-7.7142857142875885));
#5988=IFCCARTESIANPOINT((5.3973214285717592,-0.71428571427835097));
#5989=IFCCARTESIANPOINT((-1.8370535714284908,-0.71428571427795706));
#5990=IFCCARTESIANPOINT((-1.8370535714288001,12.285714285713674));
#5991=IFCCARTESIANPOINT((-2.7589285714283203,12.28571428571313));
#5992=IFCCARTESIANPOINT((-2.758928571429093,-7.7142857142877377));
#5993=IFCPOLYLINE((#5986,#5987,#5988,#5989,#5990,#5991,#5992,#5986));
#5994=IFCCARTESIANPOINT((5.0973214285727098,-1.0142857142585902));
#5995=IFCCARTESIANPOINT((5.0973214285731112,-7.4142857142874554));
#5996=IFCCARTESIANPOINT((-1.8370535714272067,-7.4142857142872627));
#5997=IFCCARTESIANPOINT((-1.8370535714362719,-1.0142857142789716));
#5998=IFCPOLYLINE((#5994,#5995,#5996,#5997,#5994));
#5999=IFCARBITRARYPROFILEDEFWITHVOIDS(.AREA.,'Cantoneira 2',#5993,(#5998));
#6000=IFCCARTESIANPOINT((7087.2074567200198,6715.8516382330063,7.9985361410459968));
#6001=IFCAXIS2PLACEMENT3D(#6000,#35,#36);
#6002=IFCEXTRUDEDAREASOLID(#5999,#6001,#35,1907.8614966983332);
#6003=IFCSTYLEDITEM(#6002,(#3729),$);
#6004=IFCSHAPEREPRESENTATION(#16,'Body','SweptSolid',(#6002));
#6005=IFCAXIS2PLACEMENT3D(#11,$,$);
#6006=IFCREPRESENTATIONMAP(#6005,#6004);
#6007=IFCBUILDINGELEMENTPROXYTYPE('0LTDyIvC5DtPgxFIQIxUTg',#6,'Cantoneira 2:Cantoneira 2',$,$,$,(#6006),'510614',$,.NOTDEFINED.);
#6008=IFCMAPPEDITEM(#6006,#195);
#6009=IFCSHAPEREPRESENTATION(#16,'Body','MappedRepresentation',(#6008));
#6010=IFCPRODUCTDEFINITIONSHAPE($,$,(#6009));
#6011=IFCAXIS2PLACEMENT3D(#11,$,$);
#6012=IFCLOCALPLACEMENT(#25,#6011);
#6013=IFCBUILDINGELEMENTPROXY('0LTDyIvC5DtPgxFIQIxUTa',#6,'Cantoneira 2:Cantoneira 2:510616',$,$,#6012,#6010,'510616',$);
#6014=IFCPROPERTYSET('3FQBTYht6gSOVVSVexoQO5',#6,'Pset_BuildingElementProxyCommon',$,(#3746));
#6015=IFCPROPERTYSET('28iQNV6E6UmBMUBgnhesRA',#6,'Pset_QuantityTakeOff',$,(#3746));
#6016=IFCRELDEFINESBYPROPERTIES('2a$xLrnvVetTkR_ZckJwJ5',#6,$,$,(#6013),#6014);
#6017=IFCRELDEFINESBYPROPERTIES('2mKIxsEknbUCsAI7l3ofJO',#6,$,$,(#6013),#6015);
#6018=IFCCARTESIANPOINT((-2.1316282072803006E-014,0.));
#6019=IFCAXIS2PLACEMENT2D(#6018,#171);
#6020=IFCRECTANGLEPROFILEDEF(.AREA.,'Tile 450,700 x 300,500 x 95 Red',#6019,201.00000000000003,279.45199999999988);
#6021=IFCCARTESIANPOINT((-100.49999999999376,-139.72600000000844,-0.));
#6022=IFCAXIS2PLACEMENT3D(#6021,#35,#200);
#6023=IFCEXTRUDEDAREASOLID(#6020,#6022,#35,6.9999999999999973);
#6024=IFCSTYLEDITEM(#6023,(#746),$);
#6025=IFCSHAPEREPRESENTATION(#16,'Body','SweptSolid',(#6023));
#6026=IFCAXIS2PLACEMENT3D(#11,$,$);
#6027=IFCREPRESENTATIONMAP(#6026,#6025);
#6028=IFCBUILDINGELEMENTPROXYTYPE('05wfFLeuPBEv3bvVNYYrCF',#6,'Tile:Tile 450,700 x 300,500 x 95 Red',$,$,$,(#6027),'427296',$,.NOTDEFINED.);
#6029=IFCMAPPEDITEM(#6027,#195);
#6030=IFCSHAPEREPRESENTATION(#16,'Body','MappedRepresentation',(#6029));
#6031=IFCPRODUCTDEFINITIONSHAPE($,$,(#6030));
#6032=IFCCARTESIANPOINT((7088.5118537687449,6717.4543168044365,5.0056772523340944));
#6033=IFCAXIS2PLACEMENT3D(#6032,#36,#200);
#6034=IFCLOCALPLACEMENT(#25,#6033);
#6035=IFCBUILDINGELEMENTPROXY('0LTDyIvC5DtPgxFIQIxURU',#6,'Tile:Tile 450,700 x 300,500 x 95 Red:510754',$,$,#6034,#6031,'510754',$);
#6036=IFCPROPERTYSET('2zt8XSQntH9yJk5Zu_iMB4',#6,'Pset_BuildingElementProxyCommon',$,(#1707));
#6037=IFCPROPERTYSET('11gje_$WZyFXohT6aDDaLz',#6,'Pset_QuantityTakeOff',$,(#1707));
#6038=IFCRELDEFINESBYPROPERTIES('0W5YN1Bi27TUavrct9nBKt',#6,$,$,(#6035),#6036);
#6039=IFCRELDEFINESBYPROPERTIES('1cnzsgWfjIo7a2eiSnGJ3V',#6,$,$,(#6035),#6037);
#6040=IFCCARTESIANPOINT((-2.1316282072803006E-014,-2.8421709430404007E-014));
#6041=IFCAXIS2PLACEMENT2D(#6040,#171);
#6042=IFCRECTANGLEPROFILEDEF(.AREA.,'Tile 450,700 x 300,500 x 95 Red',#6041,201.00000000000003,450.69999999999999);
#6043=IFCCARTESIANPOINT((-100.49999999999376,-225.35000000000846,-0.));
#6044=IFCAXIS2PLACEMENT3D(#6043,#35,#200);
#6045=IFCEXTRUDEDAREASOLID(#6042,#6044,#35,6.9999999999999973);
#6046=IFCSTYLEDITEM(#6045,(#746),$);
#6047=IFCSHAPEREPRESENTATION(#16,'Body','SweptSolid',(#6045));
#6048=IFCAXIS2PLACEMENT3D(#11,$,$);
#6049=IFCREPRESENTATIONMAP(#6048,#6047);
#6050=IFCBUILDINGELEMENTPROXYTYPE('05wfFLeuPBEv3bvVNYYrCm',#6,'Tile:Tile 450,700 x 300,500 x 95 Red',$,$,$,(#6049),'427296',$,.NOTDEFINED.);
#6051=IFCMAPPEDITEM(#6049,#195);
#6052=IFCSHAPEREPRESENTATION(#16,'Body','MappedRepresentation',(#6051));
#6053=IFCPRODUCTDEFINITIONSHAPE($,$,(#6052));
#6054=IFCCARTESIANPOINT((7088.5118537687322,6717.4543168044365,286.45823875760726));
#6055=IFCAXIS2PLACEMENT3D(#6054,#36,#200);
#6056=IFCLOCALPLACEMENT(#25,#6055);
#6057=IFCBUILDINGELEMENTPROXY('0LTDyIvC5DtPgxFIQIxURV',#6,'Tile:Tile 450,700 x 300,500 x 95 Red:510755',$,$,#6056,#6053,'510755',$);
#6058=IFCPROPERTYSET('1CiYcC3Ys1jBBH4zPYc_3D',#6,'Pset_BuildingElementProxyCommon',$,(#1707));
#6059=IFCPROPERTYSET('3lZkXE9ncY8NpfBybl5Duf',#6,'Pset_QuantityTakeOff',$,(#1707));
#6060=IFCRELDEFINESBYPROPERTIES('1Us9gDxeBnZI3qkQI54pgY',#6,$,$,(#6057),#6058);
#6061=IFCRELDEFINESBYPROPERTIES('1Wy15C3YMxQVqwXrszKgrs',#6,$,$,(#6057),#6059);
#6062=IFCMAPPEDITEM(#6049,#195);
#6063=IFCSHAPEREPRESENTATION(#16,'Body','MappedRepresentation',(#6062));
#6064=IFCPRODUCTDEFINITIONSHAPE($,$,(#6063));
#6065=IFCCARTESIANPOINT((7088.5118537687331,6717.4543168044365,739.15782531898947));
#6066=IFCAXIS2PLACEMENT3D(#6065,#36,#200);
#6067=IFCLOCALPLACEMENT(#25,#6066);
#6068=IFCBUILDINGELEMENTPROXY('0LTDyIvC5DtPgxFIQIxURO',#6,'Tile:Tile 450,700 x 300,500 x 95 Red:510756',$,$,#6067,#6064,'510756',$);
#6069=IFCPROPERTYSET('1muc3LELe$bpwpUaAj40MF',#6,'Pset_BuildingElementProxyCommon',$,(#1707));
#6070=IFCPROPERTYSET('12Cy56N0f7ssFJOg753iZo',#6,'Pset_QuantityTakeOff',$,(#1707));
#6071=IFCRELDEFINESBYPROPERTIES('0NjyeE5B8bYn5rIl7TcHXo',#6,$,$,(#6068),#6069);
#6072=IFCRELDEFINESBYPROPERTIES('1mBg7O11ljF6gqC6EB9NwZ',#6,$,$,(#6068),#6070);
#6073=IFCMAPPEDITEM(#6049,#195);
#6074=IFCSHAPEREPRESENTATION(#16,'Body','MappedRepresentation',(#6073));
#6075=IFCPRODUCTDEFINITIONSHAPE($,$,(#6074));
#6076=IFCCARTESIANPOINT((7088.5118277107431,6717.4543168044365,1191.8495053203403));
#6077=IFCDIRECTION((-0.99999999914322901,5.5531647608749907E-015,-4.1394952314746982E-005));
#6078=IFCAXIS2PLACEMENT3D(#6076,#36,#6077);
#6079=IFCLOCALPLACEMENT(#25,#6078);
#6080=IFCBUILDINGELEMENTPROXY('0LTDyIvC5DtPgxFIQIxURP',#6,'Tile:Tile 450,700 x 300,500 x 95 Red:510757',$,$,#6079,#6075,'510757',$);
#6081=IFCPROPERTYSET('1hNzslqsheHS0nPNzy9PLt',#6,'Pset_BuildingElementProxyCommon',$,(#1707));
#6082=IFCPROPERTYSET('1B1b_gHuMp36Ac020bOTAk',#6,'Pset_QuantityTakeOff',$,(#1707));
#6083=IFCRELDEFINESBYPROPERTIES('3Gz8jqBes1enZopF4lDLwS',#6,$,$,(#6080),#6081);
#6084=IFCRELDEFINESBYPROPERTIES('2sCiHpMDTEMCif01PxFUGa',#6,$,$,(#6080),#6082);
#6085=IFCMAPPEDITEM(#6027,#195);
#6086=IFCSHAPEREPRESENTATION(#16,'Body','MappedRepresentation',(#6085));
#6087=IFCPRODUCTDEFINITIONSHAPE($,$,(#6086));
#6088=IFCCARTESIANPOINT((7088.5118537687322,6717.4543168044365,1644.5580328393721));
#6089=IFCAXIS2PLACEMENT3D(#6088,#36,#200);
#6090=IFCLOCALPLACEMENT(#25,#6089);
#6091=IFCBUILDINGELEMENTPROXY('0LTDyIvC5DtPgxFIQIxURQ',#6,'Tile:Tile 450,700 x 300,500 x 95 Red:510758',$,$,#6090,#6087,'510758',$);
#6092=IFCPROPERTYSET('3A6wVbSOvA5J7QwmrY54l8',#6,'Pset_BuildingElementProxyCommon',$,(#1707));
#6093=IFCPROPERTYSET('3jyk85e99U1p0Z6Pv7GG8y',#6,'Pset_QuantityTakeOff',$,(#1707));
#6094=IFCRELDEFINESBYPROPERTIES('1f1r0RS_afdFF9kAzhB8Yw',#6,$,$,(#6091),#6092);
#6095=IFCRELDEFINESBYPROPERTIES('2GpkY$mI9Ls6Mnn_G0pL0i',#6,$,$,(#6091),#6093);
#6096=IFCCARTESIANPOINT((-2.1658230764387554E-012,0.));
#6097=IFCAXIS2PLACEMENT2D(#6096,#171);
#6098=IFCRECTANGLEPROFILEDEF(.AREA.,'Modelos gen\X\E9ricos 33',#6097,8.156250000006267,7.0000000000114024);
#6099=IFCCARTESIANPOINT((7082.9931710057344,6714.5324418044502,1915.8600328393793));
#6100=IFCAXIS2PLACEMENT3D(#6099,#35,#1606);
#6101=IFCEXTRUDEDAREASOLID(#6098,#6100,#35,8.1499999999997712);
#6102=IFCCARTESIANPOINT((-1.624256285026604E-012,-5.4134474680722633E-013));
#6103=IFCAXIS2PLACEMENT2D(#6102,#171);
#6104=IFCRECTANGLEPROFILEDEF(.AREA.,'Modelos gen\X\E9ricos 33',#6103,6.9343750000078987,6.4000000000093733);
#6105=IFCCARTESIANPOINT((7082.9931710057317,6714.2215043044525,1903.513364077163));
#6106=IFCAXIS2PLACEMENT3D(#6105,#35,#1606);
#6107=IFCEXTRUDEDAREASOLID(#6104,#6106,#35,12.346668762216201);
#6108=IFCSTYLEDITEM(#6101,(#3729),$);
#6109=IFCSTYLEDITEM(#6107,(#3729),$);
#6110=IFCSHAPEREPRESENTATION(#16,'Body','SweptSolid',(#6101,#6107));
#6111=IFCAXIS2PLACEMENT3D(#11,$,$);
#6112=IFCREPRESENTATIONMAP(#6111,#6110);
#6113=IFCBUILDINGELEMENTPROXYTYPE('0LTDyIvC5DtPgxFIQIxU0t',#6,'Modelos gen\X\E9ricos 33:Modelos gen\X\E9ricos 33',$,$,$,(#6112),'511435',$,.NOTDEFINED.);
#6114=IFCMAPPEDITEM(#6112,#195);
#6115=IFCSHAPEREPRESENTATION(#16,'Body','MappedRepresentation',(#6114));
#6116=IFCPRODUCTDEFINITIONSHAPE($,$,(#6115));
#6117=IFCAXIS2PLACEMENT3D(#11,$,$);
#6118=IFCLOCALPLACEMENT(#25,#6117);
#6119=IFCBUILDINGELEMENTPROXY('0LTDyIvC5DtPgxFIQIxU0n',#6,'Modelos gen\X\E9ricos 33:Modelos gen\X\E9ricos 33:511437',$,$,#6118,#6116,'511437',$);
#6120=IFCPROPERTYSINGLEVALUE('Reference',$,IFCIDENTIFIER('Modelos gen\X\E9ricos 33'),$);
#6121=IFCPROPERTYSET('2sWRdk9hCUr05B2eqrk_wK',#6,'Pset_BuildingElementProxyCommon',$,(#6120));
#6122=IFCPROPERTYSET('27XZ7e6rMvfCOHHaaSiWlp',#6,'Pset_QuantityTakeOff',$,(#6120));
#6123=IFCRELDEFINESBYPROPERTIES('0xRK40Pj9OWO4onyeiz10e',#6,$,$,(#6119),#6121);
#6124=IFCRELDEFINESBYPROPERTIES('2c$31dpf1l4on2GPcPV33k',#6,$,$,(#6119),#6122);
#6125=IFCCARTESIANPOINT((-2.1658230764387554E-012,0.));
#6126=IFCAXIS2PLACEMENT2D(#6125,#171);
#6127=IFCRECTANGLEPROFILEDEF(.AREA.,'Modelos gen\X\E9ricos 33',#6126,8.156250000006267,7.0000000000114024);
#6128=IFCCARTESIANPOINT((7082.9931710057344,6714.5324418044502,1915.8600328393793));
#6129=IFCAXIS2PLACEMENT3D(#6128,#35,#1606);
#6130=IFCEXTRUDEDAREASOLID(#6127,#6129,#35,8.1499999999997712);
#6131=IFCCARTESIANPOINT((-1.624256285026604E-012,-5.4134474680722633E-013));
#6132=IFCAXIS2PLACEMENT2D(#6131,#171);
#6133=IFCRECTANGLEPROFILEDEF(.AREA.,'Modelos gen\X\E9ricos 33',#6132,6.9343750000078987,6.4000000000093733);
#6134=IFCCARTESIANPOINT((7082.9931710057317,6714.2215043044525,1903.513364077163));
#6135=IFCAXIS2PLACEMENT3D(#6134,#35,#1606);
#6136=IFCEXTRUDEDAREASOLID(#6133,#6135,#35,12.346668762216201);
#6137=IFCSTYLEDITEM(#6130,(#3729),$);
#6138=IFCSTYLEDITEM(#6136,(#3729),$);
#6139=IFCSHAPEREPRESENTATION(#16,'Body','SweptSolid',(#6130,#6136));
#6140=IFCAXIS2PLACEMENT3D(#11,$,$);
#6141=IFCREPRESENTATIONMAP(#6140,#6139);
#6142=IFCBUILDINGELEMENTPROXYTYPE('0LTDyIvC5DtPgxFIQIxUAT',#6,'Modelos gen\X\E9ricos 34:Modelos gen\X\E9ricos 33',$,$,$,(#6141),'511841',$,.NOTDEFINED.);
#6143=IFCMAPPEDITEM(#6141,#195);
#6144=IFCSHAPEREPRESENTATION(#16,'Body','MappedRepresentation',(#6143));
#6145=IFCPRODUCTDEFINITIONSHAPE($,$,(#6144));
#6146=IFCCARTESIANPOINT((-1442.9378438547742,15612.528577059933,0.));
#6147=IFCAXIS2PLACEMENT3D(#6146,#35,#36);
#6148=IFCLOCALPLACEMENT(#25,#6147);
#6149=IFCBUILDINGELEMENTPROXY('0LTDyIvC5DtPgxFIQIxUAV',#6,'Modelos gen\X\E9ricos 34:Modelos gen\X\E9ricos 33:511843',$,$,#6148,#6145,'511843',$);
#6150=IFCPROPERTYSET('3aViAPJcNjaGcSWoY199mv',#6,'Pset_BuildingElementProxyCommon',$,(#6120));
#6151=IFCPROPERTYSET('1A$qZ6o6RfQGC3kLJ$7i7R',#6,'Pset_QuantityTakeOff',$,(#6120));
#6152=IFCRELDEFINESBYPROPERTIES('1w9WQaZr$Ja2$N3KqXyPpF',#6,$,$,(#6149),#6150);
#6153=IFCRELDEFINESBYPROPERTIES('0C4$Cnm5m_Lrh8ayUO4Lri',#6,$,$,(#6149),#6151);
#6154=IFCCARTESIANPOINT((1.6026785714265994,-7.7142857142881205));
#6155=IFCCARTESIANPOINT((2.7589285714268783,-7.7142857142881205));
#6156=IFCCARTESIANPOINT((2.7589285714302436,12.285714285711665));
#6157=IFCCARTESIANPOINT((1.8370535714307241,12.285714285712322));
#6158=IFCCARTESIANPOINT((1.8370535714282656,-0.71428571427930765));
#6159=IFCCARTESIANPOINT((-5.3973214285719848,-0.71428571427797605));
#6160=IFCCARTESIANPOINT((-5.3973214285728917,-7.7142857142872137));
#6161=IFCPOLYLINE((#6154,#6155,#6156,#6157,#6158,#6159,#6160,#6154));
#6162=IFCCARTESIANPOINT((-5.0973214285712096,-1.0142857142575734));
#6163=IFCCARTESIANPOINT((1.8370535714377714,-1.0142857142792394));
#6164=IFCCARTESIANPOINT((1.8370535714265155,-7.4142857142896954));
#6165=IFCCARTESIANPOINT((-5.0973214285727195,-7.414285714287522));
#6166=IFCPOLYLINE((#6162,#6163,#6164,#6165,#6162));
#6167=IFCARBITRARYPROFILEDEFWITHVOIDS(.AREA.,'Cantoneira 2',#6161,(#6166));
#6168=IFCCARTESIANPOINT((5272.9137943787109,8533.7496917689059,-35.001463858955873));
#6169=IFCAXIS2PLACEMENT3D(#6168,$,$);
#6170=IFCEXTRUDEDAREASOLID(#6167,#6169,#35,1704.2114966983327);
#6171=IFCSTYLEDITEM(#6170,(#3729),$);
#6172=IFCSHAPEREPRESENTATION(#16,'Body','SweptSolid',(#6170));
#6173=IFCAXIS2PLACEMENT3D(#11,$,$);
#6174=IFCREPRESENTATIONMAP(#6173,#6172);
#6175=IFCBUILDINGELEMENTPROXYTYPE('0LTDyIvC5DtPgxFIQIxVrE',#6,'Cantoneira 1:Cantoneira 2',$,$,$,(#6174),'512178',$,.NOTDEFINED.);
#6176=IFCMAPPEDITEM(#6174,#195);
#6177=IFCSHAPEREPRESENTATION(#16,'Body','MappedRepresentation',(#6176));
#6178=IFCPRODUCTDEFINITIONSHAPE($,$,(#6177));
#6179=IFCCARTESIANPOINT((1811.1558075840203,-600.86895172228367,50.));
#6180=IFCAXIS2PLACEMENT3D(#6179,$,$);
#6181=IFCLOCALPLACEMENT(#25,#6180);
#6182=IFCBUILDINGELEMENTPROXY('0LTDyIvC5DtPgxFIQIxVr8',#6,'Cantoneira 1:Cantoneira 2:512180',$,$,#6181,#6178,'512180',$);
#6183=IFCPROPERTYSET('18HzoY5UNlBB0F3kDeK5iV',#6,'Pset_BuildingElementProxyCommon',$,(#3746));
#6184=IFCPROPERTYSET('1$_DSoWTB9BscTnYGAplHk',#6,'Pset_QuantityTakeOff',$,(#3746));
#6185=IFCRELDEFINESBYPROPERTIES('0auZh5e6qMqtpR7sNvh7S7',#6,$,$,(#6182),#6183);
#6186=IFCRELDEFINESBYPROPERTIES('3KV8qmZAM4a7bSAjEQJCe$',#6,$,$,(#6182),#6184);
#6187=IFCCARTESIANPOINT((-1.602678571428815,-7.7142857142875885));
#6188=IFCCARTESIANPOINT((5.3973214285706765,-7.7142857142875885));
#6189=IFCCARTESIANPOINT((5.3973214285717592,-0.71428571427943377));
#6190=IFCCARTESIANPOINT((-1.8370535714284908,-0.71428571427795706));
#6191=IFCCARTESIANPOINT((-1.8370535714277174,12.285714285713674));
#6192=IFCCARTESIANPOINT((-2.7589285714272371,12.285714285714212));
#6193=IFCCARTESIANPOINT((-2.758928571429093,-7.7142857142877377));
#6194=IFCPOLYLINE((#6187,#6188,#6189,#6190,#6191,#6192,#6193,#6187));
#6195=IFCCARTESIANPOINT((5.0973214285716262,-1.0142857142585902));
#6196=IFCCARTESIANPOINT((5.0973214285709458,-7.4142857142874554));
#6197=IFCCARTESIANPOINT((-1.8370535714293725,-7.4142857142872627));
#6198=IFCCARTESIANPOINT((-1.8370535714384375,-1.0142857142789716));
#6199=IFCPOLYLINE((#6195,#6196,#6197,#6198,#6195));
#6200=IFCARBITRARYPROFILEDEFWITHVOIDS(.AREA.,'Cantoneira 2',#6194,(#6199));
#6201=IFCCARTESIANPOINT((5272.9137943715341,6140.4546049760083,-35.001463858955873));
#6202=IFCAXIS2PLACEMENT3D(#6201,#35,#200);
#6203=IFCEXTRUDEDAREASOLID(#6200,#6202,#35,1704.2114966983327);
#6204=IFCSTYLEDITEM(#6203,(#3729),$);
#6205=IFCSHAPEREPRESENTATION(#16,'Body','SweptSolid',(#6203));
#6206=IFCAXIS2PLACEMENT3D(#11,$,$);
#6207=IFCREPRESENTATIONMAP(#6206,#6205);
#6208=IFCBUILDINGELEMENTPROXYTYPE('0LTDyIvC5DtPgxFIQIxVyf',#6,'Cantoneira 5:Cantoneira 2',$,$,$,(#6207),'512725',$,.NOTDEFINED.);
#6209=IFCMAPPEDITEM(#6207,#195);
#6210=IFCSHAPEREPRESENTATION(#16,'Body','MappedRepresentation',(#6209));
#6211=IFCPRODUCTDEFINITIONSHAPE($,$,(#6210));
#6212=IFCCARTESIANPOINT((1811.7101444685827,1168.4416761141676,50.));
#6213=IFCAXIS2PLACEMENT3D(#6212,$,$);
#6214=IFCLOCALPLACEMENT(#25,#6213);
#6215=IFCBUILDINGELEMENTPROXY('0LTDyIvC5DtPgxFIQIxVyh',#6,'Cantoneira 5:Cantoneira 2:512727',$,$,#6214,#6211,'512727',$);
#6216=IFCPROPERTYSET('3xCK8UKaikDZ8egAnZchmW',#6,'Pset_BuildingElementProxyCommon',$,(#3746));
#6217=IFCPROPERTYSET('2$5W6fInjNn0O_5FEfiL0I',#6,'Pset_QuantityTakeOff',$,(#3746));
#6218=IFCRELDEFINESBYPROPERTIES('2hhLdHrMK6iCXeUX8A3boy',#6,$,$,(#6215),#6216);
#6219=IFCRELDEFINESBYPROPERTIES('1RVHx1Om8OTthUcuXe5OEB',#6,$,$,(#6215),#6217);
#6220=IFCCARTESIANPOINT((-1.6026785714298313,-7.7142857142893746));
#6221=IFCCARTESIANPOINT((5.3973214285707432,-7.7142857142893746));
#6222=IFCCARTESIANPOINT((5.3973214285707432,-0.71428571427959608));
#6223=IFCCARTESIANPOINT((-1.8370535714295073,-0.71428571427905474));
#6224=IFCCARTESIANPOINT((-1.8370535714295073,12.285714285712576));
#6225=IFCCARTESIANPOINT((-2.7589285714290273,12.285714285712576));
#6226=IFCCARTESIANPOINT((-2.7589285714290273,-7.7142857142893746));
#6227=IFCPOLYLINE((#6220,#6221,#6222,#6223,#6224,#6225,#6226,#6220));
#6228=IFCCARTESIANPOINT((5.0973214285708108,-1.0142857142592241));
#6229=IFCCARTESIANPOINT((5.0973214285708108,-7.4142857142894432));
#6230=IFCCARTESIANPOINT((-1.8370535714305902,-7.4142857142897141));
#6231=IFCCARTESIANPOINT((-1.8370535714392533,-1.0142857142797987));
#6232=IFCPOLYLINE((#6228,#6229,#6230,#6231,#6228));
#6233=IFCARBITRARYPROFILEDEFWITHVOIDS(.AREA.,'Cantoneira 2',#6227,(#6232));
#6234=IFCCARTESIANPOINT((7084.6239388398581,7316.5693676918445,1669.9243185536559));
#6235=IFCAXIS2PLACEMENT3D(#6234,#1606,#200);
#6236=IFCEXTRUDEDAREASOLID(#6233,#6235,#35,608.59708664048958);
#6237=IFCSTYLEDITEM(#6236,(#3729),$);
#6238=IFCSHAPEREPRESENTATION(#16,'Body','SweptSolid',(#6236));
#6239=IFCAXIS2PLACEMENT3D(#11,$,$);
#6240=IFCREPRESENTATIONMAP(#6239,#6238);
#6241=IFCBUILDINGELEMENTPROXYTYPE('0LTDyIvC5DtPgxFIQIxVx9',#6,'Cantoneira 4:Cantoneira 2',$,$,$,(#6240),'512821',$,.NOTDEFINED.);
#6242=IFCMAPPEDITEM(#6240,#195);
#6243=IFCSHAPEREPRESENTATION(#16,'Body','MappedRepresentation',(#6242));
#6244=IFCPRODUCTDEFINITIONSHAPE($,$,(#6243));
#6245=IFCCARTESIANPOINT((0.,0.,50.));
#6246=IFCAXIS2PLACEMENT3D(#6245,$,$);
#6247=IFCLOCALPLACEMENT(#25,#6246);
#6248=IFCBUILDINGELEMENTPROXY('0LTDyIvC5DtPgxFIQIxVxB',#6,'Cantoneira 4:Cantoneira 2:512823',$,$,#6247,#6244,'512823',$);
#6249=IFCPROPERTYSET('1bNgVLPRd9TcBLYwQofgmh',#6,'Pset_BuildingElementProxyCommon',$,(#3746));
#6250=IFCPROPERTYSET('12Vwk6yy$nRtI9h1Nrh5ht',#6,'Pset_QuantityTakeOff',$,(#3746));
#6251=IFCRELDEFINESBYPROPERTIES('1loP1za1gaXjqsXdH2lWOW',#6,$,$,(#6248),#6249);
#6252=IFCRELDEFINESBYPROPERTIES('2MvyI2OUBVlHD6I6vbsEug',#6,$,$,(#6248),#6250);
#6253=IFCCARTESIANPOINT((5.4134474680722633E-013,-5.4001247917767614E-013));
#6254=IFCAXIS2PLACEMENT2D(#6253,#171);
#6255=IFCRECTANGLEPROFILEDEF(.AREA.,'Tile 350x Red',#6254,6.9315718698987183,300.28870315479617);
#6256=IFCCARTESIANPOINT((6163.4273850707996,8375.8910544772225,465.00999999999726));
#6257=IFCAXIS2PLACEMENT3D(#6256,#35,#200);
#6258=IFCEXTRUDEDAREASOLID(#6255,#6257,#35,440.83324228359754);
#6259=IFCSTYLEDITEM(#6258,(#746),$);
#6260=IFCSHAPEREPRESENTATION(#16,'Body','SweptSolid',(#6258));
#6261=IFCAXIS2PLACEMENT3D(#11,$,$);
#6262=IFCREPRESENTATIONMAP(#6261,#6260);
#6263=IFCBUILDINGELEMENTPROXYTYPE('0LTDyIvC5DtPgxFIQIxVaI',#6,'Tile 350x Red1:Tile 350x Red',$,$,$,(#6262),'513262',$,.NOTDEFINED.);
#6264=IFCMAPPEDITEM(#6262,#195);
#6265=IFCSHAPEREPRESENTATION(#16,'Body','MappedRepresentation',(#6264));
#6266=IFCPRODUCTDEFINITIONSHAPE($,$,(#6265));
#6267=IFCAXIS2PLACEMENT3D(#11,$,$);
#6268=IFCLOCALPLACEMENT(#25,#6267);
#6269=IFCBUILDINGELEMENTPROXY('0LTDyIvC5DtPgxFIQIxVaC',#6,'Tile 350x Red1:Tile 350x Red:513264',$,$,#6268,#6266,'513264',$);
#6270=IFCPROPERTYSET('0XYfwRAqCWS6r6x1OzJWOZ',#6,'Pset_BuildingElementProxyCommon',$,(#4983));
#6271=IFCPROPERTYSET('2hbC6TieS8yXIcK$lco7_x',#6,'Pset_QuantityTakeOff',$,(#4983));
#6272=IFCRELDEFINESBYPROPERTIES('0eIDGW7OsLEM69I_k$nQZ8',#6,$,$,(#6269),#6270);
#6273=IFCRELDEFINESBYPROPERTIES('3nneyYoVYzZlmZB_76IVn6',#6,$,$,(#6269),#6271);
#6274=IFCCARTESIANPOINT((5.4134474680722633E-013,0.));
#6275=IFCAXIS2PLACEMENT2D(#6274,#171);
#6276=IFCRECTANGLEPROFILEDEF(.AREA.,'Tile 350x Red',#6275,6.9315718698987183,300.50000000000097);
#6277=IFCCARTESIANPOINT((6163.4273850707996,8073.4131176918509,465.00999999999624));
#6278=IFCAXIS2PLACEMENT3D(#6277,#35,#200);
#6279=IFCEXTRUDEDAREASOLID(#6276,#6278,#35,440.83324228359749);
#6280=IFCSTYLEDITEM(#6279,(#746),$);
#6281=IFCSHAPEREPRESENTATION(#16,'Body','SweptSolid',(#6279));
#6282=IFCAXIS2PLACEMENT3D(#11,$,$);
#6283=IFCREPRESENTATIONMAP(#6282,#6281);
#6284=IFCBUILDINGELEMENTPROXYTYPE('0LTDyIvC5DtPgxFIQIxVln',#6,'Tile 350x Red2:Tile 350x Red',$,$,$,(#6283),'513549',$,.NOTDEFINED.);
#6285=IFCMAPPEDITEM(#6283,#195);
#6286=IFCSHAPEREPRESENTATION(#16,'Body','MappedRepresentation',(#6285));
#6287=IFCPRODUCTDEFINITIONSHAPE($,$,(#6286));
#6288=IFCAXIS2PLACEMENT3D(#11,$,$);
#6289=IFCLOCALPLACEMENT(#25,#6288);
#6290=IFCBUILDINGELEMENTPROXY('0LTDyIvC5DtPgxFIQIxVlp',#6,'Tile 350x Red2:Tile 350x Red:513551',$,$,#6289,#6287,'513551',$);
#6291=IFCPROPERTYSET('0WHkZkYPHTFT5$Obzkm$Tx',#6,'Pset_BuildingElementProxyCommon',$,(#4983));
#6292=IFCPROPERTYSET('0Tt89YhiaYAe2Yw$U0EskB',#6,'Pset_QuantityTakeOff',$,(#4983));
#6293=IFCRELDEFINESBYPROPERTIES('2jXCVIDjCsshSubOwzi$_e',#6,$,$,(#6290),#6291);
#6294=IFCRELDEFINESBYPROPERTIES('35ZsYxlOZv_4njXRS0Jsjc',#6,$,$,(#6290),#6292);
#6295=IFCCARTESIANPOINT((5.4134474680722633E-013,-5.4001247917767614E-013));
#6296=IFCAXIS2PLACEMENT2D(#6295,#171);
#6297=IFCRECTANGLEPROFILEDEF(.AREA.,'Tile 350x Red',#6296,6.9315718698987183,287.87998609268044);
#6298=IFCCARTESIANPOINT((6163.4273850707996,8079.7231246455103,465.00999999999624));
#6299=IFCAXIS2PLACEMENT3D(#6298,#35,#200);
#6300=IFCEXTRUDEDAREASOLID(#6297,#6299,#35,440.83324228359749);
#6301=IFCSTYLEDITEM(#6300,(#746),$);
#6302=IFCSHAPEREPRESENTATION(#16,'Body','SweptSolid',(#6300));
#6303=IFCAXIS2PLACEMENT3D(#11,$,$);
#6304=IFCREPRESENTATIONMAP(#6303,#6302);
#6305=IFCBUILDINGELEMENTPROXYTYPE('0LTDyIvC5DtPgxFIQIxVkq',#6,'Tile 350x Red3:Tile 350x Red',$,$,$,(#6304),'513608',$,.NOTDEFINED.);
#6306=IFCMAPPEDITEM(#6304,#195);
#6307=IFCSHAPEREPRESENTATION(#16,'Body','MappedRepresentation',(#6306));
#6308=IFCPRODUCTDEFINITIONSHAPE($,$,(#6307));
#6309=IFCCARTESIANPOINT((0.,-302.49999999999943,-0.));
#6310=IFCAXIS2PLACEMENT3D(#6309,$,$);
#6311=IFCLOCALPLACEMENT(#25,#6310);
#6312=IFCBUILDINGELEMENTPROXY('0LTDyIvC5DtPgxFIQIxVks',#6,'Tile 350x Red3:Tile 350x Red:513610',$,$,#6311,#6308,'513610',$);
#6313=IFCPROPERTYSET('3WwaQ3Ky2xu0RODP3Rrsdd',#6,'Pset_BuildingElementProxyCommon',$,(#4983));
#6314=IFCPROPERTYSET('04GRZE$i$fs1q5JtxwCtW1',#6,'Pset_QuantityTakeOff',$,(#4983));
#6315=IFCRELDEFINESBYPROPERTIES('23eOydAs4565yEFVHCFleC',#6,$,$,(#6312),#6313);
#6316=IFCRELDEFINESBYPROPERTIES('1gKuHWCM2IpibYBsbgWpC3',#6,$,$,(#6312),#6314);
#6317=IFCCARTESIANPOINT((0.,-5.4001247917767614E-013));
#6318=IFCAXIS2PLACEMENT2D(#6317,#171);
#6319=IFCRECTANGLEPROFILEDEF(.AREA.,'Tile 350x Red',#6318,8.0000000000003464,150.45608435556937);
#6320=IFCCARTESIANPOINT((6243.2957149384156,7627.6631176918518,465.00999999999533));
#6321=IFCAXIS2PLACEMENT3D(#6320,#35,#36);
#6322=IFCEXTRUDEDAREASOLID(#6319,#6321,#35,440.83324228359749);
#6323=IFCSTYLEDITEM(#6322,(#1754),$);
#6324=IFCSHAPEREPRESENTATION(#16,'Body','SweptSolid',(#6322));
#6325=IFCAXIS2PLACEMENT3D(#11,$,$);
#6326=IFCREPRESENTATIONMAP(#6325,#6324);
#6327=IFCBUILDINGELEMENTPROXYTYPE('0LTDyIvC5DtPgxFIQIxVMF',#6,'Tile 350x Red5:Tile 350x Red',$,$,$,(#6326),'514163',$,.NOTDEFINED.);
#6328=IFCMAPPEDITEM(#6326,#195);
#6329=IFCSHAPEREPRESENTATION(#16,'Body','MappedRepresentation',(#6328));
#6330=IFCPRODUCTDEFINITIONSHAPE($,$,(#6329));
#6331=IFCAXIS2PLACEMENT3D(#11,$,$);
#6332=IFCLOCALPLACEMENT(#25,#6331);
#6333=IFCBUILDINGELEMENTPROXY('0LTDyIvC5DtPgxFIQIxVM9',#6,'Tile 350x Red5:Tile 350x Red:514165',$,$,#6332,#6330,'514165',$);
#6334=IFCPROPERTYSET('3237eCqNCTO7FsRk3Ldsgu',#6,'Pset_BuildingElementProxyCommon',$,(#4983));
#6335=IFCPROPERTYSET('19QyKE8WH_34Xz8JkVYMUC',#6,'Pset_QuantityTakeOff',$,(#4983));
#6336=IFCRELDEFINESBYPROPERTIES('0kI7raKgvfWO5pD5fUqAzf',#6,$,$,(#6333),#6334);
#6337=IFCRELDEFINESBYPROPERTIES('1B9GMCRV3CWDxmz_jCud5i',#6,$,$,(#6333),#6335);
#6338=IFCCARTESIANPOINT((-1.6026785714266492,-7.714285714288672));
#6339=IFCCARTESIANPOINT((5.3973214285717592,-7.714285714288672));
#6340=IFCCARTESIANPOINT((5.3973214285717592,-0.71428571427943377));
#6341=IFCCARTESIANPOINT((-1.8370535714284908,-0.71428571427903986));
#6342=IFCCARTESIANPOINT((-1.8370535714288001,12.28571428571259));
#6343=IFCCARTESIANPOINT((-2.7589285714283203,12.285714285712046));
#6344=IFCCARTESIANPOINT((-2.758928571429093,-7.7142857142888204));
#6345=IFCPOLYLINE((#6338,#6339,#6340,#6341,#6342,#6343,#6344,#6338));
#6346=IFCCARTESIANPOINT((5.0973214285727098,-1.0142857142596728));
#6347=IFCCARTESIANPOINT((5.0973214285731112,-7.4142857142885381));
#6348=IFCCARTESIANPOINT((-1.8370535714272067,-7.4142857142883454));
#6349=IFCCARTESIANPOINT((-1.8370535714362719,-1.0142857142800545));
#6350=IFCPOLYLINE((#6346,#6347,#6348,#6349,#6346));
#6351=IFCARBITRARYPROFILEDEFWITHVOIDS(.AREA.,'Cantoneira 2',#6345,(#6350));
#6352=IFCCARTESIANPOINT((6167.6158604181819,7629.2709892696976,7.9985361410459968));
#6353=IFCAXIS2PLACEMENT3D(#6352,#35,#36);
#6354=IFCEXTRUDEDAREASOLID(#6351,#6353,#35,898.91968119955789);
#6355=IFCSTYLEDITEM(#6354,(#3729),$);
#6356=IFCSHAPEREPRESENTATION(#16,'Body','SweptSolid',(#6354));
#6357=IFCAXIS2PLACEMENT3D(#11,$,$);
#6358=IFCREPRESENTATIONMAP(#6357,#6356);
#6359=IFCBUILDINGELEMENTPROXYTYPE('0LTDyIvC5DtPgxFIQIxVKh',#6,'Cantoneira 6:Cantoneira 2',$,$,$,(#6358),'514263',$,.NOTDEFINED.);
#6360=IFCMAPPEDITEM(#6358,#195);
#6361=IFCSHAPEREPRESENTATION(#16,'Body','MappedRepresentation',(#6360));
#6362=IFCPRODUCTDEFINITIONSHAPE($,$,(#6361));
#6363=IFCAXIS2PLACEMENT3D(#11,$,$);
#6364=IFCLOCALPLACEMENT(#25,#6363);
#6365=IFCBUILDINGELEMENTPROXY('0LTDyIvC5DtPgxFIQIxVKb',#6,'Cantoneira 6:Cantoneira 2:514265',$,$,#6364,#6362,'514265',$);
#6366=IFCPROPERTYSET('0Oh9djYr8JUr$XOZ_Q6E01',#6,'Pset_BuildingElementProxyCommon',$,(#3746));
#6367=IFCPROPERTYSET('1X6sxBY$bJ7_Effw5Z66Bg',#6,'Pset_QuantityTakeOff',$,(#3746));
#6368=IFCRELDEFINESBYPROPERTIES('2qxSOqiaLEFHCRLRrbmZVE',#6,$,$,(#6365),#6366);
#6369=IFCRELDEFINESBYPROPERTIES('3bmnMMhiaKIe$wIsVdHuh6',#6,$,$,(#6365),#6367);
#6370=IFCCARTESIANPOINT((5.4001247917767614E-013,-5.4156679141215136E-013));
#6371=IFCAXIS2PLACEMENT2D(#6370,#171);
#6372=IFCRECTANGLEPROFILEDEF(.AREA.,'Tile 450,700 x 300,500 x 95 Red',#6371,288.49999999999937,7.0000000000005747);
#6373=IFCCARTESIANPOINT((6322.7554210012941,8067.4131176918527,13.009999999999401));
#6374=IFCAXIS2PLACEMENT3D(#6373,#35,#1606);
#6375=IFCEXTRUDEDAREASOLID(#6372,#6374,#35,450.69999999999999);
#6376=IFCSTYLEDITEM(#6375,(#746),$);
#6377=IFCSHAPEREPRESENTATION(#16,'Body','SweptSolid',(#6375));
#6378=IFCAXIS2PLACEMENT3D(#11,$,$);
#6379=IFCREPRESENTATIONMAP(#6378,#6377);
#6380=IFCBUILDINGELEMENTPROXYTYPE('0LTDyIvC5DtPgxDIQIxVGa',#6,'Tile:Tile 450,700 x 300,500 x 95 Red',$,$,$,(#6379),'427296',$,.NOTDEFINED.);
#6381=IFCMAPPEDITEM(#6379,#195);
#6382=IFCSHAPEREPRESENTATION(#16,'Body','MappedRepresentation',(#6381));
#6383=IFCPRODUCTDEFINITIONSHAPE($,$,(#6382));
#6384=IFCAXIS2PLACEMENT3D(#11,$,$);
#6385=IFCLOCALPLACEMENT(#25,#6384);
#6386=IFCBUILDINGELEMENTPROXY('0LTDyIvC5DtPgxFIQIxVGa',#6,'Tile:Tile 450,700 x 300,500 x 95 Red:514520',$,$,#6385,#6383,'514520',$);
#6387=IFCPROPERTYSET('1luIcd1W1N1e_XVhkpaiYd',#6,'Pset_BuildingElementProxyCommon',$,(#1707));
#6388=IFCPROPERTYSET('38kN8kKEdFvU80YxQ1dIBa',#6,'Pset_QuantityTakeOff',$,(#1707));
#6389=IFCRELDEFINESBYPROPERTIES('0xmyfP_2lPxqANT6c14LB3',#6,$,$,(#6386),#6387);
#6390=IFCRELDEFINESBYPROPERTIES('0bBAn$MNtK$0CI4i77O$Ls',#6,$,$,(#6386),#6388);
#6391=IFCCARTESIANPOINT((-2.8421709430404007E-014,-2.8421709430404007E-014));
#6392=IFCAXIS2PLACEMENT2D(#6391,#171);
#6393=IFCRECTANGLEPROFILEDEF(.AREA.,'Tile 450,700 x 300,500 x 95 Red',#6392,288.50000000000006,450.69999999999999);
#6394=IFCCARTESIANPOINT((-144.24999999999378,-225.35000000000846,-0.));
#6395=IFCAXIS2PLACEMENT3D(#6394,#35,#200);
#6396=IFCEXTRUDEDAREASOLID(#6393,#6395,#35,6.9999999999999973);
#6397=IFCSTYLEDITEM(#6396,(#746),$);
#6398=IFCSHAPEREPRESENTATION(#16,'Body','SweptSolid',(#6396));
#6399=IFCAXIS2PLACEMENT3D(#11,$,$);
#6400=IFCREPRESENTATIONMAP(#6399,#6398);
#6401=IFCBUILDINGELEMENTPROXYTYPE('2$VVOJLwT6pgz3fUFT5IAd',#6,'Tile:Tile 450,700 x 300,500 x 95 Red',$,$,$,(#6400),'427296',$,.NOTDEFINED.);
#6402=IFCMAPPEDITEM(#6400,#195);
#6403=IFCSHAPEREPRESENTATION(#16,'Body','MappedRepresentation',(#6402));
#6404=IFCPRODUCTDEFINITIONSHAPE($,$,(#6403));
#6405=IFCCARTESIANPOINT((6319.2554210012959,7632.6631176918554,13.009999999990352));
#6406=IFCAXIS2PLACEMENT3D(#6405,#1482,#36);
#6407=IFCLOCALPLACEMENT(#25,#6406);
#6408=IFCBUILDINGELEMENTPROXY('0LTDyIvC5DtPgxFIQIxVGd',#6,'Tile:Tile 450,700 x 300,500 x 95 Red:514523',$,$,#6407,#6404,'514523',$);
#6409=IFCPROPERTYSET('3c1A3F0HnTzQWB0ix4XWAT',#6,'Pset_BuildingElementProxyCommon',$,(#1707));
#6410=IFCPROPERTYSET('2qfpGr8KCVj8qgBJUO$WY0',#6,'Pset_QuantityTakeOff',$,(#1707));
#6411=IFCRELDEFINESBYPROPERTIES('3jOWv3gGxw$0BCv5MCbJVu',#6,$,$,(#6408),#6409);
#6412=IFCRELDEFINESBYPROPERTIES('1te6MGp50inB4y$HpC9GK3',#6,$,$,(#6408),#6410);
#6413=IFCCARTESIANPOINT((-167.42551298178768,-218.42464364579249));
#6414=IFCCARTESIANPOINT((132.80850432720518,-218.42464364579249));
#6415=IFCCARTESIANPOINT((132.80850432720487,222.40859863779752));
#6416=IFCCARTESIANPOINT((-37.691495672707639,222.40859863779752));
#6417=IFCCARTESIANPOINT((-37.691495672707518,182.75517344221601));
#6418=IFCCARTESIANPOINT((72.308504327292752,66.659784976918729));
#6419=IFCCARTESIANPOINT((72.308504327293363,-128.69143420157243));
#6420=IFCCARTESIANPOINT((-167.42551298178793,-128.69143420157238));
#6421=IFCPOLYLINE((#6413,#6414,#6415,#6416,#6417,#6418,#6419,#6420,#6413));
#6422=IFCARBITRARYCLOSEDPROFILEDEF(.AREA.,'Tile 350x Red',#6421);
#6423=IFCCARTESIANPOINT((6318.8931710057441,8055.9716220190503,687.41859863779985));
#6424=IFCAXIS2PLACEMENT3D(#6423,#1482,#36);
#6425=IFCEXTRUDEDAREASOLID(#6422,#6424,#35,7.0599334557001923);
#6426=IFCSTYLEDITEM(#6425,(#746),$);
#6427=IFCSHAPEREPRESENTATION(#16,'Body','SweptSolid',(#6425));
#6428=IFCAXIS2PLACEMENT3D(#11,$,$);
#6429=IFCREPRESENTATIONMAP(#6428,#6427);
#6430=IFCBUILDINGELEMENTPROXYTYPE('0LTDyIvC5DtPgxFIQIxVGS',#6,'Tile 350x Red7:Tile 350x Red',$,$,$,(#6429),'514528',$,.NOTDEFINED.);
#6431=IFCMAPPEDITEM(#6429,#195);
#6432=IFCSHAPEREPRESENTATION(#16,'Body','MappedRepresentation',(#6431));
#6433=IFCPRODUCTDEFINITIONSHAPE($,$,(#6432));
#6434=IFCCARTESIANPOINT((0.362249995551781,0.,0.));
#6435=IFCAXIS2PLACEMENT3D(#6434,$,$);
#6436=IFCLOCALPLACEMENT(#25,#6435);
#6437=IFCBUILDINGELEMENTPROXY('0LTDyIvC5DtPgxFIQIxVGU',#6,'Tile 350x Red7:Tile 350x Red:514530',$,$,#6436,#6433,'514530',$);
#6438=IFCPROPERTYSET('2sfeaE$HC2RZReFW_vRVTE',#6,'Pset_BuildingElementProxyCommon',$,(#4983));
#6439=IFCPROPERTYSET('2_iHNYjZ0guNEPo53ZQ2GH',#6,'Pset_QuantityTakeOff',$,(#4983));
#6440=IFCRELDEFINESBYPROPERTIES('3YJ2knuh6jfR4Q9uB0nDsf',#6,$,$,(#6437),#6438);
#6441=IFCRELDEFINESBYPROPERTIES('1WL8ZOBEzJR3lBaZqSn_U3',#6,$,$,(#6437),#6439);
#6442=IFCCARTESIANPOINT((5.4134474680722633E-013,-5.4001247917767614E-013));
#6443=IFCAXIS2PLACEMENT2D(#6442,#171);
#6444=IFCRECTANGLEPROFILEDEF(.AREA.,'Tile 350x Red',#6443,6.9315718698987183,297.1119492491668);
#6445=IFCCARTESIANPOINT((6322.3589569406931,8374.302677524407,816.11003283937214));
#6446=IFCAXIS2PLACEMENT3D(#6445,#35,#200);
#6447=IFCEXTRUDEDAREASOLID(#6444,#6446,#35,89.733209444218744);
#6448=IFCSTYLEDITEM(#6447,(#746),$);
#6449=IFCSHAPEREPRESENTATION(#16,'Body','SweptSolid',(#6447));
#6450=IFCAXIS2PLACEMENT3D(#11,$,$);
#6451=IFCREPRESENTATIONMAP(#6450,#6449);
#6452=IFCBUILDINGELEMENTPROXYTYPE('0LTDyIvC5DtPgxFIQIxVGF',#6,'Tile 350x Red8:Tile 350x Red',$,$,$,(#6451),'514547',$,.NOTDEFINED.);
#6453=IFCMAPPEDITEM(#6451,#195);
#6454=IFCSHAPEREPRESENTATION(#16,'Body','MappedRepresentation',(#6453));
#6455=IFCPRODUCTDEFINITIONSHAPE($,$,(#6454));
#6456=IFCCARTESIANPOINT((0.362249995551781,0.,0.));
#6457=IFCAXIS2PLACEMENT3D(#6456,$,$);
#6458=IFCLOCALPLACEMENT(#25,#6457);
#6459=IFCBUILDINGELEMENTPROXY('0LTDyIvC5DtPgxFIQIxVG9',#6,'Tile 350x Red8:Tile 350x Red:514549',$,$,#6458,#6455,'514549',$);
#6460=IFCPROPERTYSET('3FPnDOYpNfvt$wf61bxafL',#6,'Pset_BuildingElementProxyCommon',$,(#4983));
#6461=IFCPROPERTYSET('3ujnAw49roLoMIXuPN8F0b',#6,'Pset_QuantityTakeOff',$,(#4983));
#6462=IFCRELDEFINESBYPROPERTIES('3bArbN5NrBOBkIC2ZaZGJx',#6,$,$,(#6459),#6460);
#6463=IFCRELDEFINESBYPROPERTIES('29libfPHzwxZ1NiL$gbyPm',#6,$,$,(#6459),#6461);
#6464=IFCCARTESIANPOINT((5.4134474680722633E-013,5.4001247917767614E-013));
#6465=IFCAXIS2PLACEMENT2D(#6464,#171);
#6466=IFCRECTANGLEPROFILEDEF(.AREA.,'Tile 350x Red',#6465,6.9315718698987183,287.87998609268044);
#6467=IFCCARTESIANPOINT((6322.4273850707941,8079.7231246455103,465.00999999999624));
#6468=IFCAXIS2PLACEMENT3D(#6467,$,$);
#6469=IFCEXTRUDEDAREASOLID(#6466,#6468,#35,440.83324228359749);
#6470=IFCSTYLEDITEM(#6469,(#746),$);
#6471=IFCSHAPEREPRESENTATION(#16,'Body','SweptSolid',(#6469));
#6472=IFCAXIS2PLACEMENT3D(#11,$,$);
#6473=IFCREPRESENTATIONMAP(#6472,#6471);
#6474=IFCBUILDINGELEMENTPROXYTYPE('0LTDyIvC5DtPgxFIQIxVV_',#6,'Tile 350x Red4:Tile 350x Red',$,$,$,(#6473),'514562',$,.NOTDEFINED.);
#6475=IFCMAPPEDITEM(#6473,#195);
#6476=IFCSHAPEREPRESENTATION(#16,'Body','MappedRepresentation',(#6475));
#6477=IFCPRODUCTDEFINITIONSHAPE($,$,(#6476));
#6478=IFCCARTESIANPOINT((0.362249995551781,-302.49999999999943,-0.));
#6479=IFCAXIS2PLACEMENT3D(#6478,$,$);
#6480=IFCLOCALPLACEMENT(#25,#6479);
#6481=IFCBUILDINGELEMENTPROXY('0LTDyIvC5DtPgxFIQIxVVu',#6,'Tile 350x Red4:Tile 350x Red:514564',$,$,#6480,#6477,'514564',$);
#6482=IFCPROPERTYSET('3n1O5$StzSIAxF8DpX0tCG',#6,'Pset_BuildingElementProxyCommon',$,(#4983));
#6483=IFCPROPERTYSET('3USKlAV0Rlq0Tc3wUNPg0g',#6,'Pset_QuantityTakeOff',$,(#4983));
#6484=IFCRELDEFINESBYPROPERTIES('1aIQj66UQ8ZaBhkdmNrTKd',#6,$,$,(#6481),#6482);
#6485=IFCRELDEFINESBYPROPERTIES('1semfpx$HHgm35QsGKyTqD',#6,$,$,(#6481),#6483);
#6486=IFCCARTESIANPOINT((0.,-5.4001247917767614E-013));
#6487=IFCAXIS2PLACEMENT2D(#6486,#171);
#6488=IFCRECTANGLEPROFILEDEF(.AREA.,'Tile 350x Red',#6487,8.0000000000003464,150.45608435556937);
#6489=IFCCARTESIANPOINT((6243.2957149384156,7627.6631176918518,457.08946944224289));
#6490=IFCAXIS2PLACEMENT3D(#6489,#35,#36);
#6491=IFCEXTRUDEDAREASOLID(#6488,#6490,#35,448.75377284134987);
#6492=IFCSTYLEDITEM(#6491,(#1754),$);
#6493=IFCSHAPEREPRESENTATION(#16,'Body','SweptSolid',(#6491));
#6494=IFCAXIS2PLACEMENT3D(#11,$,$);
#6495=IFCREPRESENTATIONMAP(#6494,#6493);
#6496=IFCBUILDINGELEMENTPROXYTYPE('0LTDyIvC5DtPgxFIQIxVTS',#6,'Tile 350x Red6:Tile 350x Red',$,$,$,(#6495),'514720',$,.NOTDEFINED.);
#6497=IFCMAPPEDITEM(#6495,#195);
#6498=IFCSHAPEREPRESENTATION(#16,'Body','MappedRepresentation',(#6497));
#6499=IFCPRODUCTDEFINITIONSHAPE($,$,(#6498));
#6500=IFCCARTESIANPOINT((0.,0.,-442.09093330119867));
#6501=IFCAXIS2PLACEMENT3D(#6500,$,$);
#6502=IFCLOCALPLACEMENT(#25,#6501);
#6503=IFCBUILDINGELEMENTPROXY('0LTDyIvC5DtPgxFIQIxVTU',#6,'Tile 350x Red6:Tile 350x Red:514722',$,$,#6502,#6499,'514722',$);
#6504=IFCPROPERTYSET('0aGUp7fGsg8sL5I48PKirt',#6,'Pset_BuildingElementProxyCommon',$,(#4983));
#6505=IFCPROPERTYSET('0R3Hn9p$6rdGf$QBggAZaI',#6,'Pset_QuantityTakeOff',$,(#4983));
#6506=IFCRELDEFINESBYPROPERTIES('2JFUeHEEpjoHE8fyAJhAO_',#6,$,$,(#6503),#6504);
#6507=IFCRELDEFINESBYPROPERTIES('2IVpZag0UpDl1a0P0rn0jD',#6,$,$,(#6503),#6505);
#6508=IFCCARTESIANPOINT((-1.6026785714267846,-7.714285714288672));
#6509=IFCCARTESIANPOINT((5.3973214285713533,-7.714285714288672));
#6510=IFCCARTESIANPOINT((5.3973214285716242,-0.71428571427943377));
#6511=IFCCARTESIANPOINT((-1.8370535714286262,-0.71428571427903986));
#6512=IFCCARTESIANPOINT((-1.8370535714289356,12.28571428571259));
#6513=IFCCARTESIANPOINT((-2.7589285714285907,12.285714285712046));
#6514=IFCCARTESIANPOINT((-2.7589285714288225,-7.7142857142888204));
#6515=IFCPOLYLINE((#6508,#6509,#6510,#6511,#6512,#6513,#6514,#6508));
#6516=IFCCARTESIANPOINT((5.097321428572303,-1.0142857142596728));
#6517=IFCCARTESIANPOINT((5.0973214285725694,-7.4142857142885381));
#6518=IFCCARTESIANPOINT((-1.8370535714268008,-7.4142857142883454));
#6519=IFCCARTESIANPOINT((-1.8370535714361365,-1.0142857142800545));
#6520=IFCPOLYLINE((#6516,#6517,#6518,#6519,#6516));
#6521=IFCARBITRARYPROFILEDEFWITHVOIDS(.AREA.,'Cantoneira 2',#6515,(#6520));
#6522=IFCCARTESIANPOINT((6167.6158604181819,7632.0299178411497,909.68767857144564));
#6523=IFCAXIS2PLACEMENT3D(#6522,#1606,#35);
#6524=IFCEXTRUDEDAREASOLID(#6521,#6523,#35,894.00548821347058);
#6525=IFCSTYLEDITEM(#6524,(#3729),$);
#6526=IFCSHAPEREPRESENTATION(#16,'Body','SweptSolid',(#6524));
#6527=IFCAXIS2PLACEMENT3D(#11,$,$);
#6528=IFCREPRESENTATIONMAP(#6527,#6526);
#6529=IFCBUILDINGELEMENTPROXYTYPE('0LTDyIvC5DtPgxFIQIxVQD',#6,'Cantoneira 8:Cantoneira 2',$,$,$,(#6528),'514929',$,.NOTDEFINED.);
#6530=IFCMAPPEDITEM(#6528,#195);
#6531=IFCSHAPEREPRESENTATION(#16,'Body','MappedRepresentation',(#6530));
#6532=IFCPRODUCTDEFINITIONSHAPE($,$,(#6531));
#6533=IFCAXIS2PLACEMENT3D(#11,$,$);
#6534=IFCLOCALPLACEMENT(#25,#6533);
#6535=IFCBUILDINGELEMENTPROXY('0LTDyIvC5DtPgxFIQIxVQF',#6,'Cantoneira 8:Cantoneira 2:514931',$,$,#6534,#6532,'514931',$);
#6536=IFCPROPERTYSET('3q$zOysWVwsFaDUWyplsrM',#6,'Pset_BuildingElementProxyCommon',$,(#3746));
#6537=IFCPROPERTYSET('1PRu7QEF0Ury0JzgqmYuyx',#6,'Pset_QuantityTakeOff',$,(#3746));
#6538=IFCRELDEFINESBYPROPERTIES('2D9tS5r8UUSqpnvbqQRWjn',#6,$,$,(#6535),#6536);
#6539=IFCRELDEFINESBYPROPERTIES('067d2eRqHdFPtv8nhbaQCN',#6,$,$,(#6535),#6537);
#6540=IFCCARTESIANPOINT((1.6026785714287319,-7.7142857142884633));
#6541=IFCCARTESIANPOINT((2.7589285714311758,-7.7142857142884633));
#6542=IFCCARTESIANPOINT((2.7589285714278104,12.285714285712404));
#6543=IFCCARTESIANPOINT((1.8370535714282907,12.28571428571283));
#6544=IFCCARTESIANPOINT((1.8370535714296663,-0.71428571427880172));
#6545=IFCCARTESIANPOINT((-5.3973214285705842,-0.71428571428013332));
#6546=IFCCARTESIANPOINT((-5.3973214285696773,-7.714285714289371));
#6547=IFCPOLYLINE((#6540,#6541,#6542,#6543,#6544,#6545,#6546,#6540));
#6548=IFCCARTESIANPOINT((-5.0973214285714956,-1.0142857142603336));
#6549=IFCCARTESIANPOINT((1.8370535714374865,-1.0142857142798163));
#6550=IFCCARTESIANPOINT((1.8370535714292506,-7.4142857142881073));
#6551=IFCCARTESIANPOINT((-5.0973214285710684,-7.4142857142891989));
#6552=IFCPOLYLINE((#6548,#6549,#6550,#6551,#6548));
#6553=IFCARBITRARYPROFILEDEFWITHVOIDS(.AREA.,'Cantoneira 2',#6547,(#6552));
#6554=IFCCARTESIANPOINT((5399.3839731568132,6715.8516382330035,7.9985361410459968));
#6555=IFCAXIS2PLACEMENT3D(#6554,#35,#1606);
#6556=IFCEXTRUDEDAREASOLID(#6553,#6555,#35,898.91968119955789);
#6557=IFCSTYLEDITEM(#6556,(#3729),$);
#6558=IFCSHAPEREPRESENTATION(#16,'Body','SweptSolid',(#6556));
#6559=IFCAXIS2PLACEMENT3D(#11,$,$);
#6560=IFCREPRESENTATIONMAP(#6559,#6558);
#6561=IFCBUILDINGELEMENTPROXYTYPE('0LTDyIvC5DtPgxFIQIxV4q',#6,'Cantoneira 7:Cantoneira 2',$,$,$,(#6560),'515272',$,.NOTDEFINED.);
#6562=IFCMAPPEDITEM(#6560,#195);
#6563=IFCSHAPEREPRESENTATION(#16,'Body','MappedRepresentation',(#6562));
#6564=IFCPRODUCTDEFINITIONSHAPE($,$,(#6563));
#6565=IFCCARTESIANPOINT((919.59159630183819,913.41935103669402,0.));
#6566=IFCAXIS2PLACEMENT3D(#6565,$,$);
#6567=IFCLOCALPLACEMENT(#25,#6566);
#6568=IFCBUILDINGELEMENTPROXY('0LTDyIvC5DtPgxFIQIxV4s',#6,'Cantoneira 7:Cantoneira 2:515274',$,$,#6567,#6564,'515274',$);
#6569=IFCPROPERTYSET('1jass$7t8R0Rdj3yH8Vb5K',#6,'Pset_BuildingElementProxyCommon',$,(#3746));
#6570=IFCPROPERTYSET('3RATtzgiXg2GfbaH2mBdlV',#6,'Pset_QuantityTakeOff',$,(#3746));
#6571=IFCRELDEFINESBYPROPERTIES('2kbpdrw8N7QCTKRc0wTcri',#6,$,$,(#6568),#6569);
#6572=IFCRELDEFINESBYPROPERTIES('2QPuZQ39zH6B258Zv_2bb8',#6,$,$,(#6568),#6570);
#6573=IFCCARTESIANPOINT((1.6026785714277842,-7.7142857142884633));
#6574=IFCCARTESIANPOINT((2.7589285714298222,-7.7142857142884633));
#6575=IFCCARTESIANPOINT((2.7589285714269982,12.285714285712404));
#6576=IFCCARTESIANPOINT((1.8370535714273433,12.28571428571283));
#6577=IFCCARTESIANPOINT((1.8370535714287188,-0.71428571427880172));
#6578=IFCCARTESIANPOINT((-5.3973214285715319,-0.71428571428013332));
#6579=IFCCARTESIANPOINT((-5.3973214285703541,-7.714285714289371));
#6580=IFCPOLYLINE((#6573,#6574,#6575,#6576,#6577,#6578,#6579,#6573));
#6581=IFCCARTESIANPOINT((-5.0973214285721724,-1.0142857142603336));
#6582=IFCCARTESIANPOINT((1.8370535714362681,-1.0142857142798163));
#6583=IFCCARTESIANPOINT((1.8370535714277618,-7.4142857142881073));
#6584=IFCCARTESIANPOINT((-5.0973214285716093,-7.4142857142891989));
#6585=IFCPOLYLINE((#6581,#6582,#6583,#6584,#6581));
#6586=IFCARBITRARYPROFILEDEFWITHVOIDS(.AREA.,'Cantoneira 2',#6580,(#6585));
#6587=IFCCARTESIANPOINT((6318.9755694586502,7632.0299178411497,909.68767857144564));
#6588=IFCAXIS2PLACEMENT3D(#6587,#1606,#1605);
#6589=IFCEXTRUDEDAREASOLID(#6586,#6588,#35,894.00548821347058);
#6590=IFCSTYLEDITEM(#6589,(#3729),$);
#6591=IFCSHAPEREPRESENTATION(#16,'Body','SweptSolid',(#6589));
#6592=IFCAXIS2PLACEMENT3D(#11,$,$);
#6593=IFCREPRESENTATIONMAP(#6592,#6591);
#6594=IFCBUILDINGELEMENTPROXYTYPE('0LTDyIvC5DtPgxFIQIxV4d',#6,'Cantoneira 9:Cantoneira 2',$,$,$,(#6593),'515291',$,.NOTDEFINED.);
#6595=IFCMAPPEDITEM(#6593,#195);
#6596=IFCSHAPEREPRESENTATION(#16,'Body','MappedRepresentation',(#6595));
#6597=IFCPRODUCTDEFINITIONSHAPE($,$,(#6596));
#6598=IFCAXIS2PLACEMENT3D(#11,$,$);
#6599=IFCLOCALPLACEMENT(#25,#6598);
#6600=IFCBUILDINGELEMENTPROXY('0LTDyIvC5DtPgxFIQIxV4X',#6,'Cantoneira 9:Cantoneira 2:515293',$,$,#6599,#6597,'515293',$);
#6601=IFCPROPERTYSET('3gzAOYWaV2URYzddmTQQXx',#6,'Pset_BuildingElementProxyCommon',$,(#3746));
#6602=IFCPROPERTYSET('3YL0opfH6lKyY9e1Yo$EtO',#6,'Pset_QuantityTakeOff',$,(#3746));
#6603=IFCRELDEFINESBYPROPERTIES('3smQ4yLsq_L$ml6do8ZDPJ',#6,$,$,(#6600),#6601);
#6604=IFCRELDEFINESBYPROPERTIES('2WOyXu7HxchqpN3MjXrxCQ',#6,$,$,(#6600),#6602);
#6605=IFCCARTESIANPOINT((1.6026785714351441,-7.7142857142869632));
#6606=IFCCARTESIANPOINT((2.7589285714371825,-7.7142857142869632));
#6607=IFCCARTESIANPOINT((2.7589285714156278,12.285714285714988));
#6608=IFCCARTESIANPOINT((1.8370535714159726,12.285714285714549));
#6609=IFCCARTESIANPOINT((1.8370535714295231,-0.71428571427708132));
#6610=IFCCARTESIANPOINT((-5.3973214285707272,-0.71428571428518817));
#6611=IFCCARTESIANPOINT((-5.3973214285629938,-7.7142857142944257));
#6612=IFCPOLYLINE((#6605,#6606,#6607,#6608,#6609,#6610,#6611,#6605));
#6613=IFCCARTESIANPOINT((-5.0973214285710871,-1.0142857142651074));
#6614=IFCCARTESIANPOINT((1.8370535714373535,-1.0142857142780959));
#6615=IFCCARTESIANPOINT((1.8370535714348408,-7.4142857142863869));
#6616=IFCCARTESIANPOINT((-5.0973214285645305,-7.414285714293972));
#6617=IFCPOLYLINE((#6613,#6614,#6615,#6616,#6613));
#6618=IFCARBITRARYPROFILEDEFWITHVOIDS(.AREA.,'Cantoneira 2',#6612,(#6617));
#6619=IFCCARTESIANPOINT((6166.8931710057486,7631.6004535554121,909.6876785714453));
#6620=IFCAXIS2PLACEMENT3D(#6619,#1482,#1605);
#6621=IFCEXTRUDEDAREASOLID(#6618,#6620,#35,152.79668416720148);
#6622=IFCSTYLEDITEM(#6621,(#3729),$);
#6623=IFCSHAPEREPRESENTATION(#16,'Body','SweptSolid',(#6621));
#6624=IFCAXIS2PLACEMENT3D(#11,$,$);
#6625=IFCREPRESENTATIONMAP(#6624,#6623);
#6626=IFCBUILDINGELEMENTPROXYTYPE('0LTDyIvC5DtPgxFIQIxV22',#6,'Cantoneira 10:Cantoneira 2',$,$,$,(#6625),'515454',$,.NOTDEFINED.);
#6627=IFCMAPPEDITEM(#6625,#195);
#6628=IFCSHAPEREPRESENTATION(#16,'Body','MappedRepresentation',(#6627));
#6629=IFCPRODUCTDEFINITIONSHAPE($,$,(#6628));
#6630=IFCAXIS2PLACEMENT3D(#11,$,$);
#6631=IFCLOCALPLACEMENT(#25,#6630);
#6632=IFCBUILDINGELEMENTPROXY('0LTDyIvC5DtPgxFIQIxV1y',#6,'Cantoneira 10:Cantoneira 2:515456',$,$,#6631,#6629,'515456',$);
#6633=IFCPROPERTYSET('1FX6hviHppwBa4bLStsUIC',#6,'Pset_BuildingElementProxyCommon',$,(#3746));
#6634=IFCPROPERTYSET('0zjBk0Y9K8X6k0$bMg3Lsb',#6,'Pset_QuantityTakeOff',$,(#3746));
#6635=IFCRELDEFINESBYPROPERTIES('2VG0B_0b9E5CFoq1zDfQL_',#6,$,$,(#6632),#6633);
#6636=IFCRELDEFINESBYPROPERTIES('0rVmZvA$iUW92y5C83Gc_g',#6,$,$,(#6632),#6634);
#6637=IFCCARTESIANPOINT((-2.1658230764387554E-012,0.));
#6638=IFCAXIS2PLACEMENT2D(#6637,#171);
#6639=IFCRECTANGLEPROFILEDEF(.AREA.,'Modelos gen\X\E9ricos 33',#6638,8.156250000006267,7.0000000000114024);
#6640=IFCCARTESIANPOINT((7082.9931710057344,6714.5324418044502,0.));
#6641=IFCAXIS2PLACEMENT3D(#6640,#35,#1606);
#6642=IFCEXTRUDEDAREASOLID(#6639,#6641,#35,8.1499999999999062);
#6643=IFCCARTESIANPOINT((-1.624256285026604E-012,-5.4134474680722633E-013));
#6644=IFCAXIS2PLACEMENT2D(#6643,#171);
#6645=IFCRECTANGLEPROFILEDEF(.AREA.,'Modelos gen\X\E9ricos 33',#6644,6.9343750000078987,6.4000000000093733);
#6646=IFCCARTESIANPOINT((7082.9931710057317,6714.2215043044525,-12.346668762216336));
#6647=IFCAXIS2PLACEMENT3D(#6646,#35,#1606);
#6648=IFCEXTRUDEDAREASOLID(#6645,#6647,#35,12.346668762216336);
#6649=IFCSTYLEDITEM(#6642,(#3729),$);
#6650=IFCSTYLEDITEM(#6648,(#3729),$);
#6651=IFCSHAPEREPRESENTATION(#16,'Body','SweptSolid',(#6642,#6648));
#6652=IFCAXIS2PLACEMENT3D(#11,$,$);
#6653=IFCREPRESENTATIONMAP(#6652,#6651);
#6654=IFCBUILDINGELEMENTPROXYTYPE('0LTDyIvC5DtPgxFIQIxSXq',#6,'Modelos gen\X\E9ricos 26:Modelos gen\X\E9ricos 33',$,$,$,(#6653),'517512',$,.NOTDEFINED.);
#6655=IFCMAPPEDITEM(#6653,#195);
#6656=IFCSHAPEREPRESENTATION(#16,'Body','MappedRepresentation',(#6655));
#6657=IFCPRODUCTDEFINITIONSHAPE($,$,(#6656));
#6658=IFCCARTESIANPOINT((-919.58175342625566,913.44828416319751,906.89323692903304));
#6659=IFCAXIS2PLACEMENT3D(#6658,$,$);
#6660=IFCLOCALPLACEMENT(#25,#6659);
#6661=IFCBUILDINGELEMENTPROXY('0LTDyIvC5DtPgxFIQIxSXs',#6,'Modelos gen\X\E9ricos 26:Modelos gen\X\E9ricos 33:517514',$,$,#6660,#6657,'517514',$);
#6662=IFCPROPERTYSET('0w5EXgmsgKoGsMUlERk0Oc',#6,'Pset_BuildingElementProxyCommon',$,(#6120));
#6663=IFCPROPERTYSET('0UkDUnyg_iEvyZJk3dtrgI',#6,'Pset_QuantityTakeOff',$,(#6120));
#6664=IFCRELDEFINESBYPROPERTIES('2Lk1PFcpchFpWmQpDCaiZX',#6,$,$,(#6661),#6662);
#6665=IFCRELDEFINESBYPROPERTIES('0xSvTrc8Ull9_eRvxjMbCf',#6,$,$,(#6661),#6663);
#6666=IFCCARTESIANPOINT((-2.1658230764387554E-012,0.));
#6667=IFCAXIS2PLACEMENT2D(#6666,#171);
#6668=IFCRECTANGLEPROFILEDEF(.AREA.,'Modelos gen\X\E9ricos 33',#6667,8.156250000006267,7.0000000000114024);
#6669=IFCCARTESIANPOINT((7082.9931710057344,6714.5324418044502,0.));
#6670=IFCAXIS2PLACEMENT3D(#6669,#35,#1606);
#6671=IFCEXTRUDEDAREASOLID(#6668,#6670,#35,8.1499999999999062);
#6672=IFCCARTESIANPOINT((-1.624256285026604E-012,-5.4134474680722633E-013));
#6673=IFCAXIS2PLACEMENT2D(#6672,#171);
#6674=IFCRECTANGLEPROFILEDEF(.AREA.,'Modelos gen\X\E9ricos 33',#6673,6.9343750000078987,6.4000000000093733);
#6675=IFCCARTESIANPOINT((7082.9931710057317,6714.2215043044525,-12.346668762216336));
#6676=IFCAXIS2PLACEMENT3D(#6675,#35,#1606);
#6677=IFCEXTRUDEDAREASOLID(#6674,#6676,#35,12.346668762216336);
#6678=IFCSTYLEDITEM(#6671,(#3729),$);
#6679=IFCSTYLEDITEM(#6677,(#3729),$);
#6680=IFCSHAPEREPRESENTATION(#16,'Body','SweptSolid',(#6671,#6677));
#6681=IFCAXIS2PLACEMENT3D(#11,$,$);
#6682=IFCREPRESENTATIONMAP(#6681,#6680);
#6683=IFCBUILDINGELEMENTPROXYTYPE('0LTDyIvC5DtPgxFIQIxSlq',#6,'Modelos gen\X\E9ricos 27:Modelos gen\X\E9ricos 33',$,$,$,(#6682),'517640',$,.NOTDEFINED.);
#6684=IFCMAPPEDITEM(#6682,#195);
#6685=IFCSHAPEREPRESENTATION(#16,'Body','MappedRepresentation',(#6684));
#6686=IFCPRODUCTDEFINITIONSHAPE($,$,(#6685));
#6687=IFCCARTESIANPOINT((-759.79347295720891,913.44828416319751,906.89323692903304));
#6688=IFCAXIS2PLACEMENT3D(#6687,$,$);
#6689=IFCLOCALPLACEMENT(#25,#6688);
#6690=IFCBUILDINGELEMENTPROXY('0LTDyIvC5DtPgxFIQIxSls',#6,'Modelos gen\X\E9ricos 27:Modelos gen\X\E9ricos 33:517642',$,$,#6689,#6686,'517642',$);
#6691=IFCPROPERTYSET('1_ECvQ5PF38duAZE26EcgW',#6,'Pset_BuildingElementProxyCommon',$,(#6120));
#6692=IFCPROPERTYSET('2T4wfRGr8FtdexEgbJYT9R',#6,'Pset_QuantityTakeOff',$,(#6120));
#6693=IFCRELDEFINESBYPROPERTIES('3oOcjsNKAdzc_eJEOwZJah',#6,$,$,(#6690),#6691);
#6694=IFCRELDEFINESBYPROPERTIES('0r74XvaWYV5lTc6yViJ71x',#6,$,$,(#6690),#6692);
#6695=IFCCARTESIANPOINT((0.,0.));
#6696=IFCAXIS2PLACEMENT2D(#6695,#171);
#6697=IFCRECTANGLEPROFILEDEF(.AREA.,'Tile Red',#6696,8.0000000000003464,199.80000000000655);
#6698=IFCCARTESIANPOINT((7082.493171005739,7828.0105668044498,1773.0027202254112));
#6699=IFCAXIS2PLACEMENT3D(#6698,$,$);
#6700=IFCEXTRUDEDAREASOLID(#6697,#6699,#35,48.607312613960332);
#6701=IFCSTYLEDITEM(#6700,(#184),$);
#6702=IFCSHAPEREPRESENTATION(#16,'Body','SweptSolid',(#6700));
#6703=IFCAXIS2PLACEMENT3D(#11,$,$);
#6704=IFCREPRESENTATIONMAP(#6703,#6702);
#6705=IFCBUILDINGELEMENTPROXYTYPE('347UeMcdfB2weVd4y8UfRs',#6,'Tile Red26:Tile Red',$,$,$,(#6704),'518413',$,.NOTDEFINED.);
#6706=IFCMAPPEDITEM(#6704,#195);
#6707=IFCSHAPEREPRESENTATION(#16,'Body','MappedRepresentation',(#6706));
#6708=IFCPRODUCTDEFINITIONSHAPE($,$,(#6707));
#6709=IFCAXIS2PLACEMENT3D(#11,$,$);
#6710=IFCLOCALPLACEMENT(#25,#6709);
#6711=IFCBUILDINGELEMENTPROXY('347UeMcdfB2weVd4y8UfRq',#6,'Tile Red26:Tile Red:518415',$,$,#6710,#6708,'518415',$);
#6712=IFCPROPERTYSET('0uaeehKdzIRTw9ALRzELYR',#6,'Pset_BuildingElementProxyCommon',$,(#763));
#6713=IFCPROPERTYSET('3hEDo3vyQpNwS_FEVozGrG',#6,'Pset_QuantityTakeOff',$,(#763));
#6714=IFCRELDEFINESBYPROPERTIES('1sgxPPG9UuNfFtQLn4WrYa',#6,$,$,(#6711),#6712);
#6715=IFCRELDEFINESBYPROPERTIES('0r7HO6OkAJJOw4cWp8KNUm',#6,$,$,(#6711),#6713);
#6716=IFCCARTESIANPOINT((0.,0.));
#6717=IFCAXIS2PLACEMENT2D(#6716,#171);
#6718=IFCRECTANGLEPROFILEDEF(.AREA.,'Tile Red',#6717,8.0000000000003464,199.80000000000655);
#6719=IFCCARTESIANPOINT((7082.493171005739,7626.2105668044433,1773.0027202254107));
#6720=IFCAXIS2PLACEMENT3D(#6719,$,$);
#6721=IFCEXTRUDEDAREASOLID(#6718,#6720,#35,48.607312613960332);
#6722=IFCSTYLEDITEM(#6721,(#184),$);
#6723=IFCSHAPEREPRESENTATION(#16,'Body','SweptSolid',(#6721));
#6724=IFCAXIS2PLACEMENT3D(#11,$,$);
#6725=IFCREPRESENTATIONMAP(#6724,#6723);
#6726=IFCBUILDINGELEMENTPROXYTYPE('347UeMcdfB2weVd4y8UfOw',#6,'Tile Red27:Tile Red',$,$,$,(#6725),'518593',$,.NOTDEFINED.);
#6727=IFCMAPPEDITEM(#6725,#195);
#6728=IFCSHAPEREPRESENTATION(#16,'Body','MappedRepresentation',(#6727));
#6729=IFCPRODUCTDEFINITIONSHAPE($,$,(#6728));
#6730=IFCAXIS2PLACEMENT3D(#11,$,$);
#6731=IFCLOCALPLACEMENT(#25,#6730);
#6732=IFCBUILDINGELEMENTPROXY('347UeMcdfB2weVd4y8UfOu',#6,'Tile Red27:Tile Red:518595',$,$,#6731,#6729,'518595',$);
#6733=IFCPROPERTYSET('1jhJwG1DByQ6RslYs67xiC',#6,'Pset_BuildingElementProxyCommon',$,(#763));
#6734=IFCPROPERTYSET('3OjWd58barP1P_Pf8$0aGQ',#6,'Pset_QuantityTakeOff',$,(#763));
#6735=IFCRELDEFINESBYPROPERTIES('3TbRo4nFH0P4xRB76hpLZQ',#6,$,$,(#6732),#6733);
#6736=IFCRELDEFINESBYPROPERTIES('13uUHpn2W9bXIEIlbP$NnE',#6,$,$,(#6732),#6734);
#6737=IFCCARTESIANPOINT((0.,0.));
#6738=IFCAXIS2PLACEMENT2D(#6737,#171);
#6739=IFCRECTANGLEPROFILEDEF(.AREA.,'Tile Red',#6738,8.0000000000003464,199.80000000000655);
#6740=IFCCARTESIANPOINT((7082.493171005739,7424.4105668044376,1773.00272022541));
#6741=IFCAXIS2PLACEMENT3D(#6740,$,$);
#6742=IFCEXTRUDEDAREASOLID(#6739,#6741,#35,48.607312613960332);
#6743=IFCSTYLEDITEM(#6742,(#184),$);
#6744=IFCSHAPEREPRESENTATION(#16,'Body','SweptSolid',(#6742));
#6745=IFCAXIS2PLACEMENT3D(#11,$,$);
#6746=IFCREPRESENTATIONMAP(#6745,#6744);
#6747=IFCBUILDINGELEMENTPROXYTYPE('347UeMcdfB2weVd4y8UfOe',#6,'Tile Red28:Tile Red',$,$,$,(#6746),'518611',$,.NOTDEFINED.);
#6748=IFCMAPPEDITEM(#6746,#195);
#6749=IFCSHAPEREPRESENTATION(#16,'Body','MappedRepresentation',(#6748));
#6750=IFCPRODUCTDEFINITIONSHAPE($,$,(#6749));
#6751=IFCAXIS2PLACEMENT3D(#11,$,$);
#6752=IFCLOCALPLACEMENT(#25,#6751);
#6753=IFCBUILDINGELEMENTPROXY('347UeMcdfB2weVd4y8UfOk',#6,'Tile Red28:Tile Red:518613',$,$,#6752,#6750,'518613',$);
#6754=IFCPROPERTYSET('20rRtSVgfEhn6bAB1IewAa',#6,'Pset_BuildingElementProxyCommon',$,(#763));
#6755=IFCPROPERTYSET('0TIVV7QeJf62cha2D5xYvD',#6,'Pset_QuantityTakeOff',$,(#763));
#6756=IFCRELDEFINESBYPROPERTIES('3BmLvmJufDzGUO$L5XgR4c',#6,$,$,(#6753),#6754);
#6757=IFCRELDEFINESBYPROPERTIES('0Bw02Ae2PGTtitMg$8PoWx',#6,$,$,(#6753),#6755);
#6758=IFCCARTESIANPOINT((-93.573147724194982,-49.669104204652065));
#6759=IFCCARTESIANPOINT((106.59754827108846,-49.669104204652065));
#6760=IFCCARTESIANPOINT((106.59754827108846,-1.0617915906917312));
#6761=IFCCARTESIANPOINT((-41.501744615646203,-1.0617915906917312));
#6762=IFCCARTESIANPOINT((15.452943521865743,50.730895795343791));
#6763=IFCCARTESIANPOINT((-93.573147724194982,50.730895795343791));
#6764=IFCPOLYLINE((#6758,#6759,#6760,#6761,#6762,#6763,#6758));
#6765=IFCARBITRARYCLOSEDPROFILEDEF(.AREA.,'Tile Red',#6764);
#6766=IFCCARTESIANPOINT((7078.4931710057381,8036.5081150755414,1771.94092863472));
#6767=IFCAXIS2PLACEMENT3D(#6766,#1482,#36);
#6768=IFCEXTRUDEDAREASOLID(#6765,#6767,#35,8.0000000000003464);
#6769=IFCSTYLEDITEM(#6768,(#184),$);
#6770=IFCSHAPEREPRESENTATION(#16,'Body','SweptSolid',(#6768));
#6771=IFCAXIS2PLACEMENT3D(#11,$,$);
#6772=IFCREPRESENTATIONMAP(#6771,#6770);
#6773=IFCBUILDINGELEMENTPROXYTYPE('347UeMcdfB2weVd4y8UfNT',#6,'Tile Red16:Tile Red',$,$,$,(#6772),'518694',$,.NOTDEFINED.);
#6774=IFCMAPPEDITEM(#6772,#195);
#6775=IFCSHAPEREPRESENTATION(#16,'Body','MappedRepresentation',(#6774));
#6776=IFCPRODUCTDEFINITIONSHAPE($,$,(#6775));
#6777=IFCAXIS2PLACEMENT3D(#11,$,$);
#6778=IFCLOCALPLACEMENT(#25,#6777);
#6779=IFCBUILDINGELEMENTPROXY('347UeMcdfB2weVd4y8UfNJ',#6,'Tile Red16:Tile Red:518696',$,$,#6778,#6776,'518696',$);
#6780=IFCPROPERTYSET('0Dr8lQa43AzNNERhOQeRgx',#6,'Pset_BuildingElementProxyCommon',$,(#763));
#6781=IFCPROPERTYSET('1kJlqHomlldyl2eQzmxG0o',#6,'Pset_QuantityTakeOff',$,(#763));
#6782=IFCRELDEFINESBYPROPERTIES('2$sXWq7Qa5$BxvxflRJNmR',#6,$,$,(#6779),#6780);
#6783=IFCRELDEFINESBYPROPERTIES('34u1wkUfqUjZF_pMjA6jEm',#6,$,$,(#6779),#6781);
#6784=IFCCARTESIANPOINT((-49.669104204652065,-87.676332265791885));
#6785=IFCCARTESIANPOINT((50.730895795343791,-87.676332265791885));
#6786=IFCCARTESIANPOINT((50.730895795343791,7.2314181859597229));
#6787=IFCCARTESIANPOINT((-1.0617915906917312,-49.723269951552219));
#6788=IFCCARTESIANPOINT((-1.0617915906917312,108.9222581485903));
#6789=IFCCARTESIANPOINT((-49.669104204652065,108.9222581485903));
#6790=IFCPOLYLINE((#6784,#6785,#6786,#6787,#6788,#6789,#6784));
#6791=IFCARBITRARYCLOSEDPROFILEDEF(.AREA.,'Tile Red',#6790);
#6792=IFCCARTESIANPOINT((7078.4931710057372,7212.8845438692888,1771.94092863472));
#6793=IFCAXIS2PLACEMENT3D(#6792,#1482,#1605);
#6794=IFCEXTRUDEDAREASOLID(#6791,#6793,#35,8.0000000000003464);
#6795=IFCSTYLEDITEM(#6794,(#184),$);
#6796=IFCSHAPEREPRESENTATION(#16,'Body','SweptSolid',(#6794));
#6797=IFCAXIS2PLACEMENT3D(#11,$,$);
#6798=IFCREPRESENTATIONMAP(#6797,#6796);
#6799=IFCBUILDINGELEMENTPROXYTYPE('347UeMcdfB2weVd4y8UfIk',#6,'Tile Red29:Tile Red',$,$,$,(#6798),'518997',$,.NOTDEFINED.);
#6800=IFCMAPPEDITEM(#6798,#195);
#6801=IFCSHAPEREPRESENTATION(#16,'Body','MappedRepresentation',(#6800));
#6802=IFCPRODUCTDEFINITIONSHAPE($,$,(#6801));
#6803=IFCAXIS2PLACEMENT3D(#11,$,$);
#6804=IFCLOCALPLACEMENT(#25,#6803);
#6805=IFCBUILDINGELEMENTPROXY('347UeMcdfB2weVd4y8UfIi',#6,'Tile Red29:Tile Red:518999',$,$,#6804,#6802,'518999',$);
#6806=IFCPROPERTYSET('1uYX8D6QbcwiRvv7iXBis_',#6,'Pset_BuildingElementProxyCommon',$,(#763));
#6807=IFCPROPERTYSET('3oJNJ6pqckOWjbo01Zdna9',#6,'Pset_QuantityTakeOff',$,(#763));
#6808=IFCRELDEFINESBYPROPERTIES('2YZlRtSjF1sK8R$xjpCvWv',#6,$,$,(#6805),#6806);
#6809=IFCRELDEFINESBYPROPERTIES('0z35AHSSkuxD1eCmWjX0Qz',#6,$,$,(#6805),#6807);
#6810=IFCCARTESIANPOINT((0.,0.));
#6811=IFCAXIS2PLACEMENT2D(#6810,#171);
#6812=IFCRECTANGLEPROFILEDEF(.AREA.,'corte 03',#6811,112.69900000000001,149.5);
#6813=IFCCARTESIANPOINT((-56.349499999993739,-74.750000000008427,-0.));
#6814=IFCAXIS2PLACEMENT3D(#6813,#35,#200);
#6815=IFCEXTRUDEDAREASOLID(#6812,#6814,#35,6.9999999999999973);
#6816=IFCSTYLEDITEM(#6815,(#3117),$);
#6817=IFCSHAPEREPRESENTATION(#16,'Body','SweptSolid',(#6815));
#6818=IFCAXIS2PLACEMENT3D(#11,$,$);
#6819=IFCREPRESENTATIONMAP(#6818,#6817);
#6820=IFCBUILDINGELEMENTPROXYTYPE('021fctLO9BvvcLxrYNuBX2',#6,'Tile:corte 03',$,$,$,(#6819),'519642',$,.NOTDEFINED.);
#6821=IFCMAPPEDITEM(#6819,#195);
#6822=IFCSHAPEREPRESENTATION(#16,'Body','MappedRepresentation',(#6821));
#6823=IFCPRODUCTDEFINITIONSHAPE($,$,(#6822));
#6824=IFCCARTESIANPOINT((7184.493171005739,7468.1631176918518,118.64750000000915));
#6825=IFCAXIS2PLACEMENT3D(#6824,#200,#35);
#6826=IFCLOCALPLACEMENT(#25,#6825);
#6827=IFCBUILDINGELEMENTPROXY('021fctLO9BvvcLxrYNuBW8',#6,'Tile:corte 03:519594',$,$,#6826,#6823,'519594',$);
#6828=IFCPROPERTYSINGLEVALUE('Reference',$,IFCIDENTIFIER('corte 03'),$);
#6829=IFCPROPERTYSET('33iwAZ$p1uDLRcwyoxvFfz',#6,'Pset_BuildingElementProxyCommon',$,(#6828));
#6830=IFCPROPERTYSET('0Nbu6alz8HnETqz7jraSU$',#6,'Pset_QuantityTakeOff',$,(#6828));
#6831=IFCRELDEFINESBYPROPERTIES('2TMolc0o8snK5mgnDRXLoC',#6,$,$,(#6827),#6829);
#6832=IFCRELDEFINESBYPROPERTIES('38A63$PgU54rk6qrV13Tjq',#6,$,$,(#6827),#6830);
#6833=IFCMAPPEDITEM(#6819,#195);
#6834=IFCSHAPEREPRESENTATION(#16,'Body','MappedRepresentation',(#6833));
#6835=IFCPRODUCTDEFINITIONSHAPE($,$,(#6834));
#6836=IFCCARTESIANPOINT((7184.493171005739,7619.6631176918527,118.64750000000963));
#6837=IFCAXIS2PLACEMENT3D(#6836,#200,#35);
#6838=IFCLOCALPLACEMENT(#25,#6837);
#6839=IFCBUILDINGELEMENTPROXY('021fctLO9BvvcLxrYNuBeO',#6,'Tile:corte 03:520122',$,$,#6838,#6835,'520122',$);
#6840=IFCPROPERTYSET('2UoJ_hJPENw60gwUNxcVbo',#6,'Pset_BuildingElementProxyCommon',$,(#6828));
#6841=IFCPROPERTYSET('3JUq8zKt6GEMN826tz7GqQ',#6,'Pset_QuantityTakeOff',$,(#6828));
#6842=IFCRELDEFINESBYPROPERTIES('1a4feBWEnG_OOQNo6XRqwH',#6,$,$,(#6839),#6840);
#6843=IFCRELDEFINESBYPROPERTIES('1DQyKil28HUjtDp71Xa0v3',#6,$,$,(#6839),#6841);
#6844=IFCMAPPEDITEM(#6819,#195);
#6845=IFCSHAPEREPRESENTATION(#16,'Body','MappedRepresentation',(#6844));
#6846=IFCPRODUCTDEFINITIONSHAPE($,$,(#6845));
#6847=IFCCARTESIANPOINT((7184.493171005739,7771.1631176918527,118.64750000001013));
#6848=IFCAXIS2PLACEMENT3D(#6847,#200,#35);
#6849=IFCLOCALPLACEMENT(#25,#6848);
#6850=IFCBUILDINGELEMENTPROXY('021fctLO9BvvcLxrYNuBfc',#6,'Tile:corte 03:520132',$,$,#6849,#6846,'520132',$);
#6851=IFCPROPERTYSET('3_0sYBdCzBBDYr26zlyF5p',#6,'Pset_BuildingElementProxyCommon',$,(#6828));
#6852=IFCPROPERTYSET('1nzhMSgSvPGv8C4p3aGS82',#6,'Pset_QuantityTakeOff',$,(#6828));
#6853=IFCRELDEFINESBYPROPERTIES('14z8i6ty8McSd_QFfTF0aZ',#6,$,$,(#6850),#6851);
#6854=IFCRELDEFINESBYPROPERTIES('3PuBvKBpt7rIXn4bKUwuym',#6,$,$,(#6850),#6852);
#6855=IFCMAPPEDITEM(#6819,#195);
#6856=IFCSHAPEREPRESENTATION(#16,'Body','MappedRepresentation',(#6855));
#6857=IFCPRODUCTDEFINITIONSHAPE($,$,(#6856));
#6858=IFCCARTESIANPOINT((7184.4931710057399,7922.6631176918527,118.64750000001061));
#6859=IFCAXIS2PLACEMENT3D(#6858,#200,#35);
#6860=IFCLOCALPLACEMENT(#25,#6859);
#6861=IFCBUILDINGELEMENTPROXY('021fctLO9BvvcLxrYNuBfk',#6,'Tile:corte 03:520140',$,$,#6860,#6857,'520140',$);
#6862=IFCPROPERTYSET('1TvLoI2kA$E_RMH8PSU1ME',#6,'Pset_BuildingElementProxyCommon',$,(#6828));
#6863=IFCPROPERTYSET('112am3t79mHluWVnYMcofv',#6,'Pset_QuantityTakeOff',$,(#6828));
#6864=IFCRELDEFINESBYPROPERTIES('2HHlZ_8$Pzckq0pki983XF',#6,$,$,(#6861),#6862);
#6865=IFCRELDEFINESBYPROPERTIES('3MSGFnodw3RhA4eD8V4jkM',#6,$,$,(#6861),#6863);
#6866=IFCCARTESIANPOINT((-211.60416757364646,-25.));
#6867=IFCCARTESIANPOINT((239.09583242635503,-25.));
#6868=IFCCARTESIANPOINT((184.11250272093793,25.));
#6869=IFCCARTESIANPOINT((-211.60416757364646,25.));
#6870=IFCPOLYLINE((#6866,#6867,#6868,#6869,#6866));
#6871=IFCARBITRARYCLOSEDPROFILEDEF(.AREA.,'Tile Red',#6870);
#6872=IFCCARTESIANPOINT((7078.4931710057372,7408.0063992308123,1746.2300985079021));
#6873=IFCAXIS2PLACEMENT3D(#6872,#1482,#36);
#6874=IFCEXTRUDEDAREASOLID(#6871,#6873,#35,8.0000000000003464);
#6875=IFCSTYLEDITEM(#6874,(#746),$);
#6876=IFCSHAPEREPRESENTATION(#16,'Body','SweptSolid',(#6874));
#6877=IFCAXIS2PLACEMENT3D(#11,$,$);
#6878=IFCREPRESENTATIONMAP(#6877,#6876);
#6879=IFCBUILDINGELEMENTPROXYTYPE('021fctLO9BvvcLxrYNuANs',#6,'Tile Red30:Tile Red',$,$,$,(#6878),'520276',$,.NOTDEFINED.);
#6880=IFCMAPPEDITEM(#6878,#195);
#6881=IFCSHAPEREPRESENTATION(#16,'Body','MappedRepresentation',(#6880));
#6882=IFCPRODUCTDEFINITIONSHAPE($,$,(#6881));
#6883=IFCAXIS2PLACEMENT3D(#11,$,$);
#6884=IFCLOCALPLACEMENT(#25,#6883);
#6885=IFCBUILDINGELEMENTPROXY('021fctLO9BvvcLxrYNuANq',#6,'Tile Red30:Tile Red:520278',$,$,#6884,#6882,'520278',$);
#6886=IFCPROPERTYSET('2rTstRM16czExLJh8Zfrxu',#6,'Pset_BuildingElementProxyCommon',$,(#763));
#6887=IFCPROPERTYSET('3$koYENyffT8vH0ioYovyE',#6,'Pset_QuantityTakeOff',$,(#763));
#6888=IFCRELDEFINESBYPROPERTIES('1iyGmRXNikLTP2sOXdFrkr',#6,$,$,(#6885),#6886);
#6889=IFCRELDEFINESBYPROPERTIES('00q6F8JBOITMzYYz6i17JC',#6,$,$,(#6885),#6887);
#6890=IFCCARTESIANPOINT((-7.8685368472484596,-8.2977297661900913));
#6891=IFCCARTESIANPOINT((15.7370736944988,-8.2977297661900895));
#6892=IFCCARTESIANPOINT((-7.8685368472481745,16.595459532380044));
#6893=IFCPOLYLINE((#6890,#6891,#6892,#6890));
#6894=IFCARBITRARYCLOSEDPROFILEDEF(.AREA.,'Tile Red',#6893);
#6895=IFCCARTESIANPOINT((7078.4931710057372,7992.4791036517054,603.05841197797167));
#6896=IFCAXIS2PLACEMENT3D(#6895,#1482,#1606);
#6897=IFCEXTRUDEDAREASOLID(#6894,#6896,#35,8.0000000000003464);
#6898=IFCSTYLEDITEM(#6897,(#184),$);
#6899=IFCSHAPEREPRESENTATION(#16,'Body','SweptSolid',(#6897));
#6900=IFCAXIS2PLACEMENT3D(#11,$,$);
#6901=IFCREPRESENTATIONMAP(#6900,#6899);
#6902=IFCBUILDINGELEMENTPROXYTYPE('021fctLO9BvvcLxrYNuAR_',#6,'Tile Red31:Tile Red',$,$,$,(#6901),'521052',$,.NOTDEFINED.);
#6903=IFCMAPPEDITEM(#6901,#195);
#6904=IFCSHAPEREPRESENTATION(#16,'Body','MappedRepresentation',(#6903));
#6905=IFCPRODUCTDEFINITIONSHAPE($,$,(#6904));
#6906=IFCAXIS2PLACEMENT3D(#11,$,$);
#6907=IFCLOCALPLACEMENT(#25,#6906);
#6908=IFCBUILDINGELEMENTPROXY('021fctLO9BvvcLxrYNuARy',#6,'Tile Red31:Tile Red:521054',$,$,#6907,#6905,'521054',$);
#6909=IFCPROPERTYSET('0DDNybjXZWFEd2MuRJGeK0',#6,'Pset_BuildingElementProxyCommon',$,(#763));
#6910=IFCPROPERTYSET('0dLjsrBGVnNFLAQVKoYIz$',#6,'Pset_QuantityTakeOff',$,(#763));
#6911=IFCRELDEFINESBYPROPERTIES('3I$ycyVNpdzzkLhXoa6xt_',#6,$,$,(#6908),#6909);
#6912=IFCRELDEFINESBYPROPERTIES('2rHdd9wHmCMazcBJPNNc7T',#6,$,$,(#6908),#6910);
#6913=IFCAXIS2PLACEMENT3D(#11,$,$);
#6914=IFCLOCALPLACEMENT(#25,#6913);
#6915=IFCBUILDINGELEMENTPROXYTYPE('0jcJ1wPir4ER5pN8ZIKb$6',#6,'Texto do modelo:600mm Arial',$,$,$,$,'7848',$,.NOTDEFINED.);
#6916=IFCCARTESIANPOINT((-4.6322065801559633,-4.353433779367367));
#6917=IFCCARTESIANPOINT((-3.3765027032854533,-4.353433779367367));
#6918=IFCCARTESIANPOINT((-3.3765027032854533,4.4364933587229531));
#6919=IFCCARTESIANPOINT((-0.8503796697388083,-4.353433779367367));
#6920=IFCCARTESIANPOINT((0.84923514797877153,-4.353433779367367));
#6921=IFCCARTESIANPOINT((3.3729056348915067,4.4364933587240358));
#6922=IFCCARTESIANPOINT((3.3729056348915067,-4.353433779367367));
#6923=IFCCARTESIANPOINT((4.628609511760934,-4.353433779367367));
#6924=IFCCARTESIANPOINT((4.628609511760934,5.6921972355934631));
#6925=IFCCARTESIANPOINT((2.4679159267556656,5.6921972355934631));
#6926=IFCCARTESIANPOINT((0.44701749991791645,-1.2656775665167375));
#6927=IFCCARTESIANPOINT((-0.0017985341969733782,-2.8671905188530133));
#6928=IFCCARTESIANPOINT((-0.41873146206453671,-1.388304898242555));
#6929=IFCCARTESIANPOINT((-2.4788706350545908,5.6921972355934631));
#6930=IFCCARTESIANPOINT((-4.6322065801559633,5.6921972355934631));
#6931=IFCPOLYLINE((#6916,#6917,#6918,#6919,#6920,#6921,#6922,#6923,#6924,#6925,#6926,#6927,#6928,#6929,#6930,#6916));
#6932=IFCARBITRARYCLOSEDPROFILEDEF(.AREA.,'600mm Arial',#6931);
#6933=IFCCARTESIANPOINT((7282.4744191036043,8745.7922070705354,14.998536141044209));
#6934=IFCAXIS2PLACEMENT3D(#6933,#35,#200);
#6935=IFCEXTRUDEDAREASOLID(#6932,#6934,#35,2.9999999999999991);
#6936=IFCCARTESIANPOINT((-1.09874089226129,-0.94177790765098734));
#6937=IFCCARTESIANPOINT((-0.15696298460813693,-0.94177790765098734));
#6938=IFCCARTESIANPOINT((1.4126668614786468,0.94177790765315317));
#6939=IFCCARTESIANPOINT((-0.15696298460813693,0.94177790765315317));
#6940=IFCPOLYLINE((#6936,#6937,#6938,#6939,#6936));
#6941=IFCARBITRARYCLOSEDPROFILEDEF(.AREA.,'600mm Arial',#6940);
#6942=IFCCARTESIANPOINT((7271.096401253666,8738.5303799888552,14.998536141044214));
#6943=IFCAXIS2PLACEMENT3D(#6942,#35,#200);
#6944=IFCEXTRUDEDAREASOLID(#6941,#6943,#35,2.9999999999999991);
#6945=IFCCARTESIANPOINT((-5.2037930112203297,-4.7667287630606294));
#6946=IFCCARTESIANPOINT((-1.5715714455074163,-4.7667287630606294));
#6947=IFCCARTESIANPOINT((0.043430513318071462,-4.5950504986447021));
#6948=IFCCARTESIANPOINT((1.2439520909120716,-4.0910521652522194));
#6949=IFCCARTESIANPOINT((2.161204532219628,-3.179931090531062));
#6950=IFCCARTESIANPOINT((2.8479175898822575,-1.7169870230448083));
#6951=IFCCARTESIANPOINT((3.1152451730444968,0.31004277037934003));
#6952=IFCCARTESIANPOINT((2.7203851648886199,2.6988231923934594));
#6953=IFCCARTESIANPOINT((1.5309000471499219,4.4156058365527402));
#6954=IFCCARTESIANPOINT((0.054466973173373394,5.1342020004637794));
#6955=IFCCARTESIANPOINT((-1.7383446166544416,5.2789022519002007));
#6956=IFCCARTESIANPOINT((-5.2037930112203297,5.2789022519002007));
#6957=IFCPOLYLINE((#6945,#6946,#6947,#6948,#6949,#6950,#6951,#6952,#6953,#6954,#6955,#6956,#6945));
#6958=IFCCARTESIANPOINT((-3.9480891343498201,-3.5110248861901199));
#6959=IFCCARTESIANPOINT((-3.9480891343498201,4.0231983750307734));
#6960=IFCCARTESIANPOINT((-1.7604175363650456,4.0231983750307734));
#6961=IFCCARTESIANPOINT((0.020131320289971201,3.8220895510003459));
#6962=IFCCARTESIANPOINT((1.323659856533095,2.7086333789323476));
#6963=IFCCARTESIANPOINT((1.8595412961739868,0.32966314345495107));
#6964=IFCCARTESIANPOINT((1.5860823464264315,-1.569834224974477));
#6965=IFCCARTESIANPOINT((0.82211406977560564,-2.8169541886235949));
#6966=IFCCARTESIANPOINT((-0.10985365133865913,-3.3295364352363861));
#6967=IFCCARTESIANPOINT((-1.7260818834816434,-3.5110248861901199));
#6968=IFCPOLYLINE((#6958,#6959,#6960,#6961,#6962,#6963,#6964,#6965,#6966,#6967,#6958));
#6969=IFCARBITRARYPROFILEDEFWITHVOIDS(.AREA.,'600mm Arial',#6957,(#6968));
#6970=IFCCARTESIANPOINT((7259.6140888580958,8745.3789120868423,14.998536141044209));
#6971=IFCAXIS2PLACEMENT3D(#6970,#35,#200);
#6972=IFCEXTRUDEDAREASOLID(#6969,#6971,#35,2.9999999999999991);
#6973=IFCCARTESIANPOINT((-6.0399010235578858,-2.7801780113949408));
#6974=IFCCARTESIANPOINT((-6.0399010235578858,-4.0358818882643677));
#6975=IFCCARTESIANPOINT((-0.24453332620687718,-4.0358818882643677));
#6976=IFCCARTESIANPOINT((2.157736102297537,-3.6949779060675043));
#6977=IFCCARTESIANPOINT((3.6047386166595858,-2.466252042177584));
#6978=IFCCARTESIANPOINT((4.1626929760110816,-0.13633273939138066));
#6979=IFCCARTESIANPOINT((3.6770887423777965,2.1580246371950067));
#6980=IFCCARTESIANPOINT((2.270553247485549,3.4308963405072177));
#6981=IFCCARTESIANPOINT((-0.24453332620687718,3.8122673421738824));
#6982=IFCCARTESIANPOINT((-6.0399010235578858,3.8122673421738824));
#6983=IFCCARTESIANPOINT((-6.0399010235578858,2.5565634653033729));
#6984=IFCCARTESIANPOINT((-0.28867916562808488,2.5565634653033729));
#6985=IFCCARTESIANPOINT((1.6255334826091343,2.3088562552178273));
#6986=IFCCARTESIANPOINT((2.5734427568476037,1.4578225730420826));
#6987=IFCCARTESIANPOINT((2.9069890991416543,-0.018610500934465792));
#6988=IFCCARTESIANPOINT((2.2472540544574486,-2.1449684330563317));
#6989=IFCCARTESIANPOINT((-0.28867916562808488,-2.7801780113949408));
#6990=IFCPOLYLINE((#6973,#6974,#6975,#6976,#6977,#6978,#6979,#6980,#6981,#6982,#6983,#6984,#6985,#6986,#6987,#6988,#6989,#6973));
#6991=IFCARBITRARYCLOSEDPROFILEDEF(.AREA.,'600mm Arial',#6990);
#6992=IFCCARTESIANPOINT((7250.9599835121808,8746.1399108584992,14.998536141044209));
#6993=IFCAXIS2PLACEMENT3D(#6992,#1605,#1606);
#6994=IFCEXTRUDEDAREASOLID(#6991,#6993,#1605,2.9999999999999991);
#6995=IFCCARTESIANPOINT((-2.5114077537399369,-3.7671116306104468));
#6996=IFCCARTESIANPOINT((3.7671116306104468,-3.7671116306104468));
#6997=IFCCARTESIANPOINT((3.7671116306104468,-2.5114077537399369));
#6998=IFCCARTESIANPOINT((-1.2557038768705098,-2.5114077537399369));
#6999=IFCCARTESIANPOINT((-1.2557038768705098,6.2785193843503837));
#7000=IFCCARTESIANPOINT((-2.5114077537399369,6.2785193843503837));
#7001=IFCPOLYLINE((#6995,#6996,#6997,#6998,#6999,#7000,#6995));
#7002=IFCARBITRARYCLOSEDPROFILEDEF(.AREA.,'600mm Arial',#7001);
#7003=IFCCARTESIANPOINT((7242.2152120856526,8746.3785292192915,14.998536141044214));
#7004=IFCAXIS2PLACEMENT3D(#7003,#35,#200);
#7005=IFCEXTRUDEDAREASOLID(#7002,#7004,#35,2.9999999999999991);
#7006=IFCCARTESIANPOINT((-1.3268137457018661,-4.8996698461019701));
#7007=IFCCARTESIANPOINT((1.2385737738823861,-4.8996698461019692));
#7008=IFCCARTESIANPOINT((3.4327433075927982,-3.6720573472431668));
#7009=IFCCARTESIANPOINT((4.6635791403750391,-1.3627551792192631));
#7010=IFCCARTESIANPOINT((4.6051898443435295,1.1455771610846028));
#7011=IFCCARTESIANPOINT((3.221063645208639,3.2498544239614144));
#7012=IFCCARTESIANPOINT((0.70277759816343344,4.4582001901848098));
#7013=IFCCARTESIANPOINT((-2.0476693825245551,4.4906105519494544));
#7014=IFCCARTESIANPOINT((-4.2273007951228712,3.2495959241870889));
#7015=IFCCARTESIANPOINT((-5.4317831327415123,0.96192450147547948));
#7016=IFCCARTESIANPOINT((-4.8303602534677186,-2.7216105341737111));
#7017=IFCPOLYLINE((#7006,#7007,#7008,#7009,#7010,#7011,#7012,#7013,#7014,#7015,#7016,#7006));
#7018=IFCCARTESIANPOINT((-1.0339516722372439,-3.6785333234565702));
#7019=IFCCARTESIANPOINT((-3.8510101175253992,-1.9574816833785242));
#7020=IFCCARTESIANPOINT((-4.2062573894329569,0.68818554966080736));
#7021=IFCCARTESIANPOINT((-3.3194525174763312,2.3756562518968369));
#7022=IFCCARTESIANPOINT((-1.7030393587299479,3.2841985516142413));
#7023=IFCCARTESIANPOINT((0.41230591490545099,3.2365150149564244));
#7024=IFCCARTESIANPOINT((3.01232947345264,1.6168626957688657));
#7025=IFCCARTESIANPOINT((3.4380533970677813,-1.0890162274037776));
#7026=IFCCARTESIANPOINT((1.8894721032184154,-3.3190973000989348));
#7027=IFCPOLYLINE((#7018,#7019,#7020,#7021,#7022,#7023,#7024,#7025,#7026,#7018));
#7028=IFCARBITRARYPROFILEDEFWITHVOIDS(.AREA.,'600mm Arial',#7017,(#7027));
#7029=IFCCARTESIANPOINT((7232.4340101896496,8745.4523584265862,14.998536141044211));
#7030=IFCDIRECTION((-0.22370729883674892,0.97465637249605341,0.));
#7031=IFCAXIS2PLACEMENT3D(#7029,#35,#7030);
#7032=IFCEXTRUDEDAREASOLID(#7028,#7031,#35,2.9999999999999991);
#7033=IFCCARTESIANPOINT((-4.5430360721030727,-3.2962226767849532));
#7034=IFCCARTESIANPOINT((-3.2186608894668409,-3.2962226767849532));
#7035=IFCCARTESIANPOINT((-2.0708690645154406,-0.15696298460921981));
#7036=IFCCARTESIANPOINT((2.0690296545413616,-0.15696298460921981));
#7037=IFCCARTESIANPOINT((3.2168214794927623,-3.2962226767849532));
#7038=IFCCARTESIANPOINT((4.5436492087639868,-3.2962226767849532));
#7039=IFCCARTESIANPOINT((0.53618800797080723,6.7494083381769601));
#7040=IFCCARTESIANPOINT((-0.53312232467598342,6.7494083381769601));
#7041=IFCPOLYLINE((#7033,#7034,#7035,#7036,#7037,#7038,#7039,#7040,#7033));
#7042=IFCCARTESIANPOINT((-1.6097902972266696,1.09874089226129));
#7043=IFCCARTESIANPOINT((-0.62631909678730158,3.7842794570510652));
#7044=IFCCARTESIANPOINT((-0.0009197049875808716,5.4937044613064501));
#7045=IFCCARTESIANPOINT((0.70296117911783262,3.5684553532150121));
#7046=IFCCARTESIANPOINT((1.6104034338875834,1.09874089226129));
#7047=IFCPOLYLINE((#7042,#7043,#7044,#7045,#7046,#7042));
#7048=IFCARBITRARYPROFILEDEFWITHVOIDS(.AREA.,'600mm Arial',#7041,(#7047));
#7049=IFCCARTESIANPOINT((7218.9052891662641,8746.8494181731166,14.998536141044214));
#7050=IFCAXIS2PLACEMENT3D(#7049,#35,#200);
#7051=IFCEXTRUDEDAREASOLID(#7048,#7050,#35,2.9999999999999991);
#7052=IFCCARTESIANPOINT((-1.3268137457014031,-4.8996698461020962));
#7053=IFCCARTESIANPOINT((1.2385737738839042,-4.8996698461020953));
#7054=IFCCARTESIANPOINT((3.4327433075929021,-3.6720573472438964));
#7055=IFCCARTESIANPOINT((4.6635791403751679,-1.3627551792188208));
#7056=IFCCARTESIANPOINT((4.6051898443434212,1.1455771610850398));
#7057=IFCCARTESIANPOINT((3.2210636452080896,3.2498544239606648));
#7058=IFCCARTESIANPOINT((0.7027775981627703,4.4582001901838213));
#7059=IFCCARTESIANPOINT((-2.0476693825249788,4.4906105519492607));
#7060=IFCCARTESIANPOINT((-4.2273007951234201,3.2495959241856323));
#7061=IFCCARTESIANPOINT((-5.4317831327418453,0.96192450147390895));
#7062=IFCCARTESIANPOINT((-4.8303602534677026,-2.7216105341752255));
#7063=IFCPOLYLINE((#7052,#7053,#7054,#7055,#7056,#7057,#7058,#7059,#7060,#7061,#7062,#7052));
#7064=IFCCARTESIANPOINT((-1.0339516722371389,-3.678533323457724));
#7065=IFCCARTESIANPOINT((-3.8510101175252145,-1.9574816833788897));
#7066=IFCCARTESIANPOINT((-4.2062573894332642,0.68818554965935286));
#7067=IFCCARTESIANPOINT((-3.3194525174757419,2.375656251895224));
#7068=IFCCARTESIANPOINT((-1.7030393587302584,3.2841985516140797));
#7069=IFCCARTESIANPOINT((0.41230591490490315,3.2365150149554087));
#7070=IFCCARTESIANPOINT((3.0123294734535428,1.6168626957689094));
#7071=IFCCARTESIANPOINT((3.4380533970676415,-1.089016227404507));
#7072=IFCCARTESIANPOINT((1.8894721032184867,-3.3190973000998119));
#7073=IFCPOLYLINE((#7064,#7065,#7066,#7067,#7068,#7069,#7070,#7071,#7072,#7064));
#7074=IFCARBITRARYPROFILEDEFWITHVOIDS(.AREA.,'600mm Arial',#7063,(#7073));
#7075=IFCCARTESIANPOINT((7271.0469044034053,8745.4523584265862,14.998536141044211));
#7076=IFCDIRECTION((-0.22370729883665688,0.97465637249607451,0.));
#7077=IFCAXIS2PLACEMENT3D(#7075,#35,#7076);
#7078=IFCEXTRUDEDAREASOLID(#7074,#7077,#35,2.9999999999999987);
#7079=IFCSHAPEREPRESENTATION(#16,'Body','SweptSolid',(#6935,#6944,#6972,#6994,#7005,#7032,#7051,#7078));
#7080=IFCPRODUCTDEFINITIONSHAPE($,$,(#7079));
#7081=IFCBUILDINGELEMENTPROXY('021fctLO9BvvcLxrYNuAFI',#6,'Texto do modelo:600mm Arial:521840',$,$,#6914,#7080,'521840',$);
#7082=IFCPROPERTYSINGLEVALUE('Reference',$,IFCIDENTIFIER('600mm Arial'),$);
#7083=IFCPROPERTYSET('1P6fCeMtnBQGwO$KNkRWD6',#6,'Pset_BuildingElementProxyCommon',$,(#7082));
#7084=IFCPROPERTYSET('3F9zkfCr4yHPpsaveDRbVH',#6,'Pset_QuantityTakeOff',$,(#7082));
#7085=IFCRELDEFINESBYPROPERTIES('0cqgIlY4s3rrNmMPZ4WHqf',#6,$,$,(#7081),#7083);
#7086=IFCRELDEFINESBYPROPERTIES('2tf29mj5mDxw7KmX06ln1p',#6,$,$,(#7081),#7084);
#7087=IFCAXIS2PLACEMENT3D(#11,$,$);
#7088=IFCLOCALPLACEMENT(#25,#7087);
#7089=IFCCARTESIANPOINT((-4.632206580157046,-4.353433779367367));
#7090=IFCCARTESIANPOINT((-3.3765027032865365,-4.353433779367367));
#7091=IFCCARTESIANPOINT((-3.3765027032865365,4.4364933587229531));
#7092=IFCCARTESIANPOINT((-0.85037966973989121,-4.353433779367367));
#7093=IFCCARTESIANPOINT((0.84923514797768862,-4.353433779367367));
#7094=IFCCARTESIANPOINT((3.3729056348904236,4.4364933587240358));
#7095=IFCCARTESIANPOINT((3.3729056348904236,-4.353433779367367));
#7096=IFCCARTESIANPOINT((4.6286095117598505,-4.353433779367367));
#7097=IFCCARTESIANPOINT((4.6286095117598505,5.6921972355934631));
#7098=IFCCARTESIANPOINT((2.4679159267545829,5.6921972355934631));
#7099=IFCCARTESIANPOINT((0.44701749991683359,-1.2656775665167375));
#7100=IFCCARTESIANPOINT((-0.0017985341980562453,-2.8671905188530133));
#7101=IFCCARTESIANPOINT((-0.41873146206561956,-1.388304898242555));
#7102=IFCCARTESIANPOINT((-2.478870635055674,5.6921972355934631));
#7103=IFCCARTESIANPOINT((-4.632206580157046,5.6921972355934631));
#7104=IFCPOLYLINE((#7089,#7090,#7091,#7092,#7093,#7094,#7095,#7096,#7097,#7098,#7099,#7100,#7101,#7102,#7103,#7089));
#7105=IFCARBITRARYCLOSEDPROFILEDEF(.AREA.,'600mm Arial',#7104);
#7106=IFCCARTESIANPOINT((7187.4744191036025,8745.7922070705354,14.998536141044209));
#7107=IFCAXIS2PLACEMENT3D(#7106,#35,#200);
#7108=IFCEXTRUDEDAREASOLID(#7105,#7107,#35,2.9999999999999991);
#7109=IFCCARTESIANPOINT((-1.09874089226129,-0.94177790765098734));
#7110=IFCCARTESIANPOINT((-0.15696298460813693,-0.94177790765098734));
#7111=IFCCARTESIANPOINT((1.4126668614786468,0.94177790765315317));
#7112=IFCCARTESIANPOINT((-0.15696298460813693,0.94177790765315317));
#7113=IFCPOLYLINE((#7109,#7110,#7111,#7112,#7109));
#7114=IFCARBITRARYCLOSEDPROFILEDEF(.AREA.,'600mm Arial',#7113);
#7115=IFCCARTESIANPOINT((7176.096401253666,8738.5303799888552,14.998536141044214));
#7116=IFCAXIS2PLACEMENT3D(#7115,#35,#200);
#7117=IFCEXTRUDEDAREASOLID(#7114,#7116,#35,2.9999999999999991);
#7118=IFCCARTESIANPOINT((-5.203793011219247,-4.7667287630606294));
#7119=IFCCARTESIANPOINT((-1.5715714455063334,-4.7667287630606294));
#7120=IFCCARTESIANPOINT((0.043430513319154332,-4.5950504986447021));
#7121=IFCCARTESIANPOINT((1.2439520909131545,-4.0910521652522194));
#7122=IFCCARTESIANPOINT((2.1612045322207112,-3.179931090531062));
#7123=IFCCARTESIANPOINT((2.8479175898833406,-1.7169870230448083));
#7124=IFCCARTESIANPOINT((3.1152451730455795,0.31004277037934003));
#7125=IFCCARTESIANPOINT((2.7203851648897031,2.6988231923934594));
#7126=IFCCARTESIANPOINT((1.5309000471510046,4.4156058365527402));
#7127=IFCCARTESIANPOINT((0.054466973174456257,5.1342020004637794));
#7128=IFCCARTESIANPOINT((-1.7383446166533589,5.2789022519002007));
#7129=IFCCARTESIANPOINT((-5.203793011219247,5.2789022519002007));
#7130=IFCPOLYLINE((#7118,#7119,#7120,#7121,#7122,#7123,#7124,#7125,#7126,#7127,#7128,#7129,#7118));
#7131=IFCCARTESIANPOINT((-3.9480891343487374,-3.5110248861901199));
#7132=IFCCARTESIANPOINT((-3.9480891343487374,4.0231983750307734));
#7133=IFCCARTESIANPOINT((-1.7604175363639627,4.0231983750307734));
#7134=IFCCARTESIANPOINT((0.020131320291054067,3.8220895510003459));
#7135=IFCCARTESIANPOINT((1.3236598565341779,2.7086333789323476));
#7136=IFCCARTESIANPOINT((1.8595412961750697,0.32966314345495107));
#7137=IFCCARTESIANPOINT((1.5860823464275142,-1.569834224974477));
#7138=IFCCARTESIANPOINT((0.82211406977668844,-2.8169541886235949));
#7139=IFCCARTESIANPOINT((-0.10985365133757626,-3.3295364352363861));
#7140=IFCCARTESIANPOINT((-1.7260818834805605,-3.5110248861901199));
#7141=IFCPOLYLINE((#7131,#7132,#7133,#7134,#7135,#7136,#7137,#7138,#7139,#7140,#7131));
#7142=IFCARBITRARYPROFILEDEFWITHVOIDS(.AREA.,'600mm Arial',#7130,(#7141));
#7143=IFCCARTESIANPOINT((7164.6140888580967,8745.3789120868423,14.998536141044209));
#7144=IFCAXIS2PLACEMENT3D(#7143,#35,#200);
#7145=IFCEXTRUDEDAREASOLID(#7142,#7144,#35,2.9999999999999991);
#7146=IFCCARTESIANPOINT((-6.0399010235578858,-2.780178011392775));
#7147=IFCCARTESIANPOINT((-6.0399010235578858,-4.0358818882622023));
#7148=IFCCARTESIANPOINT((-0.24453332620687718,-4.0358818882622023));
#7149=IFCCARTESIANPOINT((2.157736102297537,-3.6949779060653385));
#7150=IFCCARTESIANPOINT((3.6047386166595858,-2.4662520421754182));
#7151=IFCCARTESIANPOINT((4.1626929760110816,-0.13633273938921492));
#7152=IFCCARTESIANPOINT((3.6770887423777965,2.1580246371971725));
#7153=IFCCARTESIANPOINT((2.270553247485549,3.4308963405093835));
#7154=IFCCARTESIANPOINT((-0.24453332620687718,3.8122673421760482));
#7155=IFCCARTESIANPOINT((-6.0399010235578858,3.8122673421760482));
#7156=IFCCARTESIANPOINT((-6.0399010235578858,2.5565634653055382));
#7157=IFCCARTESIANPOINT((-0.28867916562808488,2.5565634653055382));
#7158=IFCCARTESIANPOINT((1.6255334826091343,2.3088562552199932));
#7159=IFCCARTESIANPOINT((2.5734427568476037,1.4578225730442484));
#7160=IFCCARTESIANPOINT((2.9069890991416543,-0.018610500932300055));
#7161=IFCCARTESIANPOINT((2.2472540544574486,-2.1449684330541658));
#7162=IFCCARTESIANPOINT((-0.28867916562808488,-2.780178011392775));
#7163=IFCPOLYLINE((#7146,#7147,#7148,#7149,#7150,#7151,#7152,#7153,#7154,#7155,#7156,#7157,#7158,#7159,#7160,#7161,#7162,#7146));
#7164=IFCARBITRARYCLOSEDPROFILEDEF(.AREA.,'600mm Arial',#7163);
#7165=IFCCARTESIANPOINT((7155.959983512179,8746.1399108584992,14.998536141044209));
#7166=IFCAXIS2PLACEMENT3D(#7165,#1605,#1606);
#7167=IFCEXTRUDEDAREASOLID(#7164,#7166,#1605,2.9999999999999991);
#7168=IFCCARTESIANPOINT((-2.5114077537399369,-3.7671116306104468));
#7169=IFCCARTESIANPOINT((3.7671116306104468,-3.7671116306104468));
#7170=IFCCARTESIANPOINT((3.7671116306104468,-2.5114077537399369));
#7171=IFCCARTESIANPOINT((-1.2557038768705098,-2.5114077537399369));
#7172=IFCCARTESIANPOINT((-1.2557038768705098,6.2785193843503837));
#7173=IFCCARTESIANPOINT((-2.5114077537399369,6.2785193843503837));
#7174=IFCPOLYLINE((#7168,#7169,#7170,#7171,#7172,#7173,#7168));
#7175=IFCARBITRARYCLOSEDPROFILEDEF(.AREA.,'600mm Arial',#7174);
#7176=IFCCARTESIANPOINT((7147.2152120856526,8746.3785292192915,14.998536141044214));
#7177=IFCAXIS2PLACEMENT3D(#7176,#35,#200);
#7178=IFCEXTRUDEDAREASOLID(#7175,#7177,#35,2.9999999999999991);
#7179=IFCCARTESIANPOINT((-1.3268137457021083,-4.8996698461030253));
#7180=IFCCARTESIANPOINT((1.2385737738821441,-4.8996698461030244));
#7181=IFCCARTESIANPOINT((3.4327433075925553,-3.6720573472442224));
#7182=IFCCARTESIANPOINT((4.6635791403747975,-1.3627551792203185));
#7183=IFCCARTESIANPOINT((4.6051898443432879,1.1455771610835475));
#7184=IFCCARTESIANPOINT((3.2210636452083969,3.2498544239603593));
#7185=IFCCARTESIANPOINT((0.7027775981631913,4.4582001901837547));
#7186=IFCCARTESIANPOINT((-2.0476693825247976,4.4906105519483983));
#7187=IFCCARTESIANPOINT((-4.2273007951231136,3.2495959241860328));
#7188=IFCCARTESIANPOINT((-5.4317831327417556,0.9619245014744241));
#7189=IFCCARTESIANPOINT((-4.8303602534679611,-2.7216105341747663));
#7190=IFCPOLYLINE((#7179,#7180,#7181,#7182,#7183,#7184,#7185,#7186,#7187,#7188,#7189,#7179));
#7191=IFCCARTESIANPOINT((-1.0339516722374862,-3.6785333234576258));
#7192=IFCCARTESIANPOINT((-3.8510101175256417,-1.9574816833795796));
#7193=IFCCARTESIANPOINT((-4.2062573894331994,0.68818554965975187));
#7194=IFCCARTESIANPOINT((-3.3194525174765732,2.3756562518957813));
#7195=IFCCARTESIANPOINT((-1.7030393587301904,3.2841985516131857));
#7196=IFCCARTESIANPOINT((0.41230591490520885,3.2365150149553692));
#7197=IFCCARTESIANPOINT((3.012329473452398,1.6168626957678103));
#7198=IFCCARTESIANPOINT((3.4380533970675384,-1.0890162274048329));
#7199=IFCCARTESIANPOINT((1.8894721032181734,-3.3190973000999899));
#7200=IFCPOLYLINE((#7191,#7192,#7193,#7194,#7195,#7196,#7197,#7198,#7199,#7191));
#7201=IFCARBITRARYPROFILEDEFWITHVOIDS(.AREA.,'600mm Arial',#7190,(#7200));
#7202=IFCCARTESIANPOINT((7137.4340101896487,8745.4523584265862,14.998536141044211));
#7203=IFCDIRECTION((-0.22370729883674892,0.97465637249605341,0.));
#7204=IFCAXIS2PLACEMENT3D(#7202,#35,#7203);
#7205=IFCEXTRUDEDAREASOLID(#7201,#7204,#35,2.9999999999999991);
#7206=IFCCARTESIANPOINT((-5.2806832679102342,-4.8690933880684417));
#7207=IFCCARTESIANPOINT((-1.4767834377813926,-4.8690933880684417));
#7208=IFCCARTESIANPOINT((0.13331342777519239,-4.6961888503350169));
#7209=IFCCARTESIANPOINT((1.2259229534500833,-4.1860591503561357));
#7210=IFCCARTESIANPOINT((1.9580081238524998,-3.2246608696273711));
#7211=IFCCARTESIANPOINT((2.253539993310659,-1.8745339473291296));
#7212=IFCCARTESIANPOINT((1.820665512319974,-0.31226174114515859));
#7213=IFCCARTESIANPOINT((0.58335573520866146,0.62461107323909182));
#7214=IFCCARTESIANPOINT((1.6023888618478452,1.5136592282496453));
#7215=IFCCARTESIANPOINT((1.9396140240933022,2.6872027928630557));
#7216=IFCCARTESIANPOINT((1.5386226493510264,3.9723372293480654));
#7217=IFCCARTESIANPOINT((0.43007157055084805,4.88100575743423));
#7218=IFCCARTESIANPOINT((-1.4473528781679761,5.176537626893472));
#7219=IFCCARTESIANPOINT((-5.2806832679102342,5.176537626893472));
#7220=IFCPOLYLINE((#7206,#7207,#7208,#7209,#7210,#7211,#7212,#7213,#7214,#7215,#7216,#7217,#7218,#7219,#7206));
#7221=IFCCARTESIANPOINT((-4.0249793910397242,1.0955000270645854));
#7222=IFCCARTESIANPOINT((-4.0249793910397242,3.920833750022962));
#7223=IFCCARTESIANPOINT((-1.9059790988217544,3.920833750022962));
#7224=IFCCARTESIANPOINT((-0.29220341331268002,3.7896225050768351));
#7225=IFCCARTESIANPOINT((0.43129784386834447,3.3052445447599639));
#7226=IFCCARTESIANPOINT((0.68391014722279242,2.4860939688337114));
#7227=IFCCARTESIANPOINT((0.41290374411022984,1.6681696662238721));
#7228=IFCCARTESIANPOINT((-0.39275782532789377,1.2034120789836948));
#7229=IFCCARTESIANPOINT((-1.7318482877708334,1.0955000270645854));
#7230=IFCPOLYLINE((#7221,#7222,#7223,#7224,#7225,#7226,#7227,#7228,#7229,#7221));
#7231=IFCCARTESIANPOINT((-4.0249793910397242,-3.6133895111979317));
#7232=IFCCARTESIANPOINT((-4.0249793910397242,-0.16020384980484154));
#7233=IFCCARTESIANPOINT((-1.5724327565277036,-0.16020384980484154));
#7234=IFCCARTESIANPOINT((-0.021197010199034593,-0.32820329426936329));
#7235=IFCCARTESIANPOINT((0.75748654625849954,-0.91068311996537266));
#7236=IFCCARTESIANPOINT((0.99783611644123205,-1.8867966805019281));
#7237=IFCCARTESIANPOINT((0.27065603930771831,-3.2908796287591828));
#7238=IFCCARTESIANPOINT((-0.51783770368762139,-3.564338578507821));
#7239=IFCCARTESIANPOINT((-1.4498054248018861,-3.6133895111979317));
#7240=IFCPOLYLINE((#7231,#7232,#7233,#7234,#7235,#7236,#7237,#7238,#7239,#7231));
#7241=IFCARBITRARYPROFILEDEFWITHVOIDS(.AREA.,'600mm Arial',#7220,(#7230,#7240));
#7242=IFCCARTESIANPOINT((7122.0002297724304,8745.2765474618336,14.998536141044209));
#7243=IFCAXIS2PLACEMENT3D(#7242,#35,#200);
#7244=IFCEXTRUDEDAREASOLID(#7241,#7243,#35,2.9999999999999991);
#7245=IFCCARTESIANPOINT((-1.3268137457011611,-4.8996698461010411));
#7246=IFCCARTESIANPOINT((1.2385737738841462,-4.8996698461010402));
#7247=IFCCARTESIANPOINT((3.4327433075931442,-3.6720573472428413));
#7248=IFCCARTESIANPOINT((4.6635791403754103,-1.3627551792177652));
#7249=IFCCARTESIANPOINT((4.6051898443436636,1.1455771610860952));
#7250=IFCCARTESIANPOINT((3.2210636452083321,3.24985442396172));
#7251=IFCCARTESIANPOINT((0.70277759816301244,4.4582001901848773));
#7252=IFCCARTESIANPOINT((-2.0476693825247367,4.4906105519503159));
#7253=IFCCARTESIANPOINT((-4.2273007951231785,3.2495959241866874));
#7254=IFCCARTESIANPOINT((-5.4317831327416037,0.96192450147496433));
#7255=IFCCARTESIANPOINT((-4.830360253467461,-2.7216105341741694));
#7256=IFCPOLYLINE((#7245,#7246,#7247,#7248,#7249,#7250,#7251,#7252,#7253,#7254,#7255,#7245));
#7257=IFCCARTESIANPOINT((-1.0339516722368967,-3.6785333234566688));
#7258=IFCCARTESIANPOINT((-3.8510101175249716,-1.9574816833778343));
#7259=IFCCARTESIANPOINT((-4.2062573894330217,0.68818554966040824));
#7260=IFCCARTESIANPOINT((-3.3194525174754999,2.3756562518962796));
#7261=IFCCARTESIANPOINT((-1.7030393587300159,3.2841985516151349));
#7262=IFCCARTESIANPOINT((0.41230591490514545,3.2365150149564643));
#7263=IFCCARTESIANPOINT((3.0123294734537853,1.6168626957699648));
#7264=IFCCARTESIANPOINT((3.4380533970678839,-1.0890162274034514));
#7265=IFCCARTESIANPOINT((1.8894721032187292,-3.3190973000987558));
#7266=IFCPOLYLINE((#7257,#7258,#7259,#7260,#7261,#7262,#7263,#7264,#7265,#7257));
#7267=IFCARBITRARYPROFILEDEFWITHVOIDS(.AREA.,'600mm Arial',#7256,(#7266));
#7268=IFCCARTESIANPOINT((7176.0469044034062,8745.4523584265862,14.998536141044211));
#7269=IFCDIRECTION((-0.22370729883665688,0.97465637249607451,0.));
#7270=IFCAXIS2PLACEMENT3D(#7268,#35,#7269);
#7271=IFCEXTRUDEDAREASOLID(#7267,#7270,#35,2.9999999999999987);
#7272=IFCSHAPEREPRESENTATION(#16,'Body','SweptSolid',(#7108,#7117,#7145,#7167,#7178,#7205,#7244,#7271));
#7273=IFCPRODUCTDEFINITIONSHAPE($,$,(#7272));
#7274=IFCBUILDINGELEMENTPROXY('021fctLO9BvvcLxrYNuACe',#6,'Texto do modelo:600mm Arial:521866',$,$,#7088,#7273,'521866',$);
#7275=IFCPROPERTYSET('3FMwHK_PPb6aRN8A_kkSKB',#6,'Pset_BuildingElementProxyCommon',$,(#7082));
#7276=IFCPROPERTYSET('03KVJyEyTE6lIc26TD2aMV',#6,'Pset_QuantityTakeOff',$,(#7082));
#7277=IFCRELDEFINESBYPROPERTIES('3KWNvmUt7wfaHqXNxj5wW8',#6,$,$,(#7274),#7275);
#7278=IFCRELDEFINESBYPROPERTIES('2G2vpsWpvvLS55qj4izsWT',#6,$,$,(#7274),#7276);
#7279=IFCAXIS2PLACEMENT3D(#11,$,$);
#7280=IFCLOCALPLACEMENT(#25,#7279);
#7281=IFCCARTESIANPOINT((-4.6322065801581287,-4.353433779367367));
#7282=IFCCARTESIANPOINT((-3.3765027032876191,-4.353433779367367));
#7283=IFCCARTESIANPOINT((-3.3765027032876191,4.4364933587229531));
#7284=IFCCARTESIANPOINT((-0.85037966974097401,-4.353433779367367));
#7285=IFCCARTESIANPOINT((0.84923514797660571,-4.353433779367367));
#7286=IFCCARTESIANPOINT((3.3729056348893409,4.4364933587240358));
#7287=IFCCARTESIANPOINT((3.3729056348893409,-4.353433779367367));
#7288=IFCCARTESIANPOINT((4.6286095117587678,-4.353433779367367));
#7289=IFCCARTESIANPOINT((4.6286095117587678,5.6921972355934631));
#7290=IFCCARTESIANPOINT((2.4679159267534998,5.6921972355934631));
#7291=IFCCARTESIANPOINT((0.44701749991575074,-1.2656775665167375));
#7292=IFCCARTESIANPOINT((-0.0017985341991391124,-2.8671905188530133));
#7293=IFCCARTESIANPOINT((-0.41873146206670242,-1.388304898242555));
#7294=IFCCARTESIANPOINT((-2.4788706350567566,5.6921972355934631));
#7295=IFCCARTESIANPOINT((-4.6322065801581287,5.6921972355934631));
#7296=IFCPOLYLINE((#7281,#7282,#7283,#7284,#7285,#7286,#7287,#7288,#7289,#7290,#7291,#7292,#7293,#7294,#7295,#7281));
#7297=IFCARBITRARYCLOSEDPROFILEDEF(.AREA.,'600mm Arial',#7296);
#7298=IFCCARTESIANPOINT((7092.4744191036007,8745.7922070705354,14.998536141044209));
#7299=IFCAXIS2PLACEMENT3D(#7298,#35,#200);
#7300=IFCEXTRUDEDAREASOLID(#7297,#7299,#35,2.9999999999999991);
#7301=IFCCARTESIANPOINT((-1.0987408922623729,-0.94177790765098734));
#7302=IFCCARTESIANPOINT((-0.15696298460921981,-0.94177790765098734));
#7303=IFCCARTESIANPOINT((1.4126668614775639,0.94177790765315317));
#7304=IFCCARTESIANPOINT((-0.15696298460921981,0.94177790765315317));
#7305=IFCPOLYLINE((#7301,#7302,#7303,#7304,#7301));
#7306=IFCARBITRARYCLOSEDPROFILEDEF(.AREA.,'600mm Arial',#7305);
#7307=IFCCARTESIANPOINT((7081.0964012536642,8738.5303799888552,14.998536141044214));
#7308=IFCAXIS2PLACEMENT3D(#7307,#35,#200);
#7309=IFCEXTRUDEDAREASOLID(#7306,#7308,#35,2.9999999999999991);
#7310=IFCCARTESIANPOINT((-5.203793011219247,-4.7667287630606294));
#7311=IFCCARTESIANPOINT((-1.5715714455063334,-4.7667287630606294));
#7312=IFCCARTESIANPOINT((0.043430513319154332,-4.5950504986447021));
#7313=IFCCARTESIANPOINT((1.2439520909131545,-4.0910521652522194));
#7314=IFCCARTESIANPOINT((2.1612045322207112,-3.179931090531062));
#7315=IFCCARTESIANPOINT((2.8479175898833406,-1.7169870230448083));
#7316=IFCCARTESIANPOINT((3.1152451730455795,0.31004277037934003));
#7317=IFCCARTESIANPOINT((2.7203851648897031,2.6988231923934594));
#7318=IFCCARTESIANPOINT((1.5309000471510046,4.4156058365527402));
#7319=IFCCARTESIANPOINT((0.054466973174456257,5.1342020004637794));
#7320=IFCCARTESIANPOINT((-1.7383446166533589,5.2789022519002007));
#7321=IFCCARTESIANPOINT((-5.203793011219247,5.2789022519002007));
#7322=IFCPOLYLINE((#7310,#7311,#7312,#7313,#7314,#7315,#7316,#7317,#7318,#7319,#7320,#7321,#7310));
#7323=IFCCARTESIANPOINT((-3.9480891343487374,-3.5110248861901199));
#7324=IFCCARTESIANPOINT((-3.9480891343487374,4.0231983750307734));
#7325=IFCCARTESIANPOINT((-1.7604175363639627,4.0231983750307734));
#7326=IFCCARTESIANPOINT((0.020131320291054067,3.8220895510003459));
#7327=IFCCARTESIANPOINT((1.3236598565341779,2.7086333789323476));
#7328=IFCCARTESIANPOINT((1.8595412961750697,0.32966314345495107));
#7329=IFCCARTESIANPOINT((1.5860823464275142,-1.569834224974477));
#7330=IFCCARTESIANPOINT((0.82211406977668844,-2.8169541886235949));
#7331=IFCCARTESIANPOINT((-0.10985365133757626,-3.3295364352363861));
#7332=IFCCARTESIANPOINT((-1.7260818834805605,-3.5110248861901199));
#7333=IFCPOLYLINE((#7323,#7324,#7325,#7326,#7327,#7328,#7329,#7330,#7331,#7332,#7323));
#7334=IFCARBITRARYPROFILEDEFWITHVOIDS(.AREA.,'600mm Arial',#7322,(#7333));
#7335=IFCCARTESIANPOINT((7069.6140888580949,8745.3789120868423,14.998536141044209));
#7336=IFCAXIS2PLACEMENT3D(#7335,#35,#200);
#7337=IFCEXTRUDEDAREASOLID(#7334,#7336,#35,2.9999999999999991);
#7338=IFCCARTESIANPOINT((-6.0399010235578858,-2.780178011392775));
#7339=IFCCARTESIANPOINT((-6.0399010235578858,-4.0358818882622023));
#7340=IFCCARTESIANPOINT((-0.24453332620687718,-4.0358818882622023));
#7341=IFCCARTESIANPOINT((2.157736102297537,-3.6949779060653385));
#7342=IFCCARTESIANPOINT((3.6047386166595858,-2.4662520421754182));
#7343=IFCCARTESIANPOINT((4.1626929760110816,-0.13633273938921492));
#7344=IFCCARTESIANPOINT((3.6770887423777965,2.1580246371971725));
#7345=IFCCARTESIANPOINT((2.270553247485549,3.4308963405093835));
#7346=IFCCARTESIANPOINT((-0.24453332620687718,3.8122673421760482));
#7347=IFCCARTESIANPOINT((-6.0399010235578858,3.8122673421760482));
#7348=IFCCARTESIANPOINT((-6.0399010235578858,2.5565634653055382));
#7349=IFCCARTESIANPOINT((-0.28867916562808488,2.5565634653055382));
#7350=IFCCARTESIANPOINT((1.6255334826091343,2.3088562552199932));
#7351=IFCCARTESIANPOINT((2.5734427568476037,1.4578225730442484));
#7352=IFCCARTESIANPOINT((2.9069890991416543,-0.018610500932300055));
#7353=IFCCARTESIANPOINT((2.2472540544574486,-2.1449684330541658));
#7354=IFCCARTESIANPOINT((-0.28867916562808488,-2.780178011392775));
#7355=IFCPOLYLINE((#7338,#7339,#7340,#7341,#7342,#7343,#7344,#7345,#7346,#7347,#7348,#7349,#7350,#7351,#7352,#7353,#7354,#7338));
#7356=IFCARBITRARYCLOSEDPROFILEDEF(.AREA.,'600mm Arial',#7355);
#7357=IFCCARTESIANPOINT((7060.959983512178,8746.1399108584992,14.998536141044209));
#7358=IFCAXIS2PLACEMENT3D(#7357,#1605,#1606);
#7359=IFCEXTRUDEDAREASOLID(#7356,#7358,#1605,2.9999999999999991);
#7360=IFCCARTESIANPOINT((-2.5114077537399369,-3.7671116306104468));
#7361=IFCCARTESIANPOINT((3.7671116306104468,-3.7671116306104468));
#7362=IFCCARTESIANPOINT((3.7671116306104468,-2.5114077537399369));
#7363=IFCCARTESIANPOINT((-1.2557038768705098,-2.5114077537399369));
#7364=IFCCARTESIANPOINT((-1.2557038768705098,6.2785193843503837));
#7365=IFCCARTESIANPOINT((-2.5114077537399369,6.2785193843503837));
#7366=IFCPOLYLINE((#7360,#7361,#7362,#7363,#7364,#7365,#7360));
#7367=IFCARBITRARYCLOSEDPROFILEDEF(.AREA.,'600mm Arial',#7366);
#7368=IFCCARTESIANPOINT((7052.2152120856517,8746.3785292192915,14.998536141044214));
#7369=IFCAXIS2PLACEMENT3D(#7368,#35,#200);
#7370=IFCEXTRUDEDAREASOLID(#7367,#7369,#35,2.9999999999999991);
#7371=IFCCARTESIANPOINT((-1.3268137457018661,-4.8996698461019701));
#7372=IFCCARTESIANPOINT((1.2385737738823861,-4.8996698461019692));
#7373=IFCCARTESIANPOINT((3.4327433075927982,-3.6720573472431668));
#7374=IFCCARTESIANPOINT((4.6635791403750391,-1.3627551792192631));
#7375=IFCCARTESIANPOINT((4.6051898443435295,1.1455771610846028));
#7376=IFCCARTESIANPOINT((3.221063645208639,3.2498544239614144));
#7377=IFCCARTESIANPOINT((0.70277759816343344,4.4582001901848098));
#7378=IFCCARTESIANPOINT((-2.0476693825245551,4.4906105519494544));
#7379=IFCCARTESIANPOINT((-4.2273007951228712,3.2495959241870889));
#7380=IFCCARTESIANPOINT((-5.4317831327415123,0.96192450147547948));
#7381=IFCCARTESIANPOINT((-4.8303602534677186,-2.7216105341737111));
#7382=IFCPOLYLINE((#7371,#7372,#7373,#7374,#7375,#7376,#7377,#7378,#7379,#7380,#7381,#7371));
#7383=IFCCARTESIANPOINT((-1.0339516722372439,-3.6785333234565702));
#7384=IFCCARTESIANPOINT((-3.8510101175253992,-1.9574816833785242));
#7385=IFCCARTESIANPOINT((-4.2062573894329569,0.68818554966080736));
#7386=IFCCARTESIANPOINT((-3.3194525174763312,2.3756562518968369));
#7387=IFCCARTESIANPOINT((-1.7030393587299479,3.2841985516142413));
#7388=IFCCARTESIANPOINT((0.41230591490545099,3.2365150149564244));
#7389=IFCCARTESIANPOINT((3.01232947345264,1.6168626957688657));
#7390=IFCCARTESIANPOINT((3.4380533970677813,-1.0890162274037776));
#7391=IFCCARTESIANPOINT((1.8894721032184154,-3.3190973000989348));
#7392=IFCPOLYLINE((#7383,#7384,#7385,#7386,#7387,#7388,#7389,#7390,#7391,#7383));
#7393=IFCARBITRARYPROFILEDEFWITHVOIDS(.AREA.,'600mm Arial',#7382,(#7392));
#7394=IFCCARTESIANPOINT((7042.4340101896487,8745.4523584265862,14.998536141044211));
#7395=IFCDIRECTION((-0.22370729883674892,0.97465637249605341,0.));
#7396=IFCAXIS2PLACEMENT3D(#7394,#35,#7395);
#7397=IFCEXTRUDEDAREASOLID(#7393,#7396,#35,2.9999999999999991);
#7398=IFCCARTESIANPOINT((-0.32772919537057166,-3.5929808894241249));
#7399=IFCCARTESIANPOINT((-0.67419516327107365,-4.8426042959009763));
#7400=IFCCARTESIANPOINT((2.2631294805503011,-4.8170799933815678));
#7401=IFCCARTESIANPOINT((4.3312581628732314,-2.9744341846143016));
#7402=IFCCARTESIANPOINT((5.0643834595918786,-0.38087843109806513));
#7403=IFCCARTESIANPOINT((4.1743661717876037,1.9011409049048003));
#7404=IFCCARTESIANPOINT((2.1101865803545183,3.6978130955479336));
#7405=IFCCARTESIANPOINT((-0.55185507533409672,4.5454155267071501));
#7406=IFCCARTESIANPOINT((-2.9293381351212742,3.9637507239058292));
#7407=IFCCARTESIANPOINT((-4.658085962474968,2.174627955007554));
#7408=IFCCARTESIANPOINT((-5.2359813386495713,-0.3951557509448983));
#7409=IFCCARTESIANPOINT((-4.0361517056601164,-2.7240836637906551));
#7410=IFCCARTESIANPOINT((-3.1499433001632671,-1.7854922057686056));
#7411=IFCCARTESIANPOINT((-3.973307261246124,-0.12215978315704422));
#7412=IFCCARTESIANPOINT((-3.5456105017728454,1.5901653217100977));
#7413=IFCCARTESIANPOINT((-2.099389302770569,3.0240932579417286));
#7414=IFCCARTESIANPOINT((-0.29580461779915412,3.2656155702256662));
#7415=IFCCARTESIANPOINT((1.4810995722954237,2.6110528746798884));
#7416=IFCCARTESIANPOINT((3.166132619237624,1.2027049016606777));
#7417=IFCCARTESIANPOINT((3.7745518963161846,-0.50943137959265605));
#7418=IFCCARTESIANPOINT((3.3057247035114146,-2.2390986652166802));
#7419=IFCCARTESIANPOINT((1.8065589131000599,-3.5929808894241262));
#7420=IFCPOLYLINE((#7398,#7399,#7400,#7401,#7402,#7403,#7404,#7405,#7406,#7407,#7408,#7409,#7410,#7411,#7412,#7413,#7414,#7415,#7416,#7417,#7418,#7419,#7398));
#7421=IFCARBITRARYCLOSEDPROFILEDEF(.AREA.,'600mm Arial',#7420);
#7422=IFCCARTESIANPOINT((7028.4942925160458,8745.06474457894,14.998536141044211));
#7423=IFCDIRECTION((0.49929131332698445,0.86643417778629617,0.));
#7424=IFCAXIS2PLACEMENT3D(#7422,#1605,#7423);
#7425=IFCEXTRUDEDAREASOLID(#7421,#7424,#1605,2.9999999999999987);
#7426=IFCCARTESIANPOINT((-1.3268137457014031,-4.8996698461020962));
#7427=IFCCARTESIANPOINT((1.2385737738839042,-4.8996698461020953));
#7428=IFCCARTESIANPOINT((3.4327433075929021,-3.6720573472438964));
#7429=IFCCARTESIANPOINT((4.6635791403751679,-1.3627551792188208));
#7430=IFCCARTESIANPOINT((4.6051898443434212,1.1455771610850398));
#7431=IFCCARTESIANPOINT((3.2210636452080896,3.2498544239606648));
#7432=IFCCARTESIANPOINT((0.7027775981627703,4.4582001901838213));
#7433=IFCCARTESIANPOINT((-2.0476693825249788,4.4906105519492607));
#7434=IFCCARTESIANPOINT((-4.2273007951234201,3.2495959241856323));
#7435=IFCCARTESIANPOINT((-5.4317831327418453,0.96192450147390895));
#7436=IFCCARTESIANPOINT((-4.8303602534677026,-2.7216105341752255));
#7437=IFCPOLYLINE((#7426,#7427,#7428,#7429,#7430,#7431,#7432,#7433,#7434,#7435,#7436,#7426));
#7438=IFCCARTESIANPOINT((-1.0339516722371389,-3.678533323457724));
#7439=IFCCARTESIANPOINT((-3.8510101175252145,-1.9574816833788897));
#7440=IFCCARTESIANPOINT((-4.2062573894332642,0.68818554965935286));
#7441=IFCCARTESIANPOINT((-3.3194525174757419,2.375656251895224));
#7442=IFCCARTESIANPOINT((-1.7030393587302584,3.2841985516140797));
#7443=IFCCARTESIANPOINT((0.41230591490490315,3.2365150149554087));
#7444=IFCCARTESIANPOINT((3.0123294734535428,1.6168626957689094));
#7445=IFCCARTESIANPOINT((3.4380533970676415,-1.089016227404507));
#7446=IFCCARTESIANPOINT((1.8894721032184867,-3.3190973000998119));
#7447=IFCPOLYLINE((#7438,#7439,#7440,#7441,#7442,#7443,#7444,#7445,#7446,#7438));
#7448=IFCARBITRARYPROFILEDEFWITHVOIDS(.AREA.,'600mm Arial',#7437,(#7447));
#7449=IFCCARTESIANPOINT((7081.0469044034044,8745.4523584265862,14.998536141044211));
#7450=IFCDIRECTION((-0.22370729883665688,0.97465637249607451,0.));
#7451=IFCAXIS2PLACEMENT3D(#7449,#35,#7450);
#7452=IFCEXTRUDEDAREASOLID(#7448,#7451,#35,2.9999999999999987);
#7453=IFCSHAPEREPRESENTATION(#16,'Body','SweptSolid',(#7300,#7309,#7337,#7359,#7370,#7397,#7425,#7452));
#7454=IFCPRODUCTDEFINITIONSHAPE($,$,(#7453));
#7455=IFCBUILDINGELEMENTPROXY('021fctLO9BvvcLxrYNuACm',#6,'Texto do modelo:600mm Arial:521874',$,$,#7280,#7454,'521874',$);
#7456=IFCPROPERTYSET('3Ue9x$RUWA6$ikV$YcEM_G',#6,'Pset_BuildingElementProxyCommon',$,(#7082));
#7457=IFCPROPERTYSET('2LK1jQkG15GyOx3kC$2gRm',#6,'Pset_QuantityTakeOff',$,(#7082));
#7458=IFCRELDEFINESBYPROPERTIES('241LIE3kw42sbveEnva0eo',#6,$,$,(#7455),#7456);
#7459=IFCRELDEFINESBYPROPERTIES('36ivMhby$KgUtsBZgKSpnZ',#6,$,$,(#7455),#7457);
#7460=IFCAXIS2PLACEMENT3D(#11,$,$);
#7461=IFCLOCALPLACEMENT(#25,#7460);
#7462=IFCCARTESIANPOINT((-4.632206580157046,-4.353433779367367));
#7463=IFCCARTESIANPOINT((-3.3765027032865365,-4.353433779367367));
#7464=IFCCARTESIANPOINT((-3.3765027032865365,4.4364933587229531));
#7465=IFCCARTESIANPOINT((-0.85037966973989121,-4.353433779367367));
#7466=IFCCARTESIANPOINT((0.84923514797768862,-4.353433779367367));
#7467=IFCCARTESIANPOINT((3.3729056348904236,4.4364933587240358));
#7468=IFCCARTESIANPOINT((3.3729056348904236,-4.353433779367367));
#7469=IFCCARTESIANPOINT((4.6286095117598505,-4.353433779367367));
#7470=IFCCARTESIANPOINT((4.6286095117598505,5.6921972355934631));
#7471=IFCCARTESIANPOINT((2.4679159267545829,5.6921972355934631));
#7472=IFCCARTESIANPOINT((0.44701749991683359,-1.2656775665167375));
#7473=IFCCARTESIANPOINT((-0.0017985341980562453,-2.8671905188530133));
#7474=IFCCARTESIANPOINT((-0.41873146206561956,-1.388304898242555));
#7475=IFCCARTESIANPOINT((-2.478870635055674,5.6921972355934631));
#7476=IFCCARTESIANPOINT((-4.632206580157046,5.6921972355934631));
#7477=IFCPOLYLINE((#7462,#7463,#7464,#7465,#7466,#7467,#7468,#7469,#7470,#7471,#7472,#7473,#7474,#7475,#7476,#7462));
#7478=IFCARBITRARYCLOSEDPROFILEDEF(.AREA.,'600mm Arial',#7477);
#7479=IFCCARTESIANPOINT((6992.4744191036025,8745.7922070705354,14.998536141044209));
#7480=IFCAXIS2PLACEMENT3D(#7479,#35,#200);
#7481=IFCEXTRUDEDAREASOLID(#7478,#7480,#35,2.9999999999999991);
#7482=IFCCARTESIANPOINT((-1.0987408922623729,-0.94177790765098734));
#7483=IFCCARTESIANPOINT((-0.15696298460921981,-0.94177790765098734));
#7484=IFCCARTESIANPOINT((1.4126668614775639,0.94177790765315317));
#7485=IFCCARTESIANPOINT((-0.15696298460921981,0.94177790765315317));
#7486=IFCPOLYLINE((#7482,#7483,#7484,#7485,#7482));
#7487=IFCARBITRARYCLOSEDPROFILEDEF(.AREA.,'600mm Arial',#7486);
#7488=IFCCARTESIANPOINT((6981.0964012536651,8738.5303799888552,14.998536141044214));
#7489=IFCAXIS2PLACEMENT3D(#7488,#35,#200);
#7490=IFCEXTRUDEDAREASOLID(#7487,#7489,#35,2.9999999999999991);
#7491=IFCCARTESIANPOINT((-5.203793011219247,-4.7667287630606294));
#7492=IFCCARTESIANPOINT((-1.5715714455063334,-4.7667287630606294));
#7493=IFCCARTESIANPOINT((0.043430513319154332,-4.5950504986447021));
#7494=IFCCARTESIANPOINT((1.2439520909131545,-4.0910521652522194));
#7495=IFCCARTESIANPOINT((2.1612045322207112,-3.179931090531062));
#7496=IFCCARTESIANPOINT((2.8479175898833406,-1.7169870230448083));
#7497=IFCCARTESIANPOINT((3.1152451730455795,0.31004277037934003));
#7498=IFCCARTESIANPOINT((2.7203851648897031,2.6988231923934594));
#7499=IFCCARTESIANPOINT((1.5309000471510046,4.4156058365527402));
#7500=IFCCARTESIANPOINT((0.054466973174456257,5.1342020004637794));
#7501=IFCCARTESIANPOINT((-1.7383446166533589,5.2789022519002007));
#7502=IFCCARTESIANPOINT((-5.203793011219247,5.2789022519002007));
#7503=IFCPOLYLINE((#7491,#7492,#7493,#7494,#7495,#7496,#7497,#7498,#7499,#7500,#7501,#7502,#7491));
#7504=IFCCARTESIANPOINT((-3.9480891343487374,-3.5110248861901199));
#7505=IFCCARTESIANPOINT((-3.9480891343487374,4.0231983750307734));
#7506=IFCCARTESIANPOINT((-1.7604175363639627,4.0231983750307734));
#7507=IFCCARTESIANPOINT((0.020131320291054067,3.8220895510003459));
#7508=IFCCARTESIANPOINT((1.3236598565341779,2.7086333789323476));
#7509=IFCCARTESIANPOINT((1.8595412961750697,0.32966314345495107));
#7510=IFCCARTESIANPOINT((1.5860823464275142,-1.569834224974477));
#7511=IFCCARTESIANPOINT((0.82211406977668844,-2.8169541886235949));
#7512=IFCCARTESIANPOINT((-0.10985365133757626,-3.3295364352363861));
#7513=IFCCARTESIANPOINT((-1.7260818834805605,-3.5110248861901199));
#7514=IFCPOLYLINE((#7504,#7505,#7506,#7507,#7508,#7509,#7510,#7511,#7512,#7513,#7504));
#7515=IFCARBITRARYPROFILEDEFWITHVOIDS(.AREA.,'600mm Arial',#7503,(#7514));
#7516=IFCCARTESIANPOINT((6969.6140888580967,8745.3789120868423,14.998536141044209));
#7517=IFCAXIS2PLACEMENT3D(#7516,#35,#200);
#7518=IFCEXTRUDEDAREASOLID(#7515,#7517,#35,2.9999999999999991);
#7519=IFCCARTESIANPOINT((-6.0399010235578858,-2.780178011392775));
#7520=IFCCARTESIANPOINT((-6.0399010235578858,-4.0358818882622023));
#7521=IFCCARTESIANPOINT((-0.24453332620687718,-4.0358818882622023));
#7522=IFCCARTESIANPOINT((2.157736102297537,-3.6949779060653385));
#7523=IFCCARTESIANPOINT((3.6047386166595858,-2.4662520421754182));
#7524=IFCCARTESIANPOINT((4.1626929760110816,-0.13633273938921492));
#7525=IFCCARTESIANPOINT((3.6770887423777965,2.1580246371971725));
#7526=IFCCARTESIANPOINT((2.270553247485549,3.4308963405093835));
#7527=IFCCARTESIANPOINT((-0.24453332620687718,3.8122673421760482));
#7528=IFCCARTESIANPOINT((-6.0399010235578858,3.8122673421760482));
#7529=IFCCARTESIANPOINT((-6.0399010235578858,2.5565634653055382));
#7530=IFCCARTESIANPOINT((-0.28867916562808488,2.5565634653055382));
#7531=IFCCARTESIANPOINT((1.6255334826091343,2.3088562552199932));
#7532=IFCCARTESIANPOINT((2.5734427568476037,1.4578225730442484));
#7533=IFCCARTESIANPOINT((2.9069890991416543,-0.018610500932300055));
#7534=IFCCARTESIANPOINT((2.2472540544574486,-2.1449684330541658));
#7535=IFCCARTESIANPOINT((-0.28867916562808488,-2.780178011392775));
#7536=IFCPOLYLINE((#7519,#7520,#7521,#7522,#7523,#7524,#7525,#7526,#7527,#7528,#7529,#7530,#7531,#7532,#7533,#7534,#7535,#7519));
#7537=IFCARBITRARYCLOSEDPROFILEDEF(.AREA.,'600mm Arial',#7536);
#7538=IFCCARTESIANPOINT((6960.959983512179,8746.1399108584992,14.998536141044209));
#7539=IFCAXIS2PLACEMENT3D(#7538,#1605,#1606);
#7540=IFCEXTRUDEDAREASOLID(#7537,#7539,#1605,2.9999999999999991);
#7541=IFCCARTESIANPOINT((-2.5114077537399369,-3.7671116306104468));
#7542=IFCCARTESIANPOINT((3.7671116306104468,-3.7671116306104468));
#7543=IFCCARTESIANPOINT((3.7671116306104468,-2.5114077537399369));
#7544=IFCCARTESIANPOINT((-1.2557038768705098,-2.5114077537399369));
#7545=IFCCARTESIANPOINT((-1.2557038768705098,6.2785193843503837));
#7546=IFCCARTESIANPOINT((-2.5114077537399369,6.2785193843503837));
#7547=IFCPOLYLINE((#7541,#7542,#7543,#7544,#7545,#7546,#7541));
#7548=IFCARBITRARYCLOSEDPROFILEDEF(.AREA.,'600mm Arial',#7547);
#7549=IFCCARTESIANPOINT((6952.2152120856526,8746.3785292192915,14.998536141044214));
#7550=IFCAXIS2PLACEMENT3D(#7549,#35,#200);
#7551=IFCEXTRUDEDAREASOLID(#7548,#7550,#35,2.9999999999999991);
#7552=IFCCARTESIANPOINT((-1.3268137457018661,-4.8996698461019701));
#7553=IFCCARTESIANPOINT((1.2385737738823861,-4.8996698461019692));
#7554=IFCCARTESIANPOINT((3.4327433075927982,-3.6720573472431668));
#7555=IFCCARTESIANPOINT((4.6635791403750391,-1.3627551792192631));
#7556=IFCCARTESIANPOINT((4.6051898443435295,1.1455771610846028));
#7557=IFCCARTESIANPOINT((3.221063645208639,3.2498544239614144));
#7558=IFCCARTESIANPOINT((0.70277759816343344,4.4582001901848098));
#7559=IFCCARTESIANPOINT((-2.0476693825245551,4.4906105519494544));
#7560=IFCCARTESIANPOINT((-4.2273007951228712,3.2495959241870889));
#7561=IFCCARTESIANPOINT((-5.4317831327415123,0.96192450147547948));
#7562=IFCCARTESIANPOINT((-4.8303602534677186,-2.7216105341737111));
#7563=IFCPOLYLINE((#7552,#7553,#7554,#7555,#7556,#7557,#7558,#7559,#7560,#7561,#7562,#7552));
#7564=IFCCARTESIANPOINT((-1.0339516722372439,-3.6785333234565702));
#7565=IFCCARTESIANPOINT((-3.8510101175253992,-1.9574816833785242));
#7566=IFCCARTESIANPOINT((-4.2062573894329569,0.68818554966080736));
#7567=IFCCARTESIANPOINT((-3.3194525174763312,2.3756562518968369));
#7568=IFCCARTESIANPOINT((-1.7030393587299479,3.2841985516142413));
#7569=IFCCARTESIANPOINT((0.41230591490545099,3.2365150149564244));
#7570=IFCCARTESIANPOINT((3.01232947345264,1.6168626957688657));
#7571=IFCCARTESIANPOINT((3.4380533970677813,-1.0890162274037776));
#7572=IFCCARTESIANPOINT((1.8894721032184154,-3.3190973000989348));
#7573=IFCPOLYLINE((#7564,#7565,#7566,#7567,#7568,#7569,#7570,#7571,#7572,#7564));
#7574=IFCARBITRARYPROFILEDEFWITHVOIDS(.AREA.,'600mm Arial',#7563,(#7573));
#7575=IFCCARTESIANPOINT((6942.4340101896496,8745.4523584265862,14.998536141044211));
#7576=IFCDIRECTION((-0.22370729883674892,0.97465637249605341,0.));
#7577=IFCAXIS2PLACEMENT3D(#7575,#35,#7576);
#7578=IFCEXTRUDEDAREASOLID(#7574,#7577,#35,2.9999999999999991);
#7579=IFCCARTESIANPOINT((-5.2037930112203297,-4.766728763061713));
#7580=IFCCARTESIANPOINT((-1.5715714455074163,-4.766728763061713));
#7581=IFCCARTESIANPOINT((0.043430513318071462,-4.5950504986457847));
#7582=IFCCARTESIANPOINT((1.2439520909120716,-4.0910521652533021));
#7583=IFCCARTESIANPOINT((2.161204532219628,-3.1799310905321447));
#7584=IFCCARTESIANPOINT((2.8479175898833406,-1.7169870230458912));
#7585=IFCCARTESIANPOINT((3.1152451730444968,0.31004277037825717));
#7586=IFCCARTESIANPOINT((2.7203851648886199,2.6988231923934594));
#7587=IFCCARTESIANPOINT((1.5309000471499219,4.4156058365516575));
#7588=IFCCARTESIANPOINT((0.054466973173373394,5.1342020004637794));
#7589=IFCCARTESIANPOINT((-1.7383446166544416,5.2789022519002007));
#7590=IFCCARTESIANPOINT((-5.2037930112203297,5.2789022519002007));
#7591=IFCPOLYLINE((#7579,#7580,#7581,#7582,#7583,#7584,#7585,#7586,#7587,#7588,#7589,#7590,#7579));
#7592=IFCCARTESIANPOINT((-3.9480891343498201,-3.5110248861912026));
#7593=IFCCARTESIANPOINT((-3.9480891343498201,4.0231983750296907));
#7594=IFCCARTESIANPOINT((-1.7604175363650456,4.0231983750296907));
#7595=IFCCARTESIANPOINT((0.020131320291054067,3.8220895509992632));
#7596=IFCCARTESIANPOINT((1.3236598565341779,2.7086333789312649));
#7597=IFCCARTESIANPOINT((1.8595412961750697,0.32966314345495107));
#7598=IFCCARTESIANPOINT((1.5860823464264315,-1.569834224974477));
#7599=IFCCARTESIANPOINT((0.82211406977560564,-2.8169541886246776));
#7600=IFCCARTESIANPOINT((-0.10985365133865913,-3.3295364352374692));
#7601=IFCCARTESIANPOINT((-1.7260818834816434,-3.5110248861912026));
#7602=IFCPOLYLINE((#7592,#7593,#7594,#7595,#7596,#7597,#7598,#7599,#7600,#7601,#7592));
#7603=IFCARBITRARYPROFILEDEFWITHVOIDS(.AREA.,'600mm Arial',#7591,(#7602));
#7604=IFCCARTESIANPOINT((6927.0771200291201,8745.3789120868405,14.998536141044209));
#7605=IFCAXIS2PLACEMENT3D(#7604,#35,#200);
#7606=IFCEXTRUDEDAREASOLID(#7603,#7605,#35,2.9999999999999991);
#7607=IFCCARTESIANPOINT((-1.3268137457014031,-4.8996698461020962));
#7608=IFCCARTESIANPOINT((1.2385737738839042,-4.8996698461020953));
#7609=IFCCARTESIANPOINT((3.4327433075929021,-3.6720573472438964));
#7610=IFCCARTESIANPOINT((4.6635791403751679,-1.3627551792188208));
#7611=IFCCARTESIANPOINT((4.6051898443434212,1.1455771610850398));
#7612=IFCCARTESIANPOINT((3.2210636452080896,3.2498544239606648));
#7613=IFCCARTESIANPOINT((0.7027775981627703,4.4582001901838213));
#7614=IFCCARTESIANPOINT((-2.0476693825249788,4.4906105519492607));
#7615=IFCCARTESIANPOINT((-4.2273007951234201,3.2495959241856323));
#7616=IFCCARTESIANPOINT((-5.4317831327418453,0.96192450147390895));
#7617=IFCCARTESIANPOINT((-4.8303602534677026,-2.7216105341752255));
#7618=IFCPOLYLINE((#7607,#7608,#7609,#7610,#7611,#7612,#7613,#7614,#7615,#7616,#7617,#7607));
#7619=IFCCARTESIANPOINT((-1.0339516722371389,-3.678533323457724));
#7620=IFCCARTESIANPOINT((-3.8510101175252145,-1.9574816833788897));
#7621=IFCCARTESIANPOINT((-4.2062573894332642,0.68818554965935286));
#7622=IFCCARTESIANPOINT((-3.3194525174757419,2.375656251895224));
#7623=IFCCARTESIANPOINT((-1.7030393587302584,3.2841985516140797));
#7624=IFCCARTESIANPOINT((0.41230591490490315,3.2365150149554087));
#7625=IFCCARTESIANPOINT((3.0123294734535428,1.6168626957689094));
#7626=IFCCARTESIANPOINT((3.4380533970676415,-1.089016227404507));
#7627=IFCCARTESIANPOINT((1.8894721032184867,-3.3190973000998119));
#7628=IFCPOLYLINE((#7619,#7620,#7621,#7622,#7623,#7624,#7625,#7626,#7627,#7619));
#7629=IFCARBITRARYPROFILEDEFWITHVOIDS(.AREA.,'600mm Arial',#7618,(#7628));
#7630=IFCCARTESIANPOINT((6981.0469044034053,8745.4523584265862,14.998536141044211));
#7631=IFCDIRECTION((-0.22370729883665688,0.97465637249607451,0.));
#7632=IFCAXIS2PLACEMENT3D(#7630,#35,#7631);
#7633=IFCEXTRUDEDAREASOLID(#7629,#7632,#35,2.9999999999999987);
#7634=IFCSHAPEREPRESENTATION(#16,'Body','SweptSolid',(#7481,#7490,#7518,#7540,#7551,#7578,#7606,#7633));
#7635=IFCPRODUCTDEFINITIONSHAPE($,$,(#7634));
#7636=IFCBUILDINGELEMENTPROXY('021fctLO9BvvcLxrYNuACy',#6,'Texto do modelo:600mm Arial:521886',$,$,#7461,#7635,'521886',$);
#7637=IFCPROPERTYSET('0$7OAkujNGkszcE26q6GSj',#6,'Pset_BuildingElementProxyCommon',$,(#7082));
#7638=IFCPROPERTYSET('0yWmKk5$AhYItvjlgJx$mS',#6,'Pset_QuantityTakeOff',$,(#7082));
#7639=IFCRELDEFINESBYPROPERTIES('107evi67_qMRFLiAHA0jr8',#6,$,$,(#7636),#7637);
#7640=IFCRELDEFINESBYPROPERTIES('2XZg7HxKUuqWaKdNK7GSHP',#6,$,$,(#7636),#7638);
#7641=IFCGROUP('1zzk4Pvb51xAijoPDrx4J5',#6,'Grupo de modelos:Parede B:443114',$,'Grupo de modelos:Parede B');
#7642=IFCGROUP('1kkNhPW5XF4BusAPV6zOmM',#6,'Grupo de modelos:Blue Tiles - Tanque:482299',$,'Grupo de modelos:Blue Tiles - Tanque');
#7643=IFCGROUP('1kkNhPW5XF4BusAPV6zRLD',#6,'Grupo de modelos:Blue Tiles - Parede B:484000',$,'Grupo de modelos:Blue Tiles - Parede B');
#7644=IFCGROUP('1kkNhPW5XF4BusAPV6zRH4',#6,'Grupo de modelos:Green Tiles - Parede B:484265',$,'Grupo de modelos:Green Tiles - Parede B');
#7645=IFCGROUP('1kkNhPW5XF4BusAPV6zL4j',#6,'Grupo de modelos:Flooring:493248',$,'Grupo de modelos:Flooring');
#7646=IFCGROUP('1kkNhPW5XF4BusAPV6zL1K',#6,'Grupo de modelos:Wall A (membros exclu\X\EDdos):493497',$,'Grupo de modelos:Wall A');
#7647=IFCRELASSIGNSTOGROUP('1zzk4Pvb51xAijoP9rx4J5',#6,$,$,(#203,#215,#226,#237,#248,#259,#270,#281,#292,#303,#314,#336,#358,#380,#391,#402,#424,#435,#446,#457,#468,#479,#501,#512,#523,#534,#545,#556,#567,#578,#589,#600,#611,#622,#633,#644,#655,#666,#677,#688,#699,#710,#721,#732,#762,#784,#805,#826,#848,#870,#892,#913,#935,#957,#979,#1001,#1023,#1034,#1045,#1056,#1067,#1078,#1089,#1100,#1111,#1122,#1133,#1144,#1155,#1166,#1188,#1199,#1220,#1241,#1252,#1263,#1274,#1285,#1296,#1307,#1318,#1329,#1340,#1351,#1362,#1373,#1384,#1395,#1406,#1417,#1428,#1449,#1470,#1495,#1655,#6035,#6057,#6068,#6080,#6091,#6711,#6732,#6753,#6779,#6805,#6885,#6908),$,#7641);
#7648=IFCRELASSIGNSTOGROUP('1kkNhPW5XF4BusAPR6zOmM',#6,$,$,(#2299,#2322,#2333,#2344,#2355,#2366,#2377,#2399,#2410,#2421,#2432,#2443,#2454,#2465,#2476,#2487,#2498,#2509,#2520,#2531,#2542,#2553,#2564,#2575,#2597,#2619,#2630,#2641,#2652,#2663,#2674,#2696,#2707,#2718,#2729,#2740,#2751,#2762,#2773,#2784),$,#7642);
#7649=IFCRELASSIGNSTOGROUP('1kkNhPW5XF4BusAPR6zRLD',#6,$,$,(#2894,#2905,#2916,#2927,#2938,#2949,#2960,#2971,#2982,#2993,#3004,#3015,#3026,#3037,#3048,#3059,#3070,#3081,#3092,#3103),$,#7643);
#7650=IFCRELASSIGNSTOGROUP('1kkNhPW5XF4BusAPR6zRH4',#6,$,$,(#3134,#3146,#3157,#3168,#3190,#3202,#3213,#3224,#3235,#3246,#3257,#3268,#3279,#3290,#3301,#3312,#3323,#3334,#3345,#3356,#3367,#3378,#3389,#3400,#3422,#3433,#3444,#3455,#3477,#3488,#3499,#3510,#3521,#3532,#3543,#3554,#3565,#3576,#3587,#3598,#3625,#3652,#3678,#3704,#6827,#6839,#6850,#6861),$,#7644);
#7651=IFCRELASSIGNSTOGROUP('1kkNhPW5XF4BusAPR6zL4j',#6,$,$,(#3856,#3868,#3879,#3890,#3915,#3940,#3965,#3990,#4014,#4039,#4060,#4082,#4104,#4126,#4148,#4170,#4192),$,#7645);
#7652=IFCRELASSIGNSTOGROUP('1kkNhPW5XF4BusAPR6zL1K',#6,$,$,(#4214,#4225,#4236,#4247,#4269,#4291,#4313,#4335,#4357,#4369,#4380,#4391,#4402,#4413,#4424,#4435,#4446,#4468,#4479,#4490,#4501,#4512,#4523,#4534,#4545,#4556,#4567,#4578,#4589,#4600,#4611,#4622,#4633,#4644,#4655,#4666,#4677,#4688,#4699,#4710,#4721,#4732,#4743,#4754,#4765,#4776,#4787,#4798,#4809,#4820,#4831,#4842,#4853,#4864,#4875,#4886,#4897,#4908,#4919,#4930,#4941,#4952,#4982,#4994,#5005,#5016,#5042,#5070,#5092,#5103,#5127,#5149,#5160,#5190,#5219,#5245,#5256,#5267,#5278,#5289,#5300,#5311,#5322,#5333,#5359),$,#7646);
#7653=IFCPROPERTYSINGLEVALUE('AboveGround',$,IFCLOGICAL(.U.),$);
#7654=IFCPROPERTYSET('2QFFSloDKLdASEirlNrsWG',#6,'Pset_BuildingStoreyCommon',$,(#7653));
#7655=IFCRELDEFINESBYPROPERTIES('24vWbHxUvnwTMhwrnGQFQP',#6,$,$,(#26),#7654);
#7656=IFCRELCONTAINEDINSPATIALSTRUCTURE('3Zu5Bv0LOHrPC10066FoQQ',#6,$,$,(#57,#105,#138,#161,#203,#215,#226,#237,#248,#259,#270,#281,#292,#303,#314,#336,#358,#380,#391,#402,#424,#435,#446,#457,#468,#479,#501,#512,#523,#534,#545,#556,#567,#578,#589,#600,#611,#622,#633,#644,#655,#666,#677,#688,#699,#710,#721,#732,#762,#784,#805,#826,#848,#870,#892,#913,#935,#957,#979,#1001,#1023,#1034,#1045,#1056,#1067,#1078,#1089,#1100,#1111,#1122,#1133,#1144,#1155,#1166,#1188,#1199,#1220,#1241,#1252,#1263,#1274,#1285,#1296,#1307,#1318,#1329,#1340,#1351,#1362,#1373,#1384,#1395,#1406,#1417,#1428,#1449,#1470,#1495,#1517,#1539,#1561,#1583,#1613,#1655,#1683,#1706,#1729,#1740,#1771,#1794,#1816,#1838,#1864,#1891,#1915,#1939,#1964,#1988,#2013,#2048,#2087,#2125,#2163,#2201,#2222,#2243,#2268,#2299,#2322,#2333,#2344,#2355,#2366,#2377,#2399,#2410,#2421,#2432,#2443,#2454,#2465,#2476,#2487,#2498,#2509,#2520,#2531,#2542,#2553,#2564,#2575,#2597,#2619,#2630,#2641,#2652,#2663,#2674,#2696,#2707,#2718,#2729,#2740,#2751,#2762,#2773,#2784,#2806,#2828,#2850,#2872,#2894,#2905,#2916,#2927,#2938,#2949,#2960,#2971,#2982,#2993,#3004,#3015,#3026,#3037,#3048,#3059,#3070,#3081,#3092,#3103,#3134,#3146,#3157,#3168,#3190,#3202,#3213,#3224,#3235,#3246,#3257,#3268,#3279,#3290,#3301,#3312,#3323,#3334,#3345,#3356,#3367,#3378,#3389,#3400,#3422,#3433,#3444,#3455,#3477,#3488,#3499,#3510,#3521,#3532,#3543,#3554,#3565,#3576,#3587,#3598,#3625,#3652,#3678,#3704,#3745,#3768,#3790,#3801,#3812,#3834,#3856,#3868,#3879,#3890,#3915,#3940,#3965,#3990,#4014,#4039,#4060,#4082,#4104,#4126,#4148,#4170,#4192,#4214,#4225,#4236,#4247,#4269,#4291,#4313,#4335,#4357,#4369,#4380,#4391,#4402,#4413,#4424,#4435,#4446,#4468,#4479,#4490,#4501,#4512,#4523,#4534,#4545,#4556,#4567,#4578,#4589,#4600,#4611,#4622,#4633,#4644,#4655,#4666,#4677,#4688,#4699,#4710,#4721,#4732,#4743,#4754,#4765,#4776,#4787,#4798,#4809,#4820,#4831,#4842,#4853,#4864,#4875,#4886,#4897,#4908,#4919,#4930,#4941,#4952,#4982,#4994,#5005,#5016,#5042,#5070,#5092,#5103,#5127,#5149,#5160,#5190,#5219,#5245,#5256,#5267,#5278,#5289,#5300,#5311,#5322,#5333,#5359,#5380,#5402,#5423,#5444,#5465,#5486,#5507,#5528,#5549,#5570,#5591,#5612,#5636,#5657,#5678,#5699,#5720,#5741,#5767,#5788,#5809,#5830,#5851,#5872,#5892,#5914,#5936,#5955,#5981,#6013,#6035,#6057,#6068,#6080,#6091,#6119,#6149,#6182,#6215,#6248,#6269,#6290,#6312,#6333,#6365,#6386,#6408,#6437,#6459,#6481,#6503,#6535,#6568,#6600,#6632,#6661,#6690,#6711,#6732,#6753,#6779,#6805,#6827,#6839,#6850,#6861,#6885,#6908,#7081,#7274,#7455,#7636),#26);
#7657=IFCPROPERTYSET('2y6jqut2mGsxPM5c1zUPr2',#6,'Pset_BuildingStoreyCommon',$,(#7653));
#7658=IFCRELDEFINESBYPROPERTIES('03h9WtlPXy$ENv9AiS5UZC',#6,$,$,(#30),#7657);
#7659=IFCRELAGGREGATES('3PD14XLVNj2l_DfLGEpy$r',#6,$,$,#19,(#33));
#7660=IFCRELAGGREGATES('0aHQsZ0dSQUL94qQc0zdNV',#6,$,$,#33,(#23));
#7661=IFCRELAGGREGATES('27PCKGLxT4mxtV9cw6mgBW',#6,$,$,#23,(#26,#30));
#7662=IFCPROPERTYSINGLEVALUE('NumberOfStoreys',$,IFCINTEGER(2),$);
#7663=IFCPROPERTYSINGLEVALUE('IsLandmarked',$,IFCLOGICAL(.U.),$);
#7664=IFCPROPERTYSET('3RjAEkAZIsvRyJC4qHqRzg',#6,'Pset_BuildingCommon',$,(#7662,#7663));
#7665=IFCRELDEFINESBYPROPERTIES('2JmMOeTORyO_A6rkjG5pWu',#6,$,$,(#23),#7664);
#7666=IFCRELASSOCIATESMATERIAL('2mguO7$Gs1Y5sDQfeU8mEM',#6,$,$,(#57),#65);
#7667=IFCRELASSOCIATESMATERIAL('0rgcV3eUNM8ZTuiB669Q4i',#6,$,$,(#105),#113);
#7668=IFCRELASSOCIATESMATERIAL('3wRpqy4_nxecbEa9NIV7_A',#6,$,$,(#138),#139);
#7669=IFCRELASSOCIATESMATERIAL('1MqJ5qEZIwsksNY2xA1Ruf',#6,$,$,(#161),#162);
#7670=IFCRELASSOCIATESMATERIAL('2WnB0QligEEl07leooGyiH',#6,$,$,(#1613),#1616);
#7671=IFCRELASSOCIATESMATERIAL('2hWVHUKsdpb9ql91SxUrk4',#6,$,$,(#5955),#5956);
#7672=IFCRELASSOCIATESMATERIAL('2Dg2zTUH4hlqWpCjuM6PCE',#6,$,$,(#56),#64);
#7673=IFCRELASSOCIATESMATERIAL('34cPIN0glNqDXma6W1xqi0',#6,$,$,(#104),#112);
#7674=IFCRELASSOCIATESMATERIAL('0P_CRj7gkrWfAPoNsAP4XJ',#6,$,$,(#189,#203,#215,#226,#237,#248,#259,#270,#281,#292,#303,#314,#329,#336,#351,#358,#373,#380,#391,#402,#417,#424,#435,#446,#457,#468,#479,#494,#501,#512,#523,#534,#545,#556,#567,#578,#589,#600,#611,#622,#633,#644,#655,#666,#677,#688,#699,#710,#721,#732,#928,#935,#950,#957,#972,#979,#994,#1001,#1016,#1023,#1034,#1045,#1056,#1067,#1078,#1089,#1100,#1111,#1122,#1133,#1144,#1155,#1166,#1181,#1188,#1199,#1214,#1220,#1235,#1241,#1252,#1263,#1274,#1285,#1296,#1307,#1318,#1329,#1340,#1351,#1362,#1373,#1384,#1395,#1406,#1417,#1428,#1443,#1449,#1464,#1470,#4328,#4335,#4350,#4357,#4369,#4380,#4391,#4402,#4413,#4424,#4435,#4446,#4461,#4468,#4479,#4490,#4501,#4512,#4523,#4534,#4545,#4556,#4567,#4578,#4589,#4600,#4611,#4622,#4633,#4644,#4655,#4666,#4677,#4688,#4699,#4710,#4721,#4732,#4743,#4754,#4765,#4776,#4787,#4798,#4809,#4820,#4831,#4842,#4853,#4864,#4875,#4886,#4897,#4908,#4919,#4930,#4941,#4952,#4994,#5005,#5016,#5085,#5092,#5103,#5121,#5127,#5142,#5149,#5160,#5256,#5267,#5278,#5289,#5300,#5311,#5322,#5333,#5353,#5359,#6705,#6711,#6726,#6732,#6747,#6753,#6773,#6779,#6799,#6805,#6902,#6908),#190);
#7675=IFCRELASSOCIATESMATERIAL('247bmwIL1_S$U0u_ze0jOJ',#6,$,$,(#751,#762,#778,#784,#799,#805,#820,#826,#841,#848,#863,#870,#885,#892,#907,#913,#1489,#1495,#1510,#1517,#1532,#1539,#1554,#1561,#1576,#1583,#1699,#1706,#1722,#1729,#1740,#1809,#1816,#1831,#1838,#2799,#2806,#2821,#2828,#2843,#2850,#2865,#2872,#3761,#3768,#3783,#3790,#3801,#3812,#3827,#3834,#4262,#4269,#4284,#4291,#4306,#4313,#4976,#4982,#5036,#5042,#5064,#5070,#5184,#5190,#5213,#5219,#5239,#5245,#5907,#5914,#5929,#5936,#6028,#6035,#6050,#6057,#6068,#6080,#6091,#6263,#6269,#6284,#6290,#6305,#6312,#6380,#6386,#6401,#6408,#6430,#6437,#6452,#6459,#6474,#6481,#6879,#6885),#752);
#7676=IFCRELASSOCIATESMATERIAL('33JJh9K0Ob01yKVAuXNiub',#6,$,$,(#1612),#1615);
#7677=IFCRELASSOCIATESMATERIAL('1Bng47sn6Jz5AF_u6YQrxh',#6,$,$,(#1643,#1655,#1857,#1864,#1884,#1891,#1909,#1915,#1933,#1939,#1957,#1964,#1982,#1988,#2006,#2013,#2042,#2048,#2081,#2087,#2119,#2125,#2157,#2163,#2195,#2201,#2262,#2268,#3849,#3856,#3868,#3879,#3890,#3909,#3915,#3934,#3940,#3959,#3965,#3984,#3990,#4008,#4014,#4033,#4039,#4141,#4148,#4163,#4170,#4185,#4192,#4207,#4214,#4225,#4236,#4247),#1644);
#7678=IFCRELASSOCIATESMATERIAL('128Nextwfwrq5ieSlosOZj',#6,$,$,(#1676,#1683,#5373,#5380,#5395,#5402,#5416,#5423,#5437,#5444,#5458,#5465,#5479,#5486,#5500,#5507,#5521,#5528,#5542,#5549,#5563,#5570,#5584,#5591,#5605,#5612,#5630,#5636,#5650,#5657,#5671,#5678,#5692,#5699,#5713,#5720,#5734,#5741,#5760,#5767,#5781,#5788,#5802,#5809,#5823,#5830,#5844,#5851,#5865,#5872,#5886,#5892),#1677);
#7679=IFCRELASSOCIATESMATERIAL('2iA4uLTegOlPwkYq3aqooK',#6,$,$,(#1759,#1771,#1787,#1794,#2216,#2222,#2237,#2243,#5974,#5981,#6327,#6333,#6496,#6503),#1760);
#7680=IFCRELASSOCIATESMATERIAL('2dUm41o_MV8ZHmQUd2U1tN',#6,$,$,(#2287,#2299,#2315,#2322,#2333,#2344,#2355,#2366,#2377,#2392,#2399,#2410,#2421,#2432,#2443,#2454,#2465,#2476,#2487,#2498,#2509,#2520,#2531,#2542,#2553,#2564,#2575,#2590,#2597,#2612,#2619,#2630,#2641,#2652,#2663,#2674,#2689,#2696,#2707,#2718,#2729,#2740,#2751,#2762,#2773,#2784,#2887,#2894,#2905,#2916,#2927,#2938,#2949,#2960,#2971,#2982,#2993,#3004,#3015,#3026,#3037,#3048,#3059,#3070,#3081,#3092,#3103),#2288);
#7681=IFCRELASSOCIATESMATERIAL('2nx1n_wqqP_5oHiQEdAUx0',#6,$,$,(#3122,#3134,#3146,#3157,#3168,#3183,#3190,#3202,#3213,#3224,#3235,#3246,#3257,#3268,#3279,#3290,#3301,#3312,#3323,#3334,#3345,#3356,#3367,#3378,#3389,#3400,#3415,#3422,#3433,#3444,#3455,#3470,#3477,#3488,#3499,#3510,#3521,#3532,#3543,#3554,#3565,#3576,#3587,#3598,#3618,#3625,#3646,#3652,#3672,#3678,#3698,#3704,#4054,#4060,#4075,#4082,#4097,#4104,#4119,#4126,#6820,#6827,#6839,#6850,#6861),#3123);
#7682=IFCRELASSOCIATESMATERIAL('2w252YObRpab7qQNzyHqbu',#6,$,$,(#3734,#3745,#6007,#6013,#6113,#6119,#6142,#6149,#6175,#6182,#6208,#6215,#6241,#6248,#6359,#6365,#6529,#6535,#6561,#6568,#6594,#6600,#6626,#6632,#6654,#6661,#6683,#6690),#3735);
#7683=IFCRELDEFINESBYTYPE('3sXB9aPonMbfbvLpWf1MQD',#6,$,$,(#57,#138,#161,#5955),#56);
#7684=IFCRELDEFINESBYTYPE('1GYUPCgxV3oSWJaKydc59A',#6,$,$,(#105),#104);
#7685=IFCRELDEFINESBYTYPE('1p2w52XeUv$DLKF$4LkSVT',#6,$,$,(#203,#215,#226,#237,#248,#259,#270,#281,#292,#303,#314,#391,#435,#457,#468,#523,#545,#556,#600,#622,#633,#677,#699,#710,#1252,#1263,#1274,#1285,#1296,#1307,#1318,#1329,#1340,#1351,#1362,#1373,#1384,#1395,#1406,#1417),#189);
#7686=IFCRELDEFINESBYTYPE('28nLP8XLDJXNu3pIZyR2LB',#6,$,$,(#336,#5256,#5267,#5278,#5289,#5300,#5311,#5322,#5333),#329);
#7687=IFCRELDEFINESBYTYPE('32xcB1mXpMqkmTe4hunICh',#6,$,$,(#358,#446,#534,#611,#688),#351);
#7688=IFCRELDEFINESBYTYPE('1G3FtognHB0LVgTjZFgUwL',#6,$,$,(#380,#402,#479,#567,#644,#721),#373);
#7689=IFCRELDEFINESBYTYPE('11hRAiY5qb5u73BYYmc9LY',#6,$,$,(#424,#512,#589,#666),#417);
#7690=IFCRELDEFINESBYTYPE('2HhnCu9MqpgTv5iHdImIbO',#6,$,$,(#501,#578,#655,#732),#494);
#7691=IFCRELDEFINESBYTYPE('2HL6IN2lun040tASBNuK6G',#6,$,$,(#762),#751);
#7692=IFCRELDEFINESBYTYPE('2FVgUtDh5xZrxQd_qP_8ra',#6,$,$,(#784),#778);
#7693=IFCRELDEFINESBYTYPE('2DPBmxFW8_tfecS1LP7XTy',#6,$,$,(#805),#799);
#7694=IFCRELDEFINESBYTYPE('138q6F1KIkGDoRzH0ccgex',#6,$,$,(#826),#820);
#7695=IFCRELDEFINESBYTYPE('32yTncOKBbpMnO_p8bKVBZ',#6,$,$,(#848),#841);
#7696=IFCRELDEFINESBYTYPE('0cDYoOmfI2YckqIvdHThYP',#6,$,$,(#870),#863);
#7697=IFCRELDEFINESBYTYPE('0OskWDr1Be84YQdRiCmcmk',#6,$,$,(#892),#885);
#7698=IFCRELDEFINESBYTYPE('2bX6DfVPX6CMbemT_xGY0h',#6,$,$,(#913),#907);
#7699=IFCRELDEFINESBYTYPE('2d4w6OTp7tcc97EGoj65Qn',#6,$,$,(#935),#928);
#7700=IFCRELDEFINESBYTYPE('0Kzmd5$fjbUi0TObtiPYve',#6,$,$,(#957,#1034,#1078,#1122,#1166),#950);
#7701=IFCRELDEFINESBYTYPE('345eLarf5nLyi1hBGZBl8F',#6,$,$,(#979,#1045,#1089,#1133),#972);
#7702=IFCRELDEFINESBYTYPE('3VkcCLhPC9MgB0mDbM5EH5',#6,$,$,(#1001,#1056,#1100,#1144,#1428),#994);
#7703=IFCRELDEFINESBYTYPE('1cL1LL9jcBieYmJED7AL6r',#6,$,$,(#1023,#1067,#1111,#1155,#1199),#1016);
#7704=IFCRELDEFINESBYTYPE('2BQv2RLc_TasXoLfOmwJWy',#6,$,$,(#1188),#1181);
#7705=IFCRELDEFINESBYTYPE('0LLdi_PJe_wrZ8IgVud4lV',#6,$,$,(#1220),#1214);
#7706=IFCRELDEFINESBYTYPE('3EbC_$8iPry54Znxei7de5',#6,$,$,(#1241),#1235);
#7707=IFCRELDEFINESBYTYPE('2Feb3LbM0ARyyiwKrbBzSS',#6,$,$,(#1449),#1443);
#7708=IFCRELDEFINESBYTYPE('3zzkLpleTievfPm5M2kXrb',#6,$,$,(#1470),#1464);
#7709=IFCRELDEFINESBYTYPE('0ORWxt6KYwU2SfuxrRWCfK',#6,$,$,(#1495),#1489);
#7710=IFCRELDEFINESBYTYPE('0C$HyHDy8gS3bIRUKYxHr1',#6,$,$,(#1517),#1510);
#7711=IFCRELDEFINESBYTYPE('1BguPvvCQ3OvfsiDYPw$4d',#6,$,$,(#1539),#1532);
#7712=IFCRELDEFINESBYTYPE('3pG3pqo8QVRKmMF1heImQd',#6,$,$,(#1561),#1554);
#7713=IFCRELDEFINESBYTYPE('0LL$pizYsZeks4fwAwYC0y',#6,$,$,(#1583),#1576);
#7714=IFCRELDEFINESBYTYPE('09jQvj0jLS1I3pjeb_QPdt',#6,$,$,(#1613),#1612);
#7715=IFCRELDEFINESBYTYPE('3FAN5Cz_ApffnNSKxinrva',#6,$,$,(#1655),#1643);
#7716=IFCRELDEFINESBYTYPE('1GI0c6BsdBa2LLUG_08GKM',#6,$,$,(#1683),#1676);
#7717=IFCRELDEFINESBYTYPE('13SgNL7RaXP5VpVD45XbpZ',#6,$,$,(#1706),#1699);
#7718=IFCRELDEFINESBYTYPE('0NGmFFvsaa9s3dNMy7SPv7',#6,$,$,(#1729,#1740),#1722);
#7719=IFCRELDEFINESBYTYPE('2zbhSdzzQaWKlzSNlSrWgI',#6,$,$,(#1771),#1759);
#7720=IFCRELDEFINESBYTYPE('1CENEXZr7WPT8QygQhr7UM',#6,$,$,(#1794),#1787);
#7721=IFCRELDEFINESBYTYPE('3gf6ewz6i3o8Bc5SOsa9g7',#6,$,$,(#1816),#1809);
#7722=IFCRELDEFINESBYTYPE('2ukwszM11S8RSVXmOrFVuL',#6,$,$,(#1838),#1831);
#7723=IFCRELDEFINESBYTYPE('1X0XrfrGh01DKMM3xJsss2',#6,$,$,(#1864),#1857);
#7724=IFCRELDEFINESBYTYPE('3VxqodqRQhEEjffHfo9zoS',#6,$,$,(#1891),#1884);
#7725=IFCRELDEFINESBYTYPE('3kQVDI48zLLuKKK4Wp1Zkw',#6,$,$,(#1915),#1909);
#7726=IFCRELDEFINESBYTYPE('3mbGjr7SNi57lga25XaQ3d',#6,$,$,(#1939),#1933);
#7727=IFCRELDEFINESBYTYPE('34yOeiIR7gakfuQAMKTHqu',#6,$,$,(#1964),#1957);
#7728=IFCRELDEFINESBYTYPE('2UTaL5266DlrMD74r1QiK9',#6,$,$,(#1988),#1982);
#7729=IFCRELDEFINESBYTYPE('1EFcnzMQT03b5bvUWvhH3L',#6,$,$,(#2013),#2006);
#7730=IFCRELDEFINESBYTYPE('2L7KTqTgpFVQUqZNasfnWZ',#6,$,$,(#2048),#2042);
#7731=IFCRELDEFINESBYTYPE('2LuXWQimuxPu3jRQPnpSOY',#6,$,$,(#2087),#2081);
#7732=IFCRELDEFINESBYTYPE('3ChZhkAhMeHqi4Du7pyW$r',#6,$,$,(#2125),#2119);
#7733=IFCRELDEFINESBYTYPE('0WpgJy$kM_0l6peen3Z8BM',#6,$,$,(#2163),#2157);
#7734=IFCRELDEFINESBYTYPE('2y3fxXMOSz9otjEsVIinyB',#6,$,$,(#2201),#2195);
#7735=IFCRELDEFINESBYTYPE('3ssMlMZPl7cgevPX_7kprH',#6,$,$,(#2222),#2216);
#7736=IFCRELDEFINESBYTYPE('2TbRWCYc9giZ7$J4FfMMI2',#6,$,$,(#2243),#2237);
#7737=IFCRELDEFINESBYTYPE('1OKAWHZCF8QlhXgtF2iu8H',#6,$,$,(#2268),#2262);
#7738=IFCRELDEFINESBYTYPE('2DI6Z34fGc1g$nzfxr67lr',#6,$,$,(#2299,#2410,#2498,#2707),#2287);
#7739=IFCRELDEFINESBYTYPE('1K_d$0L1LryzyEB9rls4mI',#6,$,$,(#2322,#2333,#2344,#2355,#2366,#2377,#2421,#2432,#2443,#2454,#2465,#2476,#2509,#2520,#2531,#2542,#2553,#2564,#2718,#2729,#2740,#2751,#2762,#2773),#2315);
#7740=IFCRELDEFINESBYTYPE('0xgZVXJBc$ydGFoe9p1kWM',#6,$,$,(#2399,#2487,#2575,#2784),#2392);
#7741=IFCRELDEFINESBYTYPE('1kXPYAlwcf4htiSqVaHKIe',#6,$,$,(#2597),#2590);
#7742=IFCRELDEFINESBYTYPE('2_tnk4MQFasknsmYYiy5cJ',#6,$,$,(#2619,#2630,#2641,#2652,#2663,#2674),#2612);
#7743=IFCRELDEFINESBYTYPE('19Jcfhjcbpq7bfHYkFjd8I',#6,$,$,(#2696),#2689);
#7744=IFCRELDEFINESBYTYPE('2O4Mnm$$yQBizApL6gPtXy',#6,$,$,(#2806),#2799);
#7745=IFCRELDEFINESBYTYPE('1tLS9vYpwVvv0LTn2Z08vN',#6,$,$,(#2828),#2821);
#7746=IFCRELDEFINESBYTYPE('01DyrUXhBzEUOqIQnkxBsh',#6,$,$,(#2850),#2843);
#7747=IFCRELDEFINESBYTYPE('12XY75it$9uRv$ehR3lnii',#6,$,$,(#2872),#2865);
#7748=IFCRELDEFINESBYTYPE('24j1uk3a8zugZgb8piSFar',#6,$,$,(#2894,#2905,#2916,#2927,#2938,#2949,#2960,#2971,#2982,#2993,#3004,#3015,#3026,#3037,#3048,#3059,#3070,#3081,#3092,#3103),#2887);
#7749=IFCRELDEFINESBYTYPE('21QmoCNZP38ZItf551P$AX',#6,$,$,(#3134,#3146,#3157,#3168),#3122);
#7750=IFCRELDEFINESBYTYPE('1OyIA$XS7v98RpvRHU1EEe',#6,$,$,(#3190,#3202,#3213,#3224,#3235,#3246,#3257,#3268,#3279,#3290,#3301,#3312,#3323,#3334,#3345,#3356,#3367,#3378,#3389,#3400),#3183);
#7751=IFCRELDEFINESBYTYPE('28XONdX_6xqUzN2J9NqJkD',#6,$,$,(#3422,#3433,#3444,#3455),#3415);
#7752=IFCRELDEFINESBYTYPE('33_miPUtRVgDHtHDC0DvdB',#6,$,$,(#3477,#3488,#3499,#3510,#3521,#3532,#3543,#3554,#3565,#3576,#3587,#3598),#3470);
#7753=IFCRELDEFINESBYTYPE('3NqOVlm8CURG7fVTwO2k4k',#6,$,$,(#3625),#3618);
#7754=IFCRELDEFINESBYTYPE('03eSpjxmhifFLqK_gIiZTr',#6,$,$,(#3652),#3646);
#7755=IFCRELDEFINESBYTYPE('0tvc8ATJVRbNkHLhWFjP3v',#6,$,$,(#3678),#3672);
#7756=IFCRELDEFINESBYTYPE('25SSDuIu9a4USxbFfSijkK',#6,$,$,(#3704),#3698);
#7757=IFCRELDEFINESBYTYPE('2A1_x57z0cQx2EBb65nlrc',#6,$,$,(#3745),#3734);
#7758=IFCRELDEFINESBYTYPE('2WImDcyhJA81ZC1xyCtPAo',#6,$,$,(#3768),#3761);
#7759=IFCRELDEFINESBYTYPE('3YDhQz$gafsZAbUlUJWCnq',#6,$,$,(#3790,#3801,#3812),#3783);
#7760=IFCRELDEFINESBYTYPE('31qOHw5rEuOpWMxdaFGUYb',#6,$,$,(#3834),#3827);
#7761=IFCRELDEFINESBYTYPE('3KBlt_OpwOfCI3QqxbBHJp',#6,$,$,(#3856,#3868,#3879,#3890),#3849);
#7762=IFCRELDEFINESBYTYPE('2cgvpoCr0HH0$7KjGbVv$$',#6,$,$,(#3915),#3909);
#7763=IFCRELDEFINESBYTYPE('3pkaQowdQlLopq8MpThktX',#6,$,$,(#3940),#3934);
#7764=IFCRELDEFINESBYTYPE('2CLWwCsRXQBm0FuPwwLqIc',#6,$,$,(#3965),#3959);
#7765=IFCRELDEFINESBYTYPE('3w5MKQz26J9XEe$4YPkWTV',#6,$,$,(#3990),#3984);
#7766=IFCRELDEFINESBYTYPE('2WwVsiU3MZAL6w7GnnDPRq',#6,$,$,(#4014),#4008);
#7767=IFCRELDEFINESBYTYPE('2dlLuHz4TdWClfhApfuugQ',#6,$,$,(#4039),#4033);
#7768=IFCRELDEFINESBYTYPE('1wHQUmzFpee_gEUJdtJErK',#6,$,$,(#4060),#4054);
#7769=IFCRELDEFINESBYTYPE('30Ejz$aaVi184xbMcu4O_2',#6,$,$,(#4082),#4075);
#7770=IFCRELDEFINESBYTYPE('1rRwHdqRnmhFXHdWUU1GgU',#6,$,$,(#4104),#4097);
#7771=IFCRELDEFINESBYTYPE('2WhwVS6ZePQbO2I6g7X14r',#6,$,$,(#4126),#4119);
#7772=IFCRELDEFINESBYTYPE('3Ag2UB_l92Iheu899wdJVI',#6,$,$,(#4148),#4141);
#7773=IFCRELDEFINESBYTYPE('1tBR9IDu3oJr9ADQZyVkmJ',#6,$,$,(#4170),#4163);
#7774=IFCRELDEFINESBYTYPE('2zkW8SWEn$BykdbAWqmTlA',#6,$,$,(#4192),#4185);
#7775=IFCRELDEFINESBYTYPE('1SrtciWk4rmX4LzE02$H5V',#6,$,$,(#4214,#4225,#4236,#4247),#4207);
#7776=IFCRELDEFINESBYTYPE('21d7FYC0n3UI0Z9TgEyMQ_',#6,$,$,(#4269),#4262);
#7777=IFCRELDEFINESBYTYPE('3vU3XCwQ2jfzvFoeqnHXhe',#6,$,$,(#4291),#4284);
#7778=IFCRELDEFINESBYTYPE('0ssrvn19UKyWkvjQEUubZD',#6,$,$,(#4313),#4306);
#7779=IFCRELDEFINESBYTYPE('1c1$8afAH4ymBYHMS5tO91',#6,$,$,(#4335,#4994,#5005,#5016),#4328);
#7780=IFCRELDEFINESBYTYPE('2ebWOrYnCsnbaX91jwXJKV',#6,$,$,(#4357,#4369,#4380,#4391,#4402,#4413,#4424,#4435,#4446),#4350);
#7781=IFCRELDEFINESBYTYPE('2itSffaAX8jZD19EW3yAyx',#6,$,$,(#4468,#4479,#4490,#4501,#4512,#4523,#4534,#4545,#4556,#4567,#4578,#4589,#4600,#4611,#4622,#4633,#4644,#4655,#4666,#4677,#4688,#4699,#4710,#4721,#4732,#4743,#4754,#4765,#4776,#4787,#4798,#4809,#4820,#4831,#4842,#4853,#4864,#4875,#4886,#4897,#4908,#4919,#4930,#4941,#4952),#4461);
#7782=IFCRELDEFINESBYTYPE('02czg2mfdtGV2DFz$3Hefk',#6,$,$,(#4982),#4976);
#7783=IFCRELDEFINESBYTYPE('0dpYlZNRN3xB06C0QB56nY',#6,$,$,(#5042),#5036);
#7784=IFCRELDEFINESBYTYPE('2xoWO8nAUqDRiNtxhJoyrg',#6,$,$,(#5070),#5064);
#7785=IFCRELDEFINESBYTYPE('3fgs__1nGS7LEM$56O8l_I',#6,$,$,(#5092,#5103),#5085);
#7786=IFCRELDEFINESBYTYPE('2_eiSb09l5BBatLNSeujLX',#6,$,$,(#5127),#5121);
#7787=IFCRELDEFINESBYTYPE('3mBnII5F1yVVyIonO_L$DW',#6,$,$,(#5149,#5160),#5142);
#7788=IFCRELDEFINESBYTYPE('3rULus2C6cnJ$Ngk$TymXx',#6,$,$,(#5190),#5184);
#7789=IFCRELDEFINESBYTYPE('3MhYgpJ9ezFkmn1n7Z2jU$',#6,$,$,(#5219),#5213);
#7790=IFCRELDEFINESBYTYPE('2l2vTVGn$EbRyk_dOmomzF',#6,$,$,(#5245),#5239);
#7791=IFCRELDEFINESBYTYPE('3cVcFHeIVLsk3B33$TVcqE',#6,$,$,(#5359),#5353);
#7792=IFCRELDEFINESBYTYPE('0gTLU1zcUuzjxsdqJRAktt',#6,$,$,(#5380),#5373);
#7793=IFCRELDEFINESBYTYPE('04X1biqyoD0jadF0oRlqEf',#6,$,$,(#5402),#5395);
#7794=IFCRELDEFINESBYTYPE('2_d$65ncIwgSlaji_hYy3P',#6,$,$,(#5423),#5416);
#7795=IFCRELDEFINESBYTYPE('2a5EriUdcLi18tsaRxf0Yl',#6,$,$,(#5444),#5437);
#7796=IFCRELDEFINESBYTYPE('3ymAGMfloc0NjPm$8GGBXE',#6,$,$,(#5465),#5458);
#7797=IFCRELDEFINESBYTYPE('2c89bmWsar3WmOFftRWGVV',#6,$,$,(#5486),#5479);
#7798=IFCRELDEFINESBYTYPE('3HJaiEd18VE4JDDIES2D7H',#6,$,$,(#5507),#5500);
#7799=IFCRELDEFINESBYTYPE('08s9equU7rzyInw0jr8jFF',#6,$,$,(#5528),#5521);
#7800=IFCRELDEFINESBYTYPE('2wESJANtTAAq5GjRoWIBvI',#6,$,$,(#5549),#5542);
#7801=IFCRELDEFINESBYTYPE('30wF4wGb6kFs0JIf0VrEnI',#6,$,$,(#5570),#5563);
#7802=IFCRELDEFINESBYTYPE('0v5Ef6aSRG3s7LatmCCzcj',#6,$,$,(#5591),#5584);
#7803=IFCRELDEFINESBYTYPE('3KQ1ut2OK_gX$iG1189Dxw',#6,$,$,(#5612),#5605);
#7804=IFCRELDEFINESBYTYPE('0Y6WY_07qYA$BoWBKbD3sw',#6,$,$,(#5636),#5630);
#7805=IFCRELDEFINESBYTYPE('2bo6SRPGm8BQoFj7LGvBjn',#6,$,$,(#5657),#5650);
#7806=IFCRELDEFINESBYTYPE('38MI6yVGTj8aUi$ux1_q3Q',#6,$,$,(#5678),#5671);
#7807=IFCRELDEFINESBYTYPE('19KI6163JTKEXierR2_suK',#6,$,$,(#5699),#5692);
#7808=IFCRELDEFINESBYTYPE('0RnnIeBfcDHmeM9_VFDvXE',#6,$,$,(#5720),#5713);
#7809=IFCRELDEFINESBYTYPE('3o5PablDvw7KuVPi_o4CNr',#6,$,$,(#5741),#5734);
#7810=IFCRELDEFINESBYTYPE('0aUWhxZvA4KmYsmEJSbfsy',#6,$,$,(#5767),#5760);
#7811=IFCRELDEFINESBYTYPE('1hkIwpUC4gFNkV$xrXEKk7',#6,$,$,(#5788),#5781);
#7812=IFCRELDEFINESBYTYPE('2TpszlDRK5MoviDt9rmxPN',#6,$,$,(#5809),#5802);
#7813=IFCRELDEFINESBYTYPE('1N67DMptmLw2LEp5YVydJC',#6,$,$,(#5830),#5823);
#7814=IFCRELDEFINESBYTYPE('1QOd29S7Dlm3_rCmsnNFyn',#6,$,$,(#5851),#5844);
#7815=IFCRELDEFINESBYTYPE('3NcCTWUO1zMyqAjmomrP6s',#6,$,$,(#5872),#5865);
#7816=IFCRELDEFINESBYTYPE('39iW6bILEHSrRg$$NgjxBc',#6,$,$,(#5892),#5886);
#7817=IFCRELDEFINESBYTYPE('2s8k0vDH1$uXZgwLaUvRQ8',#6,$,$,(#5914),#5907);
#7818=IFCRELDEFINESBYTYPE('2NCQe0k2$UI2xqYJlhqZFY',#6,$,$,(#5936),#5929);
#7819=IFCRELDEFINESBYTYPE('3jkpKSYIsMFZbwv6wESg9y',#6,$,$,(#5981),#5974);
#7820=IFCRELDEFINESBYTYPE('0Rtdzia5z6tEjkVoD_w17O',#6,$,$,(#6013),#6007);
#7821=IFCRELDEFINESBYTYPE('0XtiX0CgGJVQ3PY9XSqY_t',#6,$,$,(#6035,#6091),#6028);
#7822=IFCRELDEFINESBYTYPE('0_yjy50KOXEwELsn6d2AFO',#6,$,$,(#6057,#6068,#6080),#6050);
#7823=IFCRELDEFINESBYTYPE('35l2zcZjZUNWepH1Buq_ST',#6,$,$,(#6119),#6113);
#7824=IFCRELDEFINESBYTYPE('2Yvs7Krnhx4EHHl2fd78RL',#6,$,$,(#6149),#6142);
#7825=IFCRELDEFINESBYTYPE('2yuT9TfVpWUsVvWUjeRxis',#6,$,$,(#6182),#6175);
#7826=IFCRELDEFINESBYTYPE('0edbmCNe9VxJetv8aJNs7X',#6,$,$,(#6215),#6208);
#7827=IFCRELDEFINESBYTYPE('21YsPLBRJcwNnOC3UtKQ9r',#6,$,$,(#6248),#6241);
#7828=IFCRELDEFINESBYTYPE('0b88Y87VD_SNixtPkSccuu',#6,$,$,(#6269),#6263);
#7829=IFCRELDEFINESBYTYPE('3fSvBUMi5qA1eAs3n3Xp1R',#6,$,$,(#6290),#6284);
#7830=IFCRELDEFINESBYTYPE('3DkNwIt9eZfa7xBjqx0HJp',#6,$,$,(#6312),#6305);
#7831=IFCRELDEFINESBYTYPE('1CXrD37BIm0ollYJ8P1dB2',#6,$,$,(#6333),#6327);
#7832=IFCRELDEFINESBYTYPE('1xAWpXzpGEmAqmXIhBwHam',#6,$,$,(#6365),#6359);
#7833=IFCRELDEFINESBYTYPE('3$U3TkTBXQYYj7z6QVuy6S',#6,$,$,(#6386),#6380);
#7834=IFCRELDEFINESBYTYPE('05$ahBERsBXB0MNOIAzyVP',#6,$,$,(#6408),#6401);
#7835=IFCRELDEFINESBYTYPE('0DQ_KqvSm71mJtgFgBydjP',#6,$,$,(#6437),#6430);
#7836=IFCRELDEFINESBYTYPE('2d$S5CcHfekxVXyEHNwUNr',#6,$,$,(#6459),#6452);
#7837=IFCRELDEFINESBYTYPE('1s56E_38oT8sp1IbHJg66v',#6,$,$,(#6481),#6474);
#7838=IFCRELDEFINESBYTYPE('3PnooNuIJCt5wV0AfQ8oV3',#6,$,$,(#6503),#6496);
#7839=IFCRELDEFINESBYTYPE('33Wwuc$JAvNAIDwNw8rNkD',#6,$,$,(#6535),#6529);
#7840=IFCRELDEFINESBYTYPE('39IO_pF2bEMSZaNCOKUAia',#6,$,$,(#6568),#6561);
#7841=IFCRELDEFINESBYTYPE('38aOIvRyMFsgqmimQus1DA',#6,$,$,(#6600),#6594);
#7842=IFCRELDEFINESBYTYPE('1Vs7mhYc_5j6$MeHKZqJJT',#6,$,$,(#6632),#6626);
#7843=IFCRELDEFINESBYTYPE('3kD5SiOKXWIGo1yb4DRbSD',#6,$,$,(#6661),#6654);
#7844=IFCRELDEFINESBYTYPE('3QvPdVeBw4dAfdesIsNWEf',#6,$,$,(#6690),#6683);
#7845=IFCRELDEFINESBYTYPE('2v8ryP9AU5ER44iUdy6$Au',#6,$,$,(#6711),#6705);
#7846=IFCRELDEFINESBYTYPE('0hf0DL427fM$vkeywLj0M8',#6,$,$,(#6732),#6726);
#7847=IFCRELDEFINESBYTYPE('1u4KIj3$BAnqqg3lxQnHWV',#6,$,$,(#6753),#6747);
#7848=IFCRELDEFINESBYTYPE('09j6mr88zpWQacZKyoUaW6',#6,$,$,(#6779),#6773);
#7849=IFCRELDEFINESBYTYPE('3etORgF7Rmoma8UcnnOXLC',#6,$,$,(#6805),#6799);
#7850=IFCRELDEFINESBYTYPE('04LpYmNbQgYQ97w85HSkKx',#6,$,$,(#6827,#6839,#6850,#6861),#6820);
#7851=IFCRELDEFINESBYTYPE('0IVCieB9va_ta_90QKzZQg',#6,$,$,(#6885),#6879);
#7852=IFCRELDEFINESBYTYPE('0$8QiplV4ePbEOAftBecQw',#6,$,$,(#6908),#6902);
#7853=IFCRELDEFINESBYTYPE('0KHxCvhgdLe7ObcaobUFJS',#6,$,$,(#7081,#7274,#7455,#7636),#6915);
#7854=IFCRELCONNECTSPATHELEMENTS('3mXFoQajgZ6lxRSZVjrelb',#6,'1pxQ0MlwzAiOQ$tXtNokot|1MH_t$ZbL18A53iTg7iZB7','Structural',$,#57,#161,(),(),.ATEND.,.ATSTART.);
#7855=IFCRELCONNECTSPATHELEMENTS('0TfjKdUL628kb2iVsrL4BM',#6,'1pxQ0MlwzAiOQ$tXtNokot|1pxQ0MlwzAiOQ$tXtNokQN','Structural',$,#57,#105,(),(),.ATSTART.,.ATEND.);
#7856=IFCRELCONNECTSPATHELEMENTS('1WTfZ4ELXSLdlmTixlECKi',#6,'1pxQ0MlwzAiOQ$tXtNokot|1pxQ0MlwzAiOQ$tXtNokQG','Structural',$,#57,#138,(),(),.ATSTART.,.ATEND.);
#7857=IFCRELCONNECTSPATHELEMENTS('2$K3IodVGjQ4Ru1TqfcM7D',#6,'1pxQ0MlwzAiOQ$tXtNokQN|1pxQ0MlwzAiOQ$tXtNokQG','Structural',$,#105,#138,(),(),.ATSTART.,.ATSTART.);
#7858=IFCRELCONNECTSPATHELEMENTS('32CgjPK7_1CFjZdK$Pfibv',#6,'1pxQ0MlwzAiOQ$tXtNokQN|2pPCwE2QHAIvBYdRM1BiNM','Structural',$,#105,#5955,(),(),.ATSTART.,.ATEND.);
#7859=IFCRELCONNECTSPATHELEMENTS('15r7df7MCCyFp8Egwrriy4',#6,'1pxQ0MlwzAiOQ$tXtNokQN|1pxQ0MlwzAiOQ$tXtNokQG','Structural',$,#105,#138,(),(),.ATEND.,.ATEND.);
#7860=IFCRELCONNECTSPATHELEMENTS('3lvicK2qxUV_69RUf$e0OD',#6,'1pxQ0MlwzAiOQ$tXtNokQG|2pPCwE2QHAIvBYdRM1BiNM','Structural',$,#138,#5955,(),(),.ATSTART.,.ATEND.);
#7861=IFCPRESENTATIONLAYERASSIGNMENT('A-WALL-____-OTLN',$,(#42,#55,#91,#103,#129,#137,#152,#160,#5946,#5954),$);
#7862=IFCPRESENTATIONLAYERASSIGNMENT('A-GENM-____-OTLN',$,(#186,#197,#210,#221,#232,#243,#254,#265,#276,#287,#298,#309,#326,#331,#348,#353,#370,#375,#386,#397,#414,#419,#430,#441,#452,#463,#474,#491,#496,#507,#518,#529,#540,#551,#562,#573,#584,#595,#606,#617,#628,#639,#650,#661,#672,#683,#694,#705,#716,#727,#748,#758,#775,#780,#796,#801,#817,#822,#838,#843,#860,#865,#882,#887,#904,#909,#925,#930,#947,#952,#969,#974,#991,#996,#1013,#1018,#1029,#1040,#1051,#1062,#1073,#1084,#1095,#1106,#1117,#1128,#1139,#1150,#1161,#1178,#1183,#1194,#1211,#1216,#1232,#1237,#1247,#1258,#1269,#1280,#1291,#1302,#1313,#1324,#1335,#1346,#1357,#1368,#1379,#1390,#1401,#1412,#1423,#1440,#1445,#1461,#1466,#1486,#1491,#1507,#1512,#1529,#1534,#1551,#1556,#1573,#1578,#1640,#1650,#1673,#1679,#1696,#1701,#1719,#1724,#1735,#1756,#1766,#1784,#1789,#1806,#1811,#1828,#1833,#1854,#1859,#1881,#1886,#1906,#1911,#1930,#1935,#1954,#1959,#1979,#1984,#2003,#2008,#2039,#2044,#2078,#2083,#2116,#2121,#2154,#2159,#2192,#2197,#2213,#2218,#2234,#2239,#2259,#2264,#2284,#2294,#2312,#2317,#2328,#2339,#2350,#2361,#2372,#2389,#2394,#2405,#2416,#2427,#2438,#2449,#2460,#2471,#2482,#2493,#2504,#2515,#2526,#2537,#2548,#2559,#2570,#2587,#2592,#2609,#2614,#2625,#2636,#2647,#2658,#2669,#2686,#2691,#2702,#2713,#2724,#2735,#2746,#2757,#2768,#2779,#2796,#2801,#2818,#2823,#2840,#2845,#2862,#2867,#2884,#2889,#2900,#2911,#2922,#2933,#2944,#2955,#2966,#2977,#2988,#2999,#3010,#3021,#3032,#3043,#3054,#3065,#3076,#3087,#3098,#3119,#3129,#3141,#3152,#3163,#3180,#3185,#3197,#3208,#3219,#3230,#3241,#3252,#3263,#3274,#3285,#3296,#3307,#3318,#3329,#3340,#3351,#3362,#3373,#3384,#3395,#3412,#3417,#3428,#3439,#3450,#3467,#3472,#3483,#3494,#3505,#3516,#3527,#3538,#3549,#3560,#3571,#3582,#3593,#3615,#3620,#3643,#3648,#3669,#3674,#3695,#3700,#3731,#3741,#3758,#3763,#3780,#3785,#3796,#3807,#3824,#3829,#3846,#3851,#3863,#3874,#3885,#3906,#3911,#3931,#3936,#3956,#3961,#3981,#3986,#4005,#4010,#4030,#4035,#4051,#4056,#4072,#4077,#4094,#4099,#4116,#4121,#4138,#4143,#4160,#4165,#4182,#4187,#4204,#4209,#4220,#4231,#4242,#4259,#4264,#4281,#4286,#4303,#4308,#4325,#4330,#4347,#4352,#4364,#4375,#4386,#4397,#4408,#4419,#4430,#4441,#4458,#4463,#4474,#4485,#4496,#4507,#4518,#4529,#4540,#4551,#4562,#4573,#4584,#4595,#4606,#4617,#4628,#4639,#4650,#4661,#4672,#4683,#4694,#4705,#4716,#4727,#4738,#4749,#4760,#4771,#4782,#4793,#4804,#4815,#4826,#4837,#4848,#4859,#4870,#4881,#4892,#4903,#4914,#4925,#4936,#4947,#4973,#4978,#4989,#5000,#5011,#5033,#5038,#5061,#5066,#5082,#5087,#5098,#5118,#5123,#5139,#5144,#5155,#5181,#5186,#5210,#5215,#5236,#5241,#5251,#5262,#5273,#5284,#5295,#5306,#5317,#5328,#5350,#5355,#5370,#5375,#5392,#5397,#5413,#5418,#5434,#5439,#5455,#5460,#5476,#5481,#5497,#5502,#5518,#5523,#5539,#5544,#5560,#5565,#5581,#5586,#5602,#5607,#5627,#5632,#5647,#5652,#5668,#5673,#5689,#5694,#5710,#5715,#5731,#5736,#5757,#5762,#5778,#5783,#5799,#5804,#5820,#5825,#5841,#5846,#5862,#5867,#5883,#5888,#5904,#5909,#5926,#5931,#5971,#5976,#6004,#6009,#6025,#6030,#6047,#6052,#6063,#6074,#6086,#6110,#6115,#6139,#6144,#6172,#6177,#6205,#6210,#6238,#6243,#6260,#6265,#6281,#6286,#6302,#6307,#6324,#6329,#6356,#6361,#6377,#6382,#6398,#6403,#6427,#6432,#6449,#6454,#6471,#6476,#6493,#6498,#6526,#6531,#6558,#6563,#6591,#6596,#6623,#6628,#6651,#6656,#6680,#6685,#6702,#6707,#6723,#6728,#6744,#6749,#6770,#6775,#6796,#6801,#6817,#6822,#6834,#6845,#6856,#6876,#6881,#6899,#6904,#7079,#7272,#7453,#7634),$);
#7863=IFCPRESENTATIONLAYERASSIGNMENT('A-FLOR-____-OTLN',$,(#1610),$);
#7864=IFCUNITASSIGNMENT((#7,#8,#9,#10,#83,#180));
ENDSEC;

END-ISO-10303-21;