ISO-10303-21;
HEADER;
FILE_DESCRIPTION(('ViewDefinition [CoordinationView_V2.0]','RevitIdentifiers [ContentGUID: 9fdcccda-388f-4c1b-8758-dfe14a836a91, VersionGUID: 4599f23a-d3be-42ee-8395-56857f65a9a2, NumberOfSaves: 88]','CoordinateReference [CoordinateBase: Coordenadas compartilhadas, ProjectSite: Default Site]'),'2;1');
FILE_NAME('Projeto WorldSkills.ifc','2026-07-20T21:46:27-03:00',(''),(''),'ODA SDAI 25.12','Autodesk - Revit 26.4.20.9 (PTB) - 26.4.20.9','');
FILE_SCHEMA(('IFC2X3'));
ENDSEC;

DATA;
#1=IFCORGANIZATION($,'Autodesk Revit 2026 (PTB)',$,$,$);
#2=IFCAPPLICATION(#1,'2026','Autodesk Revit 2026 (PTB)','Revit');
#3=IFCPERSON($,'','bruno.bueno8BCWM',$,$,$,$,$);
#4=IFCORGANIZATION($,'','',$,$);
#5=IFCPERSONANDORGANIZATION(#3,#4,$);
#6=IFCOWNERHISTORY(#5,#2,$,.NOCHANGE.,$,$,$,1783978085);
#7=IFCSIUNIT(*,.LENGTHUNIT.,.MILLI.,.METRE.);
#8=IFCSIUNIT(*,.AREAUNIT.,$,.SQUARE_METRE.);
#9=IFCSIUNIT(*,.VOLUMEUNIT.,$,.CUBIC_METRE.);
#10=IFCCARTESIANPOINT((0.,0.,0.));
#11=IFCAXIS2PLACEMENT3D(#10,$,$);
#12=IFCDIRECTION((0.,1.));
#13=IFCGEOMETRICREPRESENTATIONCONTEXT($,'Model',3,0.01,#11,#12);
#14=IFCGEOMETRICREPRESENTATIONSUBCONTEXT('Axis','Model',*,*,*,*,#13,$,.GRAPH_VIEW.,$);
#15=IFCGEOMETRICREPRESENTATIONSUBCONTEXT('Body','Model',*,*,*,*,#13,$,.MODEL_VIEW.,$);
#16=IFCGEOMETRICREPRESENTATIONSUBCONTEXT('Box','Model',*,*,*,*,#13,$,.MODEL_VIEW.,$);
#17=IFCGEOMETRICREPRESENTATIONSUBCONTEXT('FootPrint','Model',*,*,*,*,#13,$,.MODEL_VIEW.,$);
#18=IFCPROJECT('2VtCpQE8zC6uTOt_6rV9LX',#6,'0001',$,$,'Project Name','Project Status',(#13),#6298);
#19=IFCPOSTALADDRESS($,$,$,$,('Enter address here'),$,'','Boston','','MA');
#20=IFCAXIS2PLACEMENT3D(#10,$,$);
#21=IFCLOCALPLACEMENT(#31,#20);
#22=IFCBUILDING('2VtCpQE8zC6uTOt_6rV9LW',#6,'',$,$,#21,$,'',.ELEMENT.,$,$,#19);
#23=IFCAXIS2PLACEMENT3D(#10,$,$);
#24=IFCLOCALPLACEMENT(#21,#23);
#25=IFCBUILDINGSTOREY('3Zu5Bv0LOHrPC10026FoQQ',#6,'Level 1',$,$,#24,$,'Level 1',.ELEMENT.,0.);
#26=IFCCARTESIANPOINT((0.,0.,4000.));
#27=IFCAXIS2PLACEMENT3D(#26,$,$);
#28=IFCLOCALPLACEMENT(#21,#27);
#29=IFCBUILDINGSTOREY('15Z0v90RiHrPC20026FoKR',#6,'Level 2',$,$,#28,$,'Level 2',.ELEMENT.,4000.0000000000005);
#30=IFCAXIS2PLACEMENT3D(#10,$,$);
#31=IFCLOCALPLACEMENT($,#30);
#32=IFCSITE('2VtCpQE8zC6uTOt_6rV9LZ',#6,'Default',$,$,#31,$,$,.ELEMENT.,(42,21,31,181945),(-71,-3,-24,-263305),0.,$,$);
#33=IFCCARTESIANPOINT((7188.4931710057472,8736.0354060546269,0.));
#34=IFCDIRECTION((0.,0.,1.));
#35=IFCDIRECTION((0.,-1.,0.));
#36=IFCAXIS2PLACEMENT3D(#33,#34,#35);
#37=IFCLOCALPLACEMENT(#24,#36);
#38=IFCCARTESIANPOINT((0.,0.));
#39=IFCCARTESIANPOINT((801.37228836277882,0.));
#40=IFCPOLYLINE((#38,#39));
#41=IFCSHAPEREPRESENTATION(#14,'Axis','Curve2D',(#40));
#42=IFCPRODUCTDEFINITIONSHAPE($,$,(#41,#54));
#43=IFCCARTESIANPOINT((400.68614418138941,4.1211478674085811E-013));
#44=IFCDIRECTION((-1.,0.));
#45=IFCAXIS2PLACEMENT2D(#43,#44);
#46=IFCRECTANGLEPROFILEDEF(.AREA.,$,#45,801.37228836277882,200.);
#47=IFCAXIS2PLACEMENT3D(#10,$,$);
#48=IFCEXTRUDEDAREASOLID(#46,#47,#34,1961.0000000000095);
#49=IFCCOLOURRGB($,0.70980392156862748,0.70980392156862748,0.70980392156862748);
#50=IFCSURFACESTYLERENDERING(#49,0.,$,$,$,$,IFCNORMALISEDRATIOMEASURE(0.5),IFCSPECULAREXPONENT(64.),.NOTDEFINED.);
#51=IFCSURFACESTYLE('Alvenaria de Bloco de Concreto Leve 600x240x200mm',.BOTH.,(#50));
#52=IFCPRESENTATIONSTYLEASSIGNMENT((#51));
#53=IFCSTYLEDITEM(#48,(#52),$);
#54=IFCSHAPEREPRESENTATION(#15,'Body','SweptSolid',(#48));
#55=IFCWALLSTANDARDCASE('1pxQ0MlwzAiOQ$tXtNokot',#6,'Parede b\X\E1sica:Bloco Leve de Concreto - 600x240x200:422819',$,$,#37,#42,'422819');
#56=IFCMATERIAL('Alvenaria de Bloco de Concreto Leve 600x240x200mm');
#57=IFCPRESENTATIONSTYLEASSIGNMENT((#51));
#58=IFCSTYLEDITEM($,(#57),$);
#59=IFCSTYLEDREPRESENTATION(#13,'Style','Material',(#58));
#60=IFCMATERIALDEFINITIONREPRESENTATION($,$,(#59),#56);
#61=IFCMATERIALLAYER(#56,200.,$);
#62=IFCMATERIALLAYERSET((#61),'Parede b\X\E1sica:Bloco Leve de Concreto - 600x240x200');
#63=IFCMATERIALLAYERSETUSAGE(#62,.AXIS2.,.NEGATIVE.,100.);
#64=IFCWALLTYPE('1pxQ0MlwzAiOQ$tXtNoksb',#6,'Parede b\X\E1sica:Bloco Leve de Concreto - 600x240x200',$,$,(#84),$,'422577',$,.STANDARD.);
#65=IFCPROPERTYSINGLEVALUE('Reference',$,IFCIDENTIFIER('Bloco Leve de Concreto - 600x240x200'),$);
#66=IFCPROPERTYSET('2U939kqAFY3foHAxHfYaQ2',#6,'Pset_QuantityTakeOff',$,(#65));
#67=IFCPROPERTYSINGLEVALUE('Reference',$,IFCLABEL('Bloco Leve de Concreto - 600x240x200'),$);
#68=IFCPROPERTYSET('3sCZZvFEJA$h_CnmHZkPjb',#6,'Pset_ReinforcementBarPitchOfWall',$,(#67));
#69=IFCPROPERTYSINGLEVALUE('IsExternal',$,IFCBOOLEAN(.T.),$);
#70=IFCPROPERTYSINGLEVALUE('ExtendToStructure',$,IFCBOOLEAN(.F.),$);
#71=IFCPROPERTYSINGLEVALUE('LoadBearing',$,IFCBOOLEAN(.F.),$);
#72=IFCPROPERTYSET('16GJuYS_POp_RcMtD5gHHi',#6,'Pset_WallCommon',$,(#65,#69,#70,#71));
#73=IFCRELDEFINESBYPROPERTIES('20Pt3$ZmS6DCSdZV0qLYaz',#6,$,$,(#55),#66);
#74=IFCRELDEFINESBYPROPERTIES('3ZRIpelDGD4LqlijcSEd_d',#6,$,$,(#55),#68);
#75=IFCRELDEFINESBYPROPERTIES('0mCJ8mMHZEAlNHLXKJPV0N',#6,$,$,(#55),#72);
#76=IFCSIUNIT(*,.MASSUNIT.,.KILO.,.GRAM.);
#77=IFCDERIVEDUNITELEMENT(#76,1);
#78=IFCSIUNIT(*,.THERMODYNAMICTEMPERATUREUNIT.,$,.KELVIN.);
#79=IFCDERIVEDUNITELEMENT(#78,-1);
#80=IFCSIUNIT(*,.TIMEUNIT.,$,.SECOND.);
#81=IFCDERIVEDUNITELEMENT(#80,-3);
#82=IFCDERIVEDUNIT((#77,#79,#81),.THERMALTRANSMITTANCEUNIT.,$);
#83=IFCPROPERTYSINGLEVALUE('ThermalTransmittance',$,IFCTHERMALTRANSMITTANCEMEASURE(6.5),$);
#84=IFCPROPERTYSET('0f395hauEE2ko3rISVOlYS',#6,'Pset_WallCommon',$,(#83));
#85=IFCCARTESIANPOINT((7188.4931710057363,7307.6631176918472,0.));
#86=IFCAXIS2PLACEMENT3D(#85,#34,#35);
#87=IFCLOCALPLACEMENT(#24,#86);
#88=IFCCARTESIANPOINT((585.,-0.));
#89=IFCPOLYLINE((#38,#88));
#90=IFCSHAPEREPRESENTATION(#14,'Axis','Curve2D',(#89));
#91=IFCPRODUCTDEFINITIONSHAPE($,$,(#90,#98));
#92=IFCCARTESIANPOINT((292.4999999999996,0.));
#93=IFCAXIS2PLACEMENT2D(#92,#44);
#94=IFCRECTANGLEPROFILEDEF(.AREA.,$,#93,585.00000000000136,200.);
#95=IFCAXIS2PLACEMENT3D(#10,$,$);
#96=IFCEXTRUDEDAREASOLID(#94,#95,#34,1960.);
#97=IFCSTYLEDITEM(#96,(#52),$);
#98=IFCSHAPEREPRESENTATION(#15,'Body','SweptSolid',(#96));
#99=IFCWALLSTANDARDCASE('1pxQ0MlwzAiOQ$tXtNokfV',#6,'Parede b\X\E1sica:Bloco Leve de Concreto - 600x240x200:423243',$,$,#87,#91,'423243');
#100=IFCMATERIALLAYERSETUSAGE(#62,.AXIS2.,.NEGATIVE.,100.);
#101=IFCPROPERTYSET('2av_uGPbMEDO6Wwx2cgtyl',#6,'Pset_QuantityTakeOff',$,(#65));
#102=IFCPROPERTYSINGLEVALUE('Reference',$,IFCLABEL('Bloco Leve de Concreto - 600x240x200'),$);
#103=IFCPROPERTYSET('0xg_2i9hvC7B5SLnwMdzXu',#6,'Pset_ReinforcementBarPitchOfWall',$,(#102));
#104=IFCPROPERTYSET('3MqZ_sGnohBHViz2qy_Jml',#6,'Pset_WallCommon',$,(#65,#69,#70,#71));
#105=IFCRELDEFINESBYPROPERTIES('0Nz8pCkv3rRvci4$pWeYxi',#6,$,$,(#99),#101);
#106=IFCRELDEFINESBYPROPERTIES('1v8r8djaDHN3xTQu9W_d0t',#6,$,$,(#99),#103);
#107=IFCRELDEFINESBYPROPERTIES('1UC_au9tp7xwxCUBEQT1nS',#6,$,$,(#99),#104);
#108=IFCCARTESIANPOINT((7238.4931710057344,7934.663117691849,0.));
#109=IFCAXIS2PLACEMENT3D(#108,#34,#35);
#110=IFCLOCALPLACEMENT(#24,#109);
#111=IFCCARTESIANPOINT((627.,-0.));
#112=IFCPOLYLINE((#38,#111));
#113=IFCSHAPEREPRESENTATION(#14,'Axis','Curve2D',(#112));
#114=IFCPRODUCTDEFINITIONSHAPE($,$,(#113,#125));
#115=IFCCARTESIANPOINT((313.49999999999966,-7.1054273576010019E-015));
#116=IFCAXIS2PLACEMENT2D(#115,#44);
#117=IFCRECTANGLEPROFILEDEF(.AREA.,$,#116,626.99999999999932,99.99999999999892);
#118=IFCAXIS2PLACEMENT3D(#10,$,$);
#119=IFCEXTRUDEDAREASOLID(#117,#118,#34,1669.2100000000003);
#120=IFCCOLOURRGB($,0.70980392156862748,0.70980392156862748,0.70980392156862748);
#121=IFCSURFACESTYLERENDERING(#120,0.,$,$,$,$,IFCNORMALISEDRATIOMEASURE(0.5),IFCSPECULAREXPONENT(64.),.NOTDEFINED.);
#122=IFCSURFACESTYLE('Alvenaria de Bloco de Concreto Leve 600x240x100mm',.BOTH.,(#121));
#123=IFCPRESENTATIONSTYLEASSIGNMENT((#122));
#124=IFCSTYLEDITEM(#119,(#123),$);
#125=IFCSHAPEREPRESENTATION(#15,'Body','SweptSolid',(#119));
#126=IFCWALLSTANDARDCASE('1pxQ0MlwzAiOQ$tXtNokQN',#6,'Parede b\X\E1sica:Bloco Leve de Concreto - 600x240x100:424323',$,$,#110,#114,'424323');
#127=IFCMATERIAL('Alvenaria de Bloco de Concreto Leve 600x240x100mm');
#128=IFCPRESENTATIONSTYLEASSIGNMENT((#122));
#129=IFCSTYLEDITEM($,(#128),$);
#130=IFCSTYLEDREPRESENTATION(#13,'Style','Material',(#129));
#131=IFCMATERIALDEFINITIONREPRESENTATION($,$,(#130),#127);
#132=IFCMATERIALLAYER(#127,100.,$);
#133=IFCMATERIALLAYERSET((#132),'Parede b\X\E1sica:Bloco Leve de Concreto - 600x240x100');
#134=IFCMATERIALLAYERSETUSAGE(#133,.AXIS2.,.NEGATIVE.,50.);
#135=IFCWALLTYPE('1pxQ0MlwzAiOQ$tXtNoksf',#6,'Parede b\X\E1sica:Bloco Leve de Concreto - 600x240x100',$,$,(#145),$,'422589',$,.STANDARD.);
#136=IFCPROPERTYSINGLEVALUE('Reference',$,IFCIDENTIFIER('Bloco Leve de Concreto - 600x240x100'),$);
#137=IFCPROPERTYSET('2Oen$D1_CB0IQYuy$wC91D',#6,'Pset_QuantityTakeOff',$,(#136));
#138=IFCPROPERTYSINGLEVALUE('Reference',$,IFCLABEL('Bloco Leve de Concreto - 600x240x100'),$);
#139=IFCPROPERTYSET('1bokUWRLDd6lgbVyjFxnM8',#6,'Pset_ReinforcementBarPitchOfWall',$,(#138));
#140=IFCPROPERTYSET('1j7YVBur64W1dQsRozugkK',#6,'Pset_WallCommon',$,(#69,#70,#71,#136));
#141=IFCRELDEFINESBYPROPERTIES('1nfRirOyatc_texJYk3vhL',#6,$,$,(#126),#137);
#142=IFCRELDEFINESBYPROPERTIES('1oco6RUKI80Zi5d1A1sUe3',#6,$,$,(#126),#139);
#143=IFCRELDEFINESBYPROPERTIES('0TVDwQ2WNSYRrj6kekZfy_',#6,$,$,(#126),#140);
#144=IFCPROPERTYSINGLEVALUE('ThermalTransmittance',$,IFCTHERMALTRANSMITTANCEMEASURE(13.),$);
#145=IFCPROPERTYSET('2lpDgi6PfL8a$pq9I$X41E',#6,'Pset_WallCommon',$,(#144));
#146=IFCCARTESIANPOINT((7188.4931710057353,7934.6631176918499,1669.2100000000003));
#147=IFCAXIS2PLACEMENT3D(#146,#34,#35);
#148=IFCLOCALPLACEMENT(#24,#147);
#149=IFCCARTESIANPOINT((627.,-0.));
#150=IFCPOLYLINE((#38,#149));
#151=IFCSHAPEREPRESENTATION(#14,'Axis','Curve2D',(#150));
#152=IFCPRODUCTDEFINITIONSHAPE($,$,(#151,#159));
#153=IFCCARTESIANPOINT((313.50000000000023,-7.1054273576010019E-015));
#154=IFCAXIS2PLACEMENT2D(#153,#44);
#155=IFCRECTANGLEPROFILEDEF(.AREA.,$,#154,627.00000000000045,200.);
#156=IFCAXIS2PLACEMENT3D(#10,$,$);
#157=IFCEXTRUDEDAREASOLID(#155,#156,#34,291.79000000000934);
#158=IFCSTYLEDITEM(#157,(#52),$);
#159=IFCSHAPEREPRESENTATION(#15,'Body','SweptSolid',(#157));
#160=IFCWALLSTANDARDCASE('1pxQ0MlwzAiOQ$tXtNokQG',#6,'Parede b\X\E1sica:Bloco Leve de Concreto - 600x240x200:424324',$,$,#148,#152,'424324');
#161=IFCMATERIALLAYERSETUSAGE(#62,.AXIS2.,.NEGATIVE.,100.);
#162=IFCPROPERTYSET('10zPhliN_UNgbX9yYbJnRK',#6,'Pset_QuantityTakeOff',$,(#65));
#163=IFCPROPERTYSINGLEVALUE('Reference',$,IFCLABEL('Bloco Leve de Concreto - 600x240x200'),$);
#164=IFCPROPERTYSET('2EEyD6YC$OZ7NtIao_oM0t',#6,'Pset_ReinforcementBarPitchOfWall',$,(#163));
#165=IFCPROPERTYSET('1tjEGLi0K9X45pHKJ2r0c_',#6,'Pset_WallCommon',$,(#65,#69,#70,#71));
#166=IFCRELDEFINESBYPROPERTIES('1Yar4tw4$DDhnDRDebuksI',#6,$,$,(#160),#162);
#167=IFCRELDEFINESBYPROPERTIES('2$WRlI9srR8LirE4BpVRKA',#6,$,$,(#160),#164);
#168=IFCRELDEFINESBYPROPERTIES('0XmXfIuYhTiqLtpDUjvj19',#6,$,$,(#160),#165);
#169=IFCCARTESIANPOINT((5278.4931710057153,8636.0354060546324,-40.));
#170=IFCAXIS2PLACEMENT3D(#169,$,$);
#171=IFCLOCALPLACEMENT(#24,#170);
#172=IFCCARTESIANPOINT((1810.,0.));
#173=IFCPOLYLINE((#38,#172));
#174=IFCSHAPEREPRESENTATION(#14,'Axis','Curve2D',(#173));
#175=IFCPRODUCTDEFINITIONSHAPE($,$,(#174,#182));
#176=IFCCARTESIANPOINT((905.00000000001626,-1.2079226507921703E-013));
#177=IFCAXIS2PLACEMENT2D(#176,#44);
#178=IFCRECTANGLEPROFILEDEF(.AREA.,$,#177,1810.0000000000325,200.);
#179=IFCAXIS2PLACEMENT3D(#10,$,$);
#180=IFCEXTRUDEDAREASOLID(#178,#179,#34,2001.0000000000095);
#181=IFCSTYLEDITEM(#180,(#52),$);
#182=IFCSHAPEREPRESENTATION(#15,'Body','SweptSolid',(#180));
#183=IFCWALLSTANDARDCASE('1MH_t$ZbL18A53iTg7iZB7',#6,'Parede b\X\E1sica:Bloco Leve de Concreto - 600x240x200:435258',$,$,#171,#175,'435258');
#184=IFCMATERIALLAYERSETUSAGE(#62,.AXIS2.,.NEGATIVE.,100.);
#185=IFCPROPERTYSET('3e8mzKDqFr1ISXPWtgnt7V',#6,'Pset_QuantityTakeOff',$,(#65));
#186=IFCPROPERTYSINGLEVALUE('Reference',$,IFCLABEL('Bloco Leve de Concreto - 600x240x200'),$);
#187=IFCPROPERTYSET('3PEkdy2rJYKO2uOH1pbaGr',#6,'Pset_ReinforcementBarPitchOfWall',$,(#186));
#188=IFCPROPERTYSET('0QISoNVj2C0mpoGzNCQfBw',#6,'Pset_WallCommon',$,(#65,#69,#70,#71));
#189=IFCRELDEFINESBYPROPERTIES('0rRi2YB4HEPFFsM63WOfoN',#6,$,$,(#183),#185);
#190=IFCRELDEFINESBYPROPERTIES('2wSYmIf8GvFewPt$M86rbi',#6,$,$,(#183),#187);
#191=IFCRELDEFINESBYPROPERTIES('2jXfvZrvlQqg$llifZZbvQ',#6,$,$,(#183),#188);
#192=IFCCARTESIANPOINT((2.1316282072803006E-014,0.));
#193=IFCDIRECTION((1.,0.));
#194=IFCAXIS2PLACEMENT2D(#192,#193);
#195=IFCRECTANGLEPROFILEDEF(.AREA.,'Tile 200x100x75 White 2',#194,199.80000000000001,100.40000000000001);
#196=IFCCARTESIANPOINT((-50.199999999993743,-99.900000000008419,-0.));
#197=IFCAXIS2PLACEMENT3D(#196,#34,#35);
#198=IFCEXTRUDEDAREASOLID(#195,#197,#34,6.9999999999999973);
#199=IFCSIUNIT(*,.PLANEANGLEUNIT.,$,.RADIAN.);
#200=IFCDIMENSIONALEXPONENTS(0,0,0,0,0,0,0);
#201=IFCMEASUREWITHUNIT(IFCPLANEANGLEMEASURE(0.017453292519943278),#199);
#202=IFCCONVERSIONBASEDUNIT(#200,.PLANEANGLEUNIT.,'DEGREE',#201);
#203=IFCCOLOURRGB($,1.,1.,1.);
#204=IFCSURFACESTYLERENDERING(#203,0.,$,$,$,$,IFCNORMALISEDRATIOMEASURE(0.5),IFCSPECULAREXPONENT(64.),.NOTDEFINED.);
#205=IFCSURFACESTYLE('Tile White',.BOTH.,(#204));
#206=IFCPRESENTATIONSTYLEASSIGNMENT((#205));
#207=IFCSTYLEDITEM(#198,(#206),$);
#208=IFCSHAPEREPRESENTATION(#15,'Body','SweptSolid',(#198));
#209=IFCAXIS2PLACEMENT3D(#10,$,$);
#210=IFCREPRESENTATIONMAP(#209,#208);
#211=IFCBUILDINGELEMENTPROXYTYPE('1MH_t$ZbL18A53iTg7iZoj',#6,'Tile:Tile 200x100x75 White 2',$,$,$,(#210),'431094',$,.NOTDEFINED.);
#212=IFCMATERIAL('Tile White');
#213=IFCPRESENTATIONSTYLEASSIGNMENT((#205));
#214=IFCSTYLEDITEM($,(#213),$);
#215=IFCSTYLEDREPRESENTATION(#13,'Style','Material',(#214));
#216=IFCMATERIALDEFINITIONREPRESENTATION($,$,(#215),#212);
#217=IFCCARTESIANTRANSFORMATIONOPERATOR3D($,$,#10,1.,$);
#218=IFCMAPPEDITEM(#210,#217);
#219=IFCSHAPEREPRESENTATION(#15,'Body','MappedRepresentation',(#218));
#220=IFCPRODUCTDEFINITIONSHAPE($,$,(#219));
#221=IFCCARTESIANPOINT((7086.4931710057408,8433.9105668044667,1924.0100328393739));
#222=IFCDIRECTION((-1.,0.,0.));
#223=IFCAXIS2PLACEMENT3D(#221,#222,#34);
#224=IFCLOCALPLACEMENT(#24,#223);
#225=IFCBUILDINGELEMENTPROXY('1MH_t$ZbL18A53iTg7iZzy',#6,'Tile:Tile 200x100x75 White 2:436609',$,$,#224,#220,'436609',$);
#226=IFCPROPERTYSINGLEVALUE('Reference',$,IFCIDENTIFIER('Tile 200x100x75 White 2'),$);
#227=IFCPROPERTYSET('11Tl73m1mSWwMC91tyWFVm',#6,'Pset_BuildingElementProxyCommon',$,(#226));
#228=IFCPROPERTYSET('1ujqRlP$hwYKufoq8cJG7c',#6,'Pset_QuantityTakeOff',$,(#226));
#229=IFCRELDEFINESBYPROPERTIES('2JE8biGSB_aDaKzMyNL8Oc',#6,$,$,(#225),#227);
#230=IFCRELDEFINESBYPROPERTIES('2QJzTbjh45_K0OXP8_Reth',#6,$,$,(#225),#228);
#231=IFCMAPPEDITEM(#210,#217);
#232=IFCSHAPEREPRESENTATION(#15,'Body','MappedRepresentation',(#231));
#233=IFCPRODUCTDEFINITIONSHAPE($,$,(#232));
#234=IFCCARTESIANPOINT((7086.4931710057399,8232.1105668044675,1924.010032839373));
#235=IFCAXIS2PLACEMENT3D(#234,#222,#34);
#236=IFCLOCALPLACEMENT(#24,#235);
#237=IFCBUILDINGELEMENTPROXY('18mlhNdHLBxuIFFMXYW9vt',#6,'Tile:Tile 200x100x75 White 2:437141',$,$,#236,#233,'437141',$);
#238=IFCPROPERTYSET('31AHvbOtBl8V5sd20Dtop4',#6,'Pset_BuildingElementProxyCommon',$,(#226));
#239=IFCPROPERTYSET('0pqyGQAKuEpxFMF4VRzgv2',#6,'Pset_QuantityTakeOff',$,(#226));
#240=IFCRELDEFINESBYPROPERTIES('2GhvPYEux7GiBEcdXTZjKS',#6,$,$,(#237),#238);
#241=IFCRELDEFINESBYPROPERTIES('0tU1d6idlOP7ia595wams5',#6,$,$,(#237),#239);
#242=IFCMAPPEDITEM(#210,#217);
#243=IFCSHAPEREPRESENTATION(#15,'Body','MappedRepresentation',(#242));
#244=IFCPRODUCTDEFINITIONSHAPE($,$,(#243));
#245=IFCCARTESIANPOINT((7086.4931710057399,8030.3105668044673,1924.0100328393739));
#246=IFCAXIS2PLACEMENT3D(#245,#222,#34);
#247=IFCLOCALPLACEMENT(#24,#246);
#248=IFCBUILDINGELEMENTPROXY('18mlhNdHLBxuIFFMXYW9vA',#6,'Tile:Tile 200x100x75 White 2:437160',$,$,#247,#244,'437160',$);
#249=IFCPROPERTYSET('2PRbVD3W4PJ1_k0w9eRUo6',#6,'Pset_BuildingElementProxyCommon',$,(#226));
#250=IFCPROPERTYSET('25sF6UhHD6Q_I1_kjFHIIc',#6,'Pset_QuantityTakeOff',$,(#226));
#251=IFCRELDEFINESBYPROPERTIES('2Wj2ytPsDOT8QXp11$m2zj',#6,$,$,(#248),#249);
#252=IFCRELDEFINESBYPROPERTIES('3w$575G7zmS4QILlwLMpYd',#6,$,$,(#248),#250);
#253=IFCMAPPEDITEM(#210,#217);
#254=IFCSHAPEREPRESENTATION(#15,'Body','MappedRepresentation',(#253));
#255=IFCPRODUCTDEFINITIONSHAPE($,$,(#254));
#256=IFCCARTESIANPOINT((7086.4931710057399,7828.510566804468,1924.0100328393739));
#257=IFCAXIS2PLACEMENT3D(#256,#222,#34);
#258=IFCLOCALPLACEMENT(#24,#257);
#259=IFCBUILDINGELEMENTPROXY('18mlhNdHLBxuIFFMXYW9v8',#6,'Tile:Tile 200x100x75 White 2:437162',$,$,#258,#255,'437162',$);
#260=IFCPROPERTYSET('11TKLytWJIICnsDdZOtiAV',#6,'Pset_BuildingElementProxyCommon',$,(#226));
#261=IFCPROPERTYSET('2h2Hvwu_ENtqKv$zjrOIg1',#6,'Pset_QuantityTakeOff',$,(#226));
#262=IFCRELDEFINESBYPROPERTIES('1rrzygEcDE7G3dR4ctfg3$',#6,$,$,(#259),#260);
#263=IFCRELDEFINESBYPROPERTIES('3VVMcetA_tsGsKydhbysbL',#6,$,$,(#259),#261);
#264=IFCMAPPEDITEM(#210,#217);
#265=IFCSHAPEREPRESENTATION(#15,'Body','MappedRepresentation',(#264));
#266=IFCPRODUCTDEFINITIONSHAPE($,$,(#265));
#267=IFCCARTESIANPOINT((7086.493171005739,7626.7105668044687,1924.0100328393739));
#268=IFCAXIS2PLACEMENT3D(#267,#222,#34);
#269=IFCLOCALPLACEMENT(#24,#268);
#270=IFCBUILDINGELEMENTPROXY('18mlhNdHLBxuIFFMXYW9vE',#6,'Tile:Tile 200x100x75 White 2:437164',$,$,#269,#266,'437164',$);
#271=IFCPROPERTYSET('1QXHbxUU8Br5UlQ8VmlWaK',#6,'Pset_BuildingElementProxyCommon',$,(#226));
#272=IFCPROPERTYSET('126LRcprvD8TYC9MJhAnmq',#6,'Pset_QuantityTakeOff',$,(#226));
#273=IFCRELDEFINESBYPROPERTIES('3Z2fw3Lpb$BZy_BD0LdBLX',#6,$,$,(#270),#271);
#274=IFCRELDEFINESBYPROPERTIES('1bakbuatmhdKBajO1N4ctc',#6,$,$,(#270),#272);
#275=IFCMAPPEDITEM(#210,#217);
#276=IFCSHAPEREPRESENTATION(#15,'Body','MappedRepresentation',(#275));
#277=IFCPRODUCTDEFINITIONSHAPE($,$,(#276));
#278=IFCCARTESIANPOINT((7086.493171005739,7424.9105668044685,1924.0100328393739));
#279=IFCAXIS2PLACEMENT3D(#278,#222,#34);
#280=IFCLOCALPLACEMENT(#24,#279);
#281=IFCBUILDINGELEMENTPROXY('18mlhNdHLBxuIFFMXYW9vC',#6,'Tile:Tile 200x100x75 White 2:437166',$,$,#280,#277,'437166',$);
#282=IFCPROPERTYSET('1QCTHIODRb8pCTM0CCQ6zH',#6,'Pset_BuildingElementProxyCommon',$,(#226));
#283=IFCPROPERTYSET('0LmoehuksjZVle2tg9iTxi',#6,'Pset_QuantityTakeOff',$,(#226));
#284=IFCRELDEFINESBYPROPERTIES('15lU8aNx_GfbcObY5NPSj7',#6,$,$,(#281),#282);
#285=IFCRELDEFINESBYPROPERTIES('3HsHlGkPYz1SWwliBJW8Df',#6,$,$,(#281),#283);
#286=IFCMAPPEDITEM(#210,#217);
#287=IFCSHAPEREPRESENTATION(#15,'Body','MappedRepresentation',(#286));
#288=IFCPRODUCTDEFINITIONSHAPE($,$,(#287));
#289=IFCCARTESIANPOINT((7086.493171005739,7223.1105668044693,1924.0100328393739));
#290=IFCAXIS2PLACEMENT3D(#289,#222,#34);
#291=IFCLOCALPLACEMENT(#24,#290);
#292=IFCBUILDINGELEMENTPROXY('18mlhNdHLBxuIFFMXYW9vI',#6,'Tile:Tile 200x100x75 White 2:437168',$,$,#291,#288,'437168',$);
#293=IFCPROPERTYSET('2zoFuwuH3D$t5fbl2M$A51',#6,'Pset_BuildingElementProxyCommon',$,(#226));
#294=IFCPROPERTYSET('08NLYg_m0ni8VtR21cgDcx',#6,'Pset_QuantityTakeOff',$,(#226));
#295=IFCRELDEFINESBYPROPERTIES('0EUbo82J4Nh2D3MSSynC5l',#6,$,$,(#292),#293);
#296=IFCRELDEFINESBYPROPERTIES('1upcCCzUK2wJt3zswRRLYd',#6,$,$,(#292),#294);
#297=IFCMAPPEDITEM(#210,#217);
#298=IFCSHAPEREPRESENTATION(#15,'Body','MappedRepresentation',(#297));
#299=IFCPRODUCTDEFINITIONSHAPE($,$,(#298));
#300=IFCCARTESIANPOINT((7086.4931710057381,7021.31056680447,1924.0100328393739));
#301=IFCAXIS2PLACEMENT3D(#300,#222,#34);
#302=IFCLOCALPLACEMENT(#24,#301);
#303=IFCBUILDINGELEMENTPROXY('18mlhNdHLBxuIFFMXYW9vG',#6,'Tile:Tile 200x100x75 White 2:437170',$,$,#302,#299,'437170',$);
#304=IFCPROPERTYSET('1Mw1kg0yrja6kI84dRmINb',#6,'Pset_BuildingElementProxyCommon',$,(#226));
#305=IFCPROPERTYSET('1IoaNUMSfCOYY7O68cH1Q2',#6,'Pset_QuantityTakeOff',$,(#226));
#306=IFCRELDEFINESBYPROPERTIES('0_EkXBKrEFjErRwE0QK298',#6,$,$,(#303),#304);
#307=IFCRELDEFINESBYPROPERTIES('3_nsjLDKUGJfeOJjJQRBQD',#6,$,$,(#303),#305);
#308=IFCMAPPEDITEM(#210,#217);
#309=IFCSHAPEREPRESENTATION(#15,'Body','MappedRepresentation',(#308));
#310=IFCPRODUCTDEFINITIONSHAPE($,$,(#309));
#311=IFCCARTESIANPOINT((7086.4931710057381,6920.4105668044667,1821.6100328393704));
#312=IFCAXIS2PLACEMENT3D(#311,#222,#34);
#313=IFCLOCALPLACEMENT(#24,#312);
#314=IFCBUILDINGELEMENTPROXY('18mlhNdHLBxuIFFMXYW9un',#6,'Tile:Tile 200x100x75 White 2:437203',$,$,#313,#310,'437203',$);
#315=IFCPROPERTYSET('3i0qRJ7$RU_1Wt5QpYIZrt',#6,'Pset_BuildingElementProxyCommon',$,(#226));
#316=IFCPROPERTYSET('13m5eGI4p2$VyeDNob8Vhh',#6,'Pset_QuantityTakeOff',$,(#226));
#317=IFCRELDEFINESBYPROPERTIES('3wmjsxDazyYnY6NoaXctsd',#6,$,$,(#314),#315);
#318=IFCRELDEFINESBYPROPERTIES('3mrufZf0UCDeJ7XvY24pkE',#6,$,$,(#314),#316);
#319=IFCMAPPEDITEM(#210,#217);
#320=IFCSHAPEREPRESENTATION(#15,'Body','MappedRepresentation',(#319));
#321=IFCPRODUCTDEFINITIONSHAPE($,$,(#320));
#322=IFCCARTESIANPOINT((7086.493171005739,7122.210566804466,1821.6100328393709));
#323=IFCAXIS2PLACEMENT3D(#322,#222,#34);
#324=IFCLOCALPLACEMENT(#24,#323);
#325=IFCBUILDINGELEMENTPROXY('18mlhNdHLBxuIFFMXYW9uO',#6,'Tile:Tile 200x100x75 White 2:437242',$,$,#324,#321,'437242',$);
#326=IFCPROPERTYSET('0PQQpC70aFoh06tHIUbcW5',#6,'Pset_BuildingElementProxyCommon',$,(#226));
#327=IFCPROPERTYSET('3arpS9n2tg$PNmeRJYvec1',#6,'Pset_QuantityTakeOff',$,(#226));
#328=IFCRELDEFINESBYPROPERTIES('1t4iwAfNXQsczPwuxjWNIy',#6,$,$,(#325),#326);
#329=IFCRELDEFINESBYPROPERTIES('2mTTaFGFhBLcOR0SOTJrA7',#6,$,$,(#325),#327);
#330=IFCMAPPEDITEM(#210,#217);
#331=IFCSHAPEREPRESENTATION(#15,'Body','MappedRepresentation',(#330));
#332=IFCPRODUCTDEFINITIONSHAPE($,$,(#331));
#333=IFCCARTESIANPOINT((7086.493171005739,7324.0105668044662,1821.6100328393704));
#334=IFCAXIS2PLACEMENT3D(#333,#222,#34);
#335=IFCLOCALPLACEMENT(#24,#334);
#336=IFCBUILDINGELEMENTPROXY('18mlhNdHLBxuIFFMXYW9dg',#6,'Tile:Tile 200x100x75 White 2:437256',$,$,#335,#332,'437256',$);
#337=IFCPROPERTYSET('0Ne0uYClxB6pOKkFWThiWN',#6,'Pset_BuildingElementProxyCommon',$,(#226));
#338=IFCPROPERTYSET('0g_587UCH6Jxagf3LvGEwN',#6,'Pset_QuantityTakeOff',$,(#226));
#339=IFCRELDEFINESBYPROPERTIES('172wmOE6FGQdjHpENkkMv$',#6,$,$,(#336),#337);
#340=IFCRELDEFINESBYPROPERTIES('0PepMMYtpW7JJwNbfPxlfg',#6,$,$,(#336),#338);
#341=IFCMAPPEDITEM(#210,#217);
#342=IFCSHAPEREPRESENTATION(#15,'Body','MappedRepresentation',(#341));
#343=IFCPRODUCTDEFINITIONSHAPE($,$,(#342));
#344=IFCCARTESIANPOINT((7086.493171005739,7525.8105668044655,1821.6100328393704));
#345=IFCAXIS2PLACEMENT3D(#344,#222,#34);
#346=IFCLOCALPLACEMENT(#24,#345);
#347=IFCBUILDINGELEMENTPROXY('18mlhNdHLBxuIFFMXYW9de',#6,'Tile:Tile 200x100x75 White 2:437258',$,$,#346,#343,'437258',$);
#348=IFCPROPERTYSET('0rVcQRNzppz$J3C8cNWZMQ',#6,'Pset_BuildingElementProxyCommon',$,(#226));
#349=IFCPROPERTYSET('2dM9aAJZohoAzcvh53wQbQ',#6,'Pset_QuantityTakeOff',$,(#226));
#350=IFCRELDEFINESBYPROPERTIES('0WfCIlYtoURXad$tLRqY2S',#6,$,$,(#347),#348);
#351=IFCRELDEFINESBYPROPERTIES('3uwKlNJXlord$Z$1Fub$z4',#6,$,$,(#347),#349);
#352=IFCMAPPEDITEM(#210,#217);
#353=IFCSHAPEREPRESENTATION(#15,'Body','MappedRepresentation',(#352));
#354=IFCPRODUCTDEFINITIONSHAPE($,$,(#353));
#355=IFCCARTESIANPOINT((7086.4931710057399,7727.6105668044647,1821.6100328393704));
#356=IFCAXIS2PLACEMENT3D(#355,#222,#34);
#357=IFCLOCALPLACEMENT(#24,#356);
#358=IFCBUILDINGELEMENTPROXY('18mlhNdHLBxuIFFMXYW9dk',#6,'Tile:Tile 200x100x75 White 2:437260',$,$,#357,#354,'437260',$);
#359=IFCPROPERTYSET('39lgOc8XLJcBP_k_2gfx07',#6,'Pset_BuildingElementProxyCommon',$,(#226));
#360=IFCPROPERTYSET('1B6JTIF6NR_HSzv493KXjW',#6,'Pset_QuantityTakeOff',$,(#226));
#361=IFCRELDEFINESBYPROPERTIES('0kah7JeeXohG45qEV5YNIy',#6,$,$,(#358),#359);
#362=IFCRELDEFINESBYPROPERTIES('0ozvwG6zRRl_2eDTGZpj7Q',#6,$,$,(#358),#360);
#363=IFCMAPPEDITEM(#210,#217);
#364=IFCSHAPEREPRESENTATION(#15,'Body','MappedRepresentation',(#363));
#365=IFCPRODUCTDEFINITIONSHAPE($,$,(#364));
#366=IFCCARTESIANPOINT((7086.4931710057399,7929.4105668044649,1821.6100328393704));
#367=IFCAXIS2PLACEMENT3D(#366,#222,#34);
#368=IFCLOCALPLACEMENT(#24,#367);
#369=IFCBUILDINGELEMENTPROXY('18mlhNdHLBxuIFFMXYW9di',#6,'Tile:Tile 200x100x75 White 2:437262',$,$,#368,#365,'437262',$);
#370=IFCPROPERTYSET('19ZQmMwB7lOpJWXs1UN0DH',#6,'Pset_BuildingElementProxyCommon',$,(#226));
#371=IFCPROPERTYSET('1qn0rxzEYtUA0GJa_kyEMU',#6,'Pset_QuantityTakeOff',$,(#226));
#372=IFCRELDEFINESBYPROPERTIES('3qOOY4z96Mpu4F$9dyy1JE',#6,$,$,(#369),#370);
#373=IFCRELDEFINESBYPROPERTIES('0o2QV_GfViDd4hcmIIiVjR',#6,$,$,(#369),#371);
#374=IFCMAPPEDITEM(#210,#217);
#375=IFCSHAPEREPRESENTATION(#15,'Body','MappedRepresentation',(#374));
#376=IFCPRODUCTDEFINITIONSHAPE($,$,(#375));
#377=IFCCARTESIANPOINT((7086.4931710057399,8131.2105668044642,1821.6100328393704));
#378=IFCAXIS2PLACEMENT3D(#377,#222,#34);
#379=IFCLOCALPLACEMENT(#24,#378);
#380=IFCBUILDINGELEMENTPROXY('18mlhNdHLBxuIFFMXYW9do',#6,'Tile:Tile 200x100x75 White 2:437264',$,$,#379,#376,'437264',$);
#381=IFCPROPERTYSET('01IGnMsbPSF$vH1eHy2s49',#6,'Pset_BuildingElementProxyCommon',$,(#226));
#382=IFCPROPERTYSET('0_GKMDcz43vixxV0i2lvfX',#6,'Pset_QuantityTakeOff',$,(#226));
#383=IFCRELDEFINESBYPROPERTIES('2Moe0KAjG$_hqGY5B3ojIC',#6,$,$,(#380),#381);
#384=IFCRELDEFINESBYPROPERTIES('3zPuei_olwxVyZm0Q1Lmaq',#6,$,$,(#380),#382);
#385=IFCMAPPEDITEM(#210,#217);
#386=IFCSHAPEREPRESENTATION(#15,'Body','MappedRepresentation',(#385));
#387=IFCPRODUCTDEFINITIONSHAPE($,$,(#386));
#388=IFCCARTESIANPOINT((7086.4931710057408,8333.0105668044635,1821.6100328393704));
#389=IFCAXIS2PLACEMENT3D(#388,#222,#34);
#390=IFCLOCALPLACEMENT(#24,#389);
#391=IFCBUILDINGELEMENTPROXY('18mlhNdHLBxuIFFMXYW9dm',#6,'Tile:Tile 200x100x75 White 2:437266',$,$,#390,#387,'437266',$);
#392=IFCPROPERTYSET('3PNw__IM_erjwZmW5SyxI0',#6,'Pset_BuildingElementProxyCommon',$,(#226));
#393=IFCPROPERTYSET('0yWXnaWoj6PZJ$U3h69j6e',#6,'Pset_QuantityTakeOff',$,(#226));
#394=IFCRELDEFINESBYPROPERTIES('24Yw_sB42fQjPWVcPkiFGm',#6,$,$,(#391),#392);
#395=IFCRELDEFINESBYPROPERTIES('0$1LXAACBog96rIU$It7gD',#6,$,$,(#391),#393);
#396=IFCCARTESIANPOINT((0.,0.));
#397=IFCAXIS2PLACEMENT2D(#396,#193);
#398=IFCRECTANGLEPROFILEDEF(.AREA.,'Tile 200x100x75 White 2',#397,98.90000000000002,100.40000000000001);
#399=IFCCARTESIANPOINT((-50.199999999993743,-49.450000000008437,-0.));
#400=IFCAXIS2PLACEMENT3D(#399,#34,#35);
#401=IFCEXTRUDEDAREASOLID(#398,#400,#34,6.9999999999999973);
#402=IFCSTYLEDITEM(#401,(#206),$);
#403=IFCSHAPEREPRESENTATION(#15,'Body','SweptSolid',(#401));
#404=IFCAXIS2PLACEMENT3D(#10,$,$);
#405=IFCREPRESENTATIONMAP(#404,#403);
#406=IFCBUILDINGELEMENTPROXYTYPE('1MH_t$ZbL18A53iTg7iWYy',#6,'Tile:Tile 200x100x75 White 2',$,$,$,(#405),'431094',$,.NOTDEFINED.);
#407=IFCMAPPEDITEM(#405,#217);
#408=IFCSHAPEREPRESENTATION(#15,'Body','MappedRepresentation',(#407));
#409=IFCPRODUCTDEFINITIONSHAPE($,$,(#408));
#410=IFCCARTESIANPOINT((7086.4931710057381,6819.5105668044671,1924.0100328393735));
#411=IFCAXIS2PLACEMENT3D(#410,#222,#34);
#412=IFCLOCALPLACEMENT(#24,#411);
#413=IFCBUILDINGELEMENTPROXY('18mlhNdHLBxuIFFMXYW9dR',#6,'Tile:Tile 200x100x75 White 2:437305',$,$,#412,#409,'437305',$);
#414=IFCPROPERTYSET('0G3YeAIa5GOZJeUtWwBlfR',#6,'Pset_BuildingElementProxyCommon',$,(#226));
#415=IFCPROPERTYSET('0TVjiIrv_7jQyx_SbDbc2H',#6,'Pset_QuantityTakeOff',$,(#226));
#416=IFCRELDEFINESBYPROPERTIES('3FsDEWBAeJNOp9_17L32oR',#6,$,$,(#413),#414);
#417=IFCRELDEFINESBYPROPERTIES('1vAczLKQ27KRYUBUYA2Dgx',#6,$,$,(#413),#415);
#418=IFCCARTESIANPOINT((2.1316282072803006E-014,0.));
#419=IFCAXIS2PLACEMENT2D(#418,#193);
#420=IFCRECTANGLEPROFILEDEF(.AREA.,'Tile 200x100x75 White 2',#419,185.60000000000002,100.40000000000001);
#421=IFCCARTESIANPOINT((-50.199999999993743,-92.80000000000841,-0.));
#422=IFCAXIS2PLACEMENT3D(#421,#34,#35);
#423=IFCEXTRUDEDAREASOLID(#420,#422,#34,6.9999999999999973);
#424=IFCSTYLEDITEM(#423,(#206),$);
#425=IFCSHAPEREPRESENTATION(#15,'Body','SweptSolid',(#423));
#426=IFCAXIS2PLACEMENT3D(#10,$,$);
#427=IFCREPRESENTATIONMAP(#426,#425);
#428=IFCBUILDINGELEMENTPROXYTYPE('0r3m9KXTH7dQEHyg3LNa7J',#6,'Tile:Tile 200x100x75 White 2',$,$,$,(#427),'431094',$,.NOTDEFINED.);
#429=IFCMAPPEDITEM(#427,#217);
#430=IFCSHAPEREPRESENTATION(#15,'Body','MappedRepresentation',(#429));
#431=IFCPRODUCTDEFINITIONSHAPE($,$,(#430));
#432=IFCCARTESIANPOINT((7086.4931710057408,8520.6105668044711,1821.6100328393709));
#433=IFCAXIS2PLACEMENT3D(#432,#222,#34);
#434=IFCLOCALPLACEMENT(#24,#433);
#435=IFCBUILDINGELEMENTPROXY('0r3m9KXTH7dQEHyg3LNa1g',#6,'Tile:Tile 200x100x75 White 2:438502',$,$,#434,#431,'438502',$);
#436=IFCPROPERTYSET('04bZhM0goQspsRhta$yhRT',#6,'Pset_BuildingElementProxyCommon',$,(#226));
#437=IFCPROPERTYSET('0t91s7$a71aWLOX95DfZuT',#6,'Pset_QuantityTakeOff',$,(#226));
#438=IFCRELDEFINESBYPROPERTIES('1yKAsz8BXVdL4E4RMxol8X',#6,$,$,(#435),#436);
#439=IFCRELDEFINESBYPROPERTIES('299xTe3nxfgkfl17WOBIZm',#6,$,$,(#435),#437);
#440=IFCCARTESIANPOINT((0.,-1.0658141036401503E-014));
#441=IFCAXIS2PLACEMENT2D(#440,#193);
#442=IFCRECTANGLEPROFILEDEF(.AREA.,'Tile 200x100x75 White 2',#441,84.700000000000045,100.40000000000001);
#443=IFCCARTESIANPOINT((-50.199999999993743,-42.350000000008443,-0.));
#444=IFCAXIS2PLACEMENT3D(#443,#34,#35);
#445=IFCEXTRUDEDAREASOLID(#442,#444,#34,6.9999999999999973);
#446=IFCSTYLEDITEM(#445,(#206),$);
#447=IFCSHAPEREPRESENTATION(#15,'Body','SweptSolid',(#445));
#448=IFCAXIS2PLACEMENT3D(#10,$,$);
#449=IFCREPRESENTATIONMAP(#448,#447);
#450=IFCBUILDINGELEMENTPROXYTYPE('0r3m9KXTH7dQEHyg3LNa52',#6,'Tile:Tile 200x100x75 White 2',$,$,$,(#449),'431094',$,.NOTDEFINED.);
#451=IFCMAPPEDITEM(#449,#217);
#452=IFCSHAPEREPRESENTATION(#15,'Body','MappedRepresentation',(#451));
#453=IFCPRODUCTDEFINITIONSHAPE($,$,(#452));
#454=IFCCARTESIANPOINT((7086.4931710057408,8520.6105668044711,1924.0100328393742));
#455=IFCAXIS2PLACEMENT3D(#454,#222,#34);
#456=IFCLOCALPLACEMENT(#24,#455);
#457=IFCBUILDINGELEMENTPROXY('0r3m9KXTH7dQEHyg3LNa4_',#6,'Tile:Tile 200x100x75 White 2:438706',$,$,#456,#453,'438706',$);
#458=IFCPROPERTYSET('0aoLl24974sfGsEcuHjquQ',#6,'Pset_BuildingElementProxyCommon',$,(#226));
#459=IFCPROPERTYSET('0_t_tOf4Bx94kWCqbHyFD_',#6,'Pset_QuantityTakeOff',$,(#226));
#460=IFCRELDEFINESBYPROPERTIES('0LD09q2THNDm7gIDYg4oLQ',#6,$,$,(#457),#458);
#461=IFCRELDEFINESBYPROPERTIES('3Ql_wHJTIhdau5UX2lXRl8',#6,$,$,(#457),#459);
#462=IFCMAPPEDITEM(#210,#217);
#463=IFCSHAPEREPRESENTATION(#15,'Body','MappedRepresentation',(#462));
#464=IFCPRODUCTDEFINITIONSHAPE($,$,(#463));
#465=IFCCARTESIANPOINT((7086.4931710057408,8433.9105668044667,1719.2100328393713));
#466=IFCAXIS2PLACEMENT3D(#465,#222,#34);
#467=IFCLOCALPLACEMENT(#24,#466);
#468=IFCBUILDINGELEMENTPROXY('0r3m9KXTH7dQEHyg3LNaB7',#6,'Tile:Tile 200x100x75 White 2:438859',$,$,#467,#464,'438859',$);
#469=IFCPROPERTYSET('2miMjCipoSiLDOVYvFBwzu',#6,'Pset_BuildingElementProxyCommon',$,(#226));
#470=IFCPROPERTYSET('3aMxIR3B_ypDtU7lb6Y1H4',#6,'Pset_QuantityTakeOff',$,(#226));
#471=IFCRELDEFINESBYPROPERTIES('3MDc1SXZQSwJgCtPgPsnMq',#6,$,$,(#468),#469);
#472=IFCRELDEFINESBYPROPERTIES('2Q4IL$m4WP6rbrLwTKed2f',#6,$,$,(#468),#470);
#473=IFCMAPPEDITEM(#449,#217);
#474=IFCSHAPEREPRESENTATION(#15,'Body','MappedRepresentation',(#473));
#475=IFCPRODUCTDEFINITIONSHAPE($,$,(#474));
#476=IFCCARTESIANPOINT((7086.4931710057408,8520.6105668044711,1719.2100328393715));
#477=IFCAXIS2PLACEMENT3D(#476,#222,#34);
#478=IFCLOCALPLACEMENT(#24,#477);
#479=IFCBUILDINGELEMENTPROXY('0r3m9KXTH7dQEHyg3LNaB1',#6,'Tile:Tile 200x100x75 White 2:438861',$,$,#478,#475,'438861',$);
#480=IFCPROPERTYSET('3VadqbD3QX8onf$M9vAsMS',#6,'Pset_BuildingElementProxyCommon',$,(#226));
#481=IFCPROPERTYSET('1C8cWQQpvemU37RE4HFWW3',#6,'Pset_QuantityTakeOff',$,(#226));
#482=IFCRELDEFINESBYPROPERTIES('3HauQT9mUlccjS4tfP2shN',#6,$,$,(#479),#480);
#483=IFCRELDEFINESBYPROPERTIES('10FYwKTZWR04lqdZkOKqMC',#6,$,$,(#479),#481);
#484=IFCCARTESIANPOINT((0.,0.));
#485=IFCAXIS2PLACEMENT2D(#484,#193);
#486=IFCRECTANGLEPROFILEDEF(.AREA.,'Tile 200x100x75 White 2',#485,146.60000000000002,100.40000000000001);
#487=IFCCARTESIANPOINT((-50.199999999993743,-73.300000000008438,-0.));
#488=IFCAXIS2PLACEMENT3D(#487,#34,#35);
#489=IFCEXTRUDEDAREASOLID(#486,#488,#34,6.9999999999999973);
#490=IFCSTYLEDITEM(#489,(#206),$);
#491=IFCSHAPEREPRESENTATION(#15,'Body','SweptSolid',(#489));
#492=IFCAXIS2PLACEMENT3D(#10,$,$);
#493=IFCREPRESENTATIONMAP(#492,#491);
#494=IFCBUILDINGELEMENTPROXYTYPE('0r3m9KXTH7dQEHyg3LNa8l',#6,'Tile:Tile 200x100x75 White 2',$,$,$,(#493),'431094',$,.NOTDEFINED.);
#495=IFCMAPPEDITEM(#493,#217);
#496=IFCSHAPEREPRESENTATION(#15,'Body','MappedRepresentation',(#495));
#497=IFCPRODUCTDEFINITIONSHAPE($,$,(#496));
#498=IFCCARTESIANPOINT((7086.4931710057399,8131.2105668044642,1616.8100328393678));
#499=IFCAXIS2PLACEMENT3D(#498,#222,#34);
#500=IFCLOCALPLACEMENT(#24,#499);
#501=IFCBUILDINGELEMENTPROXY('0r3m9KXTH7dQEHyg3LNa8B',#6,'Tile:Tile 200x100x75 White 2:438919',$,$,#500,#497,'438919',$);
#502=IFCPROPERTYSET('2cULfe6zvL7EU3OTjnlk7v',#6,'Pset_BuildingElementProxyCommon',$,(#226));
#503=IFCPROPERTYSET('2mejFX0VrLgMhMki$tGF1V',#6,'Pset_QuantityTakeOff',$,(#226));
#504=IFCRELDEFINESBYPROPERTIES('2ti3MFpr4UN1NK_7t1CrfG',#6,$,$,(#501),#502);
#505=IFCRELDEFINESBYPROPERTIES('32LJk2d4LAvTutV$rlG09P',#6,$,$,(#501),#503);
#506=IFCMAPPEDITEM(#210,#217);
#507=IFCSHAPEREPRESENTATION(#15,'Body','MappedRepresentation',(#506));
#508=IFCPRODUCTDEFINITIONSHAPE($,$,(#507));
#509=IFCCARTESIANPOINT((7086.4931710057408,8333.0105668044635,1616.8100328393678));
#510=IFCAXIS2PLACEMENT3D(#509,#222,#34);
#511=IFCLOCALPLACEMENT(#24,#510);
#512=IFCBUILDINGELEMENTPROXY('0r3m9KXTH7dQEHyg3LNa84',#6,'Tile:Tile 200x100x75 White 2:438920',$,$,#511,#508,'438920',$);
#513=IFCPROPERTYSET('2JDMk_E2SJkZvCLwjGIn1M',#6,'Pset_BuildingElementProxyCommon',$,(#226));
#514=IFCPROPERTYSET('1VQxfVZcBGMlgA9M4xY4J1',#6,'Pset_QuantityTakeOff',$,(#226));
#515=IFCRELDEFINESBYPROPERTIES('0JfRysUhfjK0OFeUwCRGH8',#6,$,$,(#512),#513);
#516=IFCRELDEFINESBYPROPERTIES('0yCxQRom9m84lQSS2zrpXU',#6,$,$,(#512),#514);
#517=IFCMAPPEDITEM(#427,#217);
#518=IFCSHAPEREPRESENTATION(#15,'Body','MappedRepresentation',(#517));
#519=IFCPRODUCTDEFINITIONSHAPE($,$,(#518));
#520=IFCCARTESIANPOINT((7086.4931710057408,8520.6105668044711,1616.8100328393682));
#521=IFCAXIS2PLACEMENT3D(#520,#222,#34);
#522=IFCLOCALPLACEMENT(#24,#521);
#523=IFCBUILDINGELEMENTPROXY('0r3m9KXTH7dQEHyg3LNa85',#6,'Tile:Tile 200x100x75 White 2:438921',$,$,#522,#519,'438921',$);
#524=IFCPROPERTYSET('03cmM0CjvVVwAWcl4qotOo',#6,'Pset_BuildingElementProxyCommon',$,(#226));
#525=IFCPROPERTYSET('3vdQ4xUgHGgOM1PXnuubqM',#6,'Pset_QuantityTakeOff',$,(#226));
#526=IFCRELDEFINESBYPROPERTIES('148gm143s_3SwW87hNmc_B',#6,$,$,(#523),#524);
#527=IFCRELDEFINESBYPROPERTIES('0tfIKYT4qqZOfwPNcEoZ1O',#6,$,$,(#523),#525);
#528=IFCMAPPEDITEM(#210,#217);
#529=IFCSHAPEREPRESENTATION(#15,'Body','MappedRepresentation',(#528));
#530=IFCPRODUCTDEFINITIONSHAPE($,$,(#529));
#531=IFCCARTESIANPOINT((7086.4931710057408,8433.9105668044667,1514.4100328393686));
#532=IFCAXIS2PLACEMENT3D(#531,#222,#34);
#533=IFCLOCALPLACEMENT(#24,#532);
#534=IFCBUILDINGELEMENTPROXY('0r3m9KXTH7dQEHyg3LNa96',#6,'Tile:Tile 200x100x75 White 2:438986',$,$,#533,#530,'438986',$);
#535=IFCPROPERTYSET('0HTbeGjOfbJ4vYjp33zmKY',#6,'Pset_BuildingElementProxyCommon',$,(#226));
#536=IFCPROPERTYSET('2zYKuc$RJvEeHIeOwAL55l',#6,'Pset_QuantityTakeOff',$,(#226));
#537=IFCRELDEFINESBYPROPERTIES('2tAFW2gxgqZwqZwv$TFne9',#6,$,$,(#534),#535);
#538=IFCRELDEFINESBYPROPERTIES('0DAwpaIKnU9ECgXXjbN6Wh',#6,$,$,(#534),#536);
#539=IFCMAPPEDITEM(#210,#217);
#540=IFCSHAPEREPRESENTATION(#15,'Body','MappedRepresentation',(#539));
#541=IFCPRODUCTDEFINITIONSHAPE($,$,(#540));
#542=IFCCARTESIANPOINT((7086.4931710057399,8232.1105668044675,1514.4100328393677));
#543=IFCAXIS2PLACEMENT3D(#542,#222,#34);
#544=IFCLOCALPLACEMENT(#24,#543);
#545=IFCBUILDINGELEMENTPROXY('0r3m9KXTH7dQEHyg3LNa97',#6,'Tile:Tile 200x100x75 White 2:438987',$,$,#544,#541,'438987',$);
#546=IFCPROPERTYSET('0TzZEhXLz$wr0YKMR1D51G',#6,'Pset_BuildingElementProxyCommon',$,(#226));
#547=IFCPROPERTYSET('0Gsnu4L_iYhMGJbHhwMamM',#6,'Pset_QuantityTakeOff',$,(#226));
#548=IFCRELDEFINESBYPROPERTIES('2CfQBgqqM9$5v8O5RBI4IW',#6,$,$,(#545),#546);
#549=IFCRELDEFINESBYPROPERTIES('0_w6QLowOyTUNMGPn44WmL',#6,$,$,(#545),#547);
#550=IFCMAPPEDITEM(#449,#217);
#551=IFCSHAPEREPRESENTATION(#15,'Body','MappedRepresentation',(#550));
#552=IFCPRODUCTDEFINITIONSHAPE($,$,(#551));
#553=IFCCARTESIANPOINT((7086.4931710057408,8520.6105668044711,1514.4100328393688));
#554=IFCAXIS2PLACEMENT3D(#553,#222,#34);
#555=IFCLOCALPLACEMENT(#24,#554);
#556=IFCBUILDINGELEMENTPROXY('0r3m9KXTH7dQEHyg3LNa90',#6,'Tile:Tile 200x100x75 White 2:438988',$,$,#555,#552,'438988',$);
#557=IFCPROPERTYSET('1Mc6i0CLoWeelS0QuVE2DH',#6,'Pset_BuildingElementProxyCommon',$,(#226));
#558=IFCPROPERTYSET('3EeT5K37VPqXrs9PL33wdx',#6,'Pset_QuantityTakeOff',$,(#226));
#559=IFCRELDEFINESBYPROPERTIES('2q4myhp3R2uQg9cSlae4wz',#6,$,$,(#556),#557);
#560=IFCRELDEFINESBYPROPERTIES('3Xc_VC9HKoB$S626oeB5Lh',#6,$,$,(#556),#558);
#561=IFCCARTESIANPOINT((0.,7.1054273576010019E-015));
#562=IFCAXIS2PLACEMENT2D(#561,#193);
#563=IFCRECTANGLEPROFILEDEF(.AREA.,'Tile 200x100x75 White 2',#562,45.700000000000031,100.40000000000001);
#564=IFCCARTESIANPOINT((-50.199999999993743,-22.850000000008443,-0.));
#565=IFCAXIS2PLACEMENT3D(#564,#34,#35);
#566=IFCEXTRUDEDAREASOLID(#563,#565,#34,6.9999999999999973);
#567=IFCSTYLEDITEM(#566,(#206),$);
#568=IFCSHAPEREPRESENTATION(#15,'Body','SweptSolid',(#566));
#569=IFCAXIS2PLACEMENT3D(#10,$,$);
#570=IFCREPRESENTATIONMAP(#569,#568);
#571=IFCBUILDINGELEMENTPROXYTYPE('0r3m9KXTH7dQEHyg3LNaHy',#6,'Tile:Tile 200x100x75 White 2',$,$,$,(#570),'431094',$,.NOTDEFINED.);
#572=IFCMAPPEDITEM(#570,#217);
#573=IFCSHAPEREPRESENTATION(#15,'Body','MappedRepresentation',(#572));
#574=IFCPRODUCTDEFINITIONSHAPE($,$,(#573));
#575=IFCCARTESIANPOINT((7086.4931710057399,8030.3105668044636,1514.4100328393674));
#576=IFCAXIS2PLACEMENT3D(#575,#222,#34);
#577=IFCLOCALPLACEMENT(#24,#576);
#578=IFCBUILDINGELEMENTPROXY('0r3m9KXTH7dQEHyg3LNa9s',#6,'Tile:Tile 200x100x75 White 2:439034',$,$,#577,#574,'439034',$);
#579=IFCPROPERTYSET('3NW7m4VtMyn2yPCJT3aWSF',#6,'Pset_BuildingElementProxyCommon',$,(#226));
#580=IFCPROPERTYSET('0HgDztt9$ZMi3IOj4UaxGu',#6,'Pset_QuantityTakeOff',$,(#226));
#581=IFCRELDEFINESBYPROPERTIES('0zqwa1hrxrPHtn4Fpo4oSO',#6,$,$,(#578),#579);
#582=IFCRELDEFINESBYPROPERTIES('1Qktr2PupYwsq59Y7A1FyC',#6,$,$,(#578),#580);
#583=IFCMAPPEDITEM(#493,#217);
#584=IFCSHAPEREPRESENTATION(#15,'Body','MappedRepresentation',(#583));
#585=IFCPRODUCTDEFINITIONSHAPE($,$,(#584));
#586=IFCCARTESIANPOINT((7086.4931710057399,8131.2105668044642,1412.0100328393651));
#587=IFCAXIS2PLACEMENT3D(#586,#222,#34);
#588=IFCLOCALPLACEMENT(#24,#587);
#589=IFCBUILDINGELEMENTPROXY('0r3m9KXTH7dQEHyg3LNaN1',#6,'Tile:Tile 200x100x75 White 2:439629',$,$,#588,#585,'439629',$);
#590=IFCPROPERTYSET('0grVICtYQEtQFnj6tbAk29',#6,'Pset_BuildingElementProxyCommon',$,(#226));
#591=IFCPROPERTYSET('11rQ6Skje$MVYMAoSLNVjx',#6,'Pset_QuantityTakeOff',$,(#226));
#592=IFCRELDEFINESBYPROPERTIES('13OGKvC1rrw8HcB8IqprD$',#6,$,$,(#589),#590);
#593=IFCRELDEFINESBYPROPERTIES('15tboggH$NckcPZE80mG4e',#6,$,$,(#589),#591);
#594=IFCMAPPEDITEM(#210,#217);
#595=IFCSHAPEREPRESENTATION(#15,'Body','MappedRepresentation',(#594));
#596=IFCPRODUCTDEFINITIONSHAPE($,$,(#595));
#597=IFCCARTESIANPOINT((7086.4931710057408,8333.0105668044635,1412.0100328393651));
#598=IFCAXIS2PLACEMENT3D(#597,#222,#34);
#599=IFCLOCALPLACEMENT(#24,#598);
#600=IFCBUILDINGELEMENTPROXY('0r3m9KXTH7dQEHyg3LNaN2',#6,'Tile:Tile 200x100x75 White 2:439630',$,$,#599,#596,'439630',$);
#601=IFCPROPERTYSET('1dgEmlGlYfbhk_Pcfyzd$h',#6,'Pset_BuildingElementProxyCommon',$,(#226));
#602=IFCPROPERTYSET('3Feyf3BsMr5QMFh$vLZ2RD',#6,'Pset_QuantityTakeOff',$,(#226));
#603=IFCRELDEFINESBYPROPERTIES('0fmV7a2vIlZRmKnI$OTMGP',#6,$,$,(#600),#601);
#604=IFCRELDEFINESBYPROPERTIES('0gf0p8n1OeroGwg3BP5BPc',#6,$,$,(#600),#602);
#605=IFCMAPPEDITEM(#427,#217);
#606=IFCSHAPEREPRESENTATION(#15,'Body','MappedRepresentation',(#605));
#607=IFCPRODUCTDEFINITIONSHAPE($,$,(#606));
#608=IFCCARTESIANPOINT((7086.4931710057408,8520.6105668044711,1412.0100328393655));
#609=IFCAXIS2PLACEMENT3D(#608,#222,#34);
#610=IFCLOCALPLACEMENT(#24,#609);
#611=IFCBUILDINGELEMENTPROXY('0r3m9KXTH7dQEHyg3LNaN3',#6,'Tile:Tile 200x100x75 White 2:439631',$,$,#610,#607,'439631',$);
#612=IFCPROPERTYSET('0oFx1LUVYktbP6y_0lBvYR',#6,'Pset_BuildingElementProxyCommon',$,(#226));
#613=IFCPROPERTYSET('1rURIAzGvrnkHRyfuFZqCx',#6,'Pset_QuantityTakeOff',$,(#226));
#614=IFCRELDEFINESBYPROPERTIES('1LxSAEdQ2Ut_YG4IUGqrK5',#6,$,$,(#611),#612);
#615=IFCRELDEFINESBYPROPERTIES('1_W3KHLieokccBTmRrLuUV',#6,$,$,(#611),#613);
#616=IFCMAPPEDITEM(#210,#217);
#617=IFCSHAPEREPRESENTATION(#15,'Body','MappedRepresentation',(#616));
#618=IFCPRODUCTDEFINITIONSHAPE($,$,(#617));
#619=IFCCARTESIANPOINT((7086.4931710057408,8433.9105668044667,1309.6100328393659));
#620=IFCAXIS2PLACEMENT3D(#619,#222,#34);
#621=IFCLOCALPLACEMENT(#24,#620);
#622=IFCBUILDINGELEMENTPROXY('0r3m9KXTH7dQEHyg3LNaNS',#6,'Tile:Tile 200x100x75 White 2:439632',$,$,#621,#618,'439632',$);
#623=IFCPROPERTYSET('30V8mcs9hFVhUqG_Q1g7R7',#6,'Pset_BuildingElementProxyCommon',$,(#226));
#624=IFCPROPERTYSET('2Uuvpy8LGg1Z6DJeihw$GV',#6,'Pset_QuantityTakeOff',$,(#226));
#625=IFCRELDEFINESBYPROPERTIES('1Py6FtyMRREdvlbRZKosFh',#6,$,$,(#622),#623);
#626=IFCRELDEFINESBYPROPERTIES('10iuYkzyS1M3$DgJjIW9Wj',#6,$,$,(#622),#624);
#627=IFCMAPPEDITEM(#210,#217);
#628=IFCSHAPEREPRESENTATION(#15,'Body','MappedRepresentation',(#627));
#629=IFCPRODUCTDEFINITIONSHAPE($,$,(#628));
#630=IFCCARTESIANPOINT((7086.4931710057399,8232.1105668044675,1309.610032839365));
#631=IFCAXIS2PLACEMENT3D(#630,#222,#34);
#632=IFCLOCALPLACEMENT(#24,#631);
#633=IFCBUILDINGELEMENTPROXY('0r3m9KXTH7dQEHyg3LNaNT',#6,'Tile:Tile 200x100x75 White 2:439633',$,$,#632,#629,'439633',$);
#634=IFCPROPERTYSET('0SenzmRapvB4Sa8uBKJNwJ',#6,'Pset_BuildingElementProxyCommon',$,(#226));
#635=IFCPROPERTYSET('0IkYRar9Bje$dAIupVgmGO',#6,'Pset_QuantityTakeOff',$,(#226));
#636=IFCRELDEFINESBYPROPERTIES('01xOuIf799UsW0$SwultN7',#6,$,$,(#633),#634);
#637=IFCRELDEFINESBYPROPERTIES('3XcAKrG5ufngaSRHItjNQM',#6,$,$,(#633),#635);
#638=IFCMAPPEDITEM(#449,#217);
#639=IFCSHAPEREPRESENTATION(#15,'Body','MappedRepresentation',(#638));
#640=IFCPRODUCTDEFINITIONSHAPE($,$,(#639));
#641=IFCCARTESIANPOINT((7086.4931710057408,8520.6105668044711,1309.6100328393661));
#642=IFCAXIS2PLACEMENT3D(#641,#222,#34);
#643=IFCLOCALPLACEMENT(#24,#642);
#644=IFCBUILDINGELEMENTPROXY('0r3m9KXTH7dQEHyg3LNaNU',#6,'Tile:Tile 200x100x75 White 2:439634',$,$,#643,#640,'439634',$);
#645=IFCPROPERTYSET('1b6YM71heinb0MM59H7JMC',#6,'Pset_BuildingElementProxyCommon',$,(#226));
#646=IFCPROPERTYSET('0ZWzmXfl2JZCl1rcR86q16',#6,'Pset_QuantityTakeOff',$,(#226));
#647=IFCRELDEFINESBYPROPERTIES('0rceeinoJdhthC53nn6xk_',#6,$,$,(#644),#645);
#648=IFCRELDEFINESBYPROPERTIES('3lDuEbk6lPc8t6dBffye10',#6,$,$,(#644),#646);
#649=IFCMAPPEDITEM(#570,#217);
#650=IFCSHAPEREPRESENTATION(#15,'Body','MappedRepresentation',(#649));
#651=IFCPRODUCTDEFINITIONSHAPE($,$,(#650));
#652=IFCCARTESIANPOINT((7086.4931710057399,8030.3105668044636,1309.6100328393647));
#653=IFCAXIS2PLACEMENT3D(#652,#222,#34);
#654=IFCLOCALPLACEMENT(#24,#653);
#655=IFCBUILDINGELEMENTPROXY('0r3m9KXTH7dQEHyg3LNaNV',#6,'Tile:Tile 200x100x75 White 2:439635',$,$,#654,#651,'439635',$);
#656=IFCPROPERTYSET('3fON7KR_OrAxJzEtlgdg5Q',#6,'Pset_BuildingElementProxyCommon',$,(#226));
#657=IFCPROPERTYSET('34NNB5NCf1bfdHBhPUWn4Z',#6,'Pset_QuantityTakeOff',$,(#226));
#658=IFCRELDEFINESBYPROPERTIES('0J99ut0mgDzBsTZvJTR5VR',#6,$,$,(#655),#656);
#659=IFCRELDEFINESBYPROPERTIES('1oD1F8IQG1CJn1v9uKHVM6',#6,$,$,(#655),#657);
#660=IFCMAPPEDITEM(#493,#217);
#661=IFCSHAPEREPRESENTATION(#15,'Body','MappedRepresentation',(#660));
#662=IFCPRODUCTDEFINITIONSHAPE($,$,(#661));
#663=IFCCARTESIANPOINT((7086.4931710057399,8131.2105668044642,1207.2100328393622));
#664=IFCAXIS2PLACEMENT3D(#663,#222,#34);
#665=IFCLOCALPLACEMENT(#24,#664);
#666=IFCBUILDINGELEMENTPROXY('0r3m9KXTH7dQEHyg3LNaNG',#6,'Tile:Tile 200x100x75 White 2:439644',$,$,#665,#662,'439644',$);
#667=IFCPROPERTYSET('1CSzSnhv_ExbZrNNb7SKS_',#6,'Pset_BuildingElementProxyCommon',$,(#226));
#668=IFCPROPERTYSET('1_l9Y9_dFQYbK5GjCwe$G2',#6,'Pset_QuantityTakeOff',$,(#226));
#669=IFCRELDEFINESBYPROPERTIES('3zhZx3$JsBvcXMyEejLoTD',#6,$,$,(#666),#667);
#670=IFCRELDEFINESBYPROPERTIES('369ZNEl6Sjd98e1sthj9xg',#6,$,$,(#666),#668);
#671=IFCMAPPEDITEM(#210,#217);
#672=IFCSHAPEREPRESENTATION(#15,'Body','MappedRepresentation',(#671));
#673=IFCPRODUCTDEFINITIONSHAPE($,$,(#672));
#674=IFCCARTESIANPOINT((7086.4931710057408,8333.0105668044635,1207.2100328393622));
#675=IFCAXIS2PLACEMENT3D(#674,#222,#34);
#676=IFCLOCALPLACEMENT(#24,#675);
#677=IFCBUILDINGELEMENTPROXY('0r3m9KXTH7dQEHyg3LNaNH',#6,'Tile:Tile 200x100x75 White 2:439645',$,$,#676,#673,'439645',$);
#678=IFCPROPERTYSET('0TDZDmRQN2ZxgdFjAQkeOS',#6,'Pset_BuildingElementProxyCommon',$,(#226));
#679=IFCPROPERTYSET('3Xkr$CP_q1_yg1lkt4KpM5',#6,'Pset_QuantityTakeOff',$,(#226));
#680=IFCRELDEFINESBYPROPERTIES('36HJGhzqa3m$DplTug3HXS',#6,$,$,(#677),#678);
#681=IFCRELDEFINESBYPROPERTIES('3OTAaw8$vEu9k30Vw_xPce',#6,$,$,(#677),#679);
#682=IFCMAPPEDITEM(#427,#217);
#683=IFCSHAPEREPRESENTATION(#15,'Body','MappedRepresentation',(#682));
#684=IFCPRODUCTDEFINITIONSHAPE($,$,(#683));
#685=IFCCARTESIANPOINT((7086.4931710057408,8520.6105668044711,1207.2100328393628));
#686=IFCAXIS2PLACEMENT3D(#685,#222,#34);
#687=IFCLOCALPLACEMENT(#24,#686);
#688=IFCBUILDINGELEMENTPROXY('0r3m9KXTH7dQEHyg3LNaNI',#6,'Tile:Tile 200x100x75 White 2:439646',$,$,#687,#684,'439646',$);
#689=IFCPROPERTYSET('1PvuASqgFZDz03VFzVEPxH',#6,'Pset_BuildingElementProxyCommon',$,(#226));
#690=IFCPROPERTYSET('0kz4egubTmsA9ZSPi8jJwv',#6,'Pset_QuantityTakeOff',$,(#226));
#691=IFCRELDEFINESBYPROPERTIES('32CGH69c7KkzfTqDmbLKrA',#6,$,$,(#688),#689);
#692=IFCRELDEFINESBYPROPERTIES('3p0MMxC2JgIhUnBU63VRWO',#6,$,$,(#688),#690);
#693=IFCMAPPEDITEM(#210,#217);
#694=IFCSHAPEREPRESENTATION(#15,'Body','MappedRepresentation',(#693));
#695=IFCPRODUCTDEFINITIONSHAPE($,$,(#694));
#696=IFCCARTESIANPOINT((7086.4931710057408,8433.9105668044667,1104.810032839363));
#697=IFCAXIS2PLACEMENT3D(#696,#222,#34);
#698=IFCLOCALPLACEMENT(#24,#697);
#699=IFCBUILDINGELEMENTPROXY('0r3m9KXTH7dQEHyg3LNaNJ',#6,'Tile:Tile 200x100x75 White 2:439647',$,$,#698,#695,'439647',$);
#700=IFCPROPERTYSET('0dLzLHC8_rZaLM7UhBe7o5',#6,'Pset_BuildingElementProxyCommon',$,(#226));
#701=IFCPROPERTYSET('3PQgX8gvpOCM8yfq37U6lI',#6,'Pset_QuantityTakeOff',$,(#226));
#702=IFCRELDEFINESBYPROPERTIES('2NCWDH8SkXPKj9dy3u0IiA',#6,$,$,(#699),#700);
#703=IFCRELDEFINESBYPROPERTIES('22LgEFE5UOoVZuV_57T3Cv',#6,$,$,(#699),#701);
#704=IFCMAPPEDITEM(#210,#217);
#705=IFCSHAPEREPRESENTATION(#15,'Body','MappedRepresentation',(#704));
#706=IFCPRODUCTDEFINITIONSHAPE($,$,(#705));
#707=IFCCARTESIANPOINT((7086.4931710057399,8232.1105668044675,1104.8100328393623));
#708=IFCAXIS2PLACEMENT3D(#707,#222,#34);
#709=IFCLOCALPLACEMENT(#24,#708);
#710=IFCBUILDINGELEMENTPROXY('0r3m9KXTH7dQEHyg3LNaNi',#6,'Tile:Tile 200x100x75 White 2:439648',$,$,#709,#706,'439648',$);
#711=IFCPROPERTYSET('2S7p2D_v3yBib9xjIuOD7o',#6,'Pset_BuildingElementProxyCommon',$,(#226));
#712=IFCPROPERTYSET('3fZUYKpYOnQ2Lc6GPtTqZM',#6,'Pset_QuantityTakeOff',$,(#226));
#713=IFCRELDEFINESBYPROPERTIES('08hJmPNajOETbNpb7_65yM',#6,$,$,(#710),#711);
#714=IFCRELDEFINESBYPROPERTIES('2lL4Vw1mwzrUgVOtyrUnV6',#6,$,$,(#710),#712);
#715=IFCMAPPEDITEM(#449,#217);
#716=IFCSHAPEREPRESENTATION(#15,'Body','MappedRepresentation',(#715));
#717=IFCPRODUCTDEFINITIONSHAPE($,$,(#716));
#718=IFCCARTESIANPOINT((7086.4931710057408,8520.6105668044711,1104.8100328393634));
#719=IFCAXIS2PLACEMENT3D(#718,#222,#34);
#720=IFCLOCALPLACEMENT(#24,#719);
#721=IFCBUILDINGELEMENTPROXY('0r3m9KXTH7dQEHyg3LNaNj',#6,'Tile:Tile 200x100x75 White 2:439649',$,$,#720,#717,'439649',$);
#722=IFCPROPERTYSET('0VChkHN7xgjT6NfuxrVvTN',#6,'Pset_BuildingElementProxyCommon',$,(#226));
#723=IFCPROPERTYSET('2xeGZTYfKB0blqxI3gtpb8',#6,'Pset_QuantityTakeOff',$,(#226));
#724=IFCRELDEFINESBYPROPERTIES('1anZQHVV4dysmsu$eMx021',#6,$,$,(#721),#722);
#725=IFCRELDEFINESBYPROPERTIES('0yP578SMM2_R83X1VIkHYU',#6,$,$,(#721),#723);
#726=IFCMAPPEDITEM(#570,#217);
#727=IFCSHAPEREPRESENTATION(#15,'Body','MappedRepresentation',(#726));
#728=IFCPRODUCTDEFINITIONSHAPE($,$,(#727));
#729=IFCCARTESIANPOINT((7086.4931710057399,8030.3105668044636,1104.8100328393621));
#730=IFCAXIS2PLACEMENT3D(#729,#222,#34);
#731=IFCLOCALPLACEMENT(#24,#730);
#732=IFCBUILDINGELEMENTPROXY('0r3m9KXTH7dQEHyg3LNaNk',#6,'Tile:Tile 200x100x75 White 2:439650',$,$,#731,#728,'439650',$);
#733=IFCPROPERTYSET('3fNOvDWaHTJ$yidmiIxKPc',#6,'Pset_BuildingElementProxyCommon',$,(#226));
#734=IFCPROPERTYSET('3_T_AQXf2KEs3iUSLFVG_I',#6,'Pset_QuantityTakeOff',$,(#226));
#735=IFCRELDEFINESBYPROPERTIES('24r1_igHUpNoBCW_qk0FPX',#6,$,$,(#732),#733);
#736=IFCRELDEFINESBYPROPERTIES('1brFkzS_leTlqN$YKcPZGa',#6,$,$,(#732),#734);
#737=IFCMAPPEDITEM(#493,#217);
#738=IFCSHAPEREPRESENTATION(#15,'Body','MappedRepresentation',(#737));
#739=IFCPRODUCTDEFINITIONSHAPE($,$,(#738));
#740=IFCCARTESIANPOINT((7086.4931710057399,8131.2105668044642,1002.4100328393596));
#741=IFCAXIS2PLACEMENT3D(#740,#222,#34);
#742=IFCLOCALPLACEMENT(#24,#741);
#743=IFCBUILDINGELEMENTPROXY('0r3m9KXTH7dQEHyg3LNaNd',#6,'Tile:Tile 200x100x75 White 2:439659',$,$,#742,#739,'439659',$);
#744=IFCPROPERTYSET('0qUxGy5ljgrMOMu_V0NcDo',#6,'Pset_BuildingElementProxyCommon',$,(#226));
#745=IFCPROPERTYSET('21XfTKe9xVzocZ4371vpgW',#6,'Pset_QuantityTakeOff',$,(#226));
#746=IFCRELDEFINESBYPROPERTIES('3hRTLbT9_9PSx6UsWY8$su',#6,$,$,(#743),#744);
#747=IFCRELDEFINESBYPROPERTIES('2HZ1YZoUIaAMjYYYDgbP_e',#6,$,$,(#743),#745);
#748=IFCMAPPEDITEM(#210,#217);
#749=IFCSHAPEREPRESENTATION(#15,'Body','MappedRepresentation',(#748));
#750=IFCPRODUCTDEFINITIONSHAPE($,$,(#749));
#751=IFCCARTESIANPOINT((7086.4931710057408,8333.0105668044635,1002.4100328393596));
#752=IFCAXIS2PLACEMENT3D(#751,#222,#34);
#753=IFCLOCALPLACEMENT(#24,#752);
#754=IFCBUILDINGELEMENTPROXY('0r3m9KXTH7dQEHyg3LNaNW',#6,'Tile:Tile 200x100x75 White 2:439660',$,$,#753,#750,'439660',$);
#755=IFCPROPERTYSET('2t1BGqiUGWYg59KS6JXW$0',#6,'Pset_BuildingElementProxyCommon',$,(#226));
#756=IFCPROPERTYSET('0Kd3MkuGdqqN1iWGKJyMed',#6,'Pset_QuantityTakeOff',$,(#226));
#757=IFCRELDEFINESBYPROPERTIES('19RtZUpopzrm2Hh5DRZCPf',#6,$,$,(#754),#755);
#758=IFCRELDEFINESBYPROPERTIES('1qz94ekAn607$M0PuDEiMr',#6,$,$,(#754),#756);
#759=IFCMAPPEDITEM(#427,#217);
#760=IFCSHAPEREPRESENTATION(#15,'Body','MappedRepresentation',(#759));
#761=IFCPRODUCTDEFINITIONSHAPE($,$,(#760));
#762=IFCCARTESIANPOINT((7086.4931710057408,8520.6105668044711,1002.41003283936));
#763=IFCAXIS2PLACEMENT3D(#762,#222,#34);
#764=IFCLOCALPLACEMENT(#24,#763);
#765=IFCBUILDINGELEMENTPROXY('0r3m9KXTH7dQEHyg3LNaNX',#6,'Tile:Tile 200x100x75 White 2:439661',$,$,#764,#761,'439661',$);
#766=IFCPROPERTYSET('0UoJ05a5nX8zz18uLdw_AO',#6,'Pset_BuildingElementProxyCommon',$,(#226));
#767=IFCPROPERTYSET('3vZdz2vHwRdIkasapYP0_B',#6,'Pset_QuantityTakeOff',$,(#226));
#768=IFCRELDEFINESBYPROPERTIES('0PsDJYDb0xE1IXwVTzuq3K',#6,$,$,(#765),#766);
#769=IFCRELDEFINESBYPROPERTIES('0Bj_r2Ve0DDORaNcYLfJtu',#6,$,$,(#765),#767);
#770=IFCMAPPEDITEM(#210,#217);
#771=IFCSHAPEREPRESENTATION(#15,'Body','MappedRepresentation',(#770));
#772=IFCPRODUCTDEFINITIONSHAPE($,$,(#771));
#773=IFCCARTESIANPOINT((7086.4931710057408,8433.9105668044667,900.01003283936041));
#774=IFCAXIS2PLACEMENT3D(#773,#222,#34);
#775=IFCLOCALPLACEMENT(#24,#774);
#776=IFCBUILDINGELEMENTPROXY('0r3m9KXTH7dQEHyg3LNaNY',#6,'Tile:Tile 200x100x75 White 2:439662',$,$,#775,#772,'439662',$);
#777=IFCPROPERTYSET('0U1yCKXBRKGG_D6U71$qB6',#6,'Pset_BuildingElementProxyCommon',$,(#226));
#778=IFCPROPERTYSET('0rG0PPkyJRfN06yFmnVOMu',#6,'Pset_QuantityTakeOff',$,(#226));
#779=IFCRELDEFINESBYPROPERTIES('0DptzcSX4DFGPgb781xhZM',#6,$,$,(#776),#777);
#780=IFCRELDEFINESBYPROPERTIES('2YQ$f$zV1Bcn_7dyZi8tKA',#6,$,$,(#776),#778);
#781=IFCMAPPEDITEM(#210,#217);
#782=IFCSHAPEREPRESENTATION(#15,'Body','MappedRepresentation',(#781));
#783=IFCPRODUCTDEFINITIONSHAPE($,$,(#782));
#784=IFCCARTESIANPOINT((7086.4931710057399,8232.1105668044675,900.0100328393595));
#785=IFCAXIS2PLACEMENT3D(#784,#222,#34);
#786=IFCLOCALPLACEMENT(#24,#785);
#787=IFCBUILDINGELEMENTPROXY('0r3m9KXTH7dQEHyg3LNaNZ',#6,'Tile:Tile 200x100x75 White 2:439663',$,$,#786,#783,'439663',$);
#788=IFCPROPERTYSET('0a_0k7M0aB6zGnGRMP9yJP',#6,'Pset_BuildingElementProxyCommon',$,(#226));
#789=IFCPROPERTYSET('3ckreldBXsAFPhyFcFNqDt',#6,'Pset_QuantityTakeOff',$,(#226));
#790=IFCRELDEFINESBYPROPERTIES('1dh5pRTEC_LS1kFuk3kPSk',#6,$,$,(#787),#788);
#791=IFCRELDEFINESBYPROPERTIES('0BdZle7jYF3ilkWirXRk$r',#6,$,$,(#787),#789);
#792=IFCMAPPEDITEM(#449,#217);
#793=IFCSHAPEREPRESENTATION(#15,'Body','MappedRepresentation',(#792));
#794=IFCPRODUCTDEFINITIONSHAPE($,$,(#793));
#795=IFCCARTESIANPOINT((7086.4931710057408,8520.6105668044711,900.01003283936063));
#796=IFCAXIS2PLACEMENT3D(#795,#222,#34);
#797=IFCLOCALPLACEMENT(#24,#796);
#798=IFCBUILDINGELEMENTPROXY('0r3m9KXTH7dQEHyg3LNaNy',#6,'Tile:Tile 200x100x75 White 2:439664',$,$,#797,#794,'439664',$);
#799=IFCPROPERTYSET('1NaztJzd5Ruax$btojXmdM',#6,'Pset_BuildingElementProxyCommon',$,(#226));
#800=IFCPROPERTYSET('3DPzELSZB0SRMRdFgc9wAm',#6,'Pset_QuantityTakeOff',$,(#226));
#801=IFCRELDEFINESBYPROPERTIES('02lJ7iS6QdsuiSSSY8AoUl',#6,$,$,(#798),#799);
#802=IFCRELDEFINESBYPROPERTIES('0DcV8Z$0QGd$V8tggvTzyy',#6,$,$,(#798),#800);
#803=IFCMAPPEDITEM(#570,#217);
#804=IFCSHAPEREPRESENTATION(#15,'Body','MappedRepresentation',(#803));
#805=IFCPRODUCTDEFINITIONSHAPE($,$,(#804));
#806=IFCCARTESIANPOINT((7086.4931710057399,8030.3105668044636,900.01003283935927));
#807=IFCAXIS2PLACEMENT3D(#806,#222,#34);
#808=IFCLOCALPLACEMENT(#24,#807);
#809=IFCBUILDINGELEMENTPROXY('0r3m9KXTH7dQEHyg3LNaNz',#6,'Tile:Tile 200x100x75 White 2:439665',$,$,#808,#805,'439665',$);
#810=IFCPROPERTYSET('0GJcejrWgi9$c7lmoBvpdD',#6,'Pset_BuildingElementProxyCommon',$,(#226));
#811=IFCPROPERTYSET('0JttYqNMSV5QZyEAqBgL4u',#6,'Pset_QuantityTakeOff',$,(#226));
#812=IFCRELDEFINESBYPROPERTIES('1RuBFvy525MbevmrFVzRYc',#6,$,$,(#809),#810);
#813=IFCRELDEFINESBYPROPERTIES('3Qy774HYmolMxVYH2bzvyB',#6,$,$,(#809),#811);
#814=IFCCARTESIANPOINT((0.,0.));
#815=IFCAXIS2PLACEMENT2D(#814,#193);
#816=IFCRECTANGLEPROFILEDEF(.AREA.,'Tile Red',#815,8.0000000000003464,50.000000000005961);
#817=IFCCARTESIANPOINT((7082.4931710057372,7957.6105668044529,312.52424640174951));
#818=IFCAXIS2PLACEMENT3D(#817,$,$);
#819=IFCEXTRUDEDAREASOLID(#816,#818,#34,450.69999999999987);
#820=IFCCOLOURRGB($,1.,0.,0.);
#821=IFCSURFACESTYLERENDERING(#820,0.,$,$,$,$,IFCNORMALISEDRATIOMEASURE(0.5),IFCSPECULAREXPONENT(64.),.NOTDEFINED.);
#822=IFCSURFACESTYLE('Tile Red',.BOTH.,(#821));
#823=IFCPRESENTATIONSTYLEASSIGNMENT((#822));
#824=IFCSTYLEDITEM(#819,(#823),$);
#825=IFCSHAPEREPRESENTATION(#15,'Body','SweptSolid',(#819));
#826=IFCAXIS2PLACEMENT3D(#10,$,$);
#827=IFCREPRESENTATIONMAP(#826,#825);
#828=IFCBUILDINGELEMENTPROXYTYPE('0r3m9KXTH7dQEHyg3LNaY6',#6,'Tile Red3:Tile Red',$,$,$,(#827),'440330',$,.NOTDEFINED.);
#829=IFCMATERIAL('Tile Red');
#830=IFCPRESENTATIONSTYLEASSIGNMENT((#822));
#831=IFCSTYLEDITEM($,(#830),$);
#832=IFCSTYLEDREPRESENTATION(#13,'Style','Material',(#831));
#833=IFCMATERIALDEFINITIONREPRESENTATION($,$,(#832),#829);
#834=IFCMAPPEDITEM(#827,#217);
#835=IFCSHAPEREPRESENTATION(#15,'Body','MappedRepresentation',(#834));
#836=IFCPRODUCTDEFINITIONSHAPE($,$,(#835));
#837=IFCAXIS2PLACEMENT3D(#10,$,$);
#838=IFCLOCALPLACEMENT(#24,#837);
#839=IFCBUILDINGELEMENTPROXY('0r3m9KXTH7dQEHyg3LNaY0',#6,'Tile Red3:Tile Red:440332',$,$,#838,#836,'440332',$);
#840=IFCPROPERTYSINGLEVALUE('Reference',$,IFCIDENTIFIER('Tile Red'),$);
#841=IFCPROPERTYSET('12XaV9LAasJw9uOm7YoYb9',#6,'Pset_BuildingElementProxyCommon',$,(#840));
#842=IFCPROPERTYSET('0111Nzk6tlfqP33yPgXhhz',#6,'Pset_QuantityTakeOff',$,(#840));
#843=IFCRELDEFINESBYPROPERTIES('2LeeiX21bSwnjpm3zWl1wL',#6,$,$,(#839),#841);
#844=IFCRELDEFINESBYPROPERTIES('28JYpwejlCh8pIHTuvPBUM',#6,$,$,(#839),#842);
#845=IFCCARTESIANPOINT((0.,0.));
#846=IFCAXIS2PLACEMENT2D(#845,#193);
#847=IFCRECTANGLEPROFILEDEF(.AREA.,'Tile Red',#846,8.0000000000003464,50.000000000005961);
#848=IFCCARTESIANPOINT((7082.4931710057372,7957.6105668044529,1217.9242464017502));
#849=IFCAXIS2PLACEMENT3D(#848,$,$);
#850=IFCEXTRUDEDAREASOLID(#847,#849,#34,449.28578643762665);
#851=IFCSTYLEDITEM(#850,(#823),$);
#852=IFCSHAPEREPRESENTATION(#15,'Body','SweptSolid',(#850));
#853=IFCAXIS2PLACEMENT3D(#10,$,$);
#854=IFCREPRESENTATIONMAP(#853,#852);
#855=IFCBUILDINGELEMENTPROXYTYPE('0r3m9KXTH7dQEHyg3LNai9',#6,'Tile Red4:Tile Red',$,$,$,(#854),'441221',$,.NOTDEFINED.);
#856=IFCMAPPEDITEM(#854,#217);
#857=IFCSHAPEREPRESENTATION(#15,'Body','MappedRepresentation',(#856));
#858=IFCPRODUCTDEFINITIONSHAPE($,$,(#857));
#859=IFCAXIS2PLACEMENT3D(#10,$,$);
#860=IFCLOCALPLACEMENT(#24,#859);
#861=IFCBUILDINGELEMENTPROXY('0r3m9KXTH7dQEHyg3LNaiB',#6,'Tile Red4:Tile Red:441223',$,$,#860,#858,'441223',$);
#862=IFCPROPERTYSET('0doFEfPHDIJhwRFQvj1rnR',#6,'Pset_BuildingElementProxyCommon',$,(#840));
#863=IFCPROPERTYSET('10c4$0ptwDOY4A2cNLkB0J',#6,'Pset_QuantityTakeOff',$,(#840));
#864=IFCRELDEFINESBYPROPERTIES('0UMRPY5FvLhJBUdBcrbVbZ',#6,$,$,(#861),#862);
#865=IFCRELDEFINESBYPROPERTIES('3nM0$gVryjO0_089fAwDuA',#6,$,$,(#861),#863);
#866=IFCCARTESIANPOINT((0.,0.));
#867=IFCAXIS2PLACEMENT2D(#866,#193);
#868=IFCRECTANGLEPROFILEDEF(.AREA.,'Tile Red',#867,8.0000000000003464,50.000000000005961);
#869=IFCCARTESIANPOINT((7082.4931710057372,7957.6105668044529,765.22424640175018));
#870=IFCAXIS2PLACEMENT3D(#869,$,$);
#871=IFCEXTRUDEDAREASOLID(#868,#870,#34,450.69999999999959);
#872=IFCSTYLEDITEM(#871,(#823),$);
#873=IFCSHAPEREPRESENTATION(#15,'Body','SweptSolid',(#871));
#874=IFCAXIS2PLACEMENT3D(#10,$,$);
#875=IFCREPRESENTATIONMAP(#874,#873);
#876=IFCBUILDINGELEMENTPROXYTYPE('0r3m9KXTH7dQEHyg3LNajw',#6,'Tile Red5:Tile Red',$,$,$,(#875),'441334',$,.NOTDEFINED.);
#877=IFCMAPPEDITEM(#875,#217);
#878=IFCSHAPEREPRESENTATION(#15,'Body','MappedRepresentation',(#877));
#879=IFCPRODUCTDEFINITIONSHAPE($,$,(#878));
#880=IFCAXIS2PLACEMENT3D(#10,$,$);
#881=IFCLOCALPLACEMENT(#24,#880);
#882=IFCBUILDINGELEMENTPROXY('0r3m9KXTH7dQEHyg3LNajq',#6,'Tile Red5:Tile Red:441336',$,$,#881,#879,'441336',$);
#883=IFCPROPERTYSET('0PBZrTCdhqXoqBwKr4lqto',#6,'Pset_BuildingElementProxyCommon',$,(#840));
#884=IFCPROPERTYSET('2GKMCdMM6XMp2IqI27Z_9j',#6,'Pset_QuantityTakeOff',$,(#840));
#885=IFCRELDEFINESBYPROPERTIES('2n3w95imBaGV0KyRBKRffN',#6,$,$,(#882),#883);
#886=IFCRELDEFINESBYPROPERTIES('323lloXy_BkPMkkgYYS0a9',#6,$,$,(#882),#884);
#887=IFCCARTESIANPOINT((0.,0.));
#888=IFCAXIS2PLACEMENT2D(#887,#193);
#889=IFCRECTANGLEPROFILEDEF(.AREA.,'Tile Red',#888,8.0000000000003464,50.000000000005961);
#890=IFCCARTESIANPOINT((7082.4931710057372,7957.6105668044529,12.993840887915093));
#891=IFCAXIS2PLACEMENT3D(#890,$,$);
#892=IFCEXTRUDEDAREASOLID(#889,#891,#34,297.53040551383447);
#893=IFCSTYLEDITEM(#892,(#823),$);
#894=IFCSHAPEREPRESENTATION(#15,'Body','SweptSolid',(#892));
#895=IFCAXIS2PLACEMENT3D(#10,$,$);
#896=IFCREPRESENTATIONMAP(#895,#894);
#897=IFCBUILDINGELEMENTPROXYTYPE('0r3m9KXTH7dQEHyg3LNaph',#6,'Tile Red6:Tile Red',$,$,$,(#896),'441447',$,.NOTDEFINED.);
#898=IFCMAPPEDITEM(#896,#217);
#899=IFCSHAPEREPRESENTATION(#15,'Body','MappedRepresentation',(#898));
#900=IFCPRODUCTDEFINITIONSHAPE($,$,(#899));
#901=IFCAXIS2PLACEMENT3D(#10,$,$);
#902=IFCLOCALPLACEMENT(#24,#901);
#903=IFCBUILDINGELEMENTPROXY('0r3m9KXTH7dQEHyg3LNapb',#6,'Tile Red6:Tile Red:441449',$,$,#902,#900,'441449',$);
#904=IFCPROPERTYSET('33z9E9P2Kg3cOmchnIkX2V',#6,'Pset_BuildingElementProxyCommon',$,(#840));
#905=IFCPROPERTYSET('0rj4Rfeuv_s1nTSgn91vha',#6,'Pset_QuantityTakeOff',$,(#840));
#906=IFCRELDEFINESBYPROPERTIES('2K6OzykWafBdSiwus_w$yo',#6,$,$,(#903),#904);
#907=IFCRELDEFINESBYPROPERTIES('2LaWnFmxJnd8s8C7ovhlAA',#6,$,$,(#903),#905);
#908=IFCCARTESIANPOINT((0.,0.));
#909=IFCAXIS2PLACEMENT2D(#908,#193);
#910=IFCRECTANGLEPROFILEDEF(.AREA.,'Tile Red',#909,8.0000000000003464,50.000000000005961);
#911=IFCCARTESIANPOINT((7082.4931710057372,7957.6105668044529,312.52424640174951));
#912=IFCAXIS2PLACEMENT3D(#911,$,$);
#913=IFCEXTRUDEDAREASOLID(#910,#912,#34,450.69999999999987);
#914=IFCSTYLEDITEM(#913,(#823),$);
#915=IFCSHAPEREPRESENTATION(#15,'Body','SweptSolid',(#913));
#916=IFCAXIS2PLACEMENT3D(#10,$,$);
#917=IFCREPRESENTATIONMAP(#916,#915);
#918=IFCBUILDINGELEMENTPROXYTYPE('0r3m9KXTH7dQEHyg3LNaqC',#6,'Tile Red7:Tile Red',$,$,$,(#917),'441728',$,.NOTDEFINED.);
#919=IFCMAPPEDITEM(#917,#217);
#920=IFCSHAPEREPRESENTATION(#15,'Body','MappedRepresentation',(#919));
#921=IFCPRODUCTDEFINITIONSHAPE($,$,(#920));
#922=IFCCARTESIANPOINT((-0.,-675.,-0.));
#923=IFCAXIS2PLACEMENT3D(#922,$,$);
#924=IFCLOCALPLACEMENT(#24,#923);
#925=IFCBUILDINGELEMENTPROXY('0r3m9KXTH7dQEHyg3LNaqE',#6,'Tile Red7:Tile Red:441730',$,$,#924,#921,'441730',$);
#926=IFCPROPERTYSET('2qEp2ULSgdcBt3fV_6VTta',#6,'Pset_BuildingElementProxyCommon',$,(#840));
#927=IFCPROPERTYSET('2YWae1Nf36YHi31q$45$kD',#6,'Pset_QuantityTakeOff',$,(#840));
#928=IFCRELDEFINESBYPROPERTIES('1IXP$jWWxuQ9yId8FAoaE1',#6,$,$,(#925),#926);
#929=IFCRELDEFINESBYPROPERTIES('2G2I_pdycx5a7rQQRcny3d',#6,$,$,(#925),#927);
#930=IFCCARTESIANPOINT((0.,0.));
#931=IFCAXIS2PLACEMENT2D(#930,#193);
#932=IFCRECTANGLEPROFILEDEF(.AREA.,'Tile Red',#931,8.0000000000003464,50.000000000005961);
#933=IFCCARTESIANPOINT((7082.4931710057372,7957.6105668044529,1217.9242464017502));
#934=IFCAXIS2PLACEMENT3D(#933,$,$);
#935=IFCEXTRUDEDAREASOLID(#932,#934,#34,449.28578643762665);
#936=IFCSTYLEDITEM(#935,(#823),$);
#937=IFCSHAPEREPRESENTATION(#15,'Body','SweptSolid',(#935));
#938=IFCAXIS2PLACEMENT3D(#10,$,$);
#939=IFCREPRESENTATIONMAP(#938,#937);
#940=IFCBUILDINGELEMENTPROXYTYPE('0r3m9KXTH7dQEHyg3LNaq0',#6,'Tile Red8:Tile Red',$,$,$,(#939),'441740',$,.NOTDEFINED.);
#941=IFCMAPPEDITEM(#939,#217);
#942=IFCSHAPEREPRESENTATION(#15,'Body','MappedRepresentation',(#941));
#943=IFCPRODUCTDEFINITIONSHAPE($,$,(#942));
#944=IFCCARTESIANPOINT((-0.,-675.,-0.));
#945=IFCAXIS2PLACEMENT3D(#944,$,$);
#946=IFCLOCALPLACEMENT(#24,#945);
#947=IFCBUILDINGELEMENTPROXY('0r3m9KXTH7dQEHyg3LNaq2',#6,'Tile Red8:Tile Red:441742',$,$,#946,#943,'441742',$);
#948=IFCPROPERTYSET('0NMn7F7Wx0CoWkFH$T5mEu',#6,'Pset_BuildingElementProxyCommon',$,(#840));
#949=IFCPROPERTYSET('3L$mR1pQjqQijD0830jEuq',#6,'Pset_QuantityTakeOff',$,(#840));
#950=IFCRELDEFINESBYPROPERTIES('0IsjFkfEt05MeZ2$v$QLy6',#6,$,$,(#947),#948);
#951=IFCRELDEFINESBYPROPERTIES('2Rmmc80yIHY0MVRnCXTVYA',#6,$,$,(#947),#949);
#952=IFCCARTESIANPOINT((0.,0.));
#953=IFCAXIS2PLACEMENT2D(#952,#193);
#954=IFCRECTANGLEPROFILEDEF(.AREA.,'Tile Red',#953,8.0000000000003464,50.000000000005961);
#955=IFCCARTESIANPOINT((7082.4931710057372,7957.6105668044529,765.22424640175018));
#956=IFCAXIS2PLACEMENT3D(#955,$,$);
#957=IFCEXTRUDEDAREASOLID(#954,#956,#34,450.69999999999959);
#958=IFCSTYLEDITEM(#957,(#823),$);
#959=IFCSHAPEREPRESENTATION(#15,'Body','SweptSolid',(#957));
#960=IFCAXIS2PLACEMENT3D(#10,$,$);
#961=IFCREPRESENTATIONMAP(#960,#959);
#962=IFCBUILDINGELEMENTPROXYTYPE('0r3m9KXTH7dQEHyg3LNaqK',#6,'Tile Red9:Tile Red',$,$,$,(#961),'441752',$,.NOTDEFINED.);
#963=IFCMAPPEDITEM(#961,#217);
#964=IFCSHAPEREPRESENTATION(#15,'Body','MappedRepresentation',(#963));
#965=IFCPRODUCTDEFINITIONSHAPE($,$,(#964));
#966=IFCCARTESIANPOINT((-0.,-675.,-0.));
#967=IFCAXIS2PLACEMENT3D(#966,$,$);
#968=IFCLOCALPLACEMENT(#24,#967);
#969=IFCBUILDINGELEMENTPROXY('0r3m9KXTH7dQEHyg3LNaqM',#6,'Tile Red9:Tile Red:441754',$,$,#968,#965,'441754',$);
#970=IFCPROPERTYSET('1DW3MhH9E6t3TDzCDkqoHs',#6,'Pset_BuildingElementProxyCommon',$,(#840));
#971=IFCPROPERTYSET('1NC2dSs8voMPwgFgzuCLYx',#6,'Pset_QuantityTakeOff',$,(#840));
#972=IFCRELDEFINESBYPROPERTIES('2lqlmq9yivc5gHpaWYtg8M',#6,$,$,(#969),#970);
#973=IFCRELDEFINESBYPROPERTIES('2Lh3NN5dybY_sW9X78NH4C',#6,$,$,(#969),#971);
#974=IFCCARTESIANPOINT((0.,0.));
#975=IFCAXIS2PLACEMENT2D(#974,#193);
#976=IFCRECTANGLEPROFILEDEF(.AREA.,'Tile Red',#975,8.0000000000003464,50.000000000005961);
#977=IFCCARTESIANPOINT((7082.4931710057372,7957.6105668044529,12.993840887915093));
#978=IFCAXIS2PLACEMENT3D(#977,$,$);
#979=IFCEXTRUDEDAREASOLID(#976,#978,#34,297.53040551383447);
#980=IFCSTYLEDITEM(#979,(#823),$);
#981=IFCSHAPEREPRESENTATION(#15,'Body','SweptSolid',(#979));
#982=IFCAXIS2PLACEMENT3D(#10,$,$);
#983=IFCREPRESENTATIONMAP(#982,#981);
#984=IFCBUILDINGELEMENTPROXYTYPE('0r3m9KXTH7dQEHyg3LNaqe',#6,'Tile Red10:Tile Red',$,$,$,(#983),'441764',$,.NOTDEFINED.);
#985=IFCMAPPEDITEM(#983,#217);
#986=IFCSHAPEREPRESENTATION(#15,'Body','MappedRepresentation',(#985));
#987=IFCPRODUCTDEFINITIONSHAPE($,$,(#986));
#988=IFCCARTESIANPOINT((-0.,-675.,-0.));
#989=IFCAXIS2PLACEMENT3D(#988,$,$);
#990=IFCLOCALPLACEMENT(#24,#989);
#991=IFCBUILDINGELEMENTPROXY('0r3m9KXTH7dQEHyg3LNaqg',#6,'Tile Red10:Tile Red:441766',$,$,#990,#987,'441766',$);
#992=IFCPROPERTYSET('0OHWEyMJtm2Z5SK9xEWyuS',#6,'Pset_BuildingElementProxyCommon',$,(#840));
#993=IFCPROPERTYSET('1S0W3Hs7VT7vBiUaLhgboh',#6,'Pset_QuantityTakeOff',$,(#840));
#994=IFCRELDEFINESBYPROPERTIES('2O1YACiR53tLnajFxCal$R',#6,$,$,(#991),#992);
#995=IFCRELDEFINESBYPROPERTIES('2LGDpdxS_pY1KoAoF_LLCl',#6,$,$,(#991),#993);
#996=IFCCARTESIANPOINT((0.,0.));
#997=IFCAXIS2PLACEMENT2D(#996,#193);
#998=IFCRECTANGLEPROFILEDEF(.AREA.,'Tile 200x100x75 White 2',#997,100.40000000000001,98.90000000000002);
#999=IFCCARTESIANPOINT((-50.199999999993743,49.450000000008437,-0.));
#1000=IFCAXIS2PLACEMENT3D(#999,$,$);
#1001=IFCEXTRUDEDAREASOLID(#998,#1000,#34,6.9999999999999973);
#1002=IFCSTYLEDITEM(#1001,(#206),$);
#1003=IFCSHAPEREPRESENTATION(#15,'Body','SweptSolid',(#1001));
#1004=IFCAXIS2PLACEMENT3D(#10,$,$);
#1005=IFCREPRESENTATIONMAP(#1004,#1003);
#1006=IFCBUILDINGELEMENTPROXYTYPE('1kkNhPW5XF4BusAPV6zO1S',#6,'Tile:Tile 200x100x75 White 2',$,$,$,(#1005),'431094',$,.NOTDEFINED.);
#1007=IFCMAPPEDITEM(#1005,#217);
#1008=IFCSHAPEREPRESENTATION(#15,'Body','MappedRepresentation',(#1007));
#1009=IFCPRODUCTDEFINITIONSHAPE($,$,(#1008));
#1010=IFCCARTESIANPOINT((7086.4931710057381,6720.6105668044338,1719.2100328393715));
#1011=IFCAXIS2PLACEMENT3D(#1010,#222,#34);
#1012=IFCLOCALPLACEMENT(#24,#1011);
#1013=IFCBUILDINGELEMENTPROXY('0Yv9is4Cr7Pxvjnh90tUYQ',#6,'Tile:Tile 200x100x75 White 2:442013',$,$,#1012,#1009,'442013',$);
#1014=IFCPROPERTYSET('2ylguizgU8$YMPo1Rj1xCb',#6,'Pset_BuildingElementProxyCommon',$,(#226));
#1015=IFCPROPERTYSET('1DwrekwFNeMNNuvv7vr4XV',#6,'Pset_QuantityTakeOff',$,(#226));
#1016=IFCRELDEFINESBYPROPERTIES('2p_CD6UYQ6J5a_dmqcntTk',#6,$,$,(#1013),#1014);
#1017=IFCRELDEFINESBYPROPERTIES('2oL79$Fqn9tQjglyNKSJzy',#6,$,$,(#1013),#1015);
#1018=IFCCARTESIANPOINT((0.,1.4210854715202004E-014));
#1019=IFCAXIS2PLACEMENT2D(#1018,#193);
#1020=IFCRECTANGLEPROFILEDEF(.AREA.,'Tile 200x100x75 White 2',#1019,100.40000000000001,132.40000000000001);
#1021=IFCCARTESIANPOINT((-50.199999999993743,66.20000000000843,-0.));
#1022=IFCAXIS2PLACEMENT3D(#1021,$,$);
#1023=IFCEXTRUDEDAREASOLID(#1020,#1022,#34,6.9999999999999973);
#1024=IFCSTYLEDITEM(#1023,(#206),$);
#1025=IFCSHAPEREPRESENTATION(#15,'Body','SweptSolid',(#1023));
#1026=IFCAXIS2PLACEMENT3D(#10,$,$);
#1027=IFCREPRESENTATIONMAP(#1026,#1025);
#1028=IFCBUILDINGELEMENTPROXYTYPE('0Yv9is4Cr7Pxvjnh90tPPD',#6,'Tile:Tile 200x100x75 White 2',$,$,$,(#1027),'431094',$,.NOTDEFINED.);
#1029=IFCMAPPEDITEM(#1027,#217);
#1030=IFCSHAPEREPRESENTATION(#15,'Body','MappedRepresentation',(#1029));
#1031=IFCPRODUCTDEFINITIONSHAPE($,$,(#1030));
#1032=IFCCARTESIANPOINT((7086.493171005739,7124.2105668044424,1616.8100328393678));
#1033=IFCAXIS2PLACEMENT3D(#1032,#222,#34);
#1034=IFCLOCALPLACEMENT(#24,#1033);
#1035=IFCBUILDINGELEMENTPROXY('0Yv9is4Cr7Pxvjnh90tUYP',#6,'Tile:Tile 200x100x75 White 2:442014',$,$,#1034,#1031,'442014',$);
#1036=IFCPROPERTYSET('1$pJTVAkAnnDuRQttbLYea',#6,'Pset_BuildingElementProxyCommon',$,(#226));
#1037=IFCPROPERTYSET('1pdj_MNTcB15vZQ6FaFCLy',#6,'Pset_QuantityTakeOff',$,(#226));
#1038=IFCRELDEFINESBYPROPERTIES('3CI3A6m5xAbpazD$0R0pQ2',#6,$,$,(#1035),#1036);
#1039=IFCRELDEFINESBYPROPERTIES('0oU$XJ0cMj7O5OqYxA6AGn',#6,$,$,(#1035),#1037);
#1040=IFCCARTESIANPOINT((0.,0.));
#1041=IFCAXIS2PLACEMENT2D(#1040,#193);
#1042=IFCRECTANGLEPROFILEDEF(.AREA.,'Tile 200x100x75 White 2',#1041,100.40000000000001,199.80000000000001);
#1043=IFCCARTESIANPOINT((-50.199999999993743,99.900000000008433,-0.));
#1044=IFCAXIS2PLACEMENT3D(#1043,$,$);
#1045=IFCEXTRUDEDAREASOLID(#1042,#1044,#34,6.9999999999999973);
#1046=IFCSTYLEDITEM(#1045,(#206),$);
#1047=IFCSHAPEREPRESENTATION(#15,'Body','SweptSolid',(#1045));
#1048=IFCAXIS2PLACEMENT3D(#10,$,$);
#1049=IFCREPRESENTATIONMAP(#1048,#1047);
#1050=IFCBUILDINGELEMENTPROXYTYPE('1kkNhPW5XF4BusAPV6zO0r',#6,'Tile:Tile 200x100x75 White 2',$,$,$,(#1049),'431094',$,.NOTDEFINED.);
#1051=IFCMAPPEDITEM(#1049,#217);
#1052=IFCSHAPEREPRESENTATION(#15,'Body','MappedRepresentation',(#1051));
#1053=IFCPRODUCTDEFINITIONSHAPE($,$,(#1052));
#1054=IFCCARTESIANPOINT((7086.4931710057381,6720.6105668044365,1616.8100328393682));
#1055=IFCAXIS2PLACEMENT3D(#1054,#222,#34);
#1056=IFCLOCALPLACEMENT(#24,#1055);
#1057=IFCBUILDINGELEMENTPROXY('0Yv9is4Cr7Pxvjnh90tUYd',#6,'Tile:Tile 200x100x75 White 2:442016',$,$,#1056,#1053,'442016',$);
#1058=IFCPROPERTYSET('0NAJe103qj299XzRRXCLDN',#6,'Pset_BuildingElementProxyCommon',$,(#226));
#1059=IFCPROPERTYSET('2BRYVtSppiQGzA99VXpW8q',#6,'Pset_QuantityTakeOff',$,(#226));
#1060=IFCRELDEFINESBYPROPERTIES('3QUS35WrSn4jgP70PJPlht',#6,$,$,(#1057),#1058);
#1061=IFCRELDEFINESBYPROPERTIES('1lzgo8pXYZ6tESGG68py9k',#6,$,$,(#1057),#1059);
#1062=IFCCARTESIANPOINT((0.,0.));
#1063=IFCAXIS2PLACEMENT2D(#1062,#193);
#1064=IFCRECTANGLEPROFILEDEF(.AREA.,'Tile 200x100x75 White 2',#1063,100.40000000000001,98.90000000000002);
#1065=IFCCARTESIANPOINT((-50.199999999993743,49.450000000008437,-0.));
#1066=IFCAXIS2PLACEMENT3D(#1065,$,$);
#1067=IFCEXTRUDEDAREASOLID(#1064,#1066,#34,6.9999999999999973);
#1068=IFCSTYLEDITEM(#1067,(#206),$);
#1069=IFCSHAPEREPRESENTATION(#15,'Body','SweptSolid',(#1067));
#1070=IFCAXIS2PLACEMENT3D(#10,$,$);
#1071=IFCREPRESENTATIONMAP(#1070,#1069);
#1072=IFCBUILDINGELEMENTPROXYTYPE('1kkNhPW5XF4BusAPV6zO0k',#6,'Tile:Tile 200x100x75 White 2',$,$,$,(#1071),'431094',$,.NOTDEFINED.);
#1073=IFCMAPPEDITEM(#1071,#217);
#1074=IFCSHAPEREPRESENTATION(#15,'Body','MappedRepresentation',(#1073));
#1075=IFCPRODUCTDEFINITIONSHAPE($,$,(#1074));
#1076=IFCCARTESIANPOINT((7086.4931710057381,6720.6105668044365,1514.4100328393688));
#1077=IFCAXIS2PLACEMENT3D(#1076,#222,#34);
#1078=IFCLOCALPLACEMENT(#24,#1077);
#1079=IFCBUILDINGELEMENTPROXY('0Yv9is4Cr7Pxvjnh90tUYa',#6,'Tile:Tile 200x100x75 White 2:442019',$,$,#1078,#1075,'442019',$);
#1080=IFCPROPERTYSET('2fZR86E3YOL98IUkEy4gwF',#6,'Pset_BuildingElementProxyCommon',$,(#226));
#1081=IFCPROPERTYSET('0XqYdizQCxyQbhnY9xzqUW',#6,'Pset_QuantityTakeOff',$,(#226));
#1082=IFCRELDEFINESBYPROPERTIES('0X2daBfOGwqiJPmiFpPi_E',#6,$,$,(#1079),#1080);
#1083=IFCRELDEFINESBYPROPERTIES('0$ljMmS2ISH5VIzfIhfSTe',#6,$,$,(#1079),#1081);
#1084=IFCCARTESIANPOINT((0.,0.));
#1085=IFCAXIS2PLACEMENT2D(#1084,#193);
#1086=IFCRECTANGLEPROFILEDEF(.AREA.,'Tile 200x100x75 White 2',#1085,100.40000000000001,31.500000000000014);
#1087=IFCCARTESIANPOINT((-50.199999999993743,15.750000000008432,-0.));
#1088=IFCAXIS2PLACEMENT3D(#1087,$,$);
#1089=IFCEXTRUDEDAREASOLID(#1086,#1088,#34,6.9999999999999973);
#1090=IFCSTYLEDITEM(#1089,(#206),$);
#1091=IFCSHAPEREPRESENTATION(#15,'Body','SweptSolid',(#1089));
#1092=IFCAXIS2PLACEMENT3D(#10,$,$);
#1093=IFCREPRESENTATIONMAP(#1092,#1091);
#1094=IFCBUILDINGELEMENTPROXYTYPE('0Yv9is4Cr7Pxvjnh90tPOW',#6,'Tile:Tile 200x100x75 White 2',$,$,$,(#1093),'431094',$,.NOTDEFINED.);
#1095=IFCMAPPEDITEM(#1093,#217);
#1096=IFCSHAPEREPRESENTATION(#15,'Body','MappedRepresentation',(#1095));
#1097=IFCPRODUCTDEFINITIONSHAPE($,$,(#1096));
#1098=IFCCARTESIANPOINT((7086.493171005739,7225.1105668044429,1514.4100328393674));
#1099=IFCAXIS2PLACEMENT3D(#1098,#222,#34);
#1100=IFCLOCALPLACEMENT(#24,#1099);
#1101=IFCBUILDINGELEMENTPROXY('0Yv9is4Cr7Pxvjnh90tUYZ',#6,'Tile:Tile 200x100x75 White 2:442020',$,$,#1100,#1097,'442020',$);
#1102=IFCPROPERTYSET('1TQ3R0j4A1jkjZ8gJTeqPT',#6,'Pset_BuildingElementProxyCommon',$,(#226));
#1103=IFCPROPERTYSET('32zQSbKuEh$gaBkI3uWFRr',#6,'Pset_QuantityTakeOff',$,(#226));
#1104=IFCRELDEFINESBYPROPERTIES('3ZG6aZC8_XckXaGjv$2nwp',#6,$,$,(#1101),#1102);
#1105=IFCRELDEFINESBYPROPERTIES('07mMTfhGAWzjjvvScZEJyw',#6,$,$,(#1101),#1103);
#1106=IFCMAPPEDITEM(#1027,#217);
#1107=IFCSHAPEREPRESENTATION(#15,'Body','MappedRepresentation',(#1106));
#1108=IFCPRODUCTDEFINITIONSHAPE($,$,(#1107));
#1109=IFCCARTESIANPOINT((7086.493171005739,7124.2105668044424,1412.0100328393651));
#1110=IFCAXIS2PLACEMENT3D(#1109,#222,#34);
#1111=IFCLOCALPLACEMENT(#24,#1110);
#1112=IFCBUILDINGELEMENTPROXY('0Yv9is4Cr7Pxvjnh90tUYY',#6,'Tile:Tile 200x100x75 White 2:442021',$,$,#1111,#1108,'442021',$);
#1113=IFCPROPERTYSET('1XlATvLLucLp$SHiWFC5P5',#6,'Pset_BuildingElementProxyCommon',$,(#226));
#1114=IFCPROPERTYSET('2BwhOu1D8ORxlslhPDFAr4',#6,'Pset_QuantityTakeOff',$,(#226));
#1115=IFCRELDEFINESBYPROPERTIES('1dKeiJ8x_8ex1vxcLoXt86',#6,$,$,(#1112),#1113);
#1116=IFCRELDEFINESBYPROPERTIES('3R5OybJmHsSVgSnummJE$F',#6,$,$,(#1112),#1114);
#1117=IFCMAPPEDITEM(#1049,#217);
#1118=IFCSHAPEREPRESENTATION(#15,'Body','MappedRepresentation',(#1117));
#1119=IFCPRODUCTDEFINITIONSHAPE($,$,(#1118));
#1120=IFCCARTESIANPOINT((7086.4931710057381,6720.6105668044365,1412.0100328393655));
#1121=IFCAXIS2PLACEMENT3D(#1120,#222,#34);
#1122=IFCLOCALPLACEMENT(#24,#1121);
#1123=IFCBUILDINGELEMENTPROXY('0Yv9is4Cr7Pxvjnh90tUYW',#6,'Tile:Tile 200x100x75 White 2:442023',$,$,#1122,#1119,'442023',$);
#1124=IFCPROPERTYSET('2rKpefNrVDeRm8RNesxi3p',#6,'Pset_BuildingElementProxyCommon',$,(#226));
#1125=IFCPROPERTYSET('2i0xx$of7h4PwKihIw21Xw',#6,'Pset_QuantityTakeOff',$,(#226));
#1126=IFCRELDEFINESBYPROPERTIES('1wUtxu0VrTtoZX36rrXwTS',#6,$,$,(#1123),#1124);
#1127=IFCRELDEFINESBYPROPERTIES('1BAwop40T6Lv5en8A5L566',#6,$,$,(#1123),#1125);
#1128=IFCMAPPEDITEM(#1071,#217);
#1129=IFCSHAPEREPRESENTATION(#15,'Body','MappedRepresentation',(#1128));
#1130=IFCPRODUCTDEFINITIONSHAPE($,$,(#1129));
#1131=IFCCARTESIANPOINT((7086.4931710057381,6720.6105668044365,1309.6100328393661));
#1132=IFCAXIS2PLACEMENT3D(#1131,#222,#34);
#1133=IFCLOCALPLACEMENT(#24,#1132);
#1134=IFCBUILDINGELEMENTPROXY('0Yv9is4Cr7Pxvjnh90tUYj',#6,'Tile:Tile 200x100x75 White 2:442026',$,$,#1133,#1130,'442026',$);
#1135=IFCPROPERTYSET('28J9jc0BIPI5ekbzXRZhSw',#6,'Pset_BuildingElementProxyCommon',$,(#226));
#1136=IFCPROPERTYSET('016bet0Sln9_Q9Bfz_fF0o',#6,'Pset_QuantityTakeOff',$,(#226));
#1137=IFCRELDEFINESBYPROPERTIES('3LdlWGYQGDyEMv3g6rlxAt',#6,$,$,(#1134),#1135);
#1138=IFCRELDEFINESBYPROPERTIES('3uXmnR8b1D9eC4DLSRD8Zl',#6,$,$,(#1134),#1136);
#1139=IFCMAPPEDITEM(#1093,#217);
#1140=IFCSHAPEREPRESENTATION(#15,'Body','MappedRepresentation',(#1139));
#1141=IFCPRODUCTDEFINITIONSHAPE($,$,(#1140));
#1142=IFCCARTESIANPOINT((7086.493171005739,7225.1105668044429,1309.6100328393647));
#1143=IFCAXIS2PLACEMENT3D(#1142,#222,#34);
#1144=IFCLOCALPLACEMENT(#24,#1143);
#1145=IFCBUILDINGELEMENTPROXY('0Yv9is4Cr7Pxvjnh90tUYi',#6,'Tile:Tile 200x100x75 White 2:442027',$,$,#1144,#1141,'442027',$);
#1146=IFCPROPERTYSET('2KpzCZqnB4ZvL$juovkp6R',#6,'Pset_BuildingElementProxyCommon',$,(#226));
#1147=IFCPROPERTYSET('2OXdagqRoVEWLRrNs$YI1U',#6,'Pset_QuantityTakeOff',$,(#226));
#1148=IFCRELDEFINESBYPROPERTIES('06Ed6AevHCKubCBzIlVHwp',#6,$,$,(#1145),#1146);
#1149=IFCRELDEFINESBYPROPERTIES('3ckjBTajpxyTFcdU4Nk45Y',#6,$,$,(#1145),#1147);
#1150=IFCMAPPEDITEM(#1027,#217);
#1151=IFCSHAPEREPRESENTATION(#15,'Body','MappedRepresentation',(#1150));
#1152=IFCPRODUCTDEFINITIONSHAPE($,$,(#1151));
#1153=IFCCARTESIANPOINT((7086.493171005739,7124.2105668044424,1207.2100328393622));
#1154=IFCAXIS2PLACEMENT3D(#1153,#222,#34);
#1155=IFCLOCALPLACEMENT(#24,#1154);
#1156=IFCBUILDINGELEMENTPROXY('0Yv9is4Cr7Pxvjnh90tUYh',#6,'Tile:Tile 200x100x75 White 2:442028',$,$,#1155,#1152,'442028',$);
#1157=IFCPROPERTYSET('0tR9iPtQ7nnxyF7pUFsXCA',#6,'Pset_BuildingElementProxyCommon',$,(#226));
#1158=IFCPROPERTYSET('0ywyVlNRAKMuyS$gV7$l33',#6,'Pset_QuantityTakeOff',$,(#226));
#1159=IFCRELDEFINESBYPROPERTIES('3ZJS$Xnv5uHmWWFYiyylsK',#6,$,$,(#1156),#1157);
#1160=IFCRELDEFINESBYPROPERTIES('27WR5zzsPa9f0wnvj0o95l',#6,$,$,(#1156),#1158);
#1161=IFCMAPPEDITEM(#1049,#217);
#1162=IFCSHAPEREPRESENTATION(#15,'Body','MappedRepresentation',(#1161));
#1163=IFCPRODUCTDEFINITIONSHAPE($,$,(#1162));
#1164=IFCCARTESIANPOINT((7086.4931710057381,6720.6105668044365,1207.2100328393628));
#1165=IFCAXIS2PLACEMENT3D(#1164,#222,#34);
#1166=IFCLOCALPLACEMENT(#24,#1165);
#1167=IFCBUILDINGELEMENTPROXY('0Yv9is4Cr7Pxvjnh90tUYf',#6,'Tile:Tile 200x100x75 White 2:442030',$,$,#1166,#1163,'442030',$);
#1168=IFCPROPERTYSET('1RSTOo3oZUNZzU$NL1Y6nh',#6,'Pset_BuildingElementProxyCommon',$,(#226));
#1169=IFCPROPERTYSET('1Gh8K4sFiSDVKqROtRn5JR',#6,'Pset_QuantityTakeOff',$,(#226));
#1170=IFCRELDEFINESBYPROPERTIES('07tUjvBVcPPIj7$YU_vUQ3',#6,$,$,(#1167),#1168);
#1171=IFCRELDEFINESBYPROPERTIES('2o3PwVxKphXpEbw1MrcYMq',#6,$,$,(#1167),#1169);
#1172=IFCMAPPEDITEM(#1071,#217);
#1173=IFCSHAPEREPRESENTATION(#15,'Body','MappedRepresentation',(#1172));
#1174=IFCPRODUCTDEFINITIONSHAPE($,$,(#1173));
#1175=IFCCARTESIANPOINT((7086.4931710057381,6720.6105668044365,1104.8100328393634));
#1176=IFCAXIS2PLACEMENT3D(#1175,#222,#34);
#1177=IFCLOCALPLACEMENT(#24,#1176);
#1178=IFCBUILDINGELEMENTPROXY('0Yv9is4Cr7Pxvjnh90tUYs',#6,'Tile:Tile 200x100x75 White 2:442033',$,$,#1177,#1174,'442033',$);
#1179=IFCPROPERTYSET('3rA6gjV_QZGU$guPHMfn7B',#6,'Pset_BuildingElementProxyCommon',$,(#226));
#1180=IFCPROPERTYSET('2eJsvtE7CBhSnpjDeVG3iS',#6,'Pset_QuantityTakeOff',$,(#226));
#1181=IFCRELDEFINESBYPROPERTIES('3uS30WpCMuqh1F2Mxm4d5F',#6,$,$,(#1178),#1179);
#1182=IFCRELDEFINESBYPROPERTIES('0TUz19_D$VeWRqwe$8SKey',#6,$,$,(#1178),#1180);
#1183=IFCMAPPEDITEM(#1093,#217);
#1184=IFCSHAPEREPRESENTATION(#15,'Body','MappedRepresentation',(#1183));
#1185=IFCPRODUCTDEFINITIONSHAPE($,$,(#1184));
#1186=IFCCARTESIANPOINT((7086.493171005739,7225.1105668044429,1104.8100328393621));
#1187=IFCAXIS2PLACEMENT3D(#1186,#222,#34);
#1188=IFCLOCALPLACEMENT(#24,#1187);
#1189=IFCBUILDINGELEMENTPROXY('0Yv9is4Cr7Pxvjnh90tUYr',#6,'Tile:Tile 200x100x75 White 2:442034',$,$,#1188,#1185,'442034',$);
#1190=IFCPROPERTYSET('2e8BtWsnOoX1lVvdTxn_CK',#6,'Pset_BuildingElementProxyCommon',$,(#226));
#1191=IFCPROPERTYSET('2RKuxGo1_ck2uobl660sRV',#6,'Pset_QuantityTakeOff',$,(#226));
#1192=IFCRELDEFINESBYPROPERTIES('0PNY72zFEbZnLnflZ7cN6i',#6,$,$,(#1189),#1190);
#1193=IFCRELDEFINESBYPROPERTIES('00CVoSeaHcSvhvMzl$Ri8x',#6,$,$,(#1189),#1191);
#1194=IFCMAPPEDITEM(#1027,#217);
#1195=IFCSHAPEREPRESENTATION(#15,'Body','MappedRepresentation',(#1194));
#1196=IFCPRODUCTDEFINITIONSHAPE($,$,(#1195));
#1197=IFCCARTESIANPOINT((7086.493171005739,7124.2105668044424,1002.4100328393596));
#1198=IFCAXIS2PLACEMENT3D(#1197,#222,#34);
#1199=IFCLOCALPLACEMENT(#24,#1198);
#1200=IFCBUILDINGELEMENTPROXY('0Yv9is4Cr7Pxvjnh90tUYq',#6,'Tile:Tile 200x100x75 White 2:442035',$,$,#1199,#1196,'442035',$);
#1201=IFCPROPERTYSET('0qkSVOW3$dKWN4b7g5teLj',#6,'Pset_BuildingElementProxyCommon',$,(#226));
#1202=IFCPROPERTYSET('3VWn2oynkB0$EGC3BNB4y5',#6,'Pset_QuantityTakeOff',$,(#226));
#1203=IFCRELDEFINESBYPROPERTIES('3sjcMDEgJI4m26_F46eoxz',#6,$,$,(#1200),#1201);
#1204=IFCRELDEFINESBYPROPERTIES('1sgOOtalqz4pBmg$dW4T7$',#6,$,$,(#1200),#1202);
#1205=IFCMAPPEDITEM(#1049,#217);
#1206=IFCSHAPEREPRESENTATION(#15,'Body','MappedRepresentation',(#1205));
#1207=IFCPRODUCTDEFINITIONSHAPE($,$,(#1206));
#1208=IFCCARTESIANPOINT((7086.4931710057381,6720.6105668044365,1002.41003283936));
#1209=IFCAXIS2PLACEMENT3D(#1208,#222,#34);
#1210=IFCLOCALPLACEMENT(#24,#1209);
#1211=IFCBUILDINGELEMENTPROXY('0Yv9is4Cr7Pxvjnh90tUYo',#6,'Tile:Tile 200x100x75 White 2:442037',$,$,#1210,#1207,'442037',$);
#1212=IFCPROPERTYSET('2uJP$gtn8KAY6ub8tjF6ma',#6,'Pset_BuildingElementProxyCommon',$,(#226));
#1213=IFCPROPERTYSET('3GPpdW3u6OwbPI8sKG7L2K',#6,'Pset_QuantityTakeOff',$,(#226));
#1214=IFCRELDEFINESBYPROPERTIES('2k29GnzIQcv7MNlvG_KaZW',#6,$,$,(#1211),#1212);
#1215=IFCRELDEFINESBYPROPERTIES('0hm5$P14jIdpOP0CjHWQr2',#6,$,$,(#1211),#1213);
#1216=IFCMAPPEDITEM(#1071,#217);
#1217=IFCSHAPEREPRESENTATION(#15,'Body','MappedRepresentation',(#1216));
#1218=IFCPRODUCTDEFINITIONSHAPE($,$,(#1217));
#1219=IFCCARTESIANPOINT((7086.4931710057381,6720.6105668044365,900.01003283936063));
#1220=IFCAXIS2PLACEMENT3D(#1219,#222,#34);
#1221=IFCLOCALPLACEMENT(#24,#1220);
#1222=IFCBUILDINGELEMENTPROXY('0Yv9is4Cr7Pxvjnh90tUY$',#6,'Tile:Tile 200x100x75 White 2:442040',$,$,#1221,#1218,'442040',$);
#1223=IFCPROPERTYSET('3D5duSwk042YWBRhYWWA4j',#6,'Pset_BuildingElementProxyCommon',$,(#226));
#1224=IFCPROPERTYSET('2wQuZtbGCXk9hmY3hkEl4a',#6,'Pset_QuantityTakeOff',$,(#226));
#1225=IFCRELDEFINESBYPROPERTIES('1qPFZwUMd3jK1gVgmesJf1',#6,$,$,(#1222),#1223);
#1226=IFCRELDEFINESBYPROPERTIES('0P71C8J3JwDd5Ee_8oi1Jl',#6,$,$,(#1222),#1224);
#1227=IFCMAPPEDITEM(#1093,#217);
#1228=IFCSHAPEREPRESENTATION(#15,'Body','MappedRepresentation',(#1227));
#1229=IFCPRODUCTDEFINITIONSHAPE($,$,(#1228));
#1230=IFCCARTESIANPOINT((7086.493171005739,7225.1105668044429,900.01003283935927));
#1231=IFCAXIS2PLACEMENT3D(#1230,#222,#34);
#1232=IFCLOCALPLACEMENT(#24,#1231);
#1233=IFCBUILDINGELEMENTPROXY('0Yv9is4Cr7Pxvjnh90tUY_',#6,'Tile:Tile 200x100x75 White 2:442041',$,$,#1232,#1229,'442041',$);
#1234=IFCPROPERTYSET('3zBNV3xUdEUb4nkqERvIC9',#6,'Pset_BuildingElementProxyCommon',$,(#226));
#1235=IFCPROPERTYSET('3jqk9RnT2SaGOQyo1OYahY',#6,'Pset_QuantityTakeOff',$,(#226));
#1236=IFCRELDEFINESBYPROPERTIES('3YRZXvpMPKlq2i1T2sve5d',#6,$,$,(#1233),#1234);
#1237=IFCRELDEFINESBYPROPERTIES('2hctI09OhsM3d83OIqkyx1',#6,$,$,(#1233),#1235);
#1238=IFCMAPPEDITEM(#1027,#217);
#1239=IFCSHAPEREPRESENTATION(#15,'Body','MappedRepresentation',(#1238));
#1240=IFCPRODUCTDEFINITIONSHAPE($,$,(#1239));
#1241=IFCCARTESIANPOINT((7086.493171005739,7124.2105668044424,797.61003283935679));
#1242=IFCAXIS2PLACEMENT3D(#1241,#222,#34);
#1243=IFCLOCALPLACEMENT(#24,#1242);
#1244=IFCBUILDINGELEMENTPROXY('0Yv9is4Cr7Pxvjnh90tUYz',#6,'Tile:Tile 200x100x75 White 2:442042',$,$,#1243,#1240,'442042',$);
#1245=IFCPROPERTYSET('0X8FXDSZEeyrensPtSofa1',#6,'Pset_BuildingElementProxyCommon',$,(#226));
#1246=IFCPROPERTYSET('3H_w08$rmBLVR1ET$w8huk',#6,'Pset_QuantityTakeOff',$,(#226));
#1247=IFCRELDEFINESBYPROPERTIES('3uwxl2k43Ges19mrNSPSDf',#6,$,$,(#1244),#1245);
#1248=IFCRELDEFINESBYPROPERTIES('1flyMuSkDMWtdF47KYmiSM',#6,$,$,(#1244),#1246);
#1249=IFCCARTESIANPOINT((0.,0.));
#1250=IFCAXIS2PLACEMENT2D(#1249,#193);
#1251=IFCRECTANGLEPROFILEDEF(.AREA.,'Tile 200x100x75 White 2',#1250,100.40000000000001,199.80000000000001);
#1252=IFCCARTESIANPOINT((-50.199999999993743,99.900000000008433,-0.));
#1253=IFCAXIS2PLACEMENT3D(#1252,$,$);
#1254=IFCEXTRUDEDAREASOLID(#1251,#1253,#34,6.9999999999999973);
#1255=IFCSTYLEDITEM(#1254,(#206),$);
#1256=IFCSHAPEREPRESENTATION(#15,'Body','SweptSolid',(#1254));
#1257=IFCAXIS2PLACEMENT3D(#10,$,$);
#1258=IFCREPRESENTATIONMAP(#1257,#1256);
#1259=IFCBUILDINGELEMENTPROXYTYPE('1kkNhPW5XF4BusAPV6zO0a',#6,'Tile:Tile 200x100x75 White 2',$,$,$,(#1258),'431094',$,.NOTDEFINED.);
#1260=IFCMAPPEDITEM(#1258,#217);
#1261=IFCSHAPEREPRESENTATION(#15,'Body','MappedRepresentation',(#1260));
#1262=IFCPRODUCTDEFINITIONSHAPE($,$,(#1261));
#1263=IFCCARTESIANPOINT((7086.4931710057381,6720.6105668044365,797.61003283935736));
#1264=IFCAXIS2PLACEMENT3D(#1263,#222,#34);
#1265=IFCLOCALPLACEMENT(#24,#1264);
#1266=IFCBUILDINGELEMENTPROXY('0Yv9is4Cr7Pxvjnh90tUYx',#6,'Tile:Tile 200x100x75 White 2:442044',$,$,#1265,#1262,'442044',$);
#1267=IFCPROPERTYSET('23MyWmaF4P$OkTu4Tv_Jlz',#6,'Pset_BuildingElementProxyCommon',$,(#226));
#1268=IFCPROPERTYSET('0TRgReTyDuoGNY_GfEEBv$',#6,'Pset_QuantityTakeOff',$,(#226));
#1269=IFCRELDEFINESBYPROPERTIES('3xN3Jh__feM96Sl_Ze4Xk0',#6,$,$,(#1266),#1267);
#1270=IFCRELDEFINESBYPROPERTIES('10RvewLeabfPmp_l1raGa1',#6,$,$,(#1266),#1268);
#1271=IFCMAPPEDITEM(#1093,#217);
#1272=IFCSHAPEREPRESENTATION(#15,'Body','MappedRepresentation',(#1271));
#1273=IFCPRODUCTDEFINITIONSHAPE($,$,(#1272));
#1274=IFCCARTESIANPOINT((7086.493171005739,7225.1105668044429,695.21003283935659));
#1275=IFCAXIS2PLACEMENT3D(#1274,#222,#34);
#1276=IFCLOCALPLACEMENT(#24,#1275);
#1277=IFCBUILDINGELEMENTPROXY('0Yv9is4Cr7Pxvjnh90tUZ7',#6,'Tile:Tile 200x100x75 White 2:442048',$,$,#1276,#1273,'442048',$);
#1278=IFCPROPERTYSET('3$JLxnq99ef1hxQm4R6NjY',#6,'Pset_BuildingElementProxyCommon',$,(#226));
#1279=IFCPROPERTYSET('1Nu9b3vepsGeKZOKY$8zbP',#6,'Pset_QuantityTakeOff',$,(#226));
#1280=IFCRELDEFINESBYPROPERTIES('0A7P6Jklhn6rOfMS9yPxEC',#6,$,$,(#1277),#1278);
#1281=IFCRELDEFINESBYPROPERTIES('2TLgF_PcTixgcWmiArzpCM',#6,$,$,(#1277),#1279);
#1282=IFCCARTESIANPOINT((-68.551558249313345,-60.401899026269646));
#1283=IFCCARTESIANPOINT((8.7257329393204017,-60.401899026269668));
#1284=IFCCARTESIANPOINT((114.24689512117827,35.555514563662022));
#1285=IFCCARTESIANPOINT((46.699337947906862,109.83530670071231));
#1286=IFCCARTESIANPOINT((-101.12040775909178,-24.587023211833909));
#1287=IFCPOLYLINE((#1282,#1283,#1284,#1285,#1286,#1282));
#1288=IFCARBITRARYCLOSEDPROFILEDEF(.AREA.,'Tile Red',#1287);
#1289=IFCCARTESIANPOINT((7078.4931710057372,7131.7560227279446,1668.6518411167451));
#1290=IFCDIRECTION((1.,0.,0.));
#1291=IFCDIRECTION((-0.,-0.73983856710210305,0.67278443399673504));
#1292=IFCAXIS2PLACEMENT3D(#1289,#1290,#1291);
#1293=IFCEXTRUDEDAREASOLID(#1288,#1292,#34,8.0000000000003446);
#1294=IFCSTYLEDITEM(#1293,(#206),$);
#1295=IFCSHAPEREPRESENTATION(#15,'Body','SweptSolid',(#1293));
#1296=IFCAXIS2PLACEMENT3D(#10,$,$);
#1297=IFCREPRESENTATIONMAP(#1296,#1295);
#1298=IFCBUILDINGELEMENTPROXYTYPE('0Yv9is4Cr7Pxvjnh90tUZ1',#6,'Tile Red11:Tile Red',$,$,$,(#1297),'442054',$,.NOTDEFINED.);
#1299=IFCMAPPEDITEM(#1297,#217);
#1300=IFCSHAPEREPRESENTATION(#15,'Body','MappedRepresentation',(#1299));
#1301=IFCPRODUCTDEFINITIONSHAPE($,$,(#1300));
#1302=IFCAXIS2PLACEMENT3D(#10,$,$);
#1303=IFCLOCALPLACEMENT(#24,#1302);
#1304=IFCBUILDINGELEMENTPROXY('0Yv9is4Cr7Pxvjnh90tUZF',#6,'Tile Red11:Tile Red:442056',$,$,#1303,#1301,'442056',$);
#1305=IFCPROPERTYSET('145k_s_HzGiPoLqLBnoBCi',#6,'Pset_BuildingElementProxyCommon',$,(#840));
#1306=IFCPROPERTYSET('1t$$DG$61QJxavKKca57u4',#6,'Pset_QuantityTakeOff',$,(#840));
#1307=IFCRELDEFINESBYPROPERTIES('0xa0hDP7$zUKiBoVCNyWsg',#6,$,$,(#1304),#1305);
#1308=IFCRELDEFINESBYPROPERTIES('3OK5iFkd$pFcNdD2ewBhRw',#6,$,$,(#1304),#1306);
#1309=IFCCARTESIANPOINT((0.,-5.4178883601707639E-013));
#1310=IFCAXIS2PLACEMENT2D(#1309,#193);
#1311=IFCRECTANGLEPROFILEDEF(.AREA.,'Tile Red',#1310,8.0000000000003464,31.500000000000419);
#1312=IFCCARTESIANPOINT((7082.4931710057363,7240.8605668044502,1618.8100328393709));
#1313=IFCAXIS2PLACEMENT3D(#1312,$,$);
#1314=IFCEXTRUDEDAREASOLID(#1311,#1313,#34,48.400000000003075);
#1315=IFCSTYLEDITEM(#1314,(#206),$);
#1316=IFCSHAPEREPRESENTATION(#15,'Body','SweptSolid',(#1314));
#1317=IFCAXIS2PLACEMENT3D(#10,$,$);
#1318=IFCREPRESENTATIONMAP(#1317,#1316);
#1319=IFCBUILDINGELEMENTPROXYTYPE('0Yv9is4Cr7Pxvjnh90tUZK',#6,'Tile Red12:Tile Red',$,$,$,(#1318),'442067',$,.NOTDEFINED.);
#1320=IFCMAPPEDITEM(#1318,#217);
#1321=IFCSHAPEREPRESENTATION(#15,'Body','MappedRepresentation',(#1320));
#1322=IFCPRODUCTDEFINITIONSHAPE($,$,(#1321));
#1323=IFCAXIS2PLACEMENT3D(#10,$,$);
#1324=IFCLOCALPLACEMENT(#24,#1323);
#1325=IFCBUILDINGELEMENTPROXY('0Yv9is4Cr7Pxvjnh90tUZI',#6,'Tile Red12:Tile Red:442069',$,$,#1324,#1322,'442069',$);
#1326=IFCPROPERTYSET('0LnZq3i0KOgvWuhkmeUfvk',#6,'Pset_BuildingElementProxyCommon',$,(#840));
#1327=IFCPROPERTYSET('238v_5zORNECh8wQJrAtf9',#6,'Pset_QuantityTakeOff',$,(#840));
#1328=IFCRELDEFINESBYPROPERTIES('3x$1fZcmXdNbB04QkkbDu8',#6,$,$,(#1325),#1326);
#1329=IFCRELDEFINESBYPROPERTIES('3eO5HLnhHwWDyfR4ny9VOs',#6,$,$,(#1325),#1327);
#1330=IFCMAPPEDITEM(#210,#217);
#1331=IFCSHAPEREPRESENTATION(#15,'Body','MappedRepresentation',(#1330));
#1332=IFCPRODUCTDEFINITIONSHAPE($,$,(#1331));
#1333=IFCCARTESIANPOINT((7086.4931710057381,7021.3105668044391,1719.2100328393717));
#1334=IFCAXIS2PLACEMENT3D(#1333,#222,#34);
#1335=IFCLOCALPLACEMENT(#24,#1334);
#1336=IFCBUILDINGELEMENTPROXY('0Yv9is4Cr7Pxvjnh90tUaW',#6,'Tile:Tile 200x100x75 White 2:442151',$,$,#1335,#1332,'442151',$);
#1337=IFCPROPERTYSET('0pwxuHCAP8E7jvkPspcmRo',#6,'Pset_BuildingElementProxyCommon',$,(#226));
#1338=IFCPROPERTYSET('2xUKm6S5ns5iIunp5sMJBJ',#6,'Pset_QuantityTakeOff',$,(#226));
#1339=IFCRELDEFINESBYPROPERTIES('15aM6WEMwuh1_xbIYPMt8P',#6,$,$,(#1336),#1337);
#1340=IFCRELDEFINESBYPROPERTIES('0vXNLaPWEPjubKVfo2fSnP',#6,$,$,(#1336),#1338);
#1341=IFCMAPPEDITEM(#210,#217);
#1342=IFCSHAPEREPRESENTATION(#15,'Body','MappedRepresentation',(#1341));
#1343=IFCPRODUCTDEFINITIONSHAPE($,$,(#1342));
#1344=IFCCARTESIANPOINT((7086.493171005739,7122.2105668044524,1616.8100328393684));
#1345=IFCAXIS2PLACEMENT3D(#1344,#222,#34);
#1346=IFCLOCALPLACEMENT(#24,#1345);
#1347=IFCBUILDINGELEMENTPROXY('0Yv9is4Cr7Pxvjnh90tUaq',#6,'Tile:Tile 200x100x75 White 2:442163',$,$,#1346,#1343,'442163',$);
#1348=IFCPROPERTYSET('022e_X3BzYRTHY70qbFst6',#6,'Pset_BuildingElementProxyCommon',$,(#226));
#1349=IFCPROPERTYSET('2lIHcA9NrhjtspqLcylTPy',#6,'Pset_QuantityTakeOff',$,(#226));
#1350=IFCRELDEFINESBYPROPERTIES('3sYNA$vzZNDN2P4LQWYMOg',#6,$,$,(#1347),#1348);
#1351=IFCRELDEFINESBYPROPERTIES('3zIfC2cAeG_4Y3GNvrIcJQ',#6,$,$,(#1347),#1349);
#1352=IFCMAPPEDITEM(#210,#217);
#1353=IFCSHAPEREPRESENTATION(#15,'Body','MappedRepresentation',(#1352));
#1354=IFCPRODUCTDEFINITIONSHAPE($,$,(#1353));
#1355=IFCCARTESIANPOINT((7086.4931710057381,7021.3105668044527,1514.410032839369));
#1356=IFCAXIS2PLACEMENT3D(#1355,#222,#34);
#1357=IFCLOCALPLACEMENT(#24,#1356);
#1358=IFCBUILDINGELEMENTPROXY('0Yv9is4Cr7Pxvjnh90tUaw',#6,'Tile:Tile 200x100x75 White 2:442173',$,$,#1357,#1354,'442173',$);
#1359=IFCPROPERTYSET('0XN$QsnM12rHTZolWErRtz',#6,'Pset_BuildingElementProxyCommon',$,(#226));
#1360=IFCPROPERTYSET('0YmYAyL135SSYKV4fHo94E',#6,'Pset_QuantityTakeOff',$,(#226));
#1361=IFCRELDEFINESBYPROPERTIES('0AreobptNd9lBMJts443LR',#6,$,$,(#1358),#1359);
#1362=IFCRELDEFINESBYPROPERTIES('1ZN31KU4XDbahHx8$kCBj6',#6,$,$,(#1358),#1360);
#1363=IFCMAPPEDITEM(#210,#217);
#1364=IFCSHAPEREPRESENTATION(#15,'Body','MappedRepresentation',(#1363));
#1365=IFCPRODUCTDEFINITIONSHAPE($,$,(#1364));
#1366=IFCCARTESIANPOINT((7086.493171005739,7223.110566804452,1514.4100328393695));
#1367=IFCAXIS2PLACEMENT3D(#1366,#222,#34);
#1368=IFCLOCALPLACEMENT(#24,#1367);
#1369=IFCBUILDINGELEMENTPROXY('0Yv9is4Cr7Pxvjnh90tUb0',#6,'Tile:Tile 200x100x75 White 2:442183',$,$,#1368,#1365,'442183',$);
#1370=IFCPROPERTYSET('1sjDAv00MUfKt6Gqoa3L6$',#6,'Pset_BuildingElementProxyCommon',$,(#226));
#1371=IFCPROPERTYSET('1DxXRf7CyIMazmFH3we1DM',#6,'Pset_QuantityTakeOff',$,(#226));
#1372=IFCRELDEFINESBYPROPERTIES('3z_P$ADQRAKeVWNNhVBSpR',#6,$,$,(#1369),#1370);
#1373=IFCRELDEFINESBYPROPERTIES('2FBZYSLyPek10X$05MvZv9',#6,$,$,(#1369),#1371);
#1374=IFCMAPPEDITEM(#210,#217);
#1375=IFCSHAPEREPRESENTATION(#15,'Body','MappedRepresentation',(#1374));
#1376=IFCPRODUCTDEFINITIONSHAPE($,$,(#1375));
#1377=IFCCARTESIANPOINT((7086.493171005739,7122.2105668044524,1412.0100328393657));
#1378=IFCAXIS2PLACEMENT3D(#1377,#222,#34);
#1379=IFCLOCALPLACEMENT(#24,#1378);
#1380=IFCBUILDINGELEMENTPROXY('0Yv9is4Cr7Pxvjnh90tUb8',#6,'Tile:Tile 200x100x75 White 2:442191',$,$,#1379,#1376,'442191',$);
#1381=IFCPROPERTYSET('2ygK1Lxe9kK4TwOcr8J06q',#6,'Pset_BuildingElementProxyCommon',$,(#226));
#1382=IFCPROPERTYSET('1hwYQfcbwbmsGYKamrLUCM',#6,'Pset_QuantityTakeOff',$,(#226));
#1383=IFCRELDEFINESBYPROPERTIES('11eO7tukXRN2v7jYT7vtJ1',#6,$,$,(#1380),#1381);
#1384=IFCRELDEFINESBYPROPERTIES('22UYN77rzxTxNItqygSCf0',#6,$,$,(#1380),#1382);
#1385=IFCMAPPEDITEM(#210,#217);
#1386=IFCSHAPEREPRESENTATION(#15,'Body','MappedRepresentation',(#1385));
#1387=IFCPRODUCTDEFINITIONSHAPE($,$,(#1386));
#1388=IFCCARTESIANPOINT((7086.4931710057381,7021.3105668044527,1309.6100328393663));
#1389=IFCAXIS2PLACEMENT3D(#1388,#222,#34);
#1390=IFCLOCALPLACEMENT(#24,#1389);
#1391=IFCBUILDINGELEMENTPROXY('0Yv9is4Cr7Pxvjnh90tUbU',#6,'Tile:Tile 200x100x75 White 2:442201',$,$,#1390,#1387,'442201',$);
#1392=IFCPROPERTYSET('0wHWVn4yK3k2WJRL4kSWdS',#6,'Pset_BuildingElementProxyCommon',$,(#226));
#1393=IFCPROPERTYSET('2p7AOWLbMrAo_cwsfs0Sri',#6,'Pset_QuantityTakeOff',$,(#226));
#1394=IFCRELDEFINESBYPROPERTIES('11IM$m$odavDLawtn538N7',#6,$,$,(#1391),#1392);
#1395=IFCRELDEFINESBYPROPERTIES('2xDAl37srNjf_g2lkDGDOJ',#6,$,$,(#1391),#1393);
#1396=IFCMAPPEDITEM(#210,#217);
#1397=IFCSHAPEREPRESENTATION(#15,'Body','MappedRepresentation',(#1396));
#1398=IFCPRODUCTDEFINITIONSHAPE($,$,(#1397));
#1399=IFCCARTESIANPOINT((7086.493171005739,7223.110566804452,1309.6100328393668));
#1400=IFCAXIS2PLACEMENT3D(#1399,#222,#34);
#1401=IFCLOCALPLACEMENT(#24,#1400);
#1402=IFCBUILDINGELEMENTPROXY('0Yv9is4Cr7Pxvjnh90tUbc',#6,'Tile:Tile 200x100x75 White 2:442209',$,$,#1401,#1398,'442209',$);
#1403=IFCPROPERTYSET('0pJo69F5UnVHkNDaJSE6Q1',#6,'Pset_BuildingElementProxyCommon',$,(#226));
#1404=IFCPROPERTYSET('0bVK$00rw5uV2DvzYn623S',#6,'Pset_QuantityTakeOff',$,(#226));
#1405=IFCRELDEFINESBYPROPERTIES('19leeoABQgkkKq_Q6LrMcj',#6,$,$,(#1402),#1403);
#1406=IFCRELDEFINESBYPROPERTIES('2vfYW5APGxmWdHUwILRQfo',#6,$,$,(#1402),#1404);
#1407=IFCMAPPEDITEM(#210,#217);
#1408=IFCSHAPEREPRESENTATION(#15,'Body','MappedRepresentation',(#1407));
#1409=IFCPRODUCTDEFINITIONSHAPE($,$,(#1408));
#1410=IFCCARTESIANPOINT((7086.493171005739,7122.2105668044524,1207.2100328393631));
#1411=IFCAXIS2PLACEMENT3D(#1410,#222,#34);
#1412=IFCLOCALPLACEMENT(#24,#1411);
#1413=IFCBUILDINGELEMENTPROXY('0Yv9is4Cr7Pxvjnh90tUbk',#6,'Tile:Tile 200x100x75 White 2:442217',$,$,#1412,#1409,'442217',$);
#1414=IFCPROPERTYSET('3uInAMFmDKcafcJwCNXsDn',#6,'Pset_BuildingElementProxyCommon',$,(#226));
#1415=IFCPROPERTYSET('1SkjKtrDHtYmTsBZnH$3Y5',#6,'Pset_QuantityTakeOff',$,(#226));
#1416=IFCRELDEFINESBYPROPERTIES('1ahXU5n$z1nvkLHmJoLdal',#6,$,$,(#1413),#1414);
#1417=IFCRELDEFINESBYPROPERTIES('2XiE_thzP_XNXx67j07wIZ',#6,$,$,(#1413),#1415);
#1418=IFCMAPPEDITEM(#210,#217);
#1419=IFCSHAPEREPRESENTATION(#15,'Body','MappedRepresentation',(#1418));
#1420=IFCPRODUCTDEFINITIONSHAPE($,$,(#1419));
#1421=IFCCARTESIANPOINT((7086.4931710057381,7021.3105668044527,1104.8100328393637));
#1422=IFCAXIS2PLACEMENT3D(#1421,#222,#34);
#1423=IFCLOCALPLACEMENT(#24,#1422);
#1424=IFCBUILDINGELEMENTPROXY('0Yv9is4Cr7Pxvjnh90tUcO',#6,'Tile:Tile 200x100x75 White 2:442271',$,$,#1423,#1420,'442271',$);
#1425=IFCPROPERTYSET('1ADCzsO4hqK8ar9RWe0iP5',#6,'Pset_BuildingElementProxyCommon',$,(#226));
#1426=IFCPROPERTYSET('2IGWdLS2fw2F1SHaATvuZ1',#6,'Pset_QuantityTakeOff',$,(#226));
#1427=IFCRELDEFINESBYPROPERTIES('1qIEN7xV4J730K97$z7E43',#6,$,$,(#1424),#1425);
#1428=IFCRELDEFINESBYPROPERTIES('08JfvjTa4qSn6SOomYbG2w',#6,$,$,(#1424),#1426);
#1429=IFCMAPPEDITEM(#210,#217);
#1430=IFCSHAPEREPRESENTATION(#15,'Body','MappedRepresentation',(#1429));
#1431=IFCPRODUCTDEFINITIONSHAPE($,$,(#1430));
#1432=IFCCARTESIANPOINT((7086.493171005739,7223.110566804452,1104.8100328393643));
#1433=IFCAXIS2PLACEMENT3D(#1432,#222,#34);
#1434=IFCLOCALPLACEMENT(#24,#1433);
#1435=IFCBUILDINGELEMENTPROXY('0Yv9is4Cr7Pxvjnh90tUcd',#6,'Tile:Tile 200x100x75 White 2:442272',$,$,#1434,#1431,'442272',$);
#1436=IFCPROPERTYSET('3hC8ahuVPE6AGB189IHKVY',#6,'Pset_BuildingElementProxyCommon',$,(#226));
#1437=IFCPROPERTYSET('1r4LzKlbS01vjtaHRkyuF$',#6,'Pset_QuantityTakeOff',$,(#226));
#1438=IFCRELDEFINESBYPROPERTIES('09ugbCOfOoFAPrWowgBu1c',#6,$,$,(#1435),#1436);
#1439=IFCRELDEFINESBYPROPERTIES('3E45gEVbvScVqVMqCFMldD',#6,$,$,(#1435),#1437);
#1440=IFCMAPPEDITEM(#210,#217);
#1441=IFCSHAPEREPRESENTATION(#15,'Body','MappedRepresentation',(#1440));
#1442=IFCPRODUCTDEFINITIONSHAPE($,$,(#1441));
#1443=IFCCARTESIANPOINT((7086.493171005739,7122.2105668044524,1002.4100328393605));
#1444=IFCAXIS2PLACEMENT3D(#1443,#222,#34);
#1445=IFCLOCALPLACEMENT(#24,#1444);
#1446=IFCBUILDINGELEMENTPROXY('0Yv9is4Cr7Pxvjnh90tUcc',#6,'Tile:Tile 200x100x75 White 2:442273',$,$,#1445,#1442,'442273',$);
#1447=IFCPROPERTYSET('1BOkeXWIcDf5ADva874ntP',#6,'Pset_BuildingElementProxyCommon',$,(#226));
#1448=IFCPROPERTYSET('0$Xcj1GnaTfB084J8jCFSd',#6,'Pset_QuantityTakeOff',$,(#226));
#1449=IFCRELDEFINESBYPROPERTIES('0b14uQ5juyvK028hYyXVxA',#6,$,$,(#1446),#1447);
#1450=IFCRELDEFINESBYPROPERTIES('2ZOV3ra2pf2P61T6NzT9pk',#6,$,$,(#1446),#1448);
#1451=IFCMAPPEDITEM(#210,#217);
#1452=IFCSHAPEREPRESENTATION(#15,'Body','MappedRepresentation',(#1451));
#1453=IFCPRODUCTDEFINITIONSHAPE($,$,(#1452));
#1454=IFCCARTESIANPOINT((7086.4931710057381,7021.3105668044527,900.01003283936109));
#1455=IFCAXIS2PLACEMENT3D(#1454,#222,#34);
#1456=IFCLOCALPLACEMENT(#24,#1455);
#1457=IFCBUILDINGELEMENTPROXY('0Yv9is4Cr7Pxvjnh90tUci',#6,'Tile:Tile 200x100x75 White 2:442283',$,$,#1456,#1453,'442283',$);
#1458=IFCPROPERTYSET('3ZSCkyFVAKdaTHR7HMgyHx',#6,'Pset_BuildingElementProxyCommon',$,(#226));
#1459=IFCPROPERTYSET('0SA17eL1zJRvFcnoumVbHU',#6,'Pset_QuantityTakeOff',$,(#226));
#1460=IFCRELDEFINESBYPROPERTIES('0lX8D$SfB6IzrWYCT6z6f9',#6,$,$,(#1457),#1458);
#1461=IFCRELDEFINESBYPROPERTIES('21dYKZpwpD405WYTAeaMu9',#6,$,$,(#1457),#1459);
#1462=IFCMAPPEDITEM(#210,#217);
#1463=IFCSHAPEREPRESENTATION(#15,'Body','MappedRepresentation',(#1462));
#1464=IFCPRODUCTDEFINITIONSHAPE($,$,(#1463));
#1465=IFCCARTESIANPOINT((7086.493171005739,7223.110566804452,900.01003283936154));
#1466=IFCAXIS2PLACEMENT3D(#1465,#222,#34);
#1467=IFCLOCALPLACEMENT(#24,#1466);
#1468=IFCBUILDINGELEMENTPROXY('0Yv9is4Cr7Pxvjnh90tUch',#6,'Tile:Tile 200x100x75 White 2:442284',$,$,#1467,#1464,'442284',$);
#1469=IFCPROPERTYSET('0zmOoAjB81Ls7kFFr7vMtu',#6,'Pset_BuildingElementProxyCommon',$,(#226));
#1470=IFCPROPERTYSET('2pyAiJ4acUiAwtj9xzdgoO',#6,'Pset_QuantityTakeOff',$,(#226));
#1471=IFCRELDEFINESBYPROPERTIES('0A8HVm3fV8Nr2lLSsLUwrk',#6,$,$,(#1468),#1469);
#1472=IFCRELDEFINESBYPROPERTIES('2Aw4RmNk4$OlPkX8QJEwso',#6,$,$,(#1468),#1470);
#1473=IFCMAPPEDITEM(#210,#217);
#1474=IFCSHAPEREPRESENTATION(#15,'Body','MappedRepresentation',(#1473));
#1475=IFCPRODUCTDEFINITIONSHAPE($,$,(#1474));
#1476=IFCCARTESIANPOINT((7086.493171005739,7122.2105668044524,797.61003283935781));
#1477=IFCAXIS2PLACEMENT3D(#1476,#222,#34);
#1478=IFCLOCALPLACEMENT(#24,#1477);
#1479=IFCBUILDINGELEMENTPROXY('0Yv9is4Cr7Pxvjnh90tUcg',#6,'Tile:Tile 200x100x75 White 2:442285',$,$,#1478,#1475,'442285',$);
#1480=IFCPROPERTYSET('1_$iiRGkx0XCSsVWoVMsIR',#6,'Pset_BuildingElementProxyCommon',$,(#226));
#1481=IFCPROPERTYSET('0tZfdZzC_PG8lPPur6Sq6M',#6,'Pset_QuantityTakeOff',$,(#226));
#1482=IFCRELDEFINESBYPROPERTIES('0iDTJ$a2s5gk1bgiMY7MKs',#6,$,$,(#1479),#1480);
#1483=IFCRELDEFINESBYPROPERTIES('1ROo5B$dB5vUsPTkyf2KVh',#6,$,$,(#1479),#1481);
#1484=IFCMAPPEDITEM(#210,#217);
#1485=IFCSHAPEREPRESENTATION(#15,'Body','MappedRepresentation',(#1484));
#1486=IFCPRODUCTDEFINITIONSHAPE($,$,(#1485));
#1487=IFCCARTESIANPOINT((7086.4931710057381,7021.3105668044527,695.21003283935829));
#1488=IFCAXIS2PLACEMENT3D(#1487,#222,#34);
#1489=IFCLOCALPLACEMENT(#24,#1488);
#1490=IFCBUILDINGELEMENTPROXY('0Yv9is4Cr7Pxvjnh90tUco',#6,'Tile:Tile 200x100x75 White 2:442293',$,$,#1489,#1486,'442293',$);
#1491=IFCPROPERTYSET('3GZIa9Hp6y9NBMYeciLhyz',#6,'Pset_BuildingElementProxyCommon',$,(#226));
#1492=IFCPROPERTYSET('3MHUfoS5hjO1I6b8w5dYOa',#6,'Pset_QuantityTakeOff',$,(#226));
#1493=IFCRELDEFINESBYPROPERTIES('089U7E_E33EsfXUWcwBUHf',#6,$,$,(#1490),#1491);
#1494=IFCRELDEFINESBYPROPERTIES('1YhbZbFOJBw0vZYq1oMxpm',#6,$,$,(#1490),#1492);
#1495=IFCMAPPEDITEM(#210,#217);
#1496=IFCSHAPEREPRESENTATION(#15,'Body','MappedRepresentation',(#1495));
#1497=IFCPRODUCTDEFINITIONSHAPE($,$,(#1496));
#1498=IFCCARTESIANPOINT((7086.493171005739,7223.110566804452,695.21003283935886));
#1499=IFCAXIS2PLACEMENT3D(#1498,#222,#34);
#1500=IFCLOCALPLACEMENT(#24,#1499);
#1501=IFCBUILDINGELEMENTPROXY('0Yv9is4Cr7Pxvjnh90tUcn',#6,'Tile:Tile 200x100x75 White 2:442294',$,$,#1500,#1497,'442294',$);
#1502=IFCPROPERTYSET('3eSvunNNcqIEyknVaXoifi',#6,'Pset_BuildingElementProxyCommon',$,(#226));
#1503=IFCPROPERTYSET('1Z82LU4vwzQoHhZ0DV8Lvv',#6,'Pset_QuantityTakeOff',$,(#226));
#1504=IFCRELDEFINESBYPROPERTIES('3YLiCQNUj5JGZlakF9FtQF',#6,$,$,(#1501),#1502);
#1505=IFCRELDEFINESBYPROPERTIES('0G2NUU1GPqbrGWofjVs7iW',#6,$,$,(#1501),#1503);
#1506=IFCMAPPEDITEM(#1071,#217);
#1507=IFCSHAPEREPRESENTATION(#15,'Body','MappedRepresentation',(#1506));
#1508=IFCPRODUCTDEFINITIONSHAPE($,$,(#1507));
#1509=IFCCARTESIANPOINT((7086.4931710057381,6720.6105668044365,695.21003283935772));
#1510=IFCAXIS2PLACEMENT3D(#1509,#222,#34);
#1511=IFCLOCALPLACEMENT(#24,#1510);
#1512=IFCBUILDINGELEMENTPROXY('0Yv9is4Cr7Pxvjnh90tPHW',#6,'Tile:Tile 200x100x75 White 2:442983',$,$,#1511,#1508,'442983',$);
#1513=IFCPROPERTYSET('0Y64Br2dUzN4GPszvi_Zyv',#6,'Pset_BuildingElementProxyCommon',$,(#226));
#1514=IFCPROPERTYSET('0LR99cd1klGEWzSS3omi30',#6,'Pset_QuantityTakeOff',$,(#226));
#1515=IFCRELDEFINESBYPROPERTIES('1FIaB7iEws8c$t66F0oMMW',#6,$,$,(#1512),#1513);
#1516=IFCRELDEFINESBYPROPERTIES('14tfdkiBNAedC1i87woR3f',#6,$,$,(#1512),#1514);
#1517=IFCCARTESIANPOINT((-8.8976369435694718,-88.514544076510717));
#1518=IFCCARTESIANPOINT((52.424409235891851,-88.514544076510717));
#1519=IFCCARTESIANPOINT((52.424409235891851,111.28545592349583));
#1520=IFCCARTESIANPOINT((-47.975590764106983,111.28545592349583));
#1521=IFCCARTESIANPOINT((-47.975590764106983,-45.541823693968077));
#1522=IFCPOLYLINE((#1517,#1518,#1519,#1520,#1521,#1517));
#1523=IFCARBITRARYCLOSEDPROFILEDEF(.AREA.,'Tile Red',#1522);
#1524=IFCCARTESIANPOINT((7078.4931710057381,8120.8251108809627,1671.2344420752659));
#1525=IFCDIRECTION((0.,0.,-1.));
#1526=IFCAXIS2PLACEMENT3D(#1524,#1290,#1525);
#1527=IFCEXTRUDEDAREASOLID(#1523,#1526,#34,8.0000000000003428);
#1528=IFCSTYLEDITEM(#1527,(#206),$);
#1529=IFCSHAPEREPRESENTATION(#15,'Body','SweptSolid',(#1527));
#1530=IFCAXIS2PLACEMENT3D(#10,$,$);
#1531=IFCREPRESENTATIONMAP(#1530,#1529);
#1532=IFCBUILDINGELEMENTPROXYTYPE('1zzk4Pvb51xAijoPDrx4Cb',#6,'Tile Red13:Tile Red',$,$,$,(#1531),'443658',$,.NOTDEFINED.);
#1533=IFCMAPPEDITEM(#1531,#217);
#1534=IFCSHAPEREPRESENTATION(#15,'Body','MappedRepresentation',(#1533));
#1535=IFCPRODUCTDEFINITIONSHAPE($,$,(#1534));
#1536=IFCAXIS2PLACEMENT3D(#10,$,$);
#1537=IFCLOCALPLACEMENT(#24,#1536);
#1538=IFCBUILDINGELEMENTPROXY('1zzk4Pvb51xAijoPDrx4CZ',#6,'Tile Red13:Tile Red:443660',$,$,#1537,#1535,'443660',$);
#1539=IFCPROPERTYSET('1HQ3UOw5PQFe8ukyrYEHcn',#6,'Pset_BuildingElementProxyCommon',$,(#840));
#1540=IFCPROPERTYSET('2UGdd8Wvn0Kgto__NIUi45',#6,'Pset_QuantityTakeOff',$,(#840));
#1541=IFCRELDEFINESBYPROPERTIES('2jkbnBV0xkC5U7GHKb6yi1',#6,$,$,(#1538),#1539);
#1542=IFCRELDEFINESBYPROPERTIES('0BCQxYF0zsPEpmNkr4ciM3',#6,$,$,(#1538),#1540);
#1543=IFCCARTESIANPOINT((-31.26066262201871,-20.721988502214028));
#1544=IFCCARTESIANPOINT((28.242650488067074,-20.721988502214028));
#1545=IFCCARTESIANPOINT((17.139337377984635,-8.5120459911328492));
#1546=IFCCARTESIANPOINT((17.139337377984361,24.978011497783161));
#1547=IFCCARTESIANPOINT((-31.26066262201871,24.978011497783161));
#1548=IFCPOLYLINE((#1543,#1544,#1545,#1546,#1547,#1543));
#1549=IFCARBITRARYCLOSEDPROFILEDEF(.AREA.,'Tile Red',#1548);
#1550=IFCCARTESIANPOINT((7078.4931710057372,8009.5885783022386,1650.0706954613888));
#1551=IFCAXIS2PLACEMENT3D(#1550,#1290,#34);
#1552=IFCEXTRUDEDAREASOLID(#1549,#1551,#34,8.0000000000003464);
#1553=IFCSTYLEDITEM(#1552,(#206),$);
#1554=IFCSHAPEREPRESENTATION(#15,'Body','SweptSolid',(#1552));
#1555=IFCAXIS2PLACEMENT3D(#10,$,$);
#1556=IFCREPRESENTATIONMAP(#1555,#1554);
#1557=IFCBUILDINGELEMENTPROXYTYPE('1zzk4Pvb51xAijoPDrx4Cu',#6,'Tile Red14:Tile Red',$,$,$,(#1556),'443671',$,.NOTDEFINED.);
#1558=IFCMAPPEDITEM(#1556,#217);
#1559=IFCSHAPEREPRESENTATION(#15,'Body','MappedRepresentation',(#1558));
#1560=IFCPRODUCTDEFINITIONSHAPE($,$,(#1559));
#1561=IFCAXIS2PLACEMENT3D(#10,$,$);
#1562=IFCLOCALPLACEMENT(#24,#1561);
#1563=IFCBUILDINGELEMENTPROXY('1zzk4Pvb51xAijoPDrx4Cs',#6,'Tile Red14:Tile Red:443673',$,$,#1562,#1560,'443673',$);
#1564=IFCPROPERTYSET('1ExVFFbthsKrciiwLFX6dJ',#6,'Pset_BuildingElementProxyCommon',$,(#840));
#1565=IFCPROPERTYSET('25KRDsNPgDHEBDTR41q54q',#6,'Pset_QuantityTakeOff',$,(#840));
#1566=IFCRELDEFINESBYPROPERTIES('2IoK9p$19zb9t_XfVkwt4z',#6,$,$,(#1563),#1564);
#1567=IFCRELDEFINESBYPROPERTIES('0EAqcvXdNNwafC2qoHy262',#6,$,$,(#1563),#1565);
#1568=IFCCARTESIANPOINT((-239.09583242634852,-25.));
#1569=IFCCARTESIANPOINT((211.6041675736443,-25.));
#1570=IFCCARTESIANPOINT((211.6041675736443,25.));
#1571=IFCCARTESIANPOINT((-184.11250272094011,25.));
#1572=IFCPOLYLINE((#1568,#1569,#1570,#1571,#1568));
#1573=IFCARBITRARYCLOSEDPROFILEDEF(.AREA.,'Tile Red',#1572);
#1574=IFCCARTESIANPOINT((7078.4931710057372,7833.2147343781035,1694.2100328393767));
#1575=IFCAXIS2PLACEMENT3D(#1574,#1290,#35);
#1576=IFCEXTRUDEDAREASOLID(#1573,#1575,#34,8.0000000000003428);
#1577=IFCCARTESIANPOINT((-211.60416757364646,-25.));
#1578=IFCCARTESIANPOINT((239.09583242635503,-25.));
#1579=IFCCARTESIANPOINT((184.11250272093793,25.));
#1580=IFCCARTESIANPOINT((-211.60416757364646,25.));
#1581=IFCPOLYLINE((#1577,#1578,#1579,#1580,#1577));
#1582=IFCARBITRARYCLOSEDPROFILEDEF(.AREA.,'Tile Red',#1581);
#1583=IFCCARTESIANPOINT((7078.4931710057372,7408.0063992308123,1694.2100328393767));
#1584=IFCAXIS2PLACEMENT3D(#1583,#1290,#35);
#1585=IFCEXTRUDEDAREASOLID(#1582,#1584,#34,8.0000000000003428);
#1586=IFCSTYLEDITEM(#1576,(#823),$);
#1587=IFCSTYLEDITEM(#1585,(#823),$);
#1588=IFCSHAPEREPRESENTATION(#15,'Body','SweptSolid',(#1576,#1585));
#1589=IFCAXIS2PLACEMENT3D(#10,$,$);
#1590=IFCREPRESENTATIONMAP(#1589,#1588);
#1591=IFCBUILDINGELEMENTPROXYTYPE('1zzk4Pvb51xAijoPDrx4DH',#6,'Tile Red1:Tile Red',$,$,$,(#1590),'443774',$,.NOTDEFINED.);
#1592=IFCMAPPEDITEM(#1590,#217);
#1593=IFCSHAPEREPRESENTATION(#15,'Body','MappedRepresentation',(#1592));
#1594=IFCPRODUCTDEFINITIONSHAPE($,$,(#1593));
#1595=IFCAXIS2PLACEMENT3D(#10,$,$);
#1596=IFCLOCALPLACEMENT(#24,#1595);
#1597=IFCBUILDINGELEMENTPROXY('1zzk4Pvb51xAijoPDrx4El',#6,'Tile Red1:Tile Red:443776',$,$,#1596,#1594,'443776',$);
#1598=IFCPROPERTYSET('3YVKAQquvyS1$06tR2Rfrm',#6,'Pset_BuildingElementProxyCommon',$,(#840));
#1599=IFCPROPERTYSET('16Tb5AVwvZlOWhxrAebxSt',#6,'Pset_QuantityTakeOff',$,(#840));
#1600=IFCRELDEFINESBYPROPERTIES('0ftz2zrIL_gquZznPA98MD',#6,$,$,(#1597),#1598);
#1601=IFCRELDEFINESBYPROPERTIES('12su5vK0acrWHS7EfhPq$z',#6,$,$,(#1597),#1599);
#1602=IFCCARTESIANPOINT((0.,-5.4001247917767614E-013));
#1603=IFCAXIS2PLACEMENT2D(#1602,#193);
#1604=IFCRECTANGLEPROFILEDEF(.AREA.,'Tile Red',#1603,8.0000000000003464,89.999999999993619);
#1605=IFCCARTESIANPOINT((7133.4931710057399,7313.663117691849,0.));
#1606=IFCAXIS2PLACEMENT3D(#1605,#34,#35);
#1607=IFCEXTRUDEDAREASOLID(#1604,#1606,#34,297.53040551383447);
#1608=IFCSTYLEDITEM(#1607,(#823),$);
#1609=IFCSHAPEREPRESENTATION(#15,'Body','SweptSolid',(#1607));
#1610=IFCAXIS2PLACEMENT3D(#10,$,$);
#1611=IFCREPRESENTATIONMAP(#1610,#1609);
#1612=IFCBUILDINGELEMENTPROXYTYPE('3GUFSmSNL8GObqngIdQhm8',#6,'Tile Red17:Tile Red',$,$,$,(#1611),'450398',$,.NOTDEFINED.);
#1613=IFCMAPPEDITEM(#1611,#217);
#1614=IFCSHAPEREPRESENTATION(#15,'Body','MappedRepresentation',(#1613));
#1615=IFCPRODUCTDEFINITIONSHAPE($,$,(#1614));
#1616=IFCCARTESIANPOINT((0.,0.,13.010000000011498));
#1617=IFCAXIS2PLACEMENT3D(#1616,$,$);
#1618=IFCLOCALPLACEMENT(#24,#1617);
#1619=IFCBUILDINGELEMENTPROXY('3GUFSmSNL8GObqngIdQhms',#6,'Tile Red17:Tile Red:450400',$,$,#1618,#1615,'450400',$);
#1620=IFCPROPERTYSET('3ysOuwVzTrldGeoAiMgotb',#6,'Pset_BuildingElementProxyCommon',$,(#840));
#1621=IFCPROPERTYSET('1IJxxyAe9c8PzK7M5tyJ9B',#6,'Pset_QuantityTakeOff',$,(#840));
#1622=IFCRELDEFINESBYPROPERTIES('2LQcX9KUFHtxxpOEvbNnyf',#6,$,$,(#1619),#1620);
#1623=IFCRELDEFINESBYPROPERTIES('3G3mC4J1Bkcik_CbgpKqJC',#6,$,$,(#1619),#1621);
#1624=IFCCARTESIANPOINT((0.,5.4001247917767614E-013));
#1625=IFCAXIS2PLACEMENT2D(#1624,#193);
#1626=IFCRECTANGLEPROFILEDEF(.AREA.,'Tile Red',#1625,8.0000000000003464,89.999999999993619);
#1627=IFCCARTESIANPOINT((7133.4931710057399,7313.663117691849,299.51421356236921));
#1628=IFCAXIS2PLACEMENT3D(#1627,#34,#35);
#1629=IFCEXTRUDEDAREASOLID(#1626,#1628,#34,450.69999999999987);
#1630=IFCSTYLEDITEM(#1629,(#823),$);
#1631=IFCSHAPEREPRESENTATION(#15,'Body','SweptSolid',(#1629));
#1632=IFCAXIS2PLACEMENT3D(#10,$,$);
#1633=IFCREPRESENTATIONMAP(#1632,#1631);
#1634=IFCBUILDINGELEMENTPROXYTYPE('3GUFSmSNL8GObqngIdQhmw',#6,'Tile Red18:Tile Red',$,$,$,(#1633),'450412',$,.NOTDEFINED.);
#1635=IFCMAPPEDITEM(#1633,#217);
#1636=IFCSHAPEREPRESENTATION(#15,'Body','MappedRepresentation',(#1635));
#1637=IFCPRODUCTDEFINITIONSHAPE($,$,(#1636));
#1638=IFCCARTESIANPOINT((0.,0.,13.010000000011498));
#1639=IFCAXIS2PLACEMENT3D(#1638,$,$);
#1640=IFCLOCALPLACEMENT(#24,#1639);
#1641=IFCBUILDINGELEMENTPROXY('3GUFSmSNL8GObqngIdQhmu',#6,'Tile Red18:Tile Red:450414',$,$,#1640,#1637,'450414',$);
#1642=IFCPROPERTYSET('2B7fglwyj05t3OR_lqRTyr',#6,'Pset_BuildingElementProxyCommon',$,(#840));
#1643=IFCPROPERTYSET('14aye6iX6T37HR7BeHBgsk',#6,'Pset_QuantityTakeOff',$,(#840));
#1644=IFCRELDEFINESBYPROPERTIES('33qUwPKDydBsCoDsZyTeVN',#6,$,$,(#1641),#1642);
#1645=IFCRELDEFINESBYPROPERTIES('0IOhrNinlUuqQ6isOztQP3',#6,$,$,(#1641),#1643);
#1646=IFCCARTESIANPOINT((0.,-5.4001247917767614E-013));
#1647=IFCAXIS2PLACEMENT2D(#1646,#193);
#1648=IFCRECTANGLEPROFILEDEF(.AREA.,'Tile Red',#1647,8.0000000000003464,89.999999999993619);
#1649=IFCCARTESIANPOINT((7133.4931710057381,7313.663117691849,752.21421356236976));
#1650=IFCAXIS2PLACEMENT3D(#1649,#34,#35);
#1651=IFCEXTRUDEDAREASOLID(#1648,#1650,#34,450.69999999999999);
#1652=IFCSTYLEDITEM(#1651,(#823),$);
#1653=IFCSHAPEREPRESENTATION(#15,'Body','SweptSolid',(#1651));
#1654=IFCAXIS2PLACEMENT3D(#10,$,$);
#1655=IFCREPRESENTATIONMAP(#1654,#1653);
#1656=IFCBUILDINGELEMENTPROXYTYPE('3GUFSmSNL8GObqngIdQhmi',#6,'Tile Red19:Tile Red',$,$,$,(#1655),'450426',$,.NOTDEFINED.);
#1657=IFCMAPPEDITEM(#1655,#217);
#1658=IFCSHAPEREPRESENTATION(#15,'Body','MappedRepresentation',(#1657));
#1659=IFCPRODUCTDEFINITIONSHAPE($,$,(#1658));
#1660=IFCCARTESIANPOINT((0.,0.,13.010000000011498));
#1661=IFCAXIS2PLACEMENT3D(#1660,$,$);
#1662=IFCLOCALPLACEMENT(#24,#1661);
#1663=IFCBUILDINGELEMENTPROXY('3GUFSmSNL8GObqngIdQhmg',#6,'Tile Red19:Tile Red:450428',$,$,#1662,#1659,'450428',$);
#1664=IFCPROPERTYSET('1YE5$WdfLqsU6KR5RYdVyS',#6,'Pset_BuildingElementProxyCommon',$,(#840));
#1665=IFCPROPERTYSET('1oHzaDlKd0MNH2vahinqid',#6,'Pset_QuantityTakeOff',$,(#840));
#1666=IFCRELDEFINESBYPROPERTIES('1JH8tTmognBaNJ04x6ZGB4',#6,$,$,(#1663),#1664);
#1667=IFCRELDEFINESBYPROPERTIES('3XrGymnRyg4Nfx_8eQFzyX',#6,$,$,(#1663),#1665);
#1668=IFCCARTESIANPOINT((0.,-5.4001247917767614E-013));
#1669=IFCAXIS2PLACEMENT2D(#1668,#193);
#1670=IFCRECTANGLEPROFILEDEF(.AREA.,'Tile Red',#1669,8.0000000000003464,89.999999999993619);
#1671=IFCCARTESIANPOINT((7133.493171005739,7313.663117691849,1204.9142135623697));
#1672=IFCAXIS2PLACEMENT3D(#1671,#34,#35);
#1673=IFCEXTRUDEDAREASOLID(#1670,#1672,#34,449.28578643762665);
#1674=IFCSTYLEDITEM(#1673,(#823),$);
#1675=IFCSHAPEREPRESENTATION(#15,'Body','SweptSolid',(#1673));
#1676=IFCAXIS2PLACEMENT3D(#10,$,$);
#1677=IFCREPRESENTATIONMAP(#1676,#1675);
#1678=IFCBUILDINGELEMENTPROXYTYPE('3GUFSmSNL8GObqngIdQhpU',#6,'Tile Red20:Tile Red',$,$,$,(#1677),'450440',$,.NOTDEFINED.);
#1679=IFCMAPPEDITEM(#1677,#217);
#1680=IFCSHAPEREPRESENTATION(#15,'Body','MappedRepresentation',(#1679));
#1681=IFCPRODUCTDEFINITIONSHAPE($,$,(#1680));
#1682=IFCCARTESIANPOINT((0.,0.,13.010000000011498));
#1683=IFCAXIS2PLACEMENT3D(#1682,$,$);
#1684=IFCLOCALPLACEMENT(#24,#1683);
#1685=IFCBUILDINGELEMENTPROXY('3GUFSmSNL8GObqngIdQhpS',#6,'Tile Red20:Tile Red:450442',$,$,#1684,#1681,'450442',$);
#1686=IFCPROPERTYSET('32vh1I9nJIFuTq91BdPvqu',#6,'Pset_BuildingElementProxyCommon',$,(#840));
#1687=IFCPROPERTYSET('0bCQ8MKXiwtw8AFBF5RBtG',#6,'Pset_QuantityTakeOff',$,(#840));
#1688=IFCRELDEFINESBYPROPERTIES('3$jqYHMXXFwZXxicajit76',#6,$,$,(#1685),#1686);
#1689=IFCRELDEFINESBYPROPERTIES('3SeQzzhS4kbdSRnCvYA9sf',#6,$,$,(#1685),#1687);
#1690=IFCAXIS2PLACEMENT3D(#10,$,$);
#1691=IFCLOCALPLACEMENT(#24,#1690);
#1692=IFCCARTESIANPOINT((-735.43795193954691,-1248.7998004375697));
#1693=IFCCARTESIANPOINT((777.56204806045355,-1248.7998004375697));
#1694=IFCCARTESIANPOINT((777.56204806045355,-351.40003991249881));
#1695=IFCCARTESIANPOINT((-122.43795193951837,-351.40003991249881));
#1696=IFCCARTESIANPOINT((-122.43795193950103,-203.40003991250106));
#1697=IFCCARTESIANPOINT((350.56204806045963,-203.40003991250541));
#1698=IFCCARTESIANPOINT((350.56204806046071,567.19996008752514));
#1699=IFCCARTESIANPOINT((176.18975969767362,567.19996008752514));
#1700=IFCCARTESIANPOINT((176.18975969767362,669.19996008751821));
#1701=IFCCARTESIANPOINT((-446.43795193952809,669.19996008751718));
#1702=IFCCARTESIANPOINT((-446.43795193952809,567.19996008752628));
#1703=IFCCARTESIANPOINT((-735.43795193954463,567.19996008752628));
#1704=IFCPOLYLINE((#1692,#1693,#1694,#1695,#1696,#1697,#1698,#1699,#1700,#1701,#1702,#1703,#1692));
#1705=IFCARBITRARYCLOSEDPROFILEDEF(.AREA.,$,#1704);
#1706=IFCCARTESIANPOINT((6519.2932109182157,7758.4733579941749,0.));
#1707=IFCDIRECTION((0.,1.,0.));
#1708=IFCAXIS2PLACEMENT3D(#1706,#1525,#1707);
#1709=IFCEXTRUDEDAREASOLID(#1705,#1708,#34,40.);
#1710=IFCCOLOURRGB($,0.49803921568627452,0.49803921568627452,0.49803921568627452);
#1711=IFCSURFACESTYLERENDERING(#1710,0.,$,$,$,$,IFCNORMALISEDRATIOMEASURE(0.5),IFCSPECULAREXPONENT(64.),.NOTDEFINED.);
#1712=IFCSURFACESTYLE('Default Floor',.BOTH.,(#1711));
#1713=IFCPRESENTATIONSTYLEASSIGNMENT((#1712));
#1714=IFCSTYLEDITEM(#1709,(#1713),$);
#1715=IFCSHAPEREPRESENTATION(#15,'Body','SweptSolid',(#1709));
#1716=IFCPRODUCTDEFINITIONSHAPE($,$,(#1715));
#1717=IFCSLAB('3GUFSmSNL8GObqngIdQhoX',#6,'Piso:Contrapiso:450551',$,$,#1691,#1716,'450551',.FLOOR.);
#1718=IFCSLABTYPE('0M6hQCpNzAvBYgMRcSSaVq',#6,'Piso:Contrapiso',$,$,$,$,'421432',$,.FLOOR.);
#1719=IFCMATERIAL('Default Floor');
#1720=IFCPRESENTATIONSTYLEASSIGNMENT((#1712));
#1721=IFCSTYLEDITEM($,(#1720),$);
#1722=IFCSTYLEDREPRESENTATION(#13,'Style','Material',(#1721));
#1723=IFCMATERIALDEFINITIONREPRESENTATION($,$,(#1722),#1719);
#1724=IFCMATERIALLAYER(#1719,40.,$);
#1725=IFCMATERIALLAYERSET((#1724),'Piso:Contrapiso');
#1726=IFCMATERIALLAYERSETUSAGE(#1725,.AXIS3.,.POSITIVE.,0.);
#1727=IFCPROPERTYSINGLEVALUE('Reference',$,IFCIDENTIFIER('Contrapiso'),$);
#1728=IFCPROPERTYSET('3z1vJqK8Oy0GYe3YkaYxkM',#6,'Pset_QuantityTakeOff',$,(#1727));
#1729=IFCPROPERTYSINGLEVALUE('Reference',$,IFCLABEL('Contrapiso'),$);
#1730=IFCPROPERTYSET('3r9coWkmDT7MxOykLJAuj5',#6,'Pset_ReinforcementBarPitchOfSlab',$,(#1729));
#1731=IFCPROPERTYSINGLEVALUE('IsExternal',$,IFCBOOLEAN(.F.),$);
#1732=IFCPROPERTYSINGLEVALUE('PitchAngle',$,IFCPLANEANGLEMEASURE(0.),$);
#1733=IFCPROPERTYSET('2V8OJ10pjEi$ZZLoouNsEA',#6,'Pset_SlabCommon',$,(#71,#1727,#1731,#1732));
#1734=IFCRELDEFINESBYPROPERTIES('2bKanCAgX2ROUM1S_LZwbx',#6,$,$,(#1717),#1728);
#1735=IFCRELDEFINESBYPROPERTIES('1u9l$NCAPT8422cP4E5pK5',#6,$,$,(#1717),#1730);
#1736=IFCRELDEFINESBYPROPERTIES('2OPrdcXYD_6oNkm004V$jO',#6,$,$,(#1717),#1733);
#1737=IFCCARTESIANPOINT((-2.8421709430404007E-014,0.));
#1738=IFCAXIS2PLACEMENT2D(#1737,#193);
#1739=IFCRECTANGLEPROFILEDEF(.AREA.,'Tile 597x597 Gray',#1738,534.,587.80000000000007);
#1740=IFCCARTESIANPOINT((-267.,-293.90000000000839,-0.));
#1741=IFCAXIS2PLACEMENT3D(#1740,#34,#222);
#1742=IFCEXTRUDEDAREASOLID(#1739,#1741,#34,7.9999999999999973);
#1743=IFCCOLOURRGB($,0.59999999999999998,0.59999999999999998,0.59999999999999998);
#1744=IFCSURFACESTYLERENDERING(#1743,0.,$,$,$,$,IFCNORMALISEDRATIOMEASURE(0.5),IFCSPECULAREXPONENT(64.),.NOTDEFINED.);
#1745=IFCSURFACESTYLE('Tile Gray',.BOTH.,(#1744));
#1746=IFCPRESENTATIONSTYLEASSIGNMENT((#1745));
#1747=IFCSTYLEDITEM(#1742,(#1746),$);
#1748=IFCSHAPEREPRESENTATION(#15,'Body','SweptSolid',(#1742));
#1749=IFCAXIS2PLACEMENT3D(#10,$,$);
#1750=IFCREPRESENTATIONMAP(#1749,#1748);
#1751=IFCBUILDINGELEMENTPROXYTYPE('1kkNhPW5XF4BusAPV6zRh0',#6,'Tile:Tile 597x597 Gray',$,$,$,(#1750),'361596',$,.NOTDEFINED.);
#1752=IFCMATERIAL('Tile Gray');
#1753=IFCPRESENTATIONSTYLEASSIGNMENT((#1745));
#1754=IFCSTYLEDITEM($,(#1753),$);
#1755=IFCSTYLEDREPRESENTATION(#13,'Style','Material',(#1754));
#1756=IFCMATERIALDEFINITIONREPRESENTATION($,$,(#1755),#1752);
#1757=IFCMAPPEDITEM(#1750,#217);
#1758=IFCSHAPEREPRESENTATION(#15,'Body','MappedRepresentation',(#1757));
#1759=IFCPRODUCTDEFINITIONSHAPE($,$,(#1758));
#1760=IFCCARTESIANPOINT((7086.4931710057381,6722.6105668044693,592.81003283937241));
#1761=IFCAXIS2PLACEMENT3D(#1760,#222,#35);
#1762=IFCLOCALPLACEMENT(#24,#1761);
#1763=IFCBUILDINGELEMENTPROXY('2K3ZkqEXH14Pr_cbC5EWL$',#6,'Tile:Tile 597x597 Gray:457463',$,$,#1762,#1759,'457463',$);
#1764=IFCPROPERTYSINGLEVALUE('Reference',$,IFCIDENTIFIER('Tile 597x597 Gray'),$);
#1765=IFCPROPERTYSET('0IbVabwB2W$ToP8_M4A8Ja',#6,'Pset_BuildingElementProxyCommon',$,(#1764));
#1766=IFCPROPERTYSET('3aHP4CtEP93G1xzOqwTz36',#6,'Pset_QuantityTakeOff',$,(#1764));
#1767=IFCRELDEFINESBYPROPERTIES('291RhdbYHmtjPNK08wBSnw',#6,$,$,(#1763),#1765);
#1768=IFCRELDEFINESBYPROPERTIES('1EQhhH9kZziRLkM8NcGXqC',#6,$,$,(#1763),#1766);
#1769=IFCCARTESIANPOINT((7088.4931710057463,8103.663117691749,537.92948933292951));
#1770=IFCCARTESIANPOINT((7088.4931710057463,8520.6631176917508,537.92948933292951));
#1771=IFCCARTESIANPOINT((7086.4931710057408,8520.6631176917508,537.92948933292951));
#1772=IFCCARTESIANPOINT((7086.4931710057399,8103.663117691749,537.92948933292951));
#1773=IFCPOLYLOOP((#1769,#1770,#1771,#1772));
#1774=IFCFACEOUTERBOUND(#1773,.T.);
#1775=IFCFACE((#1774));
#1776=IFCCARTESIANPOINT((6316.8931710057459,8520.6631176917508,-40.));
#1777=IFCCARTESIANPOINT((7088.4931710057463,8520.6631176917508,-40.));
#1778=IFCCARTESIANPOINT((7088.4931710057463,8103.663117691749,-40.));
#1779=IFCCARTESIANPOINT((6316.8931710057459,8103.663117691749,-40.));
#1780=IFCPOLYLOOP((#1776,#1777,#1778,#1779));
#1781=IFCFACEOUTERBOUND(#1780,.T.);
#1782=IFCFACE((#1781));
#1783=IFCCARTESIANPOINT((6316.8931710057459,8103.663117691749,511.54995053583616));
#1784=IFCCARTESIANPOINT((6316.8931710057459,8122.5756153727016,491.605862072278));
#1785=IFCCARTESIANPOINT((6316.8931710057459,8520.6631176917508,491.60586207227948));
#1786=IFCPOLYLOOP((#1776,#1779,#1783,#1784,#1785));
#1787=IFCFACEOUTERBOUND(#1786,.T.);
#1788=IFCFACE((#1787));
#1789=IFCCARTESIANPOINT((7086.4931710057399,8103.663117691749,511.54995053583485));
#1790=IFCPOLYLOOP((#1779,#1778,#1769,#1772,#1789,#1783));
#1791=IFCFACEOUTERBOUND(#1790,.T.);
#1792=IFCFACE((#1791));
#1793=IFCPOLYLOOP((#1770,#1769,#1778,#1777));
#1794=IFCFACEOUTERBOUND(#1793,.T.);
#1795=IFCFACE((#1794));
#1796=IFCCARTESIANPOINT((7086.4931710057408,8520.6631176917508,491.60586207227948));
#1797=IFCPOLYLOOP((#1777,#1776,#1785,#1796,#1771,#1770));
#1798=IFCFACEOUTERBOUND(#1797,.T.);
#1799=IFCFACE((#1798));
#1800=IFCCARTESIANPOINT((7086.4931710057399,8122.5756153726998,491.605862072278));
#1801=IFCPOLYLOOP((#1796,#1800,#1789,#1772,#1771));
#1802=IFCFACEOUTERBOUND(#1801,.T.);
#1803=IFCFACE((#1802));
#1804=IFCPOLYLOOP((#1800,#1796,#1785,#1784));
#1805=IFCFACEOUTERBOUND(#1804,.T.);
#1806=IFCFACE((#1805));
#1807=IFCPOLYLOOP((#1800,#1784,#1783,#1789));
#1808=IFCFACEOUTERBOUND(#1807,.T.);
#1809=IFCFACE((#1808));
#1810=IFCCARTESIANPOINT((6168.8931710057459,8536.0354060546288,907.70999999999697));
#1811=IFCCARTESIANPOINT((6168.8931710057459,7633.663117691849,907.70999999999697));
#1812=IFCCARTESIANPOINT((6316.8931710057459,7633.663117691849,907.70999999999697));
#1813=IFCCARTESIANPOINT((6316.8931710057459,8536.0354060546288,907.70999999999697));
#1814=IFCPOLYLOOP((#1810,#1811,#1812,#1813));
#1815=IFCFACEOUTERBOUND(#1814,.T.);
#1816=IFCFACE((#1815));
#1817=IFCCARTESIANPOINT((6168.8931710057459,8536.0354060546288,-40.));
#1818=IFCCARTESIANPOINT((6316.8931710057459,8536.0354060546288,-40.));
#1819=IFCCARTESIANPOINT((6316.8931710057459,7633.663117691849,-40.));
#1820=IFCCARTESIANPOINT((6168.8931710057459,7633.663117691849,-40.));
#1821=IFCPOLYLOOP((#1817,#1818,#1819,#1820));
#1822=IFCFACEOUTERBOUND(#1821,.T.);
#1823=IFCFACE((#1822));
#1824=IFCPOLYLOOP((#1811,#1810,#1817,#1820));
#1825=IFCFACEOUTERBOUND(#1824,.T.);
#1826=IFCFACE((#1825));
#1827=IFCPOLYLOOP((#1812,#1811,#1820,#1819));
#1828=IFCFACEOUTERBOUND(#1827,.T.);
#1829=IFCFACE((#1828));
#1830=IFCPOLYLOOP((#1813,#1812,#1819,#1818));
#1831=IFCFACEOUTERBOUND(#1830,.T.);
#1832=IFCFACE((#1831));
#1833=IFCPOLYLOOP((#1810,#1813,#1818,#1817));
#1834=IFCFACEOUTERBOUND(#1833,.T.);
#1835=IFCFACE((#1834));
#1836=IFCCLOSEDSHELL((#1775,#1782,#1788,#1792,#1795,#1799,#1803,#1806,#1809));
#1837=IFCFACETEDBREP(#1836);
#1838=IFCCLOSEDSHELL((#1816,#1823,#1826,#1829,#1832,#1835));
#1839=IFCFACETEDBREP(#1838);
#1840=IFCSHAPEREPRESENTATION(#15,'Body','Brep',(#1837,#1839));
#1841=IFCAXIS2PLACEMENT3D(#10,$,$);
#1842=IFCREPRESENTATIONMAP(#1841,#1840);
#1843=IFCBUILDINGELEMENTPROXYTYPE('2K3ZkqEXH14Pr_abC5EWCG',#6,'Tanque:Tanque',$,$,$,(#1842),'457878',$,.NOTDEFINED.);
#1844=IFCMATERIAL('<Unnamed>');
#1845=IFCMAPPEDITEM(#1842,#217);
#1846=IFCSHAPEREPRESENTATION(#15,'Body','MappedRepresentation',(#1845));
#1847=IFCPRODUCTDEFINITIONSHAPE($,$,(#1846));
#1848=IFCAXIS2PLACEMENT3D(#10,$,$);
#1849=IFCLOCALPLACEMENT(#24,#1848);
#1850=IFCBUILDINGELEMENTPROXY('2K3ZkqEXH14Pr_cbC5EWCG',#6,'Tanque:Tanque:457880',$,$,#1849,#1847,'457880',$);
#1851=IFCPROPERTYSINGLEVALUE('Reference',$,IFCIDENTIFIER('Tanque'),$);
#1852=IFCPROPERTYSET('0Q9f3ySGuL660NICneGnqF',#6,'Pset_BuildingElementProxyCommon',$,(#1851));
#1853=IFCPROPERTYSET('0ZXAxTdSN4ZYbQ1GQVCOS6',#6,'Pset_QuantityTakeOff',$,(#1851));
#1854=IFCRELDEFINESBYPROPERTIES('2zcorNJ16sJMwiFAlKuN1e',#6,$,$,(#1850),#1852);
#1855=IFCRELDEFINESBYPROPERTIES('2PsaaDZ9C_CbsGk7VCBmiJ',#6,$,$,(#1850),#1853);
#1856=IFCCARTESIANPOINT((0.,-2.8421709430404007E-014));
#1857=IFCAXIS2PLACEMENT2D(#1856,#193);
#1858=IFCRECTANGLEPROFILEDEF(.AREA.,'Tile 450,700 x 300,500 x 95 Yellow',#1857,152.00000000000003,450.69999999999999);
#1859=IFCCARTESIANPOINT((-76.,-225.35000000000846,-0.));
#1860=IFCAXIS2PLACEMENT3D(#1859,#34,#222);
#1861=IFCEXTRUDEDAREASOLID(#1858,#1860,#34,7.9999999999999973);
#1862=IFCCOLOURRGB($,1.,1.,0.);
#1863=IFCSURFACESTYLERENDERING(#1862,0.,$,$,$,$,IFCNORMALISEDRATIOMEASURE(0.5),IFCSPECULAREXPONENT(64.),.NOTDEFINED.);
#1864=IFCSURFACESTYLE('Tile Yellow',.BOTH.,(#1863));
#1865=IFCPRESENTATIONSTYLEASSIGNMENT((#1864));
#1866=IFCSTYLEDITEM(#1861,(#1865),$);
#1867=IFCSHAPEREPRESENTATION(#15,'Body','SweptSolid',(#1861));
#1868=IFCAXIS2PLACEMENT3D(#10,$,$);
#1869=IFCREPRESENTATIONMAP(#1868,#1867);
#1870=IFCBUILDINGELEMENTPROXYTYPE('05wfFLeuPBEv3bvVNYYrGX',#6,'Tile:Tile 450,700 x 300,500 x 95 Yellow',$,$,$,(#1869),'475685',$,.NOTDEFINED.);
#1871=IFCMATERIAL('Tile Yellow');
#1872=IFCPRESENTATIONSTYLEASSIGNMENT((#1864));
#1873=IFCSTYLEDITEM($,(#1872),$);
#1874=IFCSTYLEDREPRESENTATION(#13,'Style','Material',(#1873));
#1875=IFCMATERIALDEFINITIONREPRESENTATION($,$,(#1874),#1871);
#1876=IFCMAPPEDITEM(#1869,#217);
#1877=IFCSHAPEREPRESENTATION(#15,'Body','MappedRepresentation',(#1876));
#1878=IFCPRODUCTDEFINITIONSHAPE($,$,(#1877));
#1879=IFCCARTESIANPOINT((6166.8931710057495,7631.6631176918499,13.009999999990209));
#1880=IFCAXIS2PLACEMENT3D(#1879,#35,#222);
#1881=IFCLOCALPLACEMENT(#24,#1880);
#1882=IFCBUILDINGELEMENTPROXY('0ZqRNsBqv5aPUTYwZjIb$u',#6,'Tile:Tile 450,700 x 300,500 x 95 Yellow:462178',$,$,#1881,#1878,'462178',$);
#1883=IFCPROPERTYSINGLEVALUE('Reference',$,IFCIDENTIFIER('Tile 450,700 x 300,500 x 95 Yellow'),$);
#1884=IFCPROPERTYSET('0QNXbJshrA4ayK7PBhIS7S',#6,'Pset_BuildingElementProxyCommon',$,(#1883));
#1885=IFCPROPERTYSET('0yOkf19z2V4jOIg4fLH$ZC',#6,'Pset_QuantityTakeOff',$,(#1883));
#1886=IFCRELDEFINESBYPROPERTIES('13pKFmbTrAw82xP$phXK_y',#6,$,$,(#1882),#1884);
#1887=IFCRELDEFINESBYPROPERTIES('146BvFOwrbiGCvaDLugs3z',#6,$,$,(#1882),#1885);
#1888=IFCMAPPEDITEM(#1869,#217);
#1889=IFCSHAPEREPRESENTATION(#15,'Body','MappedRepresentation',(#1888));
#1890=IFCPRODUCTDEFINITIONSHAPE($,$,(#1889));
#1891=IFCCARTESIANPOINT((6166.8931710057532,7631.6631176918499,465.00999999998692));
#1892=IFCAXIS2PLACEMENT3D(#1891,#35,#222);
#1893=IFCLOCALPLACEMENT(#24,#1892);
#1894=IFCBUILDINGELEMENTPROXY('0ZqRNsBqv5aPUTYwZjIbp6',#6,'Tile:Tile 450,700 x 300,500 x 95 Yellow:462428',$,$,#1893,#1890,'462428',$);
#1895=IFCPROPERTYSET('2YNEiw9c50v5O7ytCuwWkD',#6,'Pset_BuildingElementProxyCommon',$,(#1883));
#1896=IFCPROPERTYSET('1GoIGs1kT4DWj$5unEKEDO',#6,'Pset_QuantityTakeOff',$,(#1883));
#1897=IFCRELDEFINESBYPROPERTIES('0$2$2hbBUfd$oBsgCMNnWn',#6,$,$,(#1894),#1895);
#1898=IFCRELDEFINESBYPROPERTIES('3tadI$FWtkGs4ghwKLb75e',#6,$,$,(#1894),#1896);
#1899=IFCCARTESIANPOINT((0.,0.));
#1900=IFCAXIS2PLACEMENT2D(#1899,#193);
#1901=IFCRECTANGLEPROFILEDEF(.AREA.,'Tile 450,700 x 300,500 x 95 Red',#1900,450.69999999999999,288.50000000000006);
#1902=IFCCARTESIANPOINT((-144.24999999999375,225.35000000000844,-0.));
#1903=IFCAXIS2PLACEMENT3D(#1902,#34,#1707);
#1904=IFCEXTRUDEDAREASOLID(#1901,#1903,#34,6.9999999999999973);
#1905=IFCSTYLEDITEM(#1904,(#823),$);
#1906=IFCSHAPEREPRESENTATION(#15,'Body','SweptSolid',(#1904));
#1907=IFCAXIS2PLACEMENT3D(#10,$,$);
#1908=IFCREPRESENTATIONMAP(#1907,#1906);
#1909=IFCBUILDINGELEMENTPROXYTYPE('1O4vQJzvjC0Q7_VustB7M0',#6,'Tile:Tile 450,700 x 300,500 x 95 Red',$,$,$,(#1908),'427296',$,.NOTDEFINED.);
#1910=IFCMAPPEDITEM(#1908,#217);
#1911=IFCSHAPEREPRESENTATION(#15,'Body','MappedRepresentation',(#1910));
#1912=IFCPRODUCTDEFINITIONSHAPE($,$,(#1911));
#1913=IFCCARTESIANPOINT((6166.8931710057468,7632.663117691859,13.009999999990413));
#1914=IFCAXIS2PLACEMENT3D(#1913,#222,#35);
#1915=IFCLOCALPLACEMENT(#24,#1914);
#1916=IFCBUILDINGELEMENTPROXY('0ZqRNsBqv5aPUTYwZjIbr_',#6,'Tile:Tile 450,700 x 300,500 x 95 Red:462820',$,$,#1915,#1912,'462820',$);
#1917=IFCPROPERTYSINGLEVALUE('Reference',$,IFCIDENTIFIER('Tile 450,700 x 300,500 x 95 Red'),$);
#1918=IFCPROPERTYSET('2XWyXnM0lAX7b15AebEORy',#6,'Pset_BuildingElementProxyCommon',$,(#1917));
#1919=IFCPROPERTYSET('3tgbDTTJSqX7I3NAXs1a7e',#6,'Pset_QuantityTakeOff',$,(#1917));
#1920=IFCRELDEFINESBYPROPERTIES('2o7iA8rWyYrD4UxxxxyJT2',#6,$,$,(#1916),#1918);
#1921=IFCRELDEFINESBYPROPERTIES('0xkfHScmc1ijl$CCH872uG',#6,$,$,(#1916),#1919);
#1922=IFCMAPPEDITEM(#1908,#217);
#1923=IFCSHAPEREPRESENTATION(#15,'Body','MappedRepresentation',(#1922));
#1924=IFCPRODUCTDEFINITIONSHAPE($,$,(#1923));
#1925=IFCCARTESIANPOINT((6166.8931710057468,7632.6631176918572,465.00999999998743));
#1926=IFCAXIS2PLACEMENT3D(#1925,#222,#35);
#1927=IFCLOCALPLACEMENT(#24,#1926);
#1928=IFCBUILDINGELEMENTPROXY('0ZqRNsBqv5aPUTYwZjIa7Q',#6,'Tile:Tile 450,700 x 300,500 x 95 Red:463680',$,$,#1927,#1924,'463680',$);
#1929=IFCPROPERTYSET('3SyQb8Eo52gCF$jOsxzvlO',#6,'Pset_BuildingElementProxyCommon',$,(#1917));
#1930=IFCPROPERTYSET('0W4trlvZAb2RjJmb4aoPQo',#6,'Pset_QuantityTakeOff',$,(#1917));
#1931=IFCRELDEFINESBYPROPERTIES('28ztLviHQ4P4U$F7RL1B5w',#6,$,$,(#1928),#1929);
#1932=IFCRELDEFINESBYPROPERTIES('0w7LyHPAHfisSEKarjlXg8',#6,$,$,(#1928),#1930);
#1933=IFCCARTESIANPOINT((0.,1.4210854715202004E-014));
#1934=IFCAXIS2PLACEMENT2D(#1933,#193);
#1935=IFCRECTANGLEPROFILEDEF(.AREA.,'Tile 450,700 x 300,500 x 95 Red',#1934,300.5,450.69999999999993);
#1936=IFCCARTESIANPOINT((-150.24999999999375,225.35000000000844,-0.));
#1937=IFCAXIS2PLACEMENT3D(#1936,$,$);
#1938=IFCEXTRUDEDAREASOLID(#1935,#1937,#34,6.9999999999999973);
#1939=IFCSTYLEDITEM(#1938,(#823),$);
#1940=IFCSHAPEREPRESENTATION(#15,'Body','SweptSolid',(#1938));
#1941=IFCAXIS2PLACEMENT3D(#10,$,$);
#1942=IFCREPRESENTATIONMAP(#1941,#1940);
#1943=IFCBUILDINGELEMENTPROXYTYPE('1O4vQJzvjC0Q7_VustB7SX',#6,'Tile:Tile 450,700 x 300,500 x 95 Red',$,$,$,(#1942),'427296',$,.NOTDEFINED.);
#1944=IFCMAPPEDITEM(#1942,#217);
#1945=IFCSHAPEREPRESENTATION(#15,'Body','MappedRepresentation',(#1944));
#1946=IFCPRODUCTDEFINITIONSHAPE($,$,(#1945));
#1947=IFCCARTESIANPOINT((6166.8931710057468,7923.1631176918572,465.00999999998839));
#1948=IFCAXIS2PLACEMENT3D(#1947,#222,#35);
#1949=IFCLOCALPLACEMENT(#24,#1948);
#1950=IFCBUILDINGELEMENTPROXY('0ZqRNsBqv5aPUTYwZjIaPj',#6,'Tile:Tile 450,700 x 300,500 x 95 Red:464119',$,$,#1949,#1946,'464119',$);
#1951=IFCPROPERTYSET('1Htt1rBs4O8IC52w0FWr9$',#6,'Pset_BuildingElementProxyCommon',$,(#1917));
#1952=IFCPROPERTYSET('0vn1vaHRekzQJHexGG2sdB',#6,'Pset_QuantityTakeOff',$,(#1917));
#1953=IFCRELDEFINESBYPROPERTIES('1oXmojp0lgpK3SH8OQFClY',#6,$,$,(#1950),#1951);
#1954=IFCRELDEFINESBYPROPERTIES('32ztMNebOilEZFnFrH0hMb',#6,$,$,(#1950),#1952);
#1955=IFCCARTESIANPOINT((0.,1.4210854715202004E-014));
#1956=IFCAXIS2PLACEMENT2D(#1955,#193);
#1957=IFCRECTANGLEPROFILEDEF(.AREA.,'Tile 450 x 300,500 x 95 Red',#1956,300.5,450.);
#1958=IFCCARTESIANPOINT((-150.24999999999375,225.,-0.));
#1959=IFCAXIS2PLACEMENT3D(#1958,$,$);
#1960=IFCEXTRUDEDAREASOLID(#1957,#1959,#34,7.9999999999999973);
#1961=IFCSTYLEDITEM(#1960,(#823),$);
#1962=IFCSHAPEREPRESENTATION(#15,'Body','SweptSolid',(#1960));
#1963=IFCAXIS2PLACEMENT3D(#10,$,$);
#1964=IFCREPRESENTATIONMAP(#1963,#1962);
#1965=IFCBUILDINGELEMENTPROXYTYPE('1O4vQJzvjC0Q7_VustB7TQ',#6,'Tile:Tile 450 x 300,500 x 95 Red',$,$,$,(#1964),'464638',$,.NOTDEFINED.);
#1966=IFCMAPPEDITEM(#1964,#217);
#1967=IFCSHAPEREPRESENTATION(#15,'Body','MappedRepresentation',(#1966));
#1968=IFCPRODUCTDEFINITIONSHAPE($,$,(#1967));
#1969=IFCCARTESIANPOINT((6166.8931710057468,7923.163117691859,13.00999999999075));
#1970=IFCAXIS2PLACEMENT3D(#1969,#222,#35);
#1971=IFCLOCALPLACEMENT(#24,#1970);
#1972=IFCBUILDINGELEMENTPROXY('1O4vQJzvjC0Q7_VustB7KL',#6,'Tile:Tile 450 x 300,500 x 95 Red:464352',$,$,#1971,#1968,'464352',$);
#1973=IFCPROPERTYSINGLEVALUE('Reference',$,IFCIDENTIFIER('Tile 450 x 300,500 x 95 Red'),$);
#1974=IFCPROPERTYSET('1o053$RGYm_9pdBjm98Ctx',#6,'Pset_BuildingElementProxyCommon',$,(#1973));
#1975=IFCPROPERTYSET('3sY7IY6FIxttyf1Zai7v7$',#6,'Pset_QuantityTakeOff',$,(#1973));
#1976=IFCRELDEFINESBYPROPERTIES('3jiHMaGL6JgOwO50zpjo0$',#6,$,$,(#1972),#1974);
#1977=IFCRELDEFINESBYPROPERTIES('3hIcE11AaYgSsidHHLAm_4',#6,$,$,(#1972),#1975);
#1978=IFCCARTESIANPOINT((0.,0.));
#1979=IFCAXIS2PLACEMENT2D(#1978,#193);
#1980=IFCRECTANGLEPROFILEDEF(.AREA.,'Tile 450,700 x 300,500 x 95 Red',#1979,450.69999999999999,297.);
#1981=IFCCARTESIANPOINT((-148.49999999999375,225.35000000000844,-0.));
#1982=IFCAXIS2PLACEMENT3D(#1981,#34,#1707);
#1983=IFCEXTRUDEDAREASOLID(#1980,#1982,#34,6.9999999999999973);
#1984=IFCSTYLEDITEM(#1983,(#823),$);
#1985=IFCSHAPEREPRESENTATION(#15,'Body','SweptSolid',(#1983));
#1986=IFCAXIS2PLACEMENT3D(#10,$,$);
#1987=IFCREPRESENTATIONMAP(#1986,#1985);
#1988=IFCBUILDINGELEMENTPROXYTYPE('1O4vQJzvjC0Q7_VustB7Yq',#6,'Tile:Tile 450,700 x 300,500 x 95 Red',$,$,$,(#1987),'427296',$,.NOTDEFINED.);
#1989=IFCMAPPEDITEM(#1987,#217);
#1990=IFCSHAPEREPRESENTATION(#15,'Body','MappedRepresentation',(#1989));
#1991=IFCPRODUCTDEFINITIONSHAPE($,$,(#1990));
#1992=IFCCARTESIANPOINT((6166.8931710057468,8225.6631176918563,465.00999999998936));
#1993=IFCAXIS2PLACEMENT3D(#1992,#222,#35);
#1994=IFCLOCALPLACEMENT(#24,#1993);
#1995=IFCBUILDINGELEMENTPROXY('1O4vQJzvjC0Q7_VustB7Zw',#6,'Tile:Tile 450,700 x 300,500 x 95 Red:464911',$,$,#1994,#1991,'464911',$);
#1996=IFCPROPERTYSET('32pi2cO0uHdZTgsDVIpXoU',#6,'Pset_BuildingElementProxyCommon',$,(#1917));
#1997=IFCPROPERTYSET('1ElPliXErIVyg38YkOtYql',#6,'Pset_QuantityTakeOff',$,(#1917));
#1998=IFCRELDEFINESBYPROPERTIES('2ToaSA2x$uU5hW403miRnW',#6,$,$,(#1995),#1996);
#1999=IFCRELDEFINESBYPROPERTIES('0mDnAQVW$xqGMyksKuWXIQ',#6,$,$,(#1995),#1997);
#2000=IFCCARTESIANPOINT((0.,0.));
#2001=IFCAXIS2PLACEMENT2D(#2000,#193);
#2002=IFCRECTANGLEPROFILEDEF(.AREA.,'Tile 450 x 300,500 x 95 Red',#2001,450.,297.);
#2003=IFCCARTESIANPOINT((-148.49999999999375,225.,-0.));
#2004=IFCAXIS2PLACEMENT3D(#2003,#34,#1707);
#2005=IFCEXTRUDEDAREASOLID(#2002,#2004,#34,7.9999999999999973);
#2006=IFCSTYLEDITEM(#2005,(#823),$);
#2007=IFCSHAPEREPRESENTATION(#15,'Body','SweptSolid',(#2005));
#2008=IFCAXIS2PLACEMENT3D(#10,$,$);
#2009=IFCREPRESENTATIONMAP(#2008,#2007);
#2010=IFCBUILDINGELEMENTPROXYTYPE('1O4vQJzvjC0Q7_VustB7Xt',#6,'Tile:Tile 450 x 300,500 x 95 Red',$,$,$,(#2009),'464638',$,.NOTDEFINED.);
#2011=IFCMAPPEDITEM(#2009,#217);
#2012=IFCSHAPEREPRESENTATION(#15,'Body','MappedRepresentation',(#2011));
#2013=IFCPRODUCTDEFINITIONSHAPE($,$,(#2012));
#2014=IFCCARTESIANPOINT((6166.8931710057468,8225.6631176918581,13.009999999991699));
#2015=IFCAXIS2PLACEMENT3D(#2014,#222,#35);
#2016=IFCLOCALPLACEMENT(#24,#2015);
#2017=IFCBUILDINGELEMENTPROXY('1O4vQJzvjC0Q7_VustB7Zb',#6,'Tile:Tile 450 x 300,500 x 95 Red:464912',$,$,#2016,#2013,'464912',$);
#2018=IFCPROPERTYSET('3DsxydUsOCNyBKGFTXkZTL',#6,'Pset_BuildingElementProxyCommon',$,(#1973));
#2019=IFCPROPERTYSET('3y44uHhajhAJwjbL7M2W2O',#6,'Pset_QuantityTakeOff',$,(#1973));
#2020=IFCRELDEFINESBYPROPERTIES('1QQR7nKGHQ_F7DLjm4hiHY',#6,$,$,(#2017),#2018);
#2021=IFCRELDEFINESBYPROPERTIES('2VE0MZszif_sAQ$T73ja4a',#6,$,$,(#2017),#2019);
#2022=IFCCARTESIANPOINT((0.,0.));
#2023=IFCAXIS2PLACEMENT2D(#2022,#193);
#2024=IFCRECTANGLEPROFILEDEF(.AREA.,'Tile 450,700 x 300,500 x 95 Yellow',#2023,152.00000000000003,297.);
#2025=IFCCARTESIANPOINT((-76.,-148.50000000000844,-0.));
#2026=IFCAXIS2PLACEMENT3D(#2025,#34,#222);
#2027=IFCEXTRUDEDAREASOLID(#2024,#2026,#34,7.9999999999999973);
#2028=IFCSTYLEDITEM(#2027,(#1865),$);
#2029=IFCSHAPEREPRESENTATION(#15,'Body','SweptSolid',(#2027));
#2030=IFCAXIS2PLACEMENT3D(#10,$,$);
#2031=IFCREPRESENTATIONMAP(#2030,#2029);
#2032=IFCBUILDINGELEMENTPROXYTYPE('05wfFLeuPBEv3bvVNYYrHk',#6,'Tile:Tile 450,700 x 300,500 x 95 Yellow',$,$,$,(#2031),'475685',$,.NOTDEFINED.);
#2033=IFCMAPPEDITEM(#2031,#217);
#2034=IFCSHAPEREPRESENTATION(#15,'Body','MappedRepresentation',(#2033));
#2035=IFCPRODUCTDEFINITIONSHAPE($,$,(#2034));
#2036=IFCCARTESIANPOINT((6318.8931710057386,8522.6631176918472,907.70999999999697));
#2037=IFCAXIS2PLACEMENT3D(#2036,$,$);
#2038=IFCLOCALPLACEMENT(#24,#2037);
#2039=IFCBUILDINGELEMENTPROXY('1E63lbwxj4Vu80SSnmvaZb',#6,'Tile:Tile 450,700 x 300,500 x 95 Yellow:465312',$,$,#2038,#2035,'465312',$);
#2040=IFCPROPERTYSET('0OjtLWukZS4Z_PvPTMGPka',#6,'Pset_BuildingElementProxyCommon',$,(#1883));
#2041=IFCPROPERTYSET('3nyuihO0s$ArnSs_2SbXxT',#6,'Pset_QuantityTakeOff',$,(#1883));
#2042=IFCRELDEFINESBYPROPERTIES('3A_Z$PY5Kp_Xo7T1DcBo0d',#6,$,$,(#2039),#2040);
#2043=IFCRELDEFINESBYPROPERTIES('3MbS28_qtCKrEqQkLjY6B2',#6,$,$,(#2039),#2041);
#2044=IFCCARTESIANPOINT((0.,0.));
#2045=IFCAXIS2PLACEMENT2D(#2044,#193);
#2046=IFCRECTANGLEPROFILEDEF(.AREA.,'Tile 450,700 x 300,500 x 95 Yellow',#2045,152.00000000000003,300.49999999999994);
#2047=IFCCARTESIANPOINT((-76.,-150.25000000000844,-0.));
#2048=IFCAXIS2PLACEMENT3D(#2047,#34,#222);
#2049=IFCEXTRUDEDAREASOLID(#2046,#2048,#34,7.9999999999999973);
#2050=IFCSTYLEDITEM(#2049,(#1865),$);
#2051=IFCSHAPEREPRESENTATION(#15,'Body','SweptSolid',(#2049));
#2052=IFCAXIS2PLACEMENT3D(#10,$,$);
#2053=IFCREPRESENTATIONMAP(#2052,#2051);
#2054=IFCBUILDINGELEMENTPROXYTYPE('05wfFLeuPBEv3bvVNYYrHx',#6,'Tile:Tile 450,700 x 300,500 x 95 Yellow',$,$,$,(#2053),'475685',$,.NOTDEFINED.);
#2055=IFCMAPPEDITEM(#2053,#217);
#2056=IFCSHAPEREPRESENTATION(#15,'Body','MappedRepresentation',(#2055));
#2057=IFCPRODUCTDEFINITIONSHAPE($,$,(#2056));
#2058=IFCCARTESIANPOINT((6318.8931710057386,8223.663117691849,907.70999999999697));
#2059=IFCAXIS2PLACEMENT3D(#2058,$,$);
#2060=IFCLOCALPLACEMENT(#24,#2059);
#2061=IFCBUILDINGELEMENTPROXY('1E63lbwxj4Vu80SSnmvafi',#6,'Tile:Tile 450,700 x 300,500 x 95 Yellow:465705',$,$,#2060,#2057,'465705',$);
#2062=IFCPROPERTYSET('3BENXYUxpR6kflAnc69FgE',#6,'Pset_BuildingElementProxyCommon',$,(#1883));
#2063=IFCPROPERTYSET('0WYbyxcsP8QQwhl2vjmF9f',#6,'Pset_QuantityTakeOff',$,(#1883));
#2064=IFCRELDEFINESBYPROPERTIES('1IRd4RHx_F2pSXv7kHd9Fv',#6,$,$,(#2061),#2062);
#2065=IFCRELDEFINESBYPROPERTIES('0CtFQ60Z6BUujsnGY5qHNk',#6,$,$,(#2061),#2063);
#2066=IFCCARTESIANPOINT((0.,0.));
#2067=IFCAXIS2PLACEMENT2D(#2066,#193);
#2068=IFCRECTANGLEPROFILEDEF(.AREA.,'Tile 450,700 x 300,500 x 95 Yellow',#2067,152.00000000000003,288.5);
#2069=IFCCARTESIANPOINT((-76.,-144.25000000000844,-0.));
#2070=IFCAXIS2PLACEMENT3D(#2069,#34,#222);
#2071=IFCEXTRUDEDAREASOLID(#2068,#2070,#34,7.9999999999999973);
#2072=IFCSTYLEDITEM(#2071,(#1865),$);
#2073=IFCSHAPEREPRESENTATION(#15,'Body','SweptSolid',(#2071));
#2074=IFCAXIS2PLACEMENT3D(#10,$,$);
#2075=IFCREPRESENTATIONMAP(#2074,#2073);
#2076=IFCBUILDINGELEMENTPROXYTYPE('05wfFLeuPBEv3bvVNYYrH8',#6,'Tile:Tile 450,700 x 300,500 x 95 Yellow',$,$,$,(#2075),'475685',$,.NOTDEFINED.);
#2077=IFCMAPPEDITEM(#2075,#217);
#2078=IFCSHAPEREPRESENTATION(#15,'Body','MappedRepresentation',(#2077));
#2079=IFCPRODUCTDEFINITIONSHAPE($,$,(#2078));
#2080=IFCCARTESIANPOINT((6318.8931710057386,7921.1631176918499,907.70999999999697));
#2081=IFCAXIS2PLACEMENT3D(#2080,$,$);
#2082=IFCLOCALPLACEMENT(#24,#2081);
#2083=IFCBUILDINGELEMENTPROXY('1E63lbwxj4Vu80SSnmvahj',#6,'Tile:Tile 450,700 x 300,500 x 95 Yellow:465832',$,$,#2082,#2079,'465832',$);
#2084=IFCPROPERTYSET('3pkt3sP2O8IuJOJacnOnuE',#6,'Pset_BuildingElementProxyCommon',$,(#1883));
#2085=IFCPROPERTYSET('1RDF5m_NyUVLtbhnCv1A08',#6,'Pset_QuantityTakeOff',$,(#1883));
#2086=IFCRELDEFINESBYPROPERTIES('2Tc7Pciz_ycmBP2Iyn8IMD',#6,$,$,(#2083),#2084);
#2087=IFCRELDEFINESBYPROPERTIES('2c2I0hlvXOf3AHmDX5ChVO',#6,$,$,(#2083),#2085);
#2088=IFCCARTESIANPOINT((0.,0.));
#2089=IFCAXIS2PLACEMENT2D(#2088,#193);
#2090=IFCRECTANGLEPROFILEDEF(.AREA.,'Tile 450,700 x 300,500 x 95 Red',#2089,100.00000000000003,298.99999999999994);
#2091=IFCCARTESIANPOINT((-50.,-149.50000000000844,-0.));
#2092=IFCAXIS2PLACEMENT3D(#2091,#34,#222);
#2093=IFCEXTRUDEDAREASOLID(#2090,#2092,#34,6.9999999999999973);
#2094=IFCSTYLEDITEM(#2093,(#823),$);
#2095=IFCSHAPEREPRESENTATION(#15,'Body','SweptSolid',(#2093));
#2096=IFCAXIS2PLACEMENT3D(#10,$,$);
#2097=IFCREPRESENTATIONMAP(#2096,#2095);
#2098=IFCBUILDINGELEMENTPROXYTYPE('1E63lbwxj4Vu80SSnmvd5f',#6,'Tile:Tile 450,700 x 300,500 x 95 Red',$,$,$,(#2097),'427296',$,.NOTDEFINED.);
#2099=IFCMAPPEDITEM(#2097,#217);
#2100=IFCSHAPEREPRESENTATION(#15,'Body','MappedRepresentation',(#2099));
#2101=IFCPRODUCTDEFINITIONSHAPE($,$,(#2100));
#2102=IFCCARTESIANPOINT((7177.4931710057317,7920.66311769186,7.9985361410442142));
#2103=IFCAXIS2PLACEMENT3D(#2102,$,$);
#2104=IFCLOCALPLACEMENT(#24,#2103);
#2105=IFCBUILDINGELEMENTPROXY('1E63lbwxj4Vu80SSnmvayc',#6,'Tile:Tile 450,700 x 300,500 x 95 Red:466531',$,$,#2104,#2101,'466531',$);
#2106=IFCPROPERTYSET('2U7eJP$q6OxC03dqYGgUO4',#6,'Pset_BuildingElementProxyCommon',$,(#1917));
#2107=IFCPROPERTYSET('3FFzeARRreaByrez2an$xC',#6,'Pset_QuantityTakeOff',$,(#1917));
#2108=IFCRELDEFINESBYPROPERTIES('1aK1FlMorQR$JAf2Vn5unb',#6,$,$,(#2105),#2106);
#2109=IFCRELDEFINESBYPROPERTIES('246s1KNvGeOCiC1PTXO$Hj',#6,$,$,(#2105),#2107);
#2110=IFCCARTESIANPOINT((1.0658141036401503E-014,0.));
#2111=IFCAXIS2PLACEMENT2D(#2110,#193);
#2112=IFCRECTANGLEPROFILEDEF(.AREA.,'Tile 450,700 x 300,500 x 95 Red',#2111,100.00000000000003,300.99999999999989);
#2113=IFCCARTESIANPOINT((-50.,-150.50000000000844,-0.));
#2114=IFCAXIS2PLACEMENT3D(#2113,#34,#222);
#2115=IFCEXTRUDEDAREASOLID(#2112,#2114,#34,6.9999999999999973);
#2116=IFCSTYLEDITEM(#2115,(#823),$);
#2117=IFCSHAPEREPRESENTATION(#15,'Body','SweptSolid',(#2115));
#2118=IFCAXIS2PLACEMENT3D(#10,$,$);
#2119=IFCREPRESENTATIONMAP(#2118,#2117);
#2120=IFCBUILDINGELEMENTPROXYTYPE('1E63lbwxj4Vu80SSnmvd7F',#6,'Tile:Tile 450,700 x 300,500 x 95 Red',$,$,$,(#2119),'427296',$,.NOTDEFINED.);
#2121=IFCMAPPEDITEM(#2119,#217);
#2122=IFCSHAPEREPRESENTATION(#15,'Body','MappedRepresentation',(#2121));
#2123=IFCPRODUCTDEFINITIONSHAPE($,$,(#2122));
#2124=IFCCARTESIANPOINT((7177.493171005729,7619.6631176918545,7.9985361410442142));
#2125=IFCAXIS2PLACEMENT3D(#2124,$,$);
#2126=IFCLOCALPLACEMENT(#24,#2125);
#2127=IFCBUILDINGELEMENTPROXY('1E63lbwxj4Vu80SSnmvd4H',#6,'Tile:Tile 450,700 x 300,500 x 95 Red:467028',$,$,#2126,#2123,'467028',$);
#2128=IFCPROPERTYSET('1q5p4GceRyXGZBYv4dTG3T',#6,'Pset_BuildingElementProxyCommon',$,(#1917));
#2129=IFCPROPERTYSET('12QSfbbifYh0ubFSCumSu$',#6,'Pset_QuantityTakeOff',$,(#1917));
#2130=IFCRELDEFINESBYPROPERTIES('26hfdHMftvfVHE$YPTe2OS',#6,$,$,(#2127),#2128);
#2131=IFCRELDEFINESBYPROPERTIES('3Axa6yyncAIVoZ1r7ECT2w',#6,$,$,(#2127),#2129);
#2132=IFCCARTESIANPOINT((-2.8421709430404007E-014,-2.8421709430404007E-014));
#2133=IFCAXIS2PLACEMENT2D(#2132,#193);
#2134=IFCRECTANGLEPROFILEDEF(.AREA.,'Tile 450,700 x 300,500 x 95 Red',#2133,288.50000000000006,450.69999999999999);
#2135=IFCCARTESIANPOINT((-144.24999999999378,-225.35000000000846,-0.));
#2136=IFCAXIS2PLACEMENT3D(#2135,#34,#222);
#2137=IFCEXTRUDEDAREASOLID(#2134,#2136,#34,6.9999999999999973);
#2138=IFCSTYLEDITEM(#2137,(#823),$);
#2139=IFCSHAPEREPRESENTATION(#15,'Body','SweptSolid',(#2137));
#2140=IFCAXIS2PLACEMENT3D(#10,$,$);
#2141=IFCREPRESENTATIONMAP(#2140,#2139);
#2142=IFCBUILDINGELEMENTPROXYTYPE('2$VVOJLwT6pgz3fUFT5IAd',#6,'Tile:Tile 450,700 x 300,500 x 95 Red',$,$,$,(#2141),'427296',$,.NOTDEFINED.);
#2143=IFCMAPPEDITEM(#2141,#217);
#2144=IFCSHAPEREPRESENTATION(#15,'Body','MappedRepresentation',(#2143));
#2145=IFCPRODUCTDEFINITIONSHAPE($,$,(#2144));
#2146=IFCCARTESIANPOINT((6318.8931710057441,7632.6631176918572,465.00999999998743));
#2147=IFCAXIS2PLACEMENT3D(#2146,#1290,#35);
#2148=IFCLOCALPLACEMENT(#24,#2147);
#2149=IFCBUILDINGELEMENTPROXY('2$VVOJLwT6pgz3fUFT5IAh',#6,'Tile:Tile 450,700 x 300,500 x 95 Red:467911',$,$,#2148,#2145,'467911',$);
#2150=IFCPROPERTYSET('1BRBxHjrhhbC0daaxve35h',#6,'Pset_BuildingElementProxyCommon',$,(#1917));
#2151=IFCPROPERTYSET('3cdJ7EkDNRctVZ2w6Yn1aK',#6,'Pset_QuantityTakeOff',$,(#1917));
#2152=IFCRELDEFINESBYPROPERTIES('0zN01f71A4rvgwdpvVL73p',#6,$,$,(#2149),#2150);
#2153=IFCRELDEFINESBYPROPERTIES('3m$RAEbuhrQHzBffTc8ADj',#6,$,$,(#2149),#2151);
#2154=IFCCARTESIANPOINT((0.,0.));
#2155=IFCAXIS2PLACEMENT2D(#2154,#193);
#2156=IFCRECTANGLEPROFILEDEF(.AREA.,'Tile 450 x 300,500 x 95 Red',#2155,170.50000000000023,8.0000000000003464);
#2157=IFCCARTESIANPOINT((6322.8931710057423,8008.4131176918527,13.009999999999325));
#2158=IFCAXIS2PLACEMENT3D(#2157,#34,#1707);
#2159=IFCEXTRUDEDAREASOLID(#2156,#2158,#34,450.00000000000006);
#2160=IFCSTYLEDITEM(#2159,(#823),$);
#2161=IFCSHAPEREPRESENTATION(#15,'Body','SweptSolid',(#2159));
#2162=IFCAXIS2PLACEMENT3D(#10,$,$);
#2163=IFCREPRESENTATIONMAP(#2162,#2161);
#2164=IFCBUILDINGELEMENTPROXYTYPE('2$VVOJLwT6pgz3hUFT5IAb',#6,'Tile:Tile 450 x 300,500 x 95 Red',$,$,$,(#2163),'464638',$,.NOTDEFINED.);
#2165=IFCMAPPEDITEM(#2163,#217);
#2166=IFCSHAPEREPRESENTATION(#15,'Body','MappedRepresentation',(#2165));
#2167=IFCPRODUCTDEFINITIONSHAPE($,$,(#2166));
#2168=IFCAXIS2PLACEMENT3D(#10,$,$);
#2169=IFCLOCALPLACEMENT(#24,#2168);
#2170=IFCBUILDINGELEMENTPROXY('2$VVOJLwT6pgz3fUFT5IAb',#6,'Tile:Tile 450 x 300,500 x 95 Red:467913',$,$,#2169,#2167,'467913',$);
#2171=IFCPROPERTYSET('1DG099dMFYXWngRVkIUK9X',#6,'Pset_BuildingElementProxyCommon',$,(#1973));
#2172=IFCPROPERTYSET('0u1cbr0myHT1u_b36hYSGg',#6,'Pset_QuantityTakeOff',$,(#1973));
#2173=IFCRELDEFINESBYPROPERTIES('2oFu09P7S1ZR_rrc$k8KcZ',#6,$,$,(#2170),#2171);
#2174=IFCRELDEFINESBYPROPERTIES('2scIB0KLeDHdtZ5UPyBWDd',#6,$,$,(#2170),#2172);
#2175=IFCMAPPEDITEM(#2141,#217);
#2176=IFCSHAPEREPRESENTATION(#15,'Body','MappedRepresentation',(#2175));
#2177=IFCPRODUCTDEFINITIONSHAPE($,$,(#2176));
#2178=IFCCARTESIANPOINT((6318.8931710057441,7632.6631176918554,13.009999999990352));
#2179=IFCAXIS2PLACEMENT3D(#2178,#1290,#35);
#2180=IFCLOCALPLACEMENT(#24,#2179);
#2181=IFCBUILDINGELEMENTPROXY('2$VVOJLwT6pgz3fUFT5IK3',#6,'Tile:Tile 450,700 x 300,500 x 95 Red:468079',$,$,#2180,#2177,'468079',$);
#2182=IFCPROPERTYSET('393_szWnBrN1UtyZ73O82r',#6,'Pset_BuildingElementProxyCommon',$,(#1917));
#2183=IFCPROPERTYSET('2Z7hddIr09hyk3BhybsJjy',#6,'Pset_QuantityTakeOff',$,(#1917));
#2184=IFCRELDEFINESBYPROPERTIES('2aEh2xlMnI3kBYF$oXydAT',#6,$,$,(#2181),#2182);
#2185=IFCRELDEFINESBYPROPERTIES('18uM0xjeyfuhsBJojlie1t',#6,$,$,(#2181),#2183);
#2186=IFCCARTESIANPOINT((-182.70626617507781,-214.15208294679977));
#2187=IFCCARTESIANPOINT((-4.0370929624609246,-214.15208294679977));
#2188=IFCCARTESIANPOINT((109.85381612846939,-106.15208294684405));
#2189=IFCCARTESIANPOINT((129.79790459202917,-87.239585265893609));
#2190=IFCCARTESIANPOINT((129.79790459206629,310.84791705315558));
#2191=IFCCARTESIANPOINT((-182.70626617502688,310.84791705318594));
#2192=IFCPOLYLINE((#2186,#2187,#2188,#2189,#2190,#2191,#2186));
#2193=IFCARBITRARYCLOSEDPROFILEDEF(.AREA.,'sup taque',#2192);
#2194=IFCCARTESIANPOINT((6316.8931710057404,8209.8152006385826,621.40376666431564));
#2195=IFCAXIS2PLACEMENT3D(#2194,#1290,#1525);
#2196=IFCEXTRUDEDAREASOLID(#2193,#2195,#34,769.59999999999934);
#2197=IFCCOLOURRGB($,0.76078431372549016,0.76078431372549016,0.76078431372549016);
#2198=IFCSURFACESTYLERENDERING(#2197,0.,$,$,$,$,IFCNORMALISEDRATIOMEASURE(0.5),IFCSPECULAREXPONENT(64.),.NOTDEFINED.);
#2199=IFCSURFACESTYLE('Material Tanque',.BOTH.,(#2198));
#2200=IFCPRESENTATIONSTYLEASSIGNMENT((#2199));
#2201=IFCSTYLEDITEM(#2196,(#2200),$);
#2202=IFCSHAPEREPRESENTATION(#15,'Body','SweptSolid',(#2196));
#2203=IFCAXIS2PLACEMENT3D(#10,$,$);
#2204=IFCREPRESENTATIONMAP(#2203,#2202);
#2205=IFCBUILDINGELEMENTPROXYTYPE('2hwic2KHrBuPaq9qqriaPf',#6,'sup taque:sup taque',$,$,$,(#2204),'469100',$,.NOTDEFINED.);
#2206=IFCMATERIAL('Material Tanque');
#2207=IFCPRESENTATIONSTYLEASSIGNMENT((#2199));
#2208=IFCSTYLEDITEM($,(#2207),$);
#2209=IFCSTYLEDREPRESENTATION(#13,'Style','Material',(#2208));
#2210=IFCMATERIALDEFINITIONREPRESENTATION($,$,(#2209),#2206);
#2211=IFCMAPPEDITEM(#2204,#217);
#2212=IFCSHAPEREPRESENTATION(#15,'Body','MappedRepresentation',(#2211));
#2213=IFCPRODUCTDEFINITIONSHAPE($,$,(#2212));
#2214=IFCAXIS2PLACEMENT3D(#10,$,$);
#2215=IFCLOCALPLACEMENT(#24,#2214);
#2216=IFCBUILDINGELEMENTPROXY('2hwic2KHrBuPaq9qqriaPh',#6,'sup taque:sup taque:469102',$,$,#2215,#2213,'469102',$);
#2217=IFCPROPERTYSINGLEVALUE('Reference',$,IFCIDENTIFIER('sup taque'),$);
#2218=IFCPROPERTYSET('1Zy$0AnkNPeRpXUTRilMD4',#6,'Pset_BuildingElementProxyCommon',$,(#2217));
#2219=IFCPROPERTYSET('1M0Z6n5$bHUiT0OUv2oF4P',#6,'Pset_QuantityTakeOff',$,(#2217));
#2220=IFCRELDEFINESBYPROPERTIES('3KtYpmP0zR179G9N2DyOrP',#6,$,$,(#2216),#2218);
#2221=IFCRELDEFINESBYPROPERTIES('2$lXNTxvidhT9RoVvpLO2h',#6,$,$,(#2216),#2219);
#2222=IFCCARTESIANPOINT((-83.211999982111976,-3.5000000000083156));
#2223=IFCCARTESIANPOINT((76.574068947614279,-3.5000000000083324));
#2224=IFCCARTESIANPOINT((83.211999982119849,3.5000000000172409));
#2225=IFCCARTESIANPOINT((-76.5740689476238,3.4999999999979736));
#2226=IFCPOLYLINE((#2222,#2223,#2224,#2225,#2222));
#2227=IFCARBITRARYCLOSEDPROFILEDEF(.AREA.,'Gray Tile',#2226);
#2228=IFCCARTESIANPOINT((6704.6931710057506,8044.4602779639299,550.12770864967592));
#2229=IFCDIRECTION((-0.,-0.68809158300920947,0.72562385117351291));
#2230=IFCAXIS2PLACEMENT3D(#2228,#1290,#2229);
#2231=IFCEXTRUDEDAREASOLID(#2227,#2230,#34,371.79999999999012);
#2232=IFCSTYLEDITEM(#2231,(#1746),$);
#2233=IFCSHAPEREPRESENTATION(#15,'Body','SweptSolid',(#2231));
#2234=IFCAXIS2PLACEMENT3D(#10,$,$);
#2235=IFCREPRESENTATIONMAP(#2234,#2233);
#2236=IFCBUILDINGELEMENTPROXYTYPE('1prwuuYvTDYwb_qq8gB8IO',#6,'Gray Tile:Gray Tile',$,$,$,(#2235),'470079',$,.NOTDEFINED.);
#2237=IFCMAPPEDITEM(#2235,#217);
#2238=IFCSHAPEREPRESENTATION(#15,'Body','MappedRepresentation',(#2237));
#2239=IFCPRODUCTDEFINITIONSHAPE($,$,(#2238));
#2240=IFCCARTESIANPOINT((0.,0.,12.954615540028668));
#2241=IFCAXIS2PLACEMENT3D(#2240,$,$);
#2242=IFCLOCALPLACEMENT(#24,#2241);
#2243=IFCBUILDINGELEMENTPROXY('1prwuuYvTDYwb_qq8gB8Jc',#6,'Gray Tile:Gray Tile:470081',$,$,#2242,#2239,'470081',$);
#2244=IFCPROPERTYSINGLEVALUE('Reference',$,IFCIDENTIFIER('Gray Tile'),$);
#2245=IFCPROPERTYSET('0xiNIYMuQsiplkyfRr$r3B',#6,'Pset_BuildingElementProxyCommon',$,(#2244));
#2246=IFCPROPERTYSET('0vmc1VU6DSL$F3D7HM8R7g',#6,'Pset_QuantityTakeOff',$,(#2244));
#2247=IFCRELDEFINESBYPROPERTIES('3BMViaE08A6NiJH2sXdpLH',#6,$,$,(#2243),#2245);
#2248=IFCRELDEFINESBYPROPERTIES('1I4DObJG7ZpKeZhUWouFB6',#6,$,$,(#2243),#2246);
#2249=IFCCARTESIANPOINT((-83.250185950810106,-3.5000000000080536));
#2250=IFCCARTESIANPOINT((76.612254916313418,-3.5000000000080451));
#2251=IFCCARTESIANPOINT((83.250185950819585,3.5000000000184506));
#2252=IFCCARTESIANPOINT((-76.612254916321376,3.4999999999991664));
#2253=IFCPOLYLINE((#2249,#2250,#2251,#2252,#2249));
#2254=IFCARBITRARYCLOSEDPROFILEDEF(.AREA.,'Gray Tile',#2253);
#2255=IFCCARTESIANPOINT((6327.8931710057568,8039.2160343167843,555.65800195030488));
#2256=IFCDIRECTION((-0.,-0.68809158300920836,0.7256238511735138));
#2257=IFCAXIS2PLACEMENT3D(#2255,#1290,#2256);
#2258=IFCEXTRUDEDAREASOLID(#2254,#2257,#34,374.79999999999495);
#2259=IFCSTYLEDITEM(#2258,(#1746),$);
#2260=IFCSHAPEREPRESENTATION(#15,'Body','SweptSolid',(#2258));
#2261=IFCAXIS2PLACEMENT3D(#10,$,$);
#2262=IFCREPRESENTATIONMAP(#2261,#2260);
#2263=IFCBUILDINGELEMENTPROXYTYPE('1prwuuYvTDYwb_qq8gB8QK',#6,'Gray Tile1:Gray Tile',$,$,$,(#2262),'470579',$,.NOTDEFINED.);
#2264=IFCMAPPEDITEM(#2262,#217);
#2265=IFCSHAPEREPRESENTATION(#15,'Body','MappedRepresentation',(#2264));
#2266=IFCPRODUCTDEFINITIONSHAPE($,$,(#2265));
#2267=IFCCARTESIANPOINT((0.,5.2179682034965511,7.4520308890676059));
#2268=IFCAXIS2PLACEMENT3D(#2267,$,$);
#2269=IFCLOCALPLACEMENT(#24,#2268);
#2270=IFCBUILDINGELEMENTPROXY('1prwuuYvTDYwb_qq8gB8QI',#6,'Gray Tile1:Gray Tile:470581',$,$,#2269,#2266,'470581',$);
#2271=IFCPROPERTYSET('3fgHfOzaRMaArf4LP612si',#6,'Pset_BuildingElementProxyCommon',$,(#2244));
#2272=IFCPROPERTYSET('0lNmmHvquLC0IpeV4J7bqZ',#6,'Pset_QuantityTakeOff',$,(#2244));
#2273=IFCRELDEFINESBYPROPERTIES('1Sp4e7JCZp6d1iLuahhmmS',#6,$,$,(#2270),#2271);
#2274=IFCRELDEFINESBYPROPERTIES('2WdxPAMbZiNWtyrRYVWJIq',#6,$,$,(#2270),#2272);
#2275=IFCCARTESIANPOINT((-3.5000000000086442,-94.042893218807706));
#2276=IFCCARTESIANPOINT((3.4999999999832676,-94.042893218807706));
#2277=IFCCARTESIANPOINT((3.5000000000148703,90.542893218804295));
#2278=IFCCARTESIANPOINT((-3.4999999999938254,97.542893218810974));
#2279=IFCPOLYLINE((#2275,#2276,#2277,#2278,#2275));
#2280=IFCARBITRARYCLOSEDPROFILEDEF(.AREA.,'Gray Tile',#2279);
#2281=IFCCARTESIANPOINT((6704.6931710057506,7988.1105668044574,716.15292605818092));
#2282=IFCAXIS2PLACEMENT3D(#2281,#1290,#1707);
#2283=IFCEXTRUDEDAREASOLID(#2280,#2282,#34,373.7999999999908);
#2284=IFCSTYLEDITEM(#2283,(#1746),$);
#2285=IFCSHAPEREPRESENTATION(#15,'Body','SweptSolid',(#2283));
#2286=IFCAXIS2PLACEMENT3D(#10,$,$);
#2287=IFCREPRESENTATIONMAP(#2286,#2285);
#2288=IFCBUILDINGELEMENTPROXYTYPE('1prwuuYvTDYwb_qq8gB8P8',#6,'Gray Tile2:Gray Tile',$,$,$,(#2287),'470767',$,.NOTDEFINED.);
#2289=IFCMAPPEDITEM(#2287,#217);
#2290=IFCSHAPEREPRESENTATION(#15,'Body','MappedRepresentation',(#2289));
#2291=IFCPRODUCTDEFINITIONSHAPE($,$,(#2290));
#2292=IFCAXIS2PLACEMENT3D(#10,$,$);
#2293=IFCLOCALPLACEMENT(#24,#2292);
#2294=IFCBUILDINGELEMENTPROXY('1prwuuYvTDYwb_qq8gB8PM',#6,'Gray Tile2:Gray Tile:470769',$,$,#2293,#2291,'470769',$);
#2295=IFCPROPERTYSET('11n6FSc42cBb5V5kmgzK97',#6,'Pset_BuildingElementProxyCommon',$,(#2244));
#2296=IFCPROPERTYSET('3J3ajDGgvbLRqHGqcndmd7',#6,'Pset_QuantityTakeOff',$,(#2244));
#2297=IFCRELDEFINESBYPROPERTIES('11n6xCBPsaHb96QF37ZzR5',#6,$,$,(#2294),#2295);
#2298=IFCRELDEFINESBYPROPERTIES('0GDvT_IuYMHQ729zZkflz3',#6,$,$,(#2294),#2296);
#2299=IFCCARTESIANPOINT((-3.5000000000075611,-94.042893218807976));
#2300=IFCCARTESIANPOINT((3.4999999999843503,-94.042893218807976));
#2301=IFCCARTESIANPOINT((3.5000000000159535,90.542893218804579));
#2302=IFCCARTESIANPOINT((-3.4999999999927427,97.542893218811244));
#2303=IFCPOLYLINE((#2299,#2300,#2301,#2302,#2299));
#2304=IFCARBITRARYCLOSEDPROFILEDEF(.AREA.,'Gray Tile',#2303);
#2305=IFCCARTESIANPOINT((6328.6999312164417,7988.1105668044574,716.15292605818115));
#2306=IFCAXIS2PLACEMENT3D(#2305,#1290,#1707);
#2307=IFCEXTRUDEDAREASOLID(#2304,#2306,#34,373.9932397893096);
#2308=IFCSTYLEDITEM(#2307,(#1746),$);
#2309=IFCSHAPEREPRESENTATION(#15,'Body','SweptSolid',(#2307));
#2310=IFCAXIS2PLACEMENT3D(#10,$,$);
#2311=IFCREPRESENTATIONMAP(#2310,#2309);
#2312=IFCBUILDINGELEMENTPROXYTYPE('1prwuuYvTDYwb_qq8gB8TS',#6,'Gray Tile3:Gray Tile',$,$,$,(#2311),'471035',$,.NOTDEFINED.);
#2313=IFCMAPPEDITEM(#2311,#217);
#2314=IFCSHAPEREPRESENTATION(#15,'Body','MappedRepresentation',(#2313));
#2315=IFCPRODUCTDEFINITIONSHAPE($,$,(#2314));
#2316=IFCAXIS2PLACEMENT3D(#10,$,$);
#2317=IFCLOCALPLACEMENT(#24,#2316);
#2318=IFCBUILDINGELEMENTPROXY('1prwuuYvTDYwb_qq8gB8TQ',#6,'Gray Tile3:Gray Tile:471037',$,$,#2317,#2315,'471037',$);
#2319=IFCPROPERTYSET('3NKANnUKI__veuB3Mb3zB1',#6,'Pset_BuildingElementProxyCommon',$,(#2244));
#2320=IFCPROPERTYSET('1_t01$iBGhWbrNZn94eUcf',#6,'Pset_QuantityTakeOff',$,(#2244));
#2321=IFCRELDEFINESBYPROPERTIES('03RA5DYhTLBkapQw_EihbB',#6,$,$,(#2318),#2319);
#2322=IFCRELDEFINESBYPROPERTIES('1QiV9JKY_Oy7cRrVzEFNWT',#6,$,$,(#2318),#2320);
#2323=IFCCARTESIANPOINT((-265.54289321880321,-3.5000000000000266));
#2324=IFCCARTESIANPOINT((269.0428932187981,-3.5000000000000027));
#2325=IFCCARTESIANPOINT((262.04289321880833,3.5000000000000226));
#2326=IFCCARTESIANPOINT((-265.54289321880321,3.5000000000000062));
#2327=IFCPOLYLINE((#2323,#2324,#2325,#2326,#2323));
#2328=IFCARBITRARYCLOSEDPROFILEDEF(.AREA.,'Gray Tile',#2327);
#2329=IFCCARTESIANPOINT((6975.4931710057408,8255.1202244729466,798.60000000000844));
#2330=IFCAXIS2PLACEMENT3D(#2329,#1290,#35);
#2331=IFCEXTRUDEDAREASOLID(#2328,#2330,#34,100.00000000000651);
#2332=IFCSTYLEDITEM(#2331,(#1746),$);
#2333=IFCSHAPEREPRESENTATION(#15,'Body','SweptSolid',(#2331));
#2334=IFCAXIS2PLACEMENT3D(#10,$,$);
#2335=IFCREPRESENTATIONMAP(#2334,#2333);
#2336=IFCBUILDINGELEMENTPROXYTYPE('05wfFLeuPBEv3bvVNYYoAV',#6,'Gray Tile4:Gray Tile',$,$,$,(#2335),'472207',$,.NOTDEFINED.);
#2337=IFCMAPPEDITEM(#2335,#217);
#2338=IFCSHAPEREPRESENTATION(#15,'Body','MappedRepresentation',(#2337));
#2339=IFCPRODUCTDEFINITIONSHAPE($,$,(#2338));
#2340=IFCCARTESIANPOINT((0.,0.,13.010032839364651));
#2341=IFCAXIS2PLACEMENT3D(#2340,$,$);
#2342=IFCLOCALPLACEMENT(#24,#2341);
#2343=IFCBUILDINGELEMENTPROXY('05wfFLeuPBEv3bvVNYYoA1',#6,'Gray Tile4:Gray Tile:472209',$,$,#2342,#2339,'472209',$);
#2344=IFCPROPERTYSET('3JcBZ7SrOTFVOri$t8nlaF',#6,'Pset_BuildingElementProxyCommon',$,(#2244));
#2345=IFCPROPERTYSET('3_LVZmgPOK_Nn23j_6xXEF',#6,'Pset_QuantityTakeOff',$,(#2244));
#2346=IFCRELDEFINESBYPROPERTIES('3uznL7$boilVCLD7gt7YFt',#6,$,$,(#2343),#2344);
#2347=IFCRELDEFINESBYPROPERTIES('0CqYjQCRoZxKhTmdwpQhi8',#6,$,$,(#2343),#2345);
#2348=IFCCARTESIANPOINT((-265.54289321880321,-3.4999999999998663));
#2349=IFCCARTESIANPOINT((269.04289321879702,-3.4999999999998943));
#2350=IFCCARTESIANPOINT((262.04289321880833,3.4999999999994587));
#2351=IFCCARTESIANPOINT((-265.54289321880321,3.4999999999998961));
#2352=IFCPOLYLINE((#2348,#2349,#2350,#2351,#2348));
#2353=IFCARBITRARYCLOSEDPROFILEDEF(.AREA.,'Gray Tile',#2352);
#2354=IFCCARTESIANPOINT((6329.893171005715,8255.1202244729484,811.61003283937305));
#2355=IFCAXIS2PLACEMENT3D(#2354,#1290,#35);
#2356=IFCEXTRUDEDAREASOLID(#2353,#2355,#34,100.00000000000651);
#2357=IFCSTYLEDITEM(#2356,(#1746),$);
#2358=IFCSHAPEREPRESENTATION(#15,'Body','SweptSolid',(#2356));
#2359=IFCAXIS2PLACEMENT3D(#10,$,$);
#2360=IFCREPRESENTATIONMAP(#2359,#2358);
#2361=IFCBUILDINGELEMENTPROXYTYPE('05wfFLeuPBEv3bvVNYYo2d',#6,'Gray Tile5:Gray Tile',$,$,$,(#2360),'472759',$,.NOTDEFINED.);
#2362=IFCMAPPEDITEM(#2360,#217);
#2363=IFCSHAPEREPRESENTATION(#15,'Body','MappedRepresentation',(#2362));
#2364=IFCPRODUCTDEFINITIONSHAPE($,$,(#2363));
#2365=IFCAXIS2PLACEMENT3D(#10,$,$);
#2366=IFCLOCALPLACEMENT(#24,#2365);
#2367=IFCBUILDINGELEMENTPROXY('05wfFLeuPBEv3bvVNYYo2f',#6,'Gray Tile5:Gray Tile:472761',$,$,#2366,#2364,'472761',$);
#2368=IFCPROPERTYSET('2xxxb5EoYIp4GTpbE4m7J2',#6,'Pset_BuildingElementProxyCommon',$,(#2244));
#2369=IFCPROPERTYSET('2rWiRK$86BcAz_oN0IN2_o',#6,'Pset_QuantityTakeOff',$,(#2244));
#2370=IFCRELDEFINESBYPROPERTIES('1d8oOlwI698wLvw_s9aCST',#6,$,$,(#2367),#2368);
#2371=IFCRELDEFINESBYPROPERTIES('1gEm2V1BbrI89wF5$MW$ny',#6,$,$,(#2367),#2369);
#2372=IFCCARTESIANPOINT((-48.750000000001904,-3.4999999999999472));
#2373=IFCCARTESIANPOINT((52.249999999996795,-3.4999999999999458));
#2374=IFCCARTESIANPOINT((45.250000000007027,3.5000000000000777));
#2375=IFCCARTESIANPOINT((-48.750000000001918,3.5000000000000857));
#2376=IFCPOLYLINE((#2372,#2373,#2374,#2375,#2372));
#2377=IFCARBITRARYCLOSEDPROFILEDEF(.AREA.,'Gray Tile',#2376);
#2378=IFCCARTESIANPOINT((6431.8931710057395,8038.327331254146,798.60000000000878));
#2379=IFCAXIS2PLACEMENT3D(#2378,#1290,#35);
#2380=IFCEXTRUDEDAREASOLID(#2377,#2379,#34,541.60000000000139);
#2381=IFCSTYLEDITEM(#2380,(#1746),$);
#2382=IFCSHAPEREPRESENTATION(#15,'Body','SweptSolid',(#2380));
#2383=IFCAXIS2PLACEMENT3D(#10,$,$);
#2384=IFCREPRESENTATIONMAP(#2383,#2382);
#2385=IFCBUILDINGELEMENTPROXYTYPE('05wfFLeuPBEv3bvVNYYo6k',#6,'Gray Tile6:Gray Tile',$,$,$,(#2384),'473022',$,.NOTDEFINED.);
#2386=IFCMAPPEDITEM(#2384,#217);
#2387=IFCSHAPEREPRESENTATION(#15,'Body','MappedRepresentation',(#2386));
#2388=IFCPRODUCTDEFINITIONSHAPE($,$,(#2387));
#2389=IFCCARTESIANPOINT((0.,0.,13.010032839364651));
#2390=IFCAXIS2PLACEMENT3D(#2389,$,$);
#2391=IFCLOCALPLACEMENT(#24,#2390);
#2392=IFCBUILDINGELEMENTPROXY('05wfFLeuPBEv3bvVNYYo7G',#6,'Gray Tile6:Gray Tile:473024',$,$,#2391,#2388,'473024',$);
#2393=IFCPROPERTYSET('0Rt_QV6H0PtWzYsQwdCVdc',#6,'Pset_BuildingElementProxyCommon',$,(#2244));
#2394=IFCPROPERTYSET('3_ZkDyB8nfLFQCHceMh8ky',#6,'Pset_QuantityTakeOff',$,(#2244));
#2395=IFCRELDEFINESBYPROPERTIES('1ECgC3qxByORy7YFA6CX25',#6,$,$,(#2392),#2393);
#2396=IFCRELDEFINESBYPROPERTIES('07a0ukhcad81h3cV4_84m8',#6,$,$,(#2392),#2394);
#2397=IFCCARTESIANPOINT((-74.,-270.80011973748071));
#2398=IFCCARTESIANPOINT((74.,-270.80011973748071));
#2399=IFCCARTESIANPOINT((74.,270.80011973748179));
#2400=IFCCARTESIANPOINT((-74.,270.80011973748179));
#2401=IFCPOLYLINE((#2397,#2398,#2399,#2400,#2397));
#2402=IFCCARTESIANPOINT((-1.0004615657162503,0.26312476555267494));
#2403=IFCAXIS2PLACEMENT2D(#2402,#44);
#2404=IFCCIRCLE(#2403,19.000000000004345);
#2405=IFCTRIMMEDCURVE(#2404,(IFCPARAMETERVALUE(359.99999999999989)),(IFCPARAMETERVALUE(180.00000000000009)),.T.,.PARAMETER.);
#2406=IFCCOMPOSITECURVESEGMENT(.CONTINUOUS.,.F.,#2405);
#2407=IFCCARTESIANPOINT((-1.0004615657162503,0.26312476555267494));
#2408=IFCAXIS2PLACEMENT2D(#2407,#44);
#2409=IFCCIRCLE(#2408,19.000000000004345);
#2410=IFCTRIMMEDCURVE(#2409,(IFCPARAMETERVALUE(180.00000000000009)),(IFCPARAMETERVALUE(359.99999999999989)),.T.,.PARAMETER.);
#2411=IFCCOMPOSITECURVESEGMENT(.CONTINUOUS.,.F.,#2410);
#2412=IFCCOMPOSITECURVE((#2406,#2411),.F.);
#2413=IFCARBITRARYPROFILEDEFWITHVOIDS(.AREA.,'Gray Tile',#2401,(#2412));
#2414=IFCCARTESIANPOINT((6702.693290743222,8446.6631176917508,808.11003283937305));
#2415=IFCAXIS2PLACEMENT3D(#2414,#34,#1707);
#2416=IFCEXTRUDEDAREASOLID(#2413,#2415,#34,7.0000000000000329);
#2417=IFCSTYLEDITEM(#2416,(#1746),$);
#2418=IFCSHAPEREPRESENTATION(#15,'Body','SweptSolid',(#2416));
#2419=IFCAXIS2PLACEMENT3D(#10,$,$);
#2420=IFCREPRESENTATIONMAP(#2419,#2418);
#2421=IFCBUILDINGELEMENTPROXYTYPE('05wfFLeuPBEv3bvVNYYo_D',#6,'Gray Tile7:Gray Tile',$,$,$,(#2420),'473501',$,.NOTDEFINED.);
#2422=IFCMAPPEDITEM(#2420,#217);
#2423=IFCSHAPEREPRESENTATION(#15,'Body','MappedRepresentation',(#2422));
#2424=IFCPRODUCTDEFINITIONSHAPE($,$,(#2423));
#2425=IFCAXIS2PLACEMENT3D(#10,$,$);
#2426=IFCLOCALPLACEMENT(#24,#2425);
#2427=IFCBUILDINGELEMENTPROXY('05wfFLeuPBEv3bvVNYYo_F',#6,'Gray Tile7:Gray Tile:473503',$,$,#2426,#2424,'473503',$);
#2428=IFCPROPERTYSET('38OCnZQ_1NGxd4_IAjjg3m',#6,'Pset_BuildingElementProxyCommon',$,(#2244));
#2429=IFCPROPERTYSET('3ZuGzL_ybxsaFThMMhhiVD',#6,'Pset_QuantityTakeOff',$,(#2244));
#2430=IFCRELDEFINESBYPROPERTIES('1CvxSdYVjZsQjBIVqwTYgC',#6,$,$,(#2427),#2428);
#2431=IFCRELDEFINESBYPROPERTIES('03I0fx69t_AP6kyPsiOLj3',#6,$,$,(#2427),#2429);
#2432=IFCCARTESIANPOINT((-267.17746866008207,52.836180142535113));
#2433=IFCCARTESIANPOINT((232.66807895898313,-140.8823591801816));
#2434=IFCPOLYLINE((#2432,#2433));
#2435=IFCCOMPOSITECURVESEGMENT(.CONTINUOUS.,.T.,#2434);
#2436=IFCCARTESIANPOINT((232.66807895898313,-140.8823591801816));
#2437=IFCCARTESIANPOINT((39.964272761985484,35.209998895109571));
#2438=IFCPOLYLINE((#2436,#2437));
#2439=IFCCOMPOSITECURVESEGMENT(.CONTINUOUS.,.T.,#2438);
#2440=IFCCARTESIANPOINT((21.029367692864369,53.749669065398642));
#2441=IFCDIRECTION((-0.99940568882175285,-0.034471280108846258));
#2442=IFCAXIS2PLACEMENT2D(#2440,#2441);
#2443=IFCCIRCLE(#2442,26.499999999995342);
#2444=IFCTRIMMEDCURVE(#2443,(IFCPARAMETERVALUE(1.0177774980683264E-013)),(IFCPARAMETERVALUE(133.6288115156845)),.T.,.PARAMETER.);
#2445=IFCCOMPOSITECURVESEGMENT(.CONTINUOUS.,.F.,#2444);
#2446=IFCCARTESIANPOINT((-5.4548830608872088,52.836180142535227));
#2447=IFCCARTESIANPOINT((-267.17746866008207,52.836180142535113));
#2448=IFCPOLYLINE((#2446,#2447));
#2449=IFCCOMPOSITECURVESEGMENT(.CONTINUOUS.,.T.,#2448);
#2450=IFCCOMPOSITECURVE((#2435,#2439,#2445,#2449),.F.);
#2451=IFCARBITRARYCLOSEDPROFILEDEF(.AREA.,'Gray Tile',#2450);
#2452=IFCCARTESIANPOINT((6702.8767519905396,8323.3796698761362,808.11003283937328));
#2453=IFCDIRECTION((0.93242362170359316,-0.36136711207462496,-0.));
#2454=IFCAXIS2PLACEMENT3D(#2452,#1525,#2453);
#2455=IFCEXTRUDEDAREASOLID(#2451,#2454,#1525,6.999999999999762);
#2456=IFCSTYLEDITEM(#2455,(#1746),$);
#2457=IFCSHAPEREPRESENTATION(#15,'Body','SweptSolid',(#2455));
#2458=IFCAXIS2PLACEMENT3D(#10,$,$);
#2459=IFCREPRESENTATIONMAP(#2458,#2457);
#2460=IFCBUILDINGELEMENTPROXYTYPE('05wfFLeuPBEv3bvVNYYoqe',#6,'Gray Tile8:Gray Tile',$,$,$,(#2459),'473912',$,.NOTDEFINED.);
#2461=IFCMAPPEDITEM(#2459,#217);
#2462=IFCSHAPEREPRESENTATION(#15,'Body','MappedRepresentation',(#2461));
#2463=IFCPRODUCTDEFINITIONSHAPE($,$,(#2462));
#2464=IFCAXIS2PLACEMENT3D(#10,$,$);
#2465=IFCLOCALPLACEMENT(#24,#2464);
#2466=IFCBUILDINGELEMENTPROXY('05wfFLeuPBEv3bvVNYYoqg',#6,'Gray Tile8:Gray Tile:473914',$,$,#2465,#2463,'473914',$);
#2467=IFCPROPERTYSET('1t5hJU$0cLRiDb0uyMXqEx',#6,'Pset_BuildingElementProxyCommon',$,(#2244));
#2468=IFCPROPERTYSET('3sgl_ejwwYg8CTJHrMo344',#6,'Pset_QuantityTakeOff',$,(#2244));
#2469=IFCRELDEFINESBYPROPERTIES('014KBeJeIWOlt1GP2bZf3Z',#6,$,$,(#2466),#2467);
#2470=IFCRELDEFINESBYPROPERTIES('0SI9U7$hbH6x_IWI1od8Yi',#6,$,$,(#2466),#2468);
#2471=IFCCARTESIANPOINT((-29.585736257109048,-78.771254135993004));
#2472=IFCCARTESIANPOINT((265.94875931923769,-90.192141200180487));
#2473=IFCPOLYLINE((#2471,#2472));
#2474=IFCCOMPOSITECURVESEGMENT(.CONTINUOUS.,.T.,#2473);
#2475=IFCCARTESIANPOINT((265.94875931923769,-90.192141200180487));
#2476=IFCCARTESIANPOINT((-171.67525985180683,222.67255258058316));
#2477=IFCPOLYLINE((#2475,#2476));
#2478=IFCCOMPOSITECURVESEGMENT(.CONTINUOUS.,.T.,#2477);
#2479=IFCCARTESIANPOINT((-171.67525985180683,222.67255258058316));
#2480=IFCCARTESIANPOINT((-64.687763210321833,-53.709157244409639));
#2481=IFCPOLYLINE((#2479,#2480));
#2482=IFCCOMPOSITECURVESEGMENT(.CONTINUOUS.,.T.,#2481);
#2483=IFCCARTESIANPOINT((-56.083650456006261,-78.771254135994013));
#2484=IFCAXIS2PLACEMENT2D(#2483,#193);
#2485=IFCCIRCLE(#2484,26.49791419889646);
#2486=IFCTRIMMEDCURVE(#2485,(IFCPARAMETERVALUE(6.6155537374441214E-013)),(IFCPARAMETERVALUE(108.9479492832028)),.T.,.PARAMETER.);
#2487=IFCCOMPOSITECURVESEGMENT(.CONTINUOUS.,.F.,#2486);
#2488=IFCCOMPOSITECURVE((#2474,#2478,#2482,#2487),.F.);
#2489=IFCARBITRARYCLOSEDPROFILEDEF(.AREA.,'Gray Tile',#2488);
#2490=IFCCARTESIANPOINT((6702.8735628584873,8168.9626019970947,808.11003283937328));
#2491=IFCDIRECTION((0.81349064547092409,-0.58157799969677282,0.));
#2492=IFCAXIS2PLACEMENT3D(#2490,#1525,#2491);
#2493=IFCEXTRUDEDAREASOLID(#2489,#2492,#1525,7.0000000000000284);
#2494=IFCSTYLEDITEM(#2493,(#1746),$);
#2495=IFCSHAPEREPRESENTATION(#15,'Body','SweptSolid',(#2493));
#2496=IFCAXIS2PLACEMENT3D(#10,$,$);
#2497=IFCREPRESENTATIONMAP(#2496,#2495);
#2498=IFCBUILDINGELEMENTPROXYTYPE('05wfFLeuPBEv3bvVNYYosl',#6,'Gray Tile9:Gray Tile',$,$,$,(#2497),'474047',$,.NOTDEFINED.);
#2499=IFCMAPPEDITEM(#2497,#217);
#2500=IFCSHAPEREPRESENTATION(#15,'Body','MappedRepresentation',(#2499));
#2501=IFCPRODUCTDEFINITIONSHAPE($,$,(#2500));
#2502=IFCAXIS2PLACEMENT3D(#10,$,$);
#2503=IFCLOCALPLACEMENT(#24,#2502);
#2504=IFCBUILDINGELEMENTPROXY('05wfFLeuPBEv3bvVNYYotH',#6,'Gray Tile9:Gray Tile:474049',$,$,#2503,#2501,'474049',$);
#2505=IFCPROPERTYSET('3p4VxGb7_IHZ10g6YGer3a',#6,'Pset_BuildingElementProxyCommon',$,(#2244));
#2506=IFCPROPERTYSET('2P7_exoH6FPpatT8W0uEfJ',#6,'Pset_QuantityTakeOff',$,(#2244));
#2507=IFCRELDEFINESBYPROPERTIES('2yR0SHBecQ9nuRLpBSPKIx',#6,$,$,(#2504),#2505);
#2508=IFCRELDEFINESBYPROPERTIES('1SZT4L25P8J3JwELeGR9Zh',#6,$,$,(#2504),#2506);
#2509=IFCCARTESIANPOINT((-123.43716267535918,-123.64939549261354));
#2510=IFCCARTESIANPOINT((157.29431030978586,-123.64939549261331));
#2511=IFCPOLYLINE((#2509,#2510));
#2512=IFCCOMPOSITECURVESEGMENT(.CONTINUOUS.,.T.,#2511);
#2513=IFCCARTESIANPOINT((157.29431030978586,-123.64939549261331));
#2514=IFCCARTESIANPOINT((-5.7763257014421487,124.85518211365486));
#2515=IFCPOLYLINE((#2513,#2514));
#2516=IFCCOMPOSITECURVESEGMENT(.CONTINUOUS.,.T.,#2515);
#2517=IFCCARTESIANPOINT((-19.507596585301723,147.50262234388319));
#2518=IFCDIRECTION((0.51845495402085362,-0.8551049413090368));
#2519=IFCAXIS2PLACEMENT2D(#2517,#2518);
#2520=IFCCIRCLE(#2519,26.48498346360978);
#2521=IFCTRIMMEDCURVE(#2520,(IFCPARAMETERVALUE(309.88441393403752)),(IFCPARAMETERVALUE(1.119555247875159E-012)),.T.,.PARAMETER.);
#2522=IFCCOMPOSITECURVESEGMENT(.CONTINUOUS.,.F.,#2521);
#2523=IFCCARTESIANPOINT((-28.080821932987263,122.44360887157197));
#2524=IFCCARTESIANPOINT((-123.43716267535918,-123.64939549261354));
#2525=IFCPOLYLINE((#2523,#2524));
#2526=IFCCOMPOSITECURVESEGMENT(.CONTINUOUS.,.T.,#2525);
#2527=IFCCOMPOSITECURVE((#2512,#2516,#2522,#2526),.F.);
#2528=IFCARBITRARYCLOSEDPROFILEDEF(.AREA.,'Gray Tile',#2527);
#2529=IFCCARTESIANPOINT((6555.5425664983459,8246.1535085356827,808.11003283937328));
#2530=IFCAXIS2PLACEMENT3D(#2529,#34,#35);
#2531=IFCEXTRUDEDAREASOLID(#2528,#2530,#34,6.9999999999998979);
#2532=IFCSTYLEDITEM(#2531,(#1746),$);
#2533=IFCSHAPEREPRESENTATION(#15,'Body','SweptSolid',(#2531));
#2534=IFCAXIS2PLACEMENT3D(#10,$,$);
#2535=IFCREPRESENTATIONMAP(#2534,#2533);
#2536=IFCBUILDINGELEMENTPROXYTYPE('05wfFLeuPBEv3bvVNYYotk',#6,'Gray Tile10:Gray Tile',$,$,$,(#2535),'474110',$,.NOTDEFINED.);
#2537=IFCMAPPEDITEM(#2535,#217);
#2538=IFCSHAPEREPRESENTATION(#15,'Body','MappedRepresentation',(#2537));
#2539=IFCPRODUCTDEFINITIONSHAPE($,$,(#2538));
#2540=IFCAXIS2PLACEMENT3D(#10,$,$);
#2541=IFCLOCALPLACEMENT(#24,#2540);
#2542=IFCBUILDINGELEMENTPROXY('05wfFLeuPBEv3bvVNYYoeG',#6,'Gray Tile10:Gray Tile:474112',$,$,#2541,#2539,'474112',$);
#2543=IFCPROPERTYSET('2QgbO52ucGfda89qAB3AI3',#6,'Pset_BuildingElementProxyCommon',$,(#2244));
#2544=IFCPROPERTYSET('2eXMPzVagQ3yQWmundR23Z',#6,'Pset_QuantityTakeOff',$,(#2244));
#2545=IFCRELDEFINESBYPROPERTIES('0dSk_jHFJatFecOwosWMpN',#6,$,$,(#2542),#2543);
#2546=IFCRELDEFINESBYPROPERTIES('3mLKFbDJac0F0x1tUjcnJb',#6,$,$,(#2542),#2544);
#2547=IFCCARTESIANPOINT((-157.2921235731834,-123.28723020259683));
#2548=IFCCARTESIANPOINT((123.43798491954691,-123.28723020259679));
#2549=IFCPOLYLINE((#2547,#2548));
#2550=IFCCOMPOSITECURVESEGMENT(.CONTINUOUS.,.T.,#2549);
#2551=IFCCARTESIANPOINT((123.43798491954691,-123.28723020259679));
#2552=IFCCARTESIANPOINT((28.104744439460514,122.07679571519739));
#2553=IFCPOLYLINE((#2551,#2552));
#2554=IFCCOMPOSITECURVESEGMENT(.CONTINUOUS.,.T.,#2553);
#2555=IFCCARTESIANPOINT((19.510582992541472,147.14451178634982));
#2556=IFCDIRECTION((0.32430797912820708,-0.94595154985472618));
#2557=IFCAXIS2PLACEMENT2D(#2555,#2556);
#2558=IFCCIRCLE(#2557,26.499999999992923);
#2559=IFCTRIMMEDCURVE(#2558,(IFCPARAMETERVALUE(309.79169790404575)),(IFCPARAMETERVALUE(359.99999999999915)),.T.,.PARAMETER.);
#2560=IFCCOMPOSITECURVESEGMENT(.CONTINUOUS.,.F.,#2559);
#2561=IFCCARTESIANPOINT((5.7493942141750738,124.49766468999259));
#2562=IFCCARTESIANPOINT((-157.2921235731834,-123.28723020259683));
#2563=IFCPOLYLINE((#2561,#2562));
#2564=IFCCOMPOSITECURVESEGMENT(.CONTINUOUS.,.T.,#2563);
#2565=IFCCOMPOSITECURVE((#2550,#2554,#2560,#2564),.F.);
#2566=IFCARBITRARYCLOSEDPROFILEDEF(.AREA.,'Gray Tile',#2565);
#2567=IFCCARTESIANPOINT((6850.2061802780891,8246.1523039163221,808.11003283937328));
#2568=IFCAXIS2PLACEMENT3D(#2567,#34,#1707);
#2569=IFCEXTRUDEDAREASOLID(#2566,#2568,#34,6.9999999999998979);
#2570=IFCSTYLEDITEM(#2569,(#1746),$);
#2571=IFCSHAPEREPRESENTATION(#15,'Body','SweptSolid',(#2569));
#2572=IFCAXIS2PLACEMENT3D(#10,$,$);
#2573=IFCREPRESENTATIONMAP(#2572,#2571);
#2574=IFCBUILDINGELEMENTPROXYTYPE('05wfFLeuPBEv3bvVNYYofG',#6,'Gray Tile11:Gray Tile',$,$,$,(#2573),'474176',$,.NOTDEFINED.);
#2575=IFCMAPPEDITEM(#2573,#217);
#2576=IFCSHAPEREPRESENTATION(#15,'Body','MappedRepresentation',(#2575));
#2577=IFCPRODUCTDEFINITIONSHAPE($,$,(#2576));
#2578=IFCAXIS2PLACEMENT3D(#10,$,$);
#2579=IFCLOCALPLACEMENT(#24,#2578);
#2580=IFCBUILDINGELEMENTPROXY('05wfFLeuPBEv3bvVNYYofI',#6,'Gray Tile11:Gray Tile:474178',$,$,#2579,#2577,'474178',$);
#2581=IFCPROPERTYSET('1khHtoFwj4ZsqWQbOtB8r3',#6,'Pset_BuildingElementProxyCommon',$,(#2244));
#2582=IFCPROPERTYSET('0EEZLYmYOVD116YMv$QJRK',#6,'Pset_QuantityTakeOff',$,(#2244));
#2583=IFCRELDEFINESBYPROPERTIES('20mh4eYK5gWqc6VCPyjvmT',#6,$,$,(#2580),#2581);
#2584=IFCRELDEFINESBYPROPERTIES('2LPcFZozqV05JdV9WmAI0N',#6,$,$,(#2580),#2582);
#2585=IFCCARTESIANPOINT((0.,0.));
#2586=IFCAXIS2PLACEMENT2D(#2585,#193);
#2587=IFCCIRCLEPROFILEDEF(.AREA.,'Gray Tile',#2586,17.0000000000048);
#2588=IFCCARTESIANPOINT((6702.4301659776693,8445.6626561260346,808.11003283937305));
#2589=IFCAXIS2PLACEMENT3D(#2588,#34,#35);
#2590=IFCEXTRUDEDAREASOLID(#2587,#2589,#34,7.0000000000000329);
#2591=IFCSTYLEDITEM(#2590,(#1865),$);
#2592=IFCSHAPEREPRESENTATION(#15,'Body','SweptSolid',(#2590));
#2593=IFCAXIS2PLACEMENT3D(#10,$,$);
#2594=IFCREPRESENTATIONMAP(#2593,#2592);
#2595=IFCBUILDINGELEMENTPROXYTYPE('05wfFLeuPBEv3bvVNYYoiF',#6,'Gray Tile12:Gray Tile',$,$,$,(#2594),'474399',$,.NOTDEFINED.);
#2596=IFCMAPPEDITEM(#2594,#217);
#2597=IFCSHAPEREPRESENTATION(#15,'Body','MappedRepresentation',(#2596));
#2598=IFCPRODUCTDEFINITIONSHAPE($,$,(#2597));
#2599=IFCAXIS2PLACEMENT3D(#10,$,$);
#2600=IFCLOCALPLACEMENT(#24,#2599);
#2601=IFCBUILDINGELEMENTPROXY('05wfFLeuPBEv3bvVNYYoin',#6,'Gray Tile12:Gray Tile:474401',$,$,#2600,#2598,'474401',$);
#2602=IFCPROPERTYSET('19tod0oqSfCfLH_95XuT9_',#6,'Pset_BuildingElementProxyCommon',$,(#2244));
#2603=IFCPROPERTYSET('38gG0G6ElYlF2P7crKmbAt',#6,'Pset_QuantityTakeOff',$,(#2244));
#2604=IFCRELDEFINESBYPROPERTIES('1_LDJynZz8to9EBbhllzun',#6,$,$,(#2601),#2602);
#2605=IFCRELDEFINESBYPROPERTIES('3zhe2LxFfswcDemtVbD0$k',#6,$,$,(#2601),#2603);
#2606=IFCCARTESIANPOINT((0.,0.));
#2607=IFCAXIS2PLACEMENT2D(#2606,#193);
#2608=IFCCIRCLEPROFILEDEF(.AREA.,'Gray Tile',#2607,24.499999999994429);
#2609=IFCCARTESIANPOINT((6703.061668491724,8265.6628869088836,808.11003283937328));
#2610=IFCAXIS2PLACEMENT3D(#2609,#34,#35);
#2611=IFCEXTRUDEDAREASOLID(#2608,#2610,#34,6.999999999999762);
#2612=IFCSTYLEDITEM(#2611,(#1865),$);
#2613=IFCSHAPEREPRESENTATION(#15,'Body','SweptSolid',(#2611));
#2614=IFCAXIS2PLACEMENT3D(#10,$,$);
#2615=IFCREPRESENTATIONMAP(#2614,#2613);
#2616=IFCBUILDINGELEMENTPROXYTYPE('05wfFLeuPBEv3bvVNYYoj6',#6,'Gray Tile13:Gray Tile',$,$,$,(#2615),'474454',$,.NOTDEFINED.);
#2617=IFCMAPPEDITEM(#2615,#217);
#2618=IFCSHAPEREPRESENTATION(#15,'Body','MappedRepresentation',(#2617));
#2619=IFCPRODUCTDEFINITIONSHAPE($,$,(#2618));
#2620=IFCAXIS2PLACEMENT3D(#10,$,$);
#2621=IFCLOCALPLACEMENT(#24,#2620);
#2622=IFCBUILDINGELEMENTPROXY('05wfFLeuPBEv3bvVNYYoj8',#6,'Gray Tile13:Gray Tile:474456',$,$,#2621,#2619,'474456',$);
#2623=IFCPROPERTYSET('1nzS1BFv0dkO$uIXHAUybi',#6,'Pset_BuildingElementProxyCommon',$,(#2244));
#2624=IFCPROPERTYSET('08IePbfmKgaPaZEgviUGiw',#6,'Pset_QuantityTakeOff',$,(#2244));
#2625=IFCRELDEFINESBYPROPERTIES('2E4QbXcPRK3qObeJRhbg5D',#6,$,$,(#2622),#2623);
#2626=IFCRELDEFINESBYPROPERTIES('3pySzGOOhIg734JhRW1bJB',#6,$,$,(#2622),#2624);
#2627=IFCCARTESIANPOINT((-54.500000000000604,-274.59508488088409));
#2628=IFCCARTESIANPOINT((54.500000000000604,-274.59508488088409));
#2629=IFCCARTESIANPOINT((54.500000000000604,217.12235760815668));
#2630=IFCCARTESIANPOINT((-54.500000000000604,332.06781215361138));
#2631=IFCPOLYLINE((#2627,#2628,#2629,#2630,#2627));
#2632=IFCARBITRARYCLOSEDPROFILEDEF(.AREA.,'Tile Red',#2631);
#2633=IFCCARTESIANPOINT((7078.4931710057381,8039.1631176917508,274.57889292941906));
#2634=IFCAXIS2PLACEMENT3D(#2633,#1290,#1707);
#2635=IFCEXTRUDEDAREASOLID(#2632,#2634,#34,8.0000000000003464);
#2636=IFCSTYLEDITEM(#2635,(#1746),$);
#2637=IFCSHAPEREPRESENTATION(#15,'Body','SweptSolid',(#2635));
#2638=IFCAXIS2PLACEMENT3D(#10,$,$);
#2639=IFCREPRESENTATIONMAP(#2638,#2637);
#2640=IFCBUILDINGELEMENTPROXYTYPE('05wfFLeuPBEv3bvVNYYrSB',#6,'Tile Red21:Tile Red',$,$,$,(#2639),'475419',$,.NOTDEFINED.);
#2641=IFCMAPPEDITEM(#2639,#217);
#2642=IFCSHAPEREPRESENTATION(#15,'Body','MappedRepresentation',(#2641));
#2643=IFCPRODUCTDEFINITIONSHAPE($,$,(#2642));
#2644=IFCCARTESIANPOINT((0.,-0.052550887299958049,13.007166427329098));
#2645=IFCAXIS2PLACEMENT3D(#2644,$,$);
#2646=IFCLOCALPLACEMENT(#24,#2645);
#2647=IFCBUILDINGELEMENTPROXY('05wfFLeuPBEv3bvVNYYrSD',#6,'Tile Red21:Tile Red:475421',$,$,#2646,#2643,'475421',$);
#2648=IFCPROPERTYSET('2sVlecZlZx2SoqE0SG8vV7',#6,'Pset_BuildingElementProxyCommon',$,(#840));
#2649=IFCPROPERTYSET('0sncvJEKMJbNtbeWotkws0',#6,'Pset_QuantityTakeOff',$,(#840));
#2650=IFCRELDEFINESBYPROPERTIES('265oJ17TFHN0DTJkyo7a3Q',#6,$,$,(#2647),#2648);
#2651=IFCRELDEFINESBYPROPERTIES('3zYy7hUbmA3GKTqpZ7s6TQ',#6,$,$,(#2647),#2649);
#2652=IFCCARTESIANPOINT((-2.1316282072803006E-014,0.));
#2653=IFCAXIS2PLACEMENT2D(#2652,#193);
#2654=IFCRECTANGLEPROFILEDEF(.AREA.,'Tile 450,700 x 300,500 x 95 Red',#2653,201.00000000000003,279.45199999999988);
#2655=IFCCARTESIANPOINT((-100.49999999999376,-139.72600000000844,-0.));
#2656=IFCAXIS2PLACEMENT3D(#2655,#34,#222);
#2657=IFCEXTRUDEDAREASOLID(#2654,#2656,#34,6.9999999999999973);
#2658=IFCSTYLEDITEM(#2657,(#823),$);
#2659=IFCSHAPEREPRESENTATION(#15,'Body','SweptSolid',(#2657));
#2660=IFCAXIS2PLACEMENT3D(#10,$,$);
#2661=IFCREPRESENTATIONMAP(#2660,#2659);
#2662=IFCBUILDINGELEMENTPROXYTYPE('05wfFLeuPBEv3bvVNYYrCF',#6,'Tile:Tile 450,700 x 300,500 x 95 Red',$,$,$,(#2661),'427296',$,.NOTDEFINED.);
#2663=IFCMAPPEDITEM(#2661,#217);
#2664=IFCSHAPEREPRESENTATION(#15,'Body','MappedRepresentation',(#2663));
#2665=IFCPRODUCTDEFINITIONSHAPE($,$,(#2664));
#2666=IFCCARTESIANPOINT((7088.4931710057999,6722.663117691849,5.0056772523340944));
#2667=IFCAXIS2PLACEMENT3D(#2666,#35,#222);
#2668=IFCLOCALPLACEMENT(#24,#2667);
#2669=IFCBUILDINGELEMENTPROXY('05wfFLeuPBEv3bvVNYYrKU',#6,'Tile:Tile 450,700 x 300,500 x 95 Red:475918',$,$,#2668,#2665,'475918',$);
#2670=IFCPROPERTYSET('3SpzgOtMP1IRL$_MDqDfsI',#6,'Pset_BuildingElementProxyCommon',$,(#1917));
#2671=IFCPROPERTYSET('2RpMu92$zalhWP4CsJzizL',#6,'Pset_QuantityTakeOff',$,(#1917));
#2672=IFCRELDEFINESBYPROPERTIES('36vKxBu7uwlfm9PpTuq$Ey',#6,$,$,(#2669),#2670);
#2673=IFCRELDEFINESBYPROPERTIES('2xZ5$kplXmwTUkEQwydYjH',#6,$,$,(#2669),#2671);
#2674=IFCCARTESIANPOINT((-2.1316282072803006E-014,-2.8421709430404007E-014));
#2675=IFCAXIS2PLACEMENT2D(#2674,#193);
#2676=IFCRECTANGLEPROFILEDEF(.AREA.,'Tile 450,700 x 300,500 x 95 Red',#2675,201.00000000000003,450.69999999999999);
#2677=IFCCARTESIANPOINT((-100.49999999999376,-225.35000000000846,-0.));
#2678=IFCAXIS2PLACEMENT3D(#2677,#34,#222);
#2679=IFCEXTRUDEDAREASOLID(#2676,#2678,#34,6.9999999999999973);
#2680=IFCSTYLEDITEM(#2679,(#823),$);
#2681=IFCSHAPEREPRESENTATION(#15,'Body','SweptSolid',(#2679));
#2682=IFCAXIS2PLACEMENT3D(#10,$,$);
#2683=IFCREPRESENTATIONMAP(#2682,#2681);
#2684=IFCBUILDINGELEMENTPROXYTYPE('05wfFLeuPBEv3bvVNYYrCm',#6,'Tile:Tile 450,700 x 300,500 x 95 Red',$,$,$,(#2683),'427296',$,.NOTDEFINED.);
#2685=IFCMAPPEDITEM(#2683,#217);
#2686=IFCSHAPEREPRESENTATION(#15,'Body','MappedRepresentation',(#2685));
#2687=IFCPRODUCTDEFINITIONSHAPE($,$,(#2686));
#2688=IFCCARTESIANPOINT((7088.4931710057872,6722.663117691849,286.45823875760726));
#2689=IFCAXIS2PLACEMENT3D(#2688,#35,#222);
#2690=IFCLOCALPLACEMENT(#24,#2689);
#2691=IFCBUILDINGELEMENTPROXY('05wfFLeuPBEv3bvVNYYr9S',#6,'Tile:Tile 450,700 x 300,500 x 95 Red:476236',$,$,#2690,#2687,'476236',$);
#2692=IFCPROPERTYSET('2PLR3C7MHYI1ZZVL3Tjczi',#6,'Pset_BuildingElementProxyCommon',$,(#1917));
#2693=IFCPROPERTYSET('05ntkMtUF1cTimxKyRgfRs',#6,'Pset_QuantityTakeOff',$,(#1917));
#2694=IFCRELDEFINESBYPROPERTIES('3gjM2mKwMKYki4oq42kIn9',#6,$,$,(#2691),#2692);
#2695=IFCRELDEFINESBYPROPERTIES('3XKm5uFNWoigt96bmLWFz1',#6,$,$,(#2691),#2693);
#2696=IFCMAPPEDITEM(#2683,#217);
#2697=IFCSHAPEREPRESENTATION(#15,'Body','MappedRepresentation',(#2696));
#2698=IFCPRODUCTDEFINITIONSHAPE($,$,(#2697));
#2699=IFCCARTESIANPOINT((7088.4931710057881,6722.663117691849,739.15782531898947));
#2700=IFCAXIS2PLACEMENT3D(#2699,#35,#222);
#2701=IFCLOCALPLACEMENT(#24,#2700);
#2702=IFCBUILDINGELEMENTPROXY('05wfFLeuPBEv3bvVNYYrAn',#6,'Tile:Tile 450,700 x 300,500 x 95 Red:476321',$,$,#2701,#2698,'476321',$);
#2703=IFCPROPERTYSET('3ExgHIJS1ppLBs52l1F4Sv',#6,'Pset_BuildingElementProxyCommon',$,(#1917));
#2704=IFCPROPERTYSET('23CIRIDrgV_QfXQLNGlGZl',#6,'Pset_QuantityTakeOff',$,(#1917));
#2705=IFCRELDEFINESBYPROPERTIES('1ATaLVApnH9ihE3ofwolzJ',#6,$,$,(#2702),#2703);
#2706=IFCRELDEFINESBYPROPERTIES('3txxnOLFVpxGzzzn3ixhHD',#6,$,$,(#2702),#2704);
#2707=IFCMAPPEDITEM(#2683,#217);
#2708=IFCSHAPEREPRESENTATION(#15,'Body','MappedRepresentation',(#2707));
#2709=IFCPRODUCTDEFINITIONSHAPE($,$,(#2708));
#2710=IFCCARTESIANPOINT((7088.4931449477981,6722.663117691849,1191.8495053203403));
#2711=IFCDIRECTION((-1.,0.,-4.1394952314746982E-005));
#2712=IFCAXIS2PLACEMENT3D(#2710,#35,#2711);
#2713=IFCLOCALPLACEMENT(#24,#2712);
#2714=IFCBUILDINGELEMENTPROXY('05wfFLeuPBEv3bvVNYYrAj',#6,'Tile:Tile 450,700 x 300,500 x 95 Red:476349',$,$,#2713,#2709,'476349',$);
#2715=IFCPROPERTYSET('25MHaMwdlu$YeHGFI5DSwV',#6,'Pset_BuildingElementProxyCommon',$,(#1917));
#2716=IFCPROPERTYSET('0ihMZVzfeezWZk7yHosyJ1',#6,'Pset_QuantityTakeOff',$,(#1917));
#2717=IFCRELDEFINESBYPROPERTIES('1z2dofNRbGo5GvzbqaLetH',#6,$,$,(#2714),#2715);
#2718=IFCRELDEFINESBYPROPERTIES('3AqgGWTLvJMNDfAe6YSPgV',#6,$,$,(#2714),#2716);
#2719=IFCMAPPEDITEM(#2661,#217);
#2720=IFCSHAPEREPRESENTATION(#15,'Body','MappedRepresentation',(#2719));
#2721=IFCPRODUCTDEFINITIONSHAPE($,$,(#2720));
#2722=IFCCARTESIANPOINT((7088.4931710057872,6722.663117691849,1644.5580328393721));
#2723=IFCAXIS2PLACEMENT3D(#2722,#35,#222);
#2724=IFCLOCALPLACEMENT(#24,#2723);
#2725=IFCBUILDINGELEMENTPROXY('05wfFLeuPBEv3bvVNYYrBu',#6,'Tile:Tile 450,700 x 300,500 x 95 Red:476392',$,$,#2724,#2721,'476392',$);
#2726=IFCPROPERTYSET('1Q4yxus_4wAZhoMFSEP54U',#6,'Pset_BuildingElementProxyCommon',$,(#1917));
#2727=IFCPROPERTYSET('1YmW9O8lYNvFKu581VRXm7',#6,'Pset_QuantityTakeOff',$,(#1917));
#2728=IFCRELDEFINESBYPROPERTIES('3G5kxCRs7ccmHcmzByWnbG',#6,$,$,(#2725),#2726);
#2729=IFCRELDEFINESBYPROPERTIES('1_cnZZOFhIkeDc0nLW6qqX',#6,$,$,(#2725),#2727);
#2730=IFCCARTESIANPOINT((-172.46154009003592,-225.82471193309451));
#2731=IFCCARTESIANPOINT((134.48718002995534,-225.82471193309451));
#2732=IFCCARTESIANPOINT((134.48718002995503,224.87528806689824));
#2733=IFCCARTESIANPOINT((-36.012819969957484,224.87528806689829));
#2734=IFCCARTESIANPOINT((-36.012819969957363,185.22186287131677));
#2735=IFCCARTESIANPOINT((73.987180030042893,69.126474406019454));
#2736=IFCCARTESIANPOINT((73.987180030043504,-126.22474477247172));
#2737=IFCCARTESIANPOINT((-172.46154009003621,-126.22474477247165));
#2738=IFCPOLYLINE((#2730,#2731,#2732,#2733,#2734,#2735,#2736,#2737,#2730));
#2739=IFCARBITRARYCLOSEDPROFILEDEF(.AREA.,'Tile 350x Red',#2738);
#2740=IFCCARTESIANPOINT((6318.8931710057441,8057.6502977218006,689.88528806690056));
#2741=IFCAXIS2PLACEMENT3D(#2740,#1290,#35);
#2742=IFCEXTRUDEDAREASOLID(#2739,#2741,#34,8.0000000000003464);
#2743=IFCSTYLEDITEM(#2742,(#823),$);
#2744=IFCSHAPEREPRESENTATION(#15,'Body','SweptSolid',(#2742));
#2745=IFCAXIS2PLACEMENT3D(#10,$,$);
#2746=IFCREPRESENTATIONMAP(#2745,#2744);
#2747=IFCBUILDINGELEMENTPROXYTYPE('05wfFLeuPBEv3bvVNYYr4p',#6,'Tile 350x Red7:Tile 350x Red',$,$,$,(#2746),'476963',$,.NOTDEFINED.);
#2748=IFCMAPPEDITEM(#2746,#217);
#2749=IFCSHAPEREPRESENTATION(#15,'Body','MappedRepresentation',(#2748));
#2750=IFCPRODUCTDEFINITIONSHAPE($,$,(#2749));
#2751=IFCAXIS2PLACEMENT3D(#10,$,$);
#2752=IFCLOCALPLACEMENT(#24,#2751);
#2753=IFCBUILDINGELEMENTPROXY('05wfFLeuPBEv3bvVNYYr4r',#6,'Tile 350x Red7:Tile 350x Red:476965',$,$,#2752,#2750,'476965',$);
#2754=IFCPROPERTYSINGLEVALUE('Reference',$,IFCIDENTIFIER('Tile 350x Red'),$);
#2755=IFCPROPERTYSET('30ob$bJBY$9pdKzr6afT5W',#6,'Pset_BuildingElementProxyCommon',$,(#2754));
#2756=IFCPROPERTYSET('3jxetJGyQr_xQMPaK_SkWU',#6,'Pset_QuantityTakeOff',$,(#2754));
#2757=IFCRELDEFINESBYPROPERTIES('027_pd0m4XVfhI11AFVUkU',#6,$,$,(#2753),#2755);
#2758=IFCRELDEFINESBYPROPERTIES('3Din5manXbYlauoku9YFSO',#6,$,$,(#2753),#2756);
#2759=IFCCARTESIANPOINT((0.,0.));
#2760=IFCAXIS2PLACEMENT2D(#2759,#193);
#2761=IFCRECTANGLEPROFILEDEF(.AREA.,'Tile 350x Red',#2760,8.0000000000003464,288.55128391748963);
#2762=IFCCARTESIANPOINT((6322.8931710057432,8376.3874800819794,816.11003283937214));
#2763=IFCAXIS2PLACEMENT3D(#2762,#34,#222);
#2764=IFCEXTRUDEDAREASOLID(#2761,#2763,#34,99.599967160622981);
#2765=IFCSTYLEDITEM(#2764,(#823),$);
#2766=IFCSHAPEREPRESENTATION(#15,'Body','SweptSolid',(#2764));
#2767=IFCAXIS2PLACEMENT3D(#10,$,$);
#2768=IFCREPRESENTATIONMAP(#2767,#2766);
#2769=IFCBUILDINGELEMENTPROXYTYPE('05wfFLeuPBEv3bvVNYYrh3',#6,'Tile 350x Red8:Tile 350x Red',$,$,$,(#2768),'478419',$,.NOTDEFINED.);
#2770=IFCMAPPEDITEM(#2768,#217);
#2771=IFCSHAPEREPRESENTATION(#15,'Body','MappedRepresentation',(#2770));
#2772=IFCPRODUCTDEFINITIONSHAPE($,$,(#2771));
#2773=IFCAXIS2PLACEMENT3D(#10,$,$);
#2774=IFCLOCALPLACEMENT(#24,#2773);
#2775=IFCBUILDINGELEMENTPROXY('05wfFLeuPBEv3bvVNYYrh5',#6,'Tile 350x Red8:Tile 350x Red:478421',$,$,#2774,#2772,'478421',$);
#2776=IFCPROPERTYSET('1MtYs7e12oQPJdadObFK72',#6,'Pset_BuildingElementProxyCommon',$,(#2754));
#2777=IFCPROPERTYSET('14vO9RMQOXRaEtpj6v2CSd',#6,'Pset_QuantityTakeOff',$,(#2754));
#2778=IFCRELDEFINESBYPROPERTIES('0rSt6UbUC5f4LSeRpeFgVP',#6,$,$,(#2775),#2776);
#2779=IFCRELDEFINESBYPROPERTIES('3ClI84syA9WDAQtIgW1Y9B',#6,$,$,(#2775),#2777);
#2780=IFCCARTESIANPOINT((6176.8931710057477,8524.6631176918527,915.70999999999754));
#2781=IFCCARTESIANPOINT((6159.8931710057477,8524.6631176918527,915.70999999999719));
#2782=IFCCARTESIANPOINT((6159.8931710057477,8524.6631176918527,897.70999999999754));
#2783=IFCCARTESIANPOINT((6158.8931710057486,8524.6631176918527,897.70999999999754));
#2784=IFCCARTESIANPOINT((6158.8931710057486,8524.6631176918527,916.70999999999754));
#2785=IFCCARTESIANPOINT((6176.8931710057477,8524.6631176918527,916.70999999999754));
#2786=IFCPOLYLOOP((#2780,#2781,#2782,#2783,#2784,#2785));
#2787=IFCFACEOUTERBOUND(#2786,.T.);
#2788=IFCFACE((#2787));
#2789=IFCCARTESIANPOINT((6159.8931710057477,7623.6631176918527,915.70999999999538));
#2790=IFCCARTESIANPOINT((6159.8931710057477,7623.6631176918527,8.));
#2791=IFCCARTESIANPOINT((6159.8931710057477,7641.6631176918518,8.));
#2792=IFCCARTESIANPOINT((6159.8931710057477,7641.6631176918518,897.7099999999964));
#2793=IFCPOLYLOOP((#2782,#2781,#2789,#2790,#2791,#2792));
#2794=IFCFACEOUTERBOUND(#2793,.T.);
#2795=IFCFACE((#2794));
#2796=IFCCARTESIANPOINT((6158.8931710057486,7641.6631176918518,897.7099999999964));
#2797=IFCPOLYLOOP((#2783,#2782,#2792,#2796));
#2798=IFCFACEOUTERBOUND(#2797,.T.);
#2799=IFCFACE((#2798));
#2800=IFCCARTESIANPOINT((6158.8931710057486,7641.6631176918518,8.));
#2801=IFCCARTESIANPOINT((6158.8931710057486,7622.6631176918518,8.));
#2802=IFCCARTESIANPOINT((6158.8931710057486,7622.6631176918518,916.70999999999697));
#2803=IFCPOLYLOOP((#2784,#2783,#2796,#2800,#2801,#2802));
#2804=IFCFACEOUTERBOUND(#2803,.T.);
#2805=IFCFACE((#2804));
#2806=IFCCARTESIANPOINT((6176.8931710057477,7640.6631176918527,916.70999999999697));
#2807=IFCCARTESIANPOINT((6176.8931710057477,7640.6631176918527,915.70999999999515));
#2808=IFCPOLYLOOP((#2780,#2785,#2806,#2807));
#2809=IFCFACEOUTERBOUND(#2808,.T.);
#2810=IFCFACE((#2809));
#2811=IFCCARTESIANPOINT((6176.8931710057477,7623.6631176918518,8.));
#2812=IFCCARTESIANPOINT((6176.8931710057477,7622.6631176918518,8.));
#2813=IFCPOLYLOOP((#2791,#2790,#2811,#2812,#2801,#2800));
#2814=IFCFACEOUTERBOUND(#2813,.T.);
#2815=IFCFACE((#2814));
#2816=IFCPOLYLOOP((#2792,#2791,#2800,#2796));
#2817=IFCFACEOUTERBOUND(#2816,.T.);
#2818=IFCFACE((#2817));
#2819=IFCCARTESIANPOINT((6309.8931710057432,7640.6631176918527,916.7099999999964));
#2820=IFCCARTESIANPOINT((6309.8931710057432,7640.6631176918527,915.70999999999458));
#2821=IFCPOLYLOOP((#2807,#2806,#2819,#2820));
#2822=IFCFACEOUTERBOUND(#2821,.T.);
#2823=IFCFACE((#2822));
#2824=IFCCARTESIANPOINT((6327.8931710057423,7622.6631176918518,916.7099999999964));
#2825=IFCCARTESIANPOINT((6327.8931710057423,8524.6631176918527,916.7099999999964));
#2826=IFCCARTESIANPOINT((6309.8931710057432,8524.6631176918527,916.7099999999964));
#2827=IFCPOLYLOOP((#2785,#2784,#2802,#2824,#2825,#2826,#2819,#2806));
#2828=IFCFACEOUTERBOUND(#2827,.T.);
#2829=IFCFACE((#2828));
#2830=IFCCARTESIANPOINT((6176.8931710057477,7622.6631176918518,898.70999999999697));
#2831=IFCCARTESIANPOINT((6309.8931710057432,7622.6631176918518,898.7099999999964));
#2832=IFCCARTESIANPOINT((6309.8931710057432,7622.6631176918518,8.));
#2833=IFCCARTESIANPOINT((6327.8931710057423,7622.6631176918518,8.));
#2834=IFCPOLYLOOP((#2824,#2802,#2801,#2812,#2830,#2831,#2832,#2833));
#2835=IFCFACEOUTERBOUND(#2834,.T.);
#2836=IFCFACE((#2835));
#2837=IFCCARTESIANPOINT((6176.8931710057477,7623.6631176918518,898.70999999999697));
#2838=IFCCARTESIANPOINT((6309.8931710057432,7623.6631176918518,898.7099999999964));
#2839=IFCPOLYLOOP((#2830,#2837,#2838,#2831));
#2840=IFCFACEOUTERBOUND(#2839,.T.);
#2841=IFCFACE((#2840));
#2842=IFCCARTESIANPOINT((6326.8931710057423,7623.6631176918518,915.70999999999538));
#2843=IFCCARTESIANPOINT((6326.8931710057423,7623.6631176918518,8.));
#2844=IFCCARTESIANPOINT((6309.8931710057432,7623.6631176918518,8.));
#2845=IFCPOLYLOOP((#2790,#2789,#2842,#2843,#2844,#2838,#2837,#2811));
#2846=IFCFACEOUTERBOUND(#2845,.T.);
#2847=IFCFACE((#2846));
#2848=IFCCARTESIANPOINT((6309.8931710057432,8524.6631176918527,915.70999999995229));
#2849=IFCCARTESIANPOINT((6326.8931710057423,8524.6631176918527,915.70999999995229));
#2850=IFCPOLYLOOP((#2781,#2780,#2807,#2820,#2848,#2849,#2842,#2789));
#2851=IFCFACEOUTERBOUND(#2850,.T.);
#2852=IFCFACE((#2851));
#2853=IFCCARTESIANPOINT((6327.8931710057423,8524.6631176918527,897.70999999999754));
#2854=IFCCARTESIANPOINT((6326.8931710057423,8524.6631176918527,897.70999999999754));
#2855=IFCPOLYLOOP((#2848,#2826,#2825,#2853,#2854,#2849));
#2856=IFCFACEOUTERBOUND(#2855,.T.);
#2857=IFCFACE((#2856));
#2858=IFCCARTESIANPOINT((6326.8931710057423,7641.6631176918518,897.70999999999617));
#2859=IFCCARTESIANPOINT((6326.8931710057423,7641.6631176918518,8.));
#2860=IFCPOLYLOOP((#2849,#2854,#2858,#2859,#2843,#2842));
#2861=IFCFACEOUTERBOUND(#2860,.T.);
#2862=IFCFACE((#2861));
#2863=IFCCARTESIANPOINT((6327.8931710057423,7641.6631176918518,897.7099999999964));
#2864=IFCPOLYLOOP((#2854,#2853,#2863,#2858));
#2865=IFCFACEOUTERBOUND(#2864,.T.);
#2866=IFCFACE((#2865));
#2867=IFCCARTESIANPOINT((6327.8931710057423,7641.6631176918518,8.));
#2868=IFCPOLYLOOP((#2853,#2825,#2824,#2833,#2867,#2863));
#2869=IFCFACEOUTERBOUND(#2868,.T.);
#2870=IFCFACE((#2869));
#2871=IFCPOLYLOOP((#2826,#2848,#2820,#2819));
#2872=IFCFACEOUTERBOUND(#2871,.T.);
#2873=IFCFACE((#2872));
#2874=IFCPOLYLOOP((#2843,#2859,#2867,#2833,#2832,#2844));
#2875=IFCFACEOUTERBOUND(#2874,.T.);
#2876=IFCFACE((#2875));
#2877=IFCPOLYLOOP((#2859,#2858,#2863,#2867));
#2878=IFCFACEOUTERBOUND(#2877,.T.);
#2879=IFCFACE((#2878));
#2880=IFCPOLYLOOP((#2844,#2832,#2831,#2838));
#2881=IFCFACEOUTERBOUND(#2880,.T.);
#2882=IFCFACE((#2881));
#2883=IFCPOLYLOOP((#2812,#2811,#2837,#2830));
#2884=IFCFACEOUTERBOUND(#2883,.T.);
#2885=IFCFACE((#2884));
#2886=IFCCLOSEDSHELL((#2788,#2795,#2799,#2805,#2810,#2815,#2818,#2823,#2829,#2836,#2841,#2847,#2852,#2857,#2862,#2866,#2870,#2873,#2876,#2879,#2882,#2885));
#2887=IFCFACETEDBREP(#2886);
#2888=IFCCOLOURRGB($,0.96862745098039216,0.96862745098039216,0.96862745098039216);
#2889=IFCSURFACESTYLERENDERING(#2888,0.,$,$,$,$,IFCNORMALISEDRATIOMEASURE(0.5),IFCSPECULAREXPONENT(128.),.NOTDEFINED.);
#2890=IFCSURFACESTYLE('Aluminium',.BOTH.,(#2889));
#2891=IFCPRESENTATIONSTYLEASSIGNMENT((#2890));
#2892=IFCSTYLEDITEM(#2887,(#2891),$);
#2893=IFCSHAPEREPRESENTATION(#15,'Body','Brep',(#2887));
#2894=IFCAXIS2PLACEMENT3D(#10,$,$);
#2895=IFCREPRESENTATIONMAP(#2894,#2893);
#2896=IFCBUILDINGELEMENTPROXYTYPE('1kkNhPW5XF4BusAPV6zOPU',#6,'Cantoneira:Cantoneira',$,$,$,(#2895),'479667',$,.NOTDEFINED.);
#2897=IFCMATERIAL('Aluminium');
#2898=IFCPRESENTATIONSTYLEASSIGNMENT((#2890));
#2899=IFCSTYLEDITEM($,(#2898),$);
#2900=IFCSTYLEDREPRESENTATION(#13,'Style','Material',(#2899));
#2901=IFCMATERIALDEFINITIONREPRESENTATION($,$,(#2900),#2897);
#2902=IFCMAPPEDITEM(#2895,#217);
#2903=IFCSHAPEREPRESENTATION(#15,'Body','MappedRepresentation',(#2902));
#2904=IFCPRODUCTDEFINITIONSHAPE($,$,(#2903));
#2905=IFCAXIS2PLACEMENT3D(#10,$,$);
#2906=IFCLOCALPLACEMENT(#24,#2905);
#2907=IFCBUILDINGELEMENTPROXY('1kkNhPW5XF4BusAPV6zOPO',#6,'Cantoneira:Cantoneira:479669',$,$,#2906,#2904,'479669',$);
#2908=IFCPROPERTYSINGLEVALUE('Reference',$,IFCIDENTIFIER('Cantoneira'),$);
#2909=IFCPROPERTYSET('1$mwWF_hijmeggM5xUjZ46',#6,'Pset_BuildingElementProxyCommon',$,(#2908));
#2910=IFCPROPERTYSET('3oujmH1bIHvgNYfyL1MZl7',#6,'Pset_QuantityTakeOff',$,(#2908));
#2911=IFCRELDEFINESBYPROPERTIES('23H88pcMU2mAvfSZdfP9$1',#6,$,$,(#2907),#2909);
#2912=IFCRELDEFINESBYPROPERTIES('3l52HihfJB0A8y6CkV3wY6',#6,$,$,(#2907),#2910);
#2913=IFCCARTESIANPOINT((3.5527136788005009E-015,0.));
#2914=IFCAXIS2PLACEMENT2D(#2913,#193);
#2915=IFCRECTANGLEPROFILEDEF(.AREA.,'Tile 100.4x100.4 Blue',#2914,65.599999999999994,100.40000000000001);
#2916=IFCCARTESIANPOINT((-32.799999999993737,-50.200000000008423,-0.));
#2917=IFCAXIS2PLACEMENT3D(#2916,#34,#222);
#2918=IFCEXTRUDEDAREASOLID(#2915,#2917,#34,6.9999999999999973);
#2919=IFCCOLOURRGB($,0.,0.,0.792156862745098);
#2920=IFCSURFACESTYLERENDERING(#2919,0.,$,$,$,$,IFCNORMALISEDRATIOMEASURE(0.5),IFCSPECULAREXPONENT(64.),.NOTDEFINED.);
#2921=IFCSURFACESTYLE('Tile Blue',.BOTH.,(#2920));
#2922=IFCPRESENTATIONSTYLEASSIGNMENT((#2921));
#2923=IFCSTYLEDITEM(#2918,(#2922),$);
#2924=IFCSHAPEREPRESENTATION(#15,'Body','SweptSolid',(#2918));
#2925=IFCAXIS2PLACEMENT3D(#10,$,$);
#2926=IFCREPRESENTATIONMAP(#2925,#2924);
#2927=IFCBUILDINGELEMENTPROXYTYPE('37d3LVb_fA4QWxYfi$tEz6',#6,'Tile:Tile 100.4x100.4 Blue',$,$,$,(#2926),'445708',$,.NOTDEFINED.);
#2928=IFCMATERIAL('Tile Blue');
#2929=IFCPRESENTATIONSTYLEASSIGNMENT((#2921));
#2930=IFCSTYLEDITEM($,(#2929),$);
#2931=IFCSTYLEDREPRESENTATION(#13,'Style','Material',(#2930));
#2932=IFCMATERIALDEFINITIONREPRESENTATION($,$,(#2931),#2928);
#2933=IFCMAPPEDITEM(#2926,#217);
#2934=IFCSHAPEREPRESENTATION(#15,'Body','MappedRepresentation',(#2933));
#2935=IFCPRODUCTDEFINITIONSHAPE($,$,(#2934));
#2936=IFCCARTESIANPOINT((6329.8931710057595,8101.6079210224925,402.71125530553684));
#2937=IFCAXIS2PLACEMENT3D(#2936,#35,#222);
#2938=IFCLOCALPLACEMENT(#24,#2937);
#2939=IFCBUILDINGELEMENTPROXY('1kkNhPW5XF4BusAPV6zOmy',#6,'Tile:Tile 100.4x100.4 Blue:482257',$,$,#2938,#2935,'482257',$);
#2940=IFCPROPERTYSINGLEVALUE('Reference',$,IFCIDENTIFIER('Tile 100.4x100.4 Blue'),$);
#2941=IFCPROPERTYSET('2QkRhzP4AVzXiYcGnmHYqA',#6,'Pset_BuildingElementProxyCommon',$,(#2940));
#2942=IFCPROPERTYSET('1ANtUUUjeSqn7Fu_w5sYTY',#6,'Pset_QuantityTakeOff',$,(#2940));
#2943=IFCRELDEFINESBYPROPERTIES('2wdkGhEcVhS_SSBxTBS4RX',#6,$,$,(#2939),#2941);
#2944=IFCRELDEFINESBYPROPERTIES('356S06GMywZdU3_FtOjXq2',#6,$,$,(#2939),#2942);
#2945=IFCCARTESIANPOINT((0.,0.));
#2946=IFCAXIS2PLACEMENT2D(#2945,#193);
#2947=IFCRECTANGLEPROFILEDEF(.AREA.,'Tile 100.4x100.4 Blue',#2946,100.40000000000001,100.40000000000001);
#2948=IFCCARTESIANPOINT((-50.199999999993743,-50.200000000008423,-0.));
#2949=IFCAXIS2PLACEMENT3D(#2948,#34,#35);
#2950=IFCEXTRUDEDAREASOLID(#2947,#2949,#34,6.9999999999999973);
#2951=IFCSTYLEDITEM(#2950,(#2922),$);
#2952=IFCSHAPEREPRESENTATION(#15,'Body','SweptSolid',(#2950));
#2953=IFCAXIS2PLACEMENT3D(#10,$,$);
#2954=IFCREPRESENTATIONMAP(#2953,#2952);
#2955=IFCBUILDINGELEMENTPROXYTYPE('37d3LVb_fA4QWxYfi$tEyA',#6,'Tile:Tile 100.4x100.4 Blue',$,$,$,(#2954),'445708',$,.NOTDEFINED.);
#2956=IFCMAPPEDITEM(#2954,#217);
#2957=IFCSHAPEREPRESENTATION(#15,'Body','MappedRepresentation',(#2956));
#2958=IFCPRODUCTDEFINITIONSHAPE($,$,(#2957));
#2959=IFCCARTESIANPOINT((6397.493171005759,8101.6079210224925,402.71125530553667));
#2960=IFCAXIS2PLACEMENT3D(#2959,#35,#222);
#2961=IFCLOCALPLACEMENT(#24,#2960);
#2962=IFCBUILDINGELEMENTPROXY('1kkNhPW5XF4BusAPV6zOm$',#6,'Tile:Tile 100.4x100.4 Blue:482258',$,$,#2961,#2958,'482258',$);
#2963=IFCPROPERTYSET('0$4BcotwnedNTJltZcYKXs',#6,'Pset_BuildingElementProxyCommon',$,(#2940));
#2964=IFCPROPERTYSET('0dkCtRqMXVbvBcRHHdxra7',#6,'Pset_QuantityTakeOff',$,(#2940));
#2965=IFCRELDEFINESBYPROPERTIES('1PhAZcSAB7Oorr$CtftC3T',#6,$,$,(#2962),#2963);
#2966=IFCRELDEFINESBYPROPERTIES('2cy1Uk9$dojPxBxeDCfrJh',#6,$,$,(#2962),#2964);
#2967=IFCMAPPEDITEM(#2954,#217);
#2968=IFCSHAPEREPRESENTATION(#15,'Body','MappedRepresentation',(#2967));
#2969=IFCPRODUCTDEFINITIONSHAPE($,$,(#2968));
#2970=IFCCARTESIANPOINT((6499.8931710057586,8101.6079210224925,402.71125530553627));
#2971=IFCAXIS2PLACEMENT3D(#2970,#35,#222);
#2972=IFCLOCALPLACEMENT(#24,#2971);
#2973=IFCBUILDINGELEMENTPROXY('1kkNhPW5XF4BusAPV6zOm_',#6,'Tile:Tile 100.4x100.4 Blue:482259',$,$,#2972,#2969,'482259',$);
#2974=IFCPROPERTYSET('3zSM9u6fMmM1I7i2P9GIpT',#6,'Pset_BuildingElementProxyCommon',$,(#2940));
#2975=IFCPROPERTYSET('3ywpwyrn6mldSSSzTvBJH1',#6,'Pset_QuantityTakeOff',$,(#2940));
#2976=IFCRELDEFINESBYPROPERTIES('1Yt96fvLZAzlh$lDl8JLY3',#6,$,$,(#2973),#2974);
#2977=IFCRELDEFINESBYPROPERTIES('3PtK80lGn3St6IkZGkgVB5',#6,$,$,(#2973),#2975);
#2978=IFCMAPPEDITEM(#2954,#217);
#2979=IFCSHAPEREPRESENTATION(#15,'Body','MappedRepresentation',(#2978));
#2980=IFCPRODUCTDEFINITIONSHAPE($,$,(#2979));
#2981=IFCCARTESIANPOINT((6602.2931710057583,8101.6079210224925,402.71125530553667));
#2982=IFCAXIS2PLACEMENT3D(#2981,#35,#222);
#2983=IFCLOCALPLACEMENT(#24,#2982);
#2984=IFCBUILDINGELEMENTPROXY('1kkNhPW5XF4BusAPV6zOmv',#6,'Tile:Tile 100.4x100.4 Blue:482260',$,$,#2983,#2980,'482260',$);
#2985=IFCPROPERTYSET('0F_C9TjeLH786qBr_GZzdB',#6,'Pset_BuildingElementProxyCommon',$,(#2940));
#2986=IFCPROPERTYSET('1pw_prMgXhsH$UQAUarAKe',#6,'Pset_QuantityTakeOff',$,(#2940));
#2987=IFCRELDEFINESBYPROPERTIES('1L0JAzeZ4BCYacMP8rGCSy',#6,$,$,(#2984),#2985);
#2988=IFCRELDEFINESBYPROPERTIES('03m7rDPRkez7bLY8id3qiX',#6,$,$,(#2984),#2986);
#2989=IFCMAPPEDITEM(#2954,#217);
#2990=IFCSHAPEREPRESENTATION(#15,'Body','MappedRepresentation',(#2989));
#2991=IFCPRODUCTDEFINITIONSHAPE($,$,(#2990));
#2992=IFCCARTESIANPOINT((6704.693171005757,8101.6079210224925,402.71125530553667));
#2993=IFCAXIS2PLACEMENT3D(#2992,#35,#222);
#2994=IFCLOCALPLACEMENT(#24,#2993);
#2995=IFCBUILDINGELEMENTPROXY('1kkNhPW5XF4BusAPV6zOmu',#6,'Tile:Tile 100.4x100.4 Blue:482261',$,$,#2994,#2991,'482261',$);
#2996=IFCPROPERTYSET('2h9_blqUKqnjjGDoP3f9RO',#6,'Pset_BuildingElementProxyCommon',$,(#2940));
#2997=IFCPROPERTYSET('3$KVX9iKqggOqswW4aGCUX',#6,'Pset_QuantityTakeOff',$,(#2940));
#2998=IFCRELDEFINESBYPROPERTIES('3FkIG7G5KUhsCADj5F_zt4',#6,$,$,(#2995),#2996);
#2999=IFCRELDEFINESBYPROPERTIES('37Brqx5o7dWeoAqyACpugd',#6,$,$,(#2995),#2997);
#3000=IFCMAPPEDITEM(#2954,#217);
#3001=IFCSHAPEREPRESENTATION(#15,'Body','MappedRepresentation',(#3000));
#3002=IFCPRODUCTDEFINITIONSHAPE($,$,(#3001));
#3003=IFCCARTESIANPOINT((6807.0931710057566,8101.6079210224925,402.71125530553667));
#3004=IFCAXIS2PLACEMENT3D(#3003,#35,#222);
#3005=IFCLOCALPLACEMENT(#24,#3004);
#3006=IFCBUILDINGELEMENTPROXY('1kkNhPW5XF4BusAPV6zOmx',#6,'Tile:Tile 100.4x100.4 Blue:482262',$,$,#3005,#3002,'482262',$);
#3007=IFCPROPERTYSET('2HqXIb3m4uEc49XrYYR66x',#6,'Pset_BuildingElementProxyCommon',$,(#2940));
#3008=IFCPROPERTYSET('0ueHneVabfATebG0vS5yxR',#6,'Pset_QuantityTakeOff',$,(#2940));
#3009=IFCRELDEFINESBYPROPERTIES('2LTAOr5J3rG5rsyc5MF69i',#6,$,$,(#3006),#3007);
#3010=IFCRELDEFINESBYPROPERTIES('2XGB71Pto0X6jXxKgDoEsR',#6,$,$,(#3006),#3008);
#3011=IFCMAPPEDITEM(#2954,#217);
#3012=IFCSHAPEREPRESENTATION(#15,'Body','MappedRepresentation',(#3011));
#3013=IFCPRODUCTDEFINITIONSHAPE($,$,(#3012));
#3014=IFCCARTESIANPOINT((6909.4931710057563,8101.6079210224925,402.71125530553667));
#3015=IFCAXIS2PLACEMENT3D(#3014,#35,#222);
#3016=IFCLOCALPLACEMENT(#24,#3015);
#3017=IFCBUILDINGELEMENTPROXY('1kkNhPW5XF4BusAPV6zOmw',#6,'Tile:Tile 100.4x100.4 Blue:482263',$,$,#3016,#3013,'482263',$);
#3018=IFCPROPERTYSET('1ZrTw_GpQENLxO65v0psAd',#6,'Pset_BuildingElementProxyCommon',$,(#2940));
#3019=IFCPROPERTYSET('0YUn11LfS$FjHUAeAmSc95',#6,'Pset_QuantityTakeOff',$,(#2940));
#3020=IFCRELDEFINESBYPROPERTIES('2aV2mB3WMIFOv6PpvcgSva',#6,$,$,(#3017),#3018);
#3021=IFCRELDEFINESBYPROPERTIES('26R77TrYKv2a1q88j0uIiq',#6,$,$,(#3017),#3019);
#3022=IFCCARTESIANPOINT((0.,0.));
#3023=IFCAXIS2PLACEMENT2D(#3022,#193);
#3024=IFCRECTANGLEPROFILEDEF(.AREA.,'Tile 100.4x100.4 Blue',#3023,66.600000000000009,100.40000000000001);
#3025=IFCCARTESIANPOINT((-33.299999999993744,-50.200000000008423,-0.));
#3026=IFCAXIS2PLACEMENT3D(#3025,#34,#222);
#3027=IFCEXTRUDEDAREASOLID(#3024,#3026,#34,6.9999999999999973);
#3028=IFCSTYLEDITEM(#3027,(#2922),$);
#3029=IFCSHAPEREPRESENTATION(#15,'Body','SweptSolid',(#3027));
#3030=IFCAXIS2PLACEMENT3D(#10,$,$);
#3031=IFCREPRESENTATIONMAP(#3030,#3029);
#3032=IFCBUILDINGELEMENTPROXYTYPE('37d3LVb_fA4QWxYfi$tEw$',#6,'Tile:Tile 100.4x100.4 Blue',$,$,$,(#3031),'445708',$,.NOTDEFINED.);
#3033=IFCMAPPEDITEM(#3031,#217);
#3034=IFCSHAPEREPRESENTATION(#15,'Body','MappedRepresentation',(#3033));
#3035=IFCPRODUCTDEFINITIONSHAPE($,$,(#3034));
#3036=IFCCARTESIANPOINT((7011.8931710057586,8101.6079210224925,402.71125530553462));
#3037=IFCAXIS2PLACEMENT3D(#3036,#35,#222);
#3038=IFCLOCALPLACEMENT(#24,#3037);
#3039=IFCBUILDINGELEMENTPROXY('1kkNhPW5XF4BusAPV6zOmr',#6,'Tile:Tile 100.4x100.4 Blue:482264',$,$,#3038,#3035,'482264',$);
#3040=IFCPROPERTYSET('0aLu4s9NfKdKB6pwjfcN_B',#6,'Pset_BuildingElementProxyCommon',$,(#2940));
#3041=IFCPROPERTYSET('00X99JEE0p1D8L7$U4jAoV',#6,'Pset_QuantityTakeOff',$,(#2940));
#3042=IFCRELDEFINESBYPROPERTIES('1vpqXv5jS6T6x2C8BOehz_',#6,$,$,(#3039),#3040);
#3043=IFCRELDEFINESBYPROPERTIES('1W1RMpb9WVMFevYRm7Ggto',#6,$,$,(#3039),#3041);
#3044=IFCMAPPEDITEM(#2926,#217);
#3045=IFCSHAPEREPRESENTATION(#15,'Body','MappedRepresentation',(#3044));
#3046=IFCPRODUCTDEFINITIONSHAPE($,$,(#3045));
#3047=IFCCARTESIANPOINT((6329.8931710057595,8101.6079210224925,300.31125530553686));
#3048=IFCAXIS2PLACEMENT3D(#3047,#35,#222);
#3049=IFCLOCALPLACEMENT(#24,#3048);
#3050=IFCBUILDINGELEMENTPROXY('1kkNhPW5XF4BusAPV6zOmq',#6,'Tile:Tile 100.4x100.4 Blue:482265',$,$,#3049,#3046,'482265',$);
#3051=IFCPROPERTYSET('30hMR_yyv9$90ruqCRVTpS',#6,'Pset_BuildingElementProxyCommon',$,(#2940));
#3052=IFCPROPERTYSET('0cqlyWqjtCj$efLFh_w9np',#6,'Pset_QuantityTakeOff',$,(#2940));
#3053=IFCRELDEFINESBYPROPERTIES('2CfYc$Tti_lP4ByodH4BOn',#6,$,$,(#3050),#3051);
#3054=IFCRELDEFINESBYPROPERTIES('3xG4HuK$uAfrcbZSLP26A_',#6,$,$,(#3050),#3052);
#3055=IFCMAPPEDITEM(#2954,#217);
#3056=IFCSHAPEREPRESENTATION(#15,'Body','MappedRepresentation',(#3055));
#3057=IFCPRODUCTDEFINITIONSHAPE($,$,(#3056));
#3058=IFCCARTESIANPOINT((6397.493171005759,8101.6079210224925,300.31125530553663));
#3059=IFCAXIS2PLACEMENT3D(#3058,#35,#222);
#3060=IFCLOCALPLACEMENT(#24,#3059);
#3061=IFCBUILDINGELEMENTPROXY('1kkNhPW5XF4BusAPV6zOmt',#6,'Tile:Tile 100.4x100.4 Blue:482266',$,$,#3060,#3057,'482266',$);
#3062=IFCPROPERTYSET('1PfXvc2C6NBJ1WKsuEEwzj',#6,'Pset_BuildingElementProxyCommon',$,(#2940));
#3063=IFCPROPERTYSET('0LEVw06gU0Y7maUjRdj9O1',#6,'Pset_QuantityTakeOff',$,(#2940));
#3064=IFCRELDEFINESBYPROPERTIES('3UqC0ubshbmYrDFL$j9u0h',#6,$,$,(#3061),#3062);
#3065=IFCRELDEFINESBYPROPERTIES('0NGrg54zFI2Zo0v8q$vIsY',#6,$,$,(#3061),#3063);
#3066=IFCMAPPEDITEM(#2954,#217);
#3067=IFCSHAPEREPRESENTATION(#15,'Body','MappedRepresentation',(#3066));
#3068=IFCPRODUCTDEFINITIONSHAPE($,$,(#3067));
#3069=IFCCARTESIANPOINT((6499.8931710057586,8101.6079210224925,300.31125530553629));
#3070=IFCAXIS2PLACEMENT3D(#3069,#35,#222);
#3071=IFCLOCALPLACEMENT(#24,#3070);
#3072=IFCBUILDINGELEMENTPROXY('1kkNhPW5XF4BusAPV6zOms',#6,'Tile:Tile 100.4x100.4 Blue:482267',$,$,#3071,#3068,'482267',$);
#3073=IFCPROPERTYSET('00PgyeRMuNDh$BfI62atD0',#6,'Pset_BuildingElementProxyCommon',$,(#2940));
#3074=IFCPROPERTYSET('1Gog9Z6_SP0m9zwLBBrhuw',#6,'Pset_QuantityTakeOff',$,(#2940));
#3075=IFCRELDEFINESBYPROPERTIES('0RbzSWVqByoSPsi5Zj1zIj',#6,$,$,(#3072),#3073);
#3076=IFCRELDEFINESBYPROPERTIES('2CgNL1ty$7vPN9cHa36Y2N',#6,$,$,(#3072),#3074);
#3077=IFCMAPPEDITEM(#2954,#217);
#3078=IFCSHAPEREPRESENTATION(#15,'Body','MappedRepresentation',(#3077));
#3079=IFCPRODUCTDEFINITIONSHAPE($,$,(#3078));
#3080=IFCCARTESIANPOINT((6602.2931710057583,8101.6079210224925,300.31125530553663));
#3081=IFCAXIS2PLACEMENT3D(#3080,#35,#222);
#3082=IFCLOCALPLACEMENT(#24,#3081);
#3083=IFCBUILDINGELEMENTPROXY('1kkNhPW5XF4BusAPV6zOmn',#6,'Tile:Tile 100.4x100.4 Blue:482268',$,$,#3082,#3079,'482268',$);
#3084=IFCPROPERTYSET('1hw$EItA0vWg6iA8BeFRMQ',#6,'Pset_BuildingElementProxyCommon',$,(#2940));
#3085=IFCPROPERTYSET('2fs96bSyU2S_Tmhh5BP0AE',#6,'Pset_QuantityTakeOff',$,(#2940));
#3086=IFCRELDEFINESBYPROPERTIES('3to4RppWRuejsNZIkTt_PH',#6,$,$,(#3083),#3084);
#3087=IFCRELDEFINESBYPROPERTIES('0tvQL6NLeNNaeYpMlB2qXX',#6,$,$,(#3083),#3085);
#3088=IFCMAPPEDITEM(#2954,#217);
#3089=IFCSHAPEREPRESENTATION(#15,'Body','MappedRepresentation',(#3088));
#3090=IFCPRODUCTDEFINITIONSHAPE($,$,(#3089));
#3091=IFCCARTESIANPOINT((6704.693171005757,8101.6079210224925,300.31125530553663));
#3092=IFCAXIS2PLACEMENT3D(#3091,#35,#222);
#3093=IFCLOCALPLACEMENT(#24,#3092);
#3094=IFCBUILDINGELEMENTPROXY('1kkNhPW5XF4BusAPV6zOmm',#6,'Tile:Tile 100.4x100.4 Blue:482269',$,$,#3093,#3090,'482269',$);
#3095=IFCPROPERTYSET('2qNL3Av8YgAJJ8dBMcaGX5',#6,'Pset_BuildingElementProxyCommon',$,(#2940));
#3096=IFCPROPERTYSET('2axpk00$GxIWShw3QB6jOC',#6,'Pset_QuantityTakeOff',$,(#2940));
#3097=IFCRELDEFINESBYPROPERTIES('0EGl2An37VR7_ILta5L2D7',#6,$,$,(#3094),#3095);
#3098=IFCRELDEFINESBYPROPERTIES('3CMWVVawfqrm04S54vciAr',#6,$,$,(#3094),#3096);
#3099=IFCMAPPEDITEM(#2954,#217);
#3100=IFCSHAPEREPRESENTATION(#15,'Body','MappedRepresentation',(#3099));
#3101=IFCPRODUCTDEFINITIONSHAPE($,$,(#3100));
#3102=IFCCARTESIANPOINT((6807.0931710057566,8101.6079210224925,300.31125530553663));
#3103=IFCAXIS2PLACEMENT3D(#3102,#35,#222);
#3104=IFCLOCALPLACEMENT(#24,#3103);
#3105=IFCBUILDINGELEMENTPROXY('1kkNhPW5XF4BusAPV6zOmp',#6,'Tile:Tile 100.4x100.4 Blue:482270',$,$,#3104,#3101,'482270',$);
#3106=IFCPROPERTYSET('3OZCfZjhaaCARUEGrWPCEl',#6,'Pset_BuildingElementProxyCommon',$,(#2940));
#3107=IFCPROPERTYSET('23nZfTImtkN8lnuX$f1Y0U',#6,'Pset_QuantityTakeOff',$,(#2940));
#3108=IFCRELDEFINESBYPROPERTIES('300ASQaQPGGN6MVu1mtNPV',#6,$,$,(#3105),#3106);
#3109=IFCRELDEFINESBYPROPERTIES('06UuXI$hoFiXow1uFp97VB',#6,$,$,(#3105),#3107);
#3110=IFCMAPPEDITEM(#2954,#217);
#3111=IFCSHAPEREPRESENTATION(#15,'Body','MappedRepresentation',(#3110));
#3112=IFCPRODUCTDEFINITIONSHAPE($,$,(#3111));
#3113=IFCCARTESIANPOINT((6909.4931710057563,8101.6079210224925,300.31125530553663));
#3114=IFCAXIS2PLACEMENT3D(#3113,#35,#222);
#3115=IFCLOCALPLACEMENT(#24,#3114);
#3116=IFCBUILDINGELEMENTPROXY('1kkNhPW5XF4BusAPV6zOmo',#6,'Tile:Tile 100.4x100.4 Blue:482271',$,$,#3115,#3112,'482271',$);
#3117=IFCPROPERTYSET('0WrDMM3kvwGYZ7wFuRvCi5',#6,'Pset_BuildingElementProxyCommon',$,(#2940));
#3118=IFCPROPERTYSET('30aS0CbHLiuQPX1diCUsBc',#6,'Pset_QuantityTakeOff',$,(#2940));
#3119=IFCRELDEFINESBYPROPERTIES('2bq5koqkz_skTZ4kkhNMas',#6,$,$,(#3116),#3117);
#3120=IFCRELDEFINESBYPROPERTIES('2DZGE3Q1xN4FgL0wQqzlCK',#6,$,$,(#3116),#3118);
#3121=IFCMAPPEDITEM(#3031,#217);
#3122=IFCSHAPEREPRESENTATION(#15,'Body','MappedRepresentation',(#3121));
#3123=IFCPRODUCTDEFINITIONSHAPE($,$,(#3122));
#3124=IFCCARTESIANPOINT((7011.8931710057586,8101.6079210224925,300.3112553055347));
#3125=IFCAXIS2PLACEMENT3D(#3124,#35,#222);
#3126=IFCLOCALPLACEMENT(#24,#3125);
#3127=IFCBUILDINGELEMENTPROXY('1kkNhPW5XF4BusAPV6zOmD',#6,'Tile:Tile 100.4x100.4 Blue:482272',$,$,#3126,#3123,'482272',$);
#3128=IFCPROPERTYSET('14PZFIe9xiPvuEUIMlq_XV',#6,'Pset_BuildingElementProxyCommon',$,(#2940));
#3129=IFCPROPERTYSET('0OATTtxPuREhWNAAswDw5R',#6,'Pset_QuantityTakeOff',$,(#2940));
#3130=IFCRELDEFINESBYPROPERTIES('21ePi2msnOpDGeNHcdcls5',#6,$,$,(#3127),#3128);
#3131=IFCRELDEFINESBYPROPERTIES('3eMJgNo9uGzmFb0GeSo074',#6,$,$,(#3127),#3129);
#3132=IFCMAPPEDITEM(#2926,#217);
#3133=IFCSHAPEREPRESENTATION(#15,'Body','MappedRepresentation',(#3132));
#3134=IFCPRODUCTDEFINITIONSHAPE($,$,(#3133));
#3135=IFCCARTESIANPOINT((6329.8931710057595,8101.6079210224925,95.511255305536878));
#3136=IFCAXIS2PLACEMENT3D(#3135,#35,#222);
#3137=IFCLOCALPLACEMENT(#24,#3136);
#3138=IFCBUILDINGELEMENTPROXY('1kkNhPW5XF4BusAPV6zOmC',#6,'Tile:Tile 100.4x100.4 Blue:482273',$,$,#3137,#3134,'482273',$);
#3139=IFCPROPERTYSET('0l5MZ5MufGGB6JU57pJ$D6',#6,'Pset_BuildingElementProxyCommon',$,(#2940));
#3140=IFCPROPERTYSET('14pPQ8JuT9fhJUD_smnaD5',#6,'Pset_QuantityTakeOff',$,(#2940));
#3141=IFCRELDEFINESBYPROPERTIES('11nwCmRPUZKraYCajEgzFf',#6,$,$,(#3138),#3139);
#3142=IFCRELDEFINESBYPROPERTIES('1FS_uRzo8xtW$q0Y7$NiDB',#6,$,$,(#3138),#3140);
#3143=IFCMAPPEDITEM(#2954,#217);
#3144=IFCSHAPEREPRESENTATION(#15,'Body','MappedRepresentation',(#3143));
#3145=IFCPRODUCTDEFINITIONSHAPE($,$,(#3144));
#3146=IFCCARTESIANPOINT((6397.493171005759,8101.6079210224925,95.511255305536665));
#3147=IFCAXIS2PLACEMENT3D(#3146,#35,#222);
#3148=IFCLOCALPLACEMENT(#24,#3147);
#3149=IFCBUILDINGELEMENTPROXY('1kkNhPW5XF4BusAPV6zOmF',#6,'Tile:Tile 100.4x100.4 Blue:482274',$,$,#3148,#3145,'482274',$);
#3150=IFCPROPERTYSET('09e8Dq6JQCNRM15V0ZnMl9',#6,'Pset_BuildingElementProxyCommon',$,(#2940));
#3151=IFCPROPERTYSET('1ayKBvxeA5WHkZIXnZBNHq',#6,'Pset_QuantityTakeOff',$,(#2940));
#3152=IFCRELDEFINESBYPROPERTIES('1tjqTbasLjbY4p_7IAV4ZL',#6,$,$,(#3149),#3150);
#3153=IFCRELDEFINESBYPROPERTIES('2FOMvtsSB6Nino20z$yigB',#6,$,$,(#3149),#3151);
#3154=IFCMAPPEDITEM(#2954,#217);
#3155=IFCSHAPEREPRESENTATION(#15,'Body','MappedRepresentation',(#3154));
#3156=IFCPRODUCTDEFINITIONSHAPE($,$,(#3155));
#3157=IFCCARTESIANPOINT((6499.8931710057586,8101.6079210224925,95.511255305536324));
#3158=IFCAXIS2PLACEMENT3D(#3157,#35,#222);
#3159=IFCLOCALPLACEMENT(#24,#3158);
#3160=IFCBUILDINGELEMENTPROXY('1kkNhPW5XF4BusAPV6zOmE',#6,'Tile:Tile 100.4x100.4 Blue:482275',$,$,#3159,#3156,'482275',$);
#3161=IFCPROPERTYSET('0bS8PcdkwaDpxRD2isOtxz',#6,'Pset_BuildingElementProxyCommon',$,(#2940));
#3162=IFCPROPERTYSET('1JVmhsDRKN9qivTjSXHC0a',#6,'Pset_QuantityTakeOff',$,(#2940));
#3163=IFCRELDEFINESBYPROPERTIES('2oWgWHHbbogS3bEylqlQJW',#6,$,$,(#3160),#3161);
#3164=IFCRELDEFINESBYPROPERTIES('3bWezJsTON2RFxWq3aVyHP',#6,$,$,(#3160),#3162);
#3165=IFCMAPPEDITEM(#2954,#217);
#3166=IFCSHAPEREPRESENTATION(#15,'Body','MappedRepresentation',(#3165));
#3167=IFCPRODUCTDEFINITIONSHAPE($,$,(#3166));
#3168=IFCCARTESIANPOINT((6602.2931710057583,8101.6079210224925,95.511255305536665));
#3169=IFCAXIS2PLACEMENT3D(#3168,#35,#222);
#3170=IFCLOCALPLACEMENT(#24,#3169);
#3171=IFCBUILDINGELEMENTPROXY('1kkNhPW5XF4BusAPV6zOm9',#6,'Tile:Tile 100.4x100.4 Blue:482276',$,$,#3170,#3167,'482276',$);
#3172=IFCPROPERTYSET('3QopBMDmWLXUElxlFkDUcE',#6,'Pset_BuildingElementProxyCommon',$,(#2940));
#3173=IFCPROPERTYSET('0hK3oi$D6g5t23DZBPVCfA',#6,'Pset_QuantityTakeOff',$,(#2940));
#3174=IFCRELDEFINESBYPROPERTIES('0c8r9srOJUiLXsGOWszDEz',#6,$,$,(#3171),#3172);
#3175=IFCRELDEFINESBYPROPERTIES('3OQ5E3XFVepi5f2QE5mQ3U',#6,$,$,(#3171),#3173);
#3176=IFCMAPPEDITEM(#2954,#217);
#3177=IFCSHAPEREPRESENTATION(#15,'Body','MappedRepresentation',(#3176));
#3178=IFCPRODUCTDEFINITIONSHAPE($,$,(#3177));
#3179=IFCCARTESIANPOINT((6704.693171005757,8101.6079210224925,95.511255305536665));
#3180=IFCAXIS2PLACEMENT3D(#3179,#35,#222);
#3181=IFCLOCALPLACEMENT(#24,#3180);
#3182=IFCBUILDINGELEMENTPROXY('1kkNhPW5XF4BusAPV6zOm8',#6,'Tile:Tile 100.4x100.4 Blue:482277',$,$,#3181,#3178,'482277',$);
#3183=IFCPROPERTYSET('1yXV8VR9vy6Y2DZQkXJAvH',#6,'Pset_BuildingElementProxyCommon',$,(#2940));
#3184=IFCPROPERTYSET('3AzTxIxnI5715409wIuGCX',#6,'Pset_QuantityTakeOff',$,(#2940));
#3185=IFCRELDEFINESBYPROPERTIES('1Q4d9gj52fxkIrtPQcf3zy',#6,$,$,(#3182),#3183);
#3186=IFCRELDEFINESBYPROPERTIES('0wvupATB5$D7GfsreCk9l$',#6,$,$,(#3182),#3184);
#3187=IFCMAPPEDITEM(#2954,#217);
#3188=IFCSHAPEREPRESENTATION(#15,'Body','MappedRepresentation',(#3187));
#3189=IFCPRODUCTDEFINITIONSHAPE($,$,(#3188));
#3190=IFCCARTESIANPOINT((6807.0931710057566,8101.6079210224925,95.511255305536665));
#3191=IFCAXIS2PLACEMENT3D(#3190,#35,#222);
#3192=IFCLOCALPLACEMENT(#24,#3191);
#3193=IFCBUILDINGELEMENTPROXY('1kkNhPW5XF4BusAPV6zOmB',#6,'Tile:Tile 100.4x100.4 Blue:482278',$,$,#3192,#3189,'482278',$);
#3194=IFCPROPERTYSET('3vt5OcnOaHQ$gpXZwnHRIu',#6,'Pset_BuildingElementProxyCommon',$,(#2940));
#3195=IFCPROPERTYSET('3T3cmT4RR7yOSFXuAmAfkn',#6,'Pset_QuantityTakeOff',$,(#2940));
#3196=IFCRELDEFINESBYPROPERTIES('22F8GPmotdAERadDLg880P',#6,$,$,(#3193),#3194);
#3197=IFCRELDEFINESBYPROPERTIES('0Efd17YSNzI6jVYvj0aVDF',#6,$,$,(#3193),#3195);
#3198=IFCMAPPEDITEM(#2954,#217);
#3199=IFCSHAPEREPRESENTATION(#15,'Body','MappedRepresentation',(#3198));
#3200=IFCPRODUCTDEFINITIONSHAPE($,$,(#3199));
#3201=IFCCARTESIANPOINT((6909.4931710057563,8101.6079210224925,95.511255305536665));
#3202=IFCAXIS2PLACEMENT3D(#3201,#35,#222);
#3203=IFCLOCALPLACEMENT(#24,#3202);
#3204=IFCBUILDINGELEMENTPROXY('1kkNhPW5XF4BusAPV6zOmA',#6,'Tile:Tile 100.4x100.4 Blue:482279',$,$,#3203,#3200,'482279',$);
#3205=IFCPROPERTYSET('0EYIui9kWHKeTW_l10bNPi',#6,'Pset_BuildingElementProxyCommon',$,(#2940));
#3206=IFCPROPERTYSET('3g51QEup2rQ$DsyxpTvDVD',#6,'Pset_QuantityTakeOff',$,(#2940));
#3207=IFCRELDEFINESBYPROPERTIES('3LEGJbCkhrpsu30VJ7ovNR',#6,$,$,(#3204),#3205);
#3208=IFCRELDEFINESBYPROPERTIES('1Aq8Zt1x9nJ_n7w1XheJJm',#6,$,$,(#3204),#3206);
#3209=IFCMAPPEDITEM(#3031,#217);
#3210=IFCSHAPEREPRESENTATION(#15,'Body','MappedRepresentation',(#3209));
#3211=IFCPRODUCTDEFINITIONSHAPE($,$,(#3210));
#3212=IFCCARTESIANPOINT((7011.8931710057586,8101.6079210224925,95.511255305534704));
#3213=IFCAXIS2PLACEMENT3D(#3212,#35,#222);
#3214=IFCLOCALPLACEMENT(#24,#3213);
#3215=IFCBUILDINGELEMENTPROXY('1kkNhPW5XF4BusAPV6zOm5',#6,'Tile:Tile 100.4x100.4 Blue:482280',$,$,#3214,#3211,'482280',$);
#3216=IFCPROPERTYSET('3bC0fNJz9JIxWDl837d72w',#6,'Pset_BuildingElementProxyCommon',$,(#2940));
#3217=IFCPROPERTYSET('2VzPl9tSOquoIuLY1Q4SAt',#6,'Pset_QuantityTakeOff',$,(#2940));
#3218=IFCRELDEFINESBYPROPERTIES('3qJWlIa4g29vT78jo52dL7',#6,$,$,(#3215),#3216);
#3219=IFCRELDEFINESBYPROPERTIES('2FJ9P31kJuZVis8i3hm6cn',#6,$,$,(#3215),#3217);
#3220=IFCCARTESIANPOINT((3.5527136788005009E-015,0.));
#3221=IFCAXIS2PLACEMENT2D(#3220,#193);
#3222=IFCRECTANGLEPROFILEDEF(.AREA.,'Tile 100.4x100.4 Blue',#3221,65.599999999999994,80.5);
#3223=IFCCARTESIANPOINT((-32.799999999993737,-40.250000000008427,-0.));
#3224=IFCAXIS2PLACEMENT3D(#3223,#34,#222);
#3225=IFCEXTRUDEDAREASOLID(#3222,#3224,#34,6.9999999999999973);
#3226=IFCSTYLEDITEM(#3225,(#2922),$);
#3227=IFCSHAPEREPRESENTATION(#15,'Body','SweptSolid',(#3225));
#3228=IFCAXIS2PLACEMENT3D(#10,$,$);
#3229=IFCREPRESENTATIONMAP(#3228,#3227);
#3230=IFCBUILDINGELEMENTPROXYTYPE('1prwuuYvTDYwb_qq8gB88a',#6,'Tile:Tile 100.4x100.4 Blue',$,$,$,(#3229),'445708',$,.NOTDEFINED.);
#3231=IFCMAPPEDITEM(#3229,#217);
#3232=IFCSHAPEREPRESENTATION(#15,'Body','MappedRepresentation',(#3231));
#3233=IFCPRODUCTDEFINITIONSHAPE($,$,(#3232));
#3234=IFCCARTESIANPOINT((6329.8931710057595,8101.6079210224925,13.011255305536908));
#3235=IFCAXIS2PLACEMENT3D(#3234,#35,#222);
#3236=IFCLOCALPLACEMENT(#24,#3235);
#3237=IFCBUILDINGELEMENTPROXY('1kkNhPW5XF4BusAPV6zOm7',#6,'Tile:Tile 100.4x100.4 Blue:482282',$,$,#3236,#3233,'482282',$);
#3238=IFCPROPERTYSET('2k1KEvci9ok38M1k9R$hE$',#6,'Pset_BuildingElementProxyCommon',$,(#2940));
#3239=IFCPROPERTYSET('1xpavuou2HeDVQIcbFDms1',#6,'Pset_QuantityTakeOff',$,(#2940));
#3240=IFCRELDEFINESBYPROPERTIES('0Q$HZtrfDUB2NAMAIZSvxc',#6,$,$,(#3237),#3238);
#3241=IFCRELDEFINESBYPROPERTIES('1iAm44y7iLBwJHVtPlnPJR',#6,$,$,(#3237),#3239);
#3242=IFCCARTESIANPOINT((0.,0.));
#3243=IFCAXIS2PLACEMENT2D(#3242,#193);
#3244=IFCRECTANGLEPROFILEDEF(.AREA.,'Tile 100.4x100.4 Blue',#3243,80.5,100.40000000000001);
#3245=IFCCARTESIANPOINT((-50.199999999993743,-40.250000000008427,-0.));
#3246=IFCAXIS2PLACEMENT3D(#3245,#34,#35);
#3247=IFCEXTRUDEDAREASOLID(#3244,#3246,#34,6.9999999999999973);
#3248=IFCSTYLEDITEM(#3247,(#2922),$);
#3249=IFCSHAPEREPRESENTATION(#15,'Body','SweptSolid',(#3247));
#3250=IFCAXIS2PLACEMENT3D(#10,$,$);
#3251=IFCREPRESENTATIONMAP(#3250,#3249);
#3252=IFCBUILDINGELEMENTPROXYTYPE('1prwuuYvTDYwb_qq8gB8BY',#6,'Tile:Tile 100.4x100.4 Blue',$,$,$,(#3251),'445708',$,.NOTDEFINED.);
#3253=IFCMAPPEDITEM(#3251,#217);
#3254=IFCSHAPEREPRESENTATION(#15,'Body','MappedRepresentation',(#3253));
#3255=IFCPRODUCTDEFINITIONSHAPE($,$,(#3254));
#3256=IFCCARTESIANPOINT((6397.493171005759,8101.6079210224925,13.011255305536706));
#3257=IFCAXIS2PLACEMENT3D(#3256,#35,#222);
#3258=IFCLOCALPLACEMENT(#24,#3257);
#3259=IFCBUILDINGELEMENTPROXY('1kkNhPW5XF4BusAPV6zOm6',#6,'Tile:Tile 100.4x100.4 Blue:482283',$,$,#3258,#3255,'482283',$);
#3260=IFCPROPERTYSET('3guEXKrulht3ZDlp_GbgxN',#6,'Pset_BuildingElementProxyCommon',$,(#2940));
#3261=IFCPROPERTYSET('03LAYcUMUeDU$sMZbhsnyh',#6,'Pset_QuantityTakeOff',$,(#2940));
#3262=IFCRELDEFINESBYPROPERTIES('0CLMErakipOMim5YBbCw_m',#6,$,$,(#3259),#3260);
#3263=IFCRELDEFINESBYPROPERTIES('1c7SYSsq8Qj727QBfs7_vV',#6,$,$,(#3259),#3261);
#3264=IFCMAPPEDITEM(#3251,#217);
#3265=IFCSHAPEREPRESENTATION(#15,'Body','MappedRepresentation',(#3264));
#3266=IFCPRODUCTDEFINITIONSHAPE($,$,(#3265));
#3267=IFCCARTESIANPOINT((6499.8931710057586,8101.6079210224925,13.011255305536368));
#3268=IFCAXIS2PLACEMENT3D(#3267,#35,#222);
#3269=IFCLOCALPLACEMENT(#24,#3268);
#3270=IFCBUILDINGELEMENTPROXY('1kkNhPW5XF4BusAPV6zOm1',#6,'Tile:Tile 100.4x100.4 Blue:482284',$,$,#3269,#3266,'482284',$);
#3271=IFCPROPERTYSET('3rJE7$_iIZrY$wxW2VT7RX',#6,'Pset_BuildingElementProxyCommon',$,(#2940));
#3272=IFCPROPERTYSET('3GXNmsf03NamisgcW7_9hj',#6,'Pset_QuantityTakeOff',$,(#2940));
#3273=IFCRELDEFINESBYPROPERTIES('3$1w6c51KoA8LWLNSQi0ua',#6,$,$,(#3270),#3271);
#3274=IFCRELDEFINESBYPROPERTIES('1KfRjRBI8ofEMSq8wh$t03',#6,$,$,(#3270),#3272);
#3275=IFCMAPPEDITEM(#3251,#217);
#3276=IFCSHAPEREPRESENTATION(#15,'Body','MappedRepresentation',(#3275));
#3277=IFCPRODUCTDEFINITIONSHAPE($,$,(#3276));
#3278=IFCCARTESIANPOINT((6602.2931710057583,8101.6079210224925,13.011255305536706));
#3279=IFCAXIS2PLACEMENT3D(#3278,#35,#222);
#3280=IFCLOCALPLACEMENT(#24,#3279);
#3281=IFCBUILDINGELEMENTPROXY('1kkNhPW5XF4BusAPV6zOm0',#6,'Tile:Tile 100.4x100.4 Blue:482285',$,$,#3280,#3277,'482285',$);
#3282=IFCPROPERTYSET('3FlBdcUon$kQ6IBebayEXq',#6,'Pset_BuildingElementProxyCommon',$,(#2940));
#3283=IFCPROPERTYSET('1UEXJmEdjJevvL_0tO_zxu',#6,'Pset_QuantityTakeOff',$,(#2940));
#3284=IFCRELDEFINESBYPROPERTIES('1OZ$Hi48EQLFFp$ZIA8nKi',#6,$,$,(#3281),#3282);
#3285=IFCRELDEFINESBYPROPERTIES('1DJqL8TBkb3LFkzEQTTIFC',#6,$,$,(#3281),#3283);
#3286=IFCMAPPEDITEM(#3251,#217);
#3287=IFCSHAPEREPRESENTATION(#15,'Body','MappedRepresentation',(#3286));
#3288=IFCPRODUCTDEFINITIONSHAPE($,$,(#3287));
#3289=IFCCARTESIANPOINT((6704.693171005757,8101.6079210224925,13.011255305536706));
#3290=IFCAXIS2PLACEMENT3D(#3289,#35,#222);
#3291=IFCLOCALPLACEMENT(#24,#3290);
#3292=IFCBUILDINGELEMENTPROXY('1kkNhPW5XF4BusAPV6zOm3',#6,'Tile:Tile 100.4x100.4 Blue:482286',$,$,#3291,#3288,'482286',$);
#3293=IFCPROPERTYSET('1GW9JpA61$QecE0e3ebzTO',#6,'Pset_BuildingElementProxyCommon',$,(#2940));
#3294=IFCPROPERTYSET('1t72Er59RJ1yNvM0vJlyd9',#6,'Pset_QuantityTakeOff',$,(#2940));
#3295=IFCRELDEFINESBYPROPERTIES('0ImzuH5yhovE5bqRYQJlAt',#6,$,$,(#3292),#3293);
#3296=IFCRELDEFINESBYPROPERTIES('2GlBjy$BkgABAzaX3SWem2',#6,$,$,(#3292),#3294);
#3297=IFCMAPPEDITEM(#3251,#217);
#3298=IFCSHAPEREPRESENTATION(#15,'Body','MappedRepresentation',(#3297));
#3299=IFCPRODUCTDEFINITIONSHAPE($,$,(#3298));
#3300=IFCCARTESIANPOINT((6807.0931710057566,8101.6079210224925,13.011255305536706));
#3301=IFCAXIS2PLACEMENT3D(#3300,#35,#222);
#3302=IFCLOCALPLACEMENT(#24,#3301);
#3303=IFCBUILDINGELEMENTPROXY('1kkNhPW5XF4BusAPV6zOm2',#6,'Tile:Tile 100.4x100.4 Blue:482287',$,$,#3302,#3299,'482287',$);
#3304=IFCPROPERTYSET('1gqn_5uqemoFEuTs54LSbv',#6,'Pset_BuildingElementProxyCommon',$,(#2940));
#3305=IFCPROPERTYSET('1nh91GM5KfAFGR42oooog$',#6,'Pset_QuantityTakeOff',$,(#2940));
#3306=IFCRELDEFINESBYPROPERTIES('1G1ZxLI2oancHcP1j7SCDE',#6,$,$,(#3303),#3304);
#3307=IFCRELDEFINESBYPROPERTIES('3j3I_ZhB7jvByPfuk$J75I',#6,$,$,(#3303),#3305);
#3308=IFCMAPPEDITEM(#3251,#217);
#3309=IFCSHAPEREPRESENTATION(#15,'Body','MappedRepresentation',(#3308));
#3310=IFCPRODUCTDEFINITIONSHAPE($,$,(#3309));
#3311=IFCCARTESIANPOINT((6909.4931710057563,8101.6079210224925,13.011255305536706));
#3312=IFCAXIS2PLACEMENT3D(#3311,#35,#222);
#3313=IFCLOCALPLACEMENT(#24,#3312);
#3314=IFCBUILDINGELEMENTPROXY('1kkNhPW5XF4BusAPV6zOmT',#6,'Tile:Tile 100.4x100.4 Blue:482288',$,$,#3313,#3310,'482288',$);
#3315=IFCPROPERTYSET('2_6YMXYNVi8e1umwar_w5F',#6,'Pset_BuildingElementProxyCommon',$,(#2940));
#3316=IFCPROPERTYSET('3Xkt8Jm9TdWXbElk9d1ZDh',#6,'Pset_QuantityTakeOff',$,(#2940));
#3317=IFCRELDEFINESBYPROPERTIES('3HieTigKAN8IFkH6lcAJDs',#6,$,$,(#3314),#3315);
#3318=IFCRELDEFINESBYPROPERTIES('3cGOt8eeDaX4a0zM4slsOp',#6,$,$,(#3314),#3316);
#3319=IFCCARTESIANPOINT((0.,0.));
#3320=IFCAXIS2PLACEMENT2D(#3319,#193);
#3321=IFCRECTANGLEPROFILEDEF(.AREA.,'Tile 100.4x100.4 Blue',#3320,66.600000000000009,80.5);
#3322=IFCCARTESIANPOINT((-33.299999999993744,-40.250000000008427,-0.));
#3323=IFCAXIS2PLACEMENT3D(#3322,#34,#222);
#3324=IFCEXTRUDEDAREASOLID(#3321,#3323,#34,6.9999999999999973);
#3325=IFCSTYLEDITEM(#3324,(#2922),$);
#3326=IFCSHAPEREPRESENTATION(#15,'Body','SweptSolid',(#3324));
#3327=IFCAXIS2PLACEMENT3D(#10,$,$);
#3328=IFCREPRESENTATIONMAP(#3327,#3326);
#3329=IFCBUILDINGELEMENTPROXYTYPE('1prwuuYvTDYwb_qq8gB8BX',#6,'Tile:Tile 100.4x100.4 Blue',$,$,$,(#3328),'445708',$,.NOTDEFINED.);
#3330=IFCMAPPEDITEM(#3328,#217);
#3331=IFCSHAPEREPRESENTATION(#15,'Body','MappedRepresentation',(#3330));
#3332=IFCPRODUCTDEFINITIONSHAPE($,$,(#3331));
#3333=IFCCARTESIANPOINT((7011.8931710057586,8101.6079210224925,13.011255305534743));
#3334=IFCAXIS2PLACEMENT3D(#3333,#35,#222);
#3335=IFCLOCALPLACEMENT(#24,#3334);
#3336=IFCBUILDINGELEMENTPROXY('1kkNhPW5XF4BusAPV6zOmS',#6,'Tile:Tile 100.4x100.4 Blue:482289',$,$,#3335,#3332,'482289',$);
#3337=IFCPROPERTYSET('3RKQcb1molRTzvd$JNN4yx',#6,'Pset_BuildingElementProxyCommon',$,(#2940));
#3338=IFCPROPERTYSET('0eAeXTyVPD2WG1Cb6g5has',#6,'Pset_QuantityTakeOff',$,(#2940));
#3339=IFCRELDEFINESBYPROPERTIES('36yNlaKnNO9OF$11bCQJ2h',#6,$,$,(#3336),#3337);
#3340=IFCRELDEFINESBYPROPERTIES('3hNfThXYV_oMhbnpWpxZDo',#6,$,$,(#3336),#3338);
#3341=IFCMAPPEDITEM(#2926,#217);
#3342=IFCSHAPEREPRESENTATION(#15,'Body','MappedRepresentation',(#3341));
#3343=IFCPRODUCTDEFINITIONSHAPE($,$,(#3342));
#3344=IFCCARTESIANPOINT((6329.8931710057595,8101.6079210224925,197.91125530553688));
#3345=IFCAXIS2PLACEMENT3D(#3344,#35,#222);
#3346=IFCLOCALPLACEMENT(#24,#3345);
#3347=IFCBUILDINGELEMENTPROXY('1kkNhPW5XF4BusAPV6zOmU',#6,'Tile:Tile 100.4x100.4 Blue:482291',$,$,#3346,#3343,'482291',$);
#3348=IFCPROPERTYSET('0CxOc0ItYNoSWU7WeAEFg$',#6,'Pset_BuildingElementProxyCommon',$,(#2940));
#3349=IFCPROPERTYSET('229zBgtnBN5b35S4ozwUie',#6,'Pset_QuantityTakeOff',$,(#2940));
#3350=IFCRELDEFINESBYPROPERTIES('1sr9dnvIY1yZedfYVlyFND',#6,$,$,(#3347),#3348);
#3351=IFCRELDEFINESBYPROPERTIES('1QDucNibFnm1ZJXgiPHKu4',#6,$,$,(#3347),#3349);
#3352=IFCMAPPEDITEM(#2954,#217);
#3353=IFCSHAPEREPRESENTATION(#15,'Body','MappedRepresentation',(#3352));
#3354=IFCPRODUCTDEFINITIONSHAPE($,$,(#3353));
#3355=IFCCARTESIANPOINT((6397.493171005759,8101.6079210224925,197.91125530553668));
#3356=IFCAXIS2PLACEMENT3D(#3355,#35,#222);
#3357=IFCLOCALPLACEMENT(#24,#3356);
#3358=IFCBUILDINGELEMENTPROXY('1kkNhPW5XF4BusAPV6zOmP',#6,'Tile:Tile 100.4x100.4 Blue:482292',$,$,#3357,#3354,'482292',$);
#3359=IFCPROPERTYSET('2I5sU9$UzQOS3dsv1K9Vfn',#6,'Pset_BuildingElementProxyCommon',$,(#2940));
#3360=IFCPROPERTYSET('1Mdk_Sme88lCkzwhLxUAC0',#6,'Pset_QuantityTakeOff',$,(#2940));
#3361=IFCRELDEFINESBYPROPERTIES('2DX6SgwZtkuBsue0F7WJ30',#6,$,$,(#3358),#3359);
#3362=IFCRELDEFINESBYPROPERTIES('0C2aGHzHCDG30HooA2doa7',#6,$,$,(#3358),#3360);
#3363=IFCMAPPEDITEM(#2954,#217);
#3364=IFCSHAPEREPRESENTATION(#15,'Body','MappedRepresentation',(#3363));
#3365=IFCPRODUCTDEFINITIONSHAPE($,$,(#3364));
#3366=IFCCARTESIANPOINT((6499.8931710057586,8101.6079210224925,197.91125530553634));
#3367=IFCAXIS2PLACEMENT3D(#3366,#35,#222);
#3368=IFCLOCALPLACEMENT(#24,#3367);
#3369=IFCBUILDINGELEMENTPROXY('1kkNhPW5XF4BusAPV6zOmO',#6,'Tile:Tile 100.4x100.4 Blue:482293',$,$,#3368,#3365,'482293',$);
#3370=IFCPROPERTYSET('3xRYe_ToHQ0wCnASjwx2G0',#6,'Pset_BuildingElementProxyCommon',$,(#2940));
#3371=IFCPROPERTYSET('2YusrNwrB0rlBl100fgLpF',#6,'Pset_QuantityTakeOff',$,(#2940));
#3372=IFCRELDEFINESBYPROPERTIES('0FX$ShWMEiSc8sz3akXzB6',#6,$,$,(#3369),#3370);
#3373=IFCRELDEFINESBYPROPERTIES('3BRmOZROD2m2Id4P$lzfsb',#6,$,$,(#3369),#3371);
#3374=IFCMAPPEDITEM(#2954,#217);
#3375=IFCSHAPEREPRESENTATION(#15,'Body','MappedRepresentation',(#3374));
#3376=IFCPRODUCTDEFINITIONSHAPE($,$,(#3375));
#3377=IFCCARTESIANPOINT((6602.2931710057583,8101.6079210224925,197.91125530553668));
#3378=IFCAXIS2PLACEMENT3D(#3377,#35,#222);
#3379=IFCLOCALPLACEMENT(#24,#3378);
#3380=IFCBUILDINGELEMENTPROXY('1kkNhPW5XF4BusAPV6zOmR',#6,'Tile:Tile 100.4x100.4 Blue:482294',$,$,#3379,#3376,'482294',$);
#3381=IFCPROPERTYSET('1DeO_pZK21ok198lYbVR5D',#6,'Pset_BuildingElementProxyCommon',$,(#2940));
#3382=IFCPROPERTYSET('1jbSVMyJlMBuzA3mWTZ29J',#6,'Pset_QuantityTakeOff',$,(#2940));
#3383=IFCRELDEFINESBYPROPERTIES('0lOiL3fwF2PKLIKoIe_aDt',#6,$,$,(#3380),#3381);
#3384=IFCRELDEFINESBYPROPERTIES('2tGsWk1kDU1kXMOGrjEhI_',#6,$,$,(#3380),#3382);
#3385=IFCMAPPEDITEM(#2954,#217);
#3386=IFCSHAPEREPRESENTATION(#15,'Body','MappedRepresentation',(#3385));
#3387=IFCPRODUCTDEFINITIONSHAPE($,$,(#3386));
#3388=IFCCARTESIANPOINT((6704.693171005757,8101.6079210224925,197.91125530553668));
#3389=IFCAXIS2PLACEMENT3D(#3388,#35,#222);
#3390=IFCLOCALPLACEMENT(#24,#3389);
#3391=IFCBUILDINGELEMENTPROXY('1kkNhPW5XF4BusAPV6zOmQ',#6,'Tile:Tile 100.4x100.4 Blue:482295',$,$,#3390,#3387,'482295',$);
#3392=IFCPROPERTYSET('1cuXwfKfmdL8Bb2$Ns4jyB',#6,'Pset_BuildingElementProxyCommon',$,(#2940));
#3393=IFCPROPERTYSET('2MsF6gBdeJrZdM_BAN_bHT',#6,'Pset_QuantityTakeOff',$,(#2940));
#3394=IFCRELDEFINESBYPROPERTIES('0xHlW8ooT78UvWEVSuBse1',#6,$,$,(#3391),#3392);
#3395=IFCRELDEFINESBYPROPERTIES('2hf76a_MXLjlommr6T7sUa',#6,$,$,(#3391),#3393);
#3396=IFCMAPPEDITEM(#2954,#217);
#3397=IFCSHAPEREPRESENTATION(#15,'Body','MappedRepresentation',(#3396));
#3398=IFCPRODUCTDEFINITIONSHAPE($,$,(#3397));
#3399=IFCCARTESIANPOINT((6807.0931710057566,8101.6079210224925,197.91125530553668));
#3400=IFCAXIS2PLACEMENT3D(#3399,#35,#222);
#3401=IFCLOCALPLACEMENT(#24,#3400);
#3402=IFCBUILDINGELEMENTPROXY('1kkNhPW5XF4BusAPV6zOmL',#6,'Tile:Tile 100.4x100.4 Blue:482296',$,$,#3401,#3398,'482296',$);
#3403=IFCPROPERTYSET('3Q9fwjITurNEZmvS9xj0cL',#6,'Pset_BuildingElementProxyCommon',$,(#2940));
#3404=IFCPROPERTYSET('3nCwNcQRgLefVhN1VHZUWr',#6,'Pset_QuantityTakeOff',$,(#2940));
#3405=IFCRELDEFINESBYPROPERTIES('3sBOoJ9I_HNBhq2HHcQ5Eo',#6,$,$,(#3402),#3403);
#3406=IFCRELDEFINESBYPROPERTIES('2LVV6EgC2us1_yziEetEU1',#6,$,$,(#3402),#3404);
#3407=IFCMAPPEDITEM(#2954,#217);
#3408=IFCSHAPEREPRESENTATION(#15,'Body','MappedRepresentation',(#3407));
#3409=IFCPRODUCTDEFINITIONSHAPE($,$,(#3408));
#3410=IFCCARTESIANPOINT((6909.4931710057563,8101.6079210224925,197.91125530553668));
#3411=IFCAXIS2PLACEMENT3D(#3410,#35,#222);
#3412=IFCLOCALPLACEMENT(#24,#3411);
#3413=IFCBUILDINGELEMENTPROXY('1kkNhPW5XF4BusAPV6zOmK',#6,'Tile:Tile 100.4x100.4 Blue:482297',$,$,#3412,#3409,'482297',$);
#3414=IFCPROPERTYSET('3wcPfDH3g3WAJ9D27apPuc',#6,'Pset_BuildingElementProxyCommon',$,(#2940));
#3415=IFCPROPERTYSET('2B_F14tR5tc9JT8uFALnYe',#6,'Pset_QuantityTakeOff',$,(#2940));
#3416=IFCRELDEFINESBYPROPERTIES('0_7h3DBs$buM85kNSs9K8n',#6,$,$,(#3413),#3414);
#3417=IFCRELDEFINESBYPROPERTIES('3AIv226pJiCrSq3XLcNlZ7',#6,$,$,(#3413),#3415);
#3418=IFCMAPPEDITEM(#3031,#217);
#3419=IFCSHAPEREPRESENTATION(#15,'Body','MappedRepresentation',(#3418));
#3420=IFCPRODUCTDEFINITIONSHAPE($,$,(#3419));
#3421=IFCCARTESIANPOINT((7011.8931710057586,8101.6079210224925,197.9112553055347));
#3422=IFCAXIS2PLACEMENT3D(#3421,#35,#222);
#3423=IFCLOCALPLACEMENT(#24,#3422);
#3424=IFCBUILDINGELEMENTPROXY('1kkNhPW5XF4BusAPV6zOmN',#6,'Tile:Tile 100.4x100.4 Blue:482298',$,$,#3423,#3420,'482298',$);
#3425=IFCPROPERTYSET('2mjnR3LtmfMMDzYGZjj3$j',#6,'Pset_BuildingElementProxyCommon',$,(#2940));
#3426=IFCPROPERTYSET('1hFE55n4HZHZn0uWLFVSeV',#6,'Pset_QuantityTakeOff',$,(#2940));
#3427=IFCRELDEFINESBYPROPERTIES('2FlPMJbT7DHK6kkcwC5i4e',#6,$,$,(#3424),#3425);
#3428=IFCRELDEFINESBYPROPERTIES('1IW9yPlUP0qI_FuAe6bAfM',#6,$,$,(#3424),#3426);
#3429=IFCCARTESIANPOINT((5.4156679141215136E-013,0.));
#3430=IFCAXIS2PLACEMENT2D(#3429,#193);
#3431=IFCRECTANGLEPROFILEDEF(.AREA.,'Tile Red',#3430,6.999999999999492,91.000000000607372);
#3432=IFCCARTESIANPOINT((7132.9931710054334,7929.163117691849,-0.));
#3433=IFCAXIS2PLACEMENT3D(#3432,#34,#1707);
#3434=IFCEXTRUDEDAREASOLID(#3431,#3433,#34,297.53040551383447);
#3435=IFCSTYLEDITEM(#3434,(#823),$);
#3436=IFCSHAPEREPRESENTATION(#15,'Body','SweptSolid',(#3434));
#3437=IFCAXIS2PLACEMENT3D(#10,$,$);
#3438=IFCREPRESENTATIONMAP(#3437,#3436);
#3439=IFCBUILDINGELEMENTPROXYTYPE('1kkNhPW5XF4BusAPV6zOae',#6,'Tile Red22:Tile Red',$,$,$,(#3438),'483013',$,.NOTDEFINED.);
#3440=IFCMAPPEDITEM(#3438,#217);
#3441=IFCSHAPEREPRESENTATION(#15,'Body','MappedRepresentation',(#3440));
#3442=IFCPRODUCTDEFINITIONSHAPE($,$,(#3441));
#3443=IFCCARTESIANPOINT((-2.,-2.,12.993808048548404));
#3444=IFCAXIS2PLACEMENT3D(#3443,$,$);
#3445=IFCLOCALPLACEMENT(#24,#3444);
#3446=IFCBUILDINGELEMENTPROXY('1kkNhPW5XF4BusAPV6zOag',#6,'Tile Red22:Tile Red:483015',$,$,#3445,#3442,'483015',$);
#3447=IFCPROPERTYSET('0HnzZfK9eOe91h429X4JAS',#6,'Pset_BuildingElementProxyCommon',$,(#840));
#3448=IFCPROPERTYSET('3Sw8QEj7HYI9l3xFAE4g3I',#6,'Pset_QuantityTakeOff',$,(#840));
#3449=IFCRELDEFINESBYPROPERTIES('2Ojmj9uxsNYJSblnFjrt8b',#6,$,$,(#3446),#3447);
#3450=IFCRELDEFINESBYPROPERTIES('2CfRjDOYk7X42dtZAFPP1c',#6,$,$,(#3446),#3448);
#3451=IFCCARTESIANPOINT((5.4156679141215136E-013,5.4356519285647664E-013));
#3452=IFCAXIS2PLACEMENT2D(#3451,#193);
#3453=IFCRECTANGLEPROFILEDEF(.AREA.,'Tile Red',#3452,6.999999999999492,91.000000000608452);
#3454=IFCCARTESIANPOINT((7132.9931710054334,7929.163117691849,1.9838080485347258));
#3455=IFCAXIS2PLACEMENT3D(#3454,#34,#1707);
#3456=IFCEXTRUDEDAREASOLID(#3453,#3455,#34,450.69999999999987);
#3457=IFCSTYLEDITEM(#3456,(#823),$);
#3458=IFCSHAPEREPRESENTATION(#15,'Body','SweptSolid',(#3456));
#3459=IFCAXIS2PLACEMENT3D(#10,$,$);
#3460=IFCREPRESENTATIONMAP(#3459,#3458);
#3461=IFCBUILDINGELEMENTPROXYTYPE('1kkNhPW5XF4BusAPV6zOa_',#6,'Tile Red23:Tile Red',$,$,$,(#3460),'483027',$,.NOTDEFINED.);
#3462=IFCMAPPEDITEM(#3460,#217);
#3463=IFCSHAPEREPRESENTATION(#15,'Body','MappedRepresentation',(#3462));
#3464=IFCPRODUCTDEFINITIONSHAPE($,$,(#3463));
#3465=IFCCARTESIANPOINT((-2.,-2.,310.54040551384816));
#3466=IFCAXIS2PLACEMENT3D(#3465,$,$);
#3467=IFCLOCALPLACEMENT(#24,#3466);
#3468=IFCBUILDINGELEMENTPROXY('1kkNhPW5XF4BusAPV6zOau',#6,'Tile Red23:Tile Red:483029',$,$,#3467,#3464,'483029',$);
#3469=IFCPROPERTYSET('3fYzimsLicfDEYP0ihc5g7',#6,'Pset_BuildingElementProxyCommon',$,(#840));
#3470=IFCPROPERTYSET('1P3zHXPRaBRoeL1omFs8Wf',#6,'Pset_QuantityTakeOff',$,(#840));
#3471=IFCRELDEFINESBYPROPERTIES('2mzlOrlKb5HTiqpEFB9$Kt',#6,$,$,(#3468),#3469);
#3472=IFCRELDEFINESBYPROPERTIES('3GSYCLCRr0a9hcspK_6NCD',#6,$,$,(#3468),#3470);
#3473=IFCCARTESIANPOINT((5.4156679141215136E-013,0.));
#3474=IFCAXIS2PLACEMENT2D(#3473,#193);
#3475=IFCRECTANGLEPROFILEDEF(.AREA.,'Tile Red',#3474,6.999999999999492,91.000000000605212);
#3476=IFCCARTESIANPOINT((7132.9931710054343,7929.163117691849,9.6838080485354112));
#3477=IFCAXIS2PLACEMENT3D(#3476,#34,#1707);
#3478=IFCEXTRUDEDAREASOLID(#3475,#3477,#34,450.69999999999999);
#3479=IFCSTYLEDITEM(#3478,(#823),$);
#3480=IFCSHAPEREPRESENTATION(#15,'Body','SweptSolid',(#3478));
#3481=IFCAXIS2PLACEMENT3D(#10,$,$);
#3482=IFCREPRESENTATIONMAP(#3481,#3480);
#3483=IFCBUILDINGELEMENTPROXYTYPE('1kkNhPW5XF4BusAPV6zOaC',#6,'Tile Red24:Tile Red',$,$,$,(#3482),'483041',$,.NOTDEFINED.);
#3484=IFCMAPPEDITEM(#3482,#217);
#3485=IFCSHAPEREPRESENTATION(#15,'Body','MappedRepresentation',(#3484));
#3486=IFCPRODUCTDEFINITIONSHAPE($,$,(#3485));
#3487=IFCCARTESIANPOINT((-2.,-2.,755.54040551384799));
#3488=IFCAXIS2PLACEMENT3D(#3487,$,$);
#3489=IFCLOCALPLACEMENT(#24,#3488);
#3490=IFCBUILDINGELEMENTPROXY('1kkNhPW5XF4BusAPV6zOaE',#6,'Tile Red24:Tile Red:483043',$,$,#3489,#3486,'483043',$);
#3491=IFCPROPERTYSET('2Wz9ufshMqXss883yJaZ17',#6,'Pset_BuildingElementProxyCommon',$,(#840));
#3492=IFCPROPERTYSET('2uCYrjouaIozQSwbShs6oG',#6,'Pset_QuantityTakeOff',$,(#840));
#3493=IFCRELDEFINESBYPROPERTIES('0DZ5roLjkxImu4UTcx6DQ7',#6,$,$,(#3490),#3491);
#3494=IFCRELDEFINESBYPROPERTIES('2pNO8ZOXTcpKa0wYHGARV6',#6,$,$,(#3490),#3492);
#3495=IFCCARTESIANPOINT((5.4156679141215136E-013,5.4001247917767614E-013));
#3496=IFCAXIS2PLACEMENT2D(#3495,#193);
#3497=IFCRECTANGLEPROFILEDEF(.AREA.,'Tile Red',#3496,6.999999999999492,91.000000000606292);
#3498=IFCCARTESIANPOINT((7132.9931710054343,7929.163117691849,22.383808048535368));
#3499=IFCAXIS2PLACEMENT3D(#3498,#34,#1707);
#3500=IFCEXTRUDEDAREASOLID(#3497,#3499,#34,449.28578643762665);
#3501=IFCSTYLEDITEM(#3500,(#823),$);
#3502=IFCSHAPEREPRESENTATION(#15,'Body','SweptSolid',(#3500));
#3503=IFCAXIS2PLACEMENT3D(#10,$,$);
#3504=IFCREPRESENTATIONMAP(#3503,#3502);
#3505=IFCBUILDINGELEMENTPROXYTYPE('1kkNhPW5XF4BusAPV6zOa2',#6,'Tile Red25:Tile Red',$,$,$,(#3504),'483055',$,.NOTDEFINED.);
#3506=IFCMAPPEDITEM(#3504,#217);
#3507=IFCSHAPEREPRESENTATION(#15,'Body','MappedRepresentation',(#3506));
#3508=IFCPRODUCTDEFINITIONSHAPE($,$,(#3507));
#3509=IFCCARTESIANPOINT((-2.,-2.,1195.5404055138481));
#3510=IFCAXIS2PLACEMENT3D(#3509,$,$);
#3511=IFCLOCALPLACEMENT(#24,#3510);
#3512=IFCBUILDINGELEMENTPROXY('1kkNhPW5XF4BusAPV6zOaS',#6,'Tile Red25:Tile Red:483057',$,$,#3511,#3508,'483057',$);
#3513=IFCPROPERTYSET('1JUkOfgxHDrdlDAlT_rr_e',#6,'Pset_BuildingElementProxyCommon',$,(#840));
#3514=IFCPROPERTYSET('1V0PI2$eNPP70EXshmJEnc',#6,'Pset_QuantityTakeOff',$,(#840));
#3515=IFCRELDEFINESBYPROPERTIES('0hlzvQNxaAV8jm5CJp4m2Q',#6,$,$,(#3512),#3513);
#3516=IFCRELDEFINESBYPROPERTIES('012Jpbz4d1ELJV569_xf4K',#6,$,$,(#3512),#3514);
#3517=IFCCARTESIANPOINT((0.,0.));
#3518=IFCAXIS2PLACEMENT2D(#3517,#193);
#3519=IFCRECTANGLEPROFILEDEF(.AREA.,'Tile 100.4x100.4 Blue',#3518,100.40000000000001,100.40000000000001);
#3520=IFCCARTESIANPOINT((-50.199999999993743,-50.200000000008423,-0.));
#3521=IFCAXIS2PLACEMENT3D(#3520,#34,#35);
#3522=IFCEXTRUDEDAREASOLID(#3519,#3521,#34,6.9999999999999973);
#3523=IFCSTYLEDITEM(#3522,(#2922),$);
#3524=IFCSHAPEREPRESENTATION(#15,'Body','SweptSolid',(#3522));
#3525=IFCAXIS2PLACEMENT3D(#10,$,$);
#3526=IFCREPRESENTATIONMAP(#3525,#3524);
#3527=IFCBUILDINGELEMENTPROXYTYPE('1zzk4Pvb51xAijoPDrx4iZ',#6,'Tile:Tile 100.4x100.4 Blue',$,$,$,(#3526),'445708',$,.NOTDEFINED.);
#3528=IFCMAPPEDITEM(#3526,#217);
#3529=IFCSHAPEREPRESENTATION(#15,'Body','MappedRepresentation',(#3528));
#3530=IFCPRODUCTDEFINITIONSHAPE($,$,(#3529));
#3531=IFCCARTESIANPOINT((7184.4931710057399,7722.0631176918378,146.21000000000109));
#3532=IFCAXIS2PLACEMENT3D(#3531,#222,#1707);
#3533=IFCLOCALPLACEMENT(#24,#3532);
#3534=IFCBUILDINGELEMENTPROXY('1kkNhPW5XF4BusAPV6zRLc',#6,'Tile:Tile 100.4x100.4 Blue:483979',$,$,#3533,#3530,'483979',$);
#3535=IFCPROPERTYSET('0PDZ1dg0zgXYnOG6QsBUnh',#6,'Pset_BuildingElementProxyCommon',$,(#2940));
#3536=IFCPROPERTYSET('2As9$9yigGIJSHJHp0w5zr',#6,'Pset_QuantityTakeOff',$,(#2940));
#3537=IFCRELDEFINESBYPROPERTIES('2d$vsEpZdVpKByau7Rd1_z',#6,$,$,(#3534),#3535);
#3538=IFCRELDEFINESBYPROPERTIES('03gpcN$CKVo4ET_PqdB7vH',#6,$,$,(#3534),#3536);
#3539=IFCMAPPEDITEM(#3526,#217);
#3540=IFCSHAPEREPRESENTATION(#15,'Body','MappedRepresentation',(#3539));
#3541=IFCPRODUCTDEFINITIONSHAPE($,$,(#3540));
#3542=IFCCARTESIANPOINT((7184.493171005739,7619.6631176918299,146.21000000000075));
#3543=IFCAXIS2PLACEMENT3D(#3542,#222,#1707);
#3544=IFCLOCALPLACEMENT(#24,#3543);
#3545=IFCBUILDINGELEMENTPROXY('1kkNhPW5XF4BusAPV6zRLX',#6,'Tile:Tile 100.4x100.4 Blue:483980',$,$,#3544,#3541,'483980',$);
#3546=IFCPROPERTYSET('3LQCos1BLbAp4JsxG_UiYl',#6,'Pset_BuildingElementProxyCommon',$,(#2940));
#3547=IFCPROPERTYSET('1jE2nqw9DYw1YEA4TEfEXK',#6,'Pset_QuantityTakeOff',$,(#2940));
#3548=IFCRELDEFINESBYPROPERTIES('0GYGtQOcrFo7T2FXz$ZWoc',#6,$,$,(#3545),#3546);
#3549=IFCRELDEFINESBYPROPERTIES('2_reFBlKH1prhwhNCr1EwB',#6,$,$,(#3545),#3547);
#3550=IFCMAPPEDITEM(#3526,#217);
#3551=IFCSHAPEREPRESENTATION(#15,'Body','MappedRepresentation',(#3550));
#3552=IFCPRODUCTDEFINITIONSHAPE($,$,(#3551));
#3553=IFCCARTESIANPOINT((7184.4931710057399,7722.0631176918378,248.60999999999791));
#3554=IFCAXIS2PLACEMENT3D(#3553,#222,#1707);
#3555=IFCLOCALPLACEMENT(#24,#3554);
#3556=IFCBUILDINGELEMENTPROXY('1kkNhPW5XF4BusAPV6zRLW',#6,'Tile:Tile 100.4x100.4 Blue:483981',$,$,#3555,#3552,'483981',$);
#3557=IFCPROPERTYSET('1ST0x7S1EEAbsUMwtmQTkA',#6,'Pset_BuildingElementProxyCommon',$,(#2940));
#3558=IFCPROPERTYSET('0A6z4A5djvq$D4brVyXJu5',#6,'Pset_QuantityTakeOff',$,(#2940));
#3559=IFCRELDEFINESBYPROPERTIES('35smwC1TFhQvfSWqDc1hsa',#6,$,$,(#3556),#3557);
#3560=IFCRELDEFINESBYPROPERTIES('0JuvdZzNqpfqqL_mIZH0p$',#6,$,$,(#3556),#3558);
#3561=IFCMAPPEDITEM(#3526,#217);
#3562=IFCSHAPEREPRESENTATION(#15,'Body','MappedRepresentation',(#3561));
#3563=IFCPRODUCTDEFINITIONSHAPE($,$,(#3562));
#3564=IFCCARTESIANPOINT((7184.493171005739,7619.6631176918299,248.60999999999757));
#3565=IFCAXIS2PLACEMENT3D(#3564,#222,#1707);
#3566=IFCLOCALPLACEMENT(#24,#3565);
#3567=IFCBUILDINGELEMENTPROXY('1kkNhPW5XF4BusAPV6zRLZ',#6,'Tile:Tile 100.4x100.4 Blue:483982',$,$,#3566,#3563,'483982',$);
#3568=IFCPROPERTYSET('09ZE3HQczPz7$$VRnj3C4C',#6,'Pset_BuildingElementProxyCommon',$,(#2940));
#3569=IFCPROPERTYSET('0GziwyqNCdA1t7HYGS4_PL',#6,'Pset_QuantityTakeOff',$,(#2940));
#3570=IFCRELDEFINESBYPROPERTIES('1G_XUDlrUy8RqXyKZs9p9r',#6,$,$,(#3567),#3568);
#3571=IFCRELDEFINESBYPROPERTIES('1i8VM_9IezvQFxZyHQo$we',#6,$,$,(#3567),#3569);
#3572=IFCMAPPEDITEM(#3526,#217);
#3573=IFCSHAPEREPRESENTATION(#15,'Body','MappedRepresentation',(#3572));
#3574=IFCPRODUCTDEFINITIONSHAPE($,$,(#3573));
#3575=IFCCARTESIANPOINT((7184.4931710057399,7722.0631176918378,351.0099999999947));
#3576=IFCAXIS2PLACEMENT3D(#3575,#222,#1707);
#3577=IFCLOCALPLACEMENT(#24,#3576);
#3578=IFCBUILDINGELEMENTPROXY('1kkNhPW5XF4BusAPV6zRLY',#6,'Tile:Tile 100.4x100.4 Blue:483983',$,$,#3577,#3574,'483983',$);
#3579=IFCPROPERTYSET('2tG1HeSuKSU_hC7N_hf_tg',#6,'Pset_BuildingElementProxyCommon',$,(#2940));
#3580=IFCPROPERTYSET('0cmqje$N1nJQ_EWzMCbOMt',#6,'Pset_QuantityTakeOff',$,(#2940));
#3581=IFCRELDEFINESBYPROPERTIES('2u3Yul3HlqkM51byZ9EKj$',#6,$,$,(#3578),#3579);
#3582=IFCRELDEFINESBYPROPERTIES('0o9Sjys3hViWggRchsT81Q',#6,$,$,(#3578),#3580);
#3583=IFCMAPPEDITEM(#3526,#217);
#3584=IFCSHAPEREPRESENTATION(#15,'Body','MappedRepresentation',(#3583));
#3585=IFCPRODUCTDEFINITIONSHAPE($,$,(#3584));
#3586=IFCCARTESIANPOINT((7184.493171005739,7619.6631176918299,351.00999999999436));
#3587=IFCAXIS2PLACEMENT3D(#3586,#222,#1707);
#3588=IFCLOCALPLACEMENT(#24,#3587);
#3589=IFCBUILDINGELEMENTPROXY('1kkNhPW5XF4BusAPV6zRLz',#6,'Tile:Tile 100.4x100.4 Blue:483984',$,$,#3588,#3585,'483984',$);
#3590=IFCPROPERTYSET('2CK7B9zPaJriIIHeFSwZCW',#6,'Pset_BuildingElementProxyCommon',$,(#2940));
#3591=IFCPROPERTYSET('0L1hF1zFENNGQnjhMcgcWI',#6,'Pset_QuantityTakeOff',$,(#2940));
#3592=IFCRELDEFINESBYPROPERTIES('0jDsTgN53IS_pEltyVIeO9',#6,$,$,(#3589),#3590);
#3593=IFCRELDEFINESBYPROPERTIES('22Ki5xWI2gq2HTkHZz_jbh',#6,$,$,(#3589),#3591);
#3594=IFCMAPPEDITEM(#3526,#217);
#3595=IFCSHAPEREPRESENTATION(#15,'Body','MappedRepresentation',(#3594));
#3596=IFCPRODUCTDEFINITIONSHAPE($,$,(#3595));
#3597=IFCCARTESIANPOINT((7184.4931710057399,7722.0631176918378,453.4099999999915));
#3598=IFCAXIS2PLACEMENT3D(#3597,#222,#1707);
#3599=IFCLOCALPLACEMENT(#24,#3598);
#3600=IFCBUILDINGELEMENTPROXY('1kkNhPW5XF4BusAPV6zRLy',#6,'Tile:Tile 100.4x100.4 Blue:483985',$,$,#3599,#3596,'483985',$);
#3601=IFCPROPERTYSET('1Kkp3mn_0fpxEPe72zkdJ0',#6,'Pset_BuildingElementProxyCommon',$,(#2940));
#3602=IFCPROPERTYSET('3a7jcqAPzOxKca_kqjlELG',#6,'Pset_QuantityTakeOff',$,(#2940));
#3603=IFCRELDEFINESBYPROPERTIES('0SN5BZNSY89UDXwyc0DPe6',#6,$,$,(#3600),#3601);
#3604=IFCRELDEFINESBYPROPERTIES('2nbzxVUfpHb$brCj0zD9fU',#6,$,$,(#3600),#3602);
#3605=IFCMAPPEDITEM(#3526,#217);
#3606=IFCSHAPEREPRESENTATION(#15,'Body','MappedRepresentation',(#3605));
#3607=IFCPRODUCTDEFINITIONSHAPE($,$,(#3606));
#3608=IFCCARTESIANPOINT((7184.493171005739,7619.6631176918299,453.40999999999116));
#3609=IFCAXIS2PLACEMENT3D(#3608,#222,#1707);
#3610=IFCLOCALPLACEMENT(#24,#3609);
#3611=IFCBUILDINGELEMENTPROXY('1kkNhPW5XF4BusAPV6zRL$',#6,'Tile:Tile 100.4x100.4 Blue:483986',$,$,#3610,#3607,'483986',$);
#3612=IFCPROPERTYSET('0mGQh6LyuSniW_jGGo5oDD',#6,'Pset_BuildingElementProxyCommon',$,(#2940));
#3613=IFCPROPERTYSET('3lU55FSVXcjA_oJ8IPS4Im',#6,'Pset_QuantityTakeOff',$,(#2940));
#3614=IFCRELDEFINESBYPROPERTIES('0GUTOWf6tFvtPJ5Gkk6OxT',#6,$,$,(#3611),#3612);
#3615=IFCRELDEFINESBYPROPERTIES('2hrFyWJoNOi2suC5c4isWa',#6,$,$,(#3611),#3613);
#3616=IFCMAPPEDITEM(#3526,#217);
#3617=IFCSHAPEREPRESENTATION(#15,'Body','MappedRepresentation',(#3616));
#3618=IFCPRODUCTDEFINITIONSHAPE($,$,(#3617));
#3619=IFCCARTESIANPOINT((7184.4931710057399,7722.0631176918378,555.80999999998835));
#3620=IFCAXIS2PLACEMENT3D(#3619,#222,#1707);
#3621=IFCLOCALPLACEMENT(#24,#3620);
#3622=IFCBUILDINGELEMENTPROXY('1kkNhPW5XF4BusAPV6zRL_',#6,'Tile:Tile 100.4x100.4 Blue:483987',$,$,#3621,#3618,'483987',$);
#3623=IFCPROPERTYSET('1fOIE5zvHAIT6$0s$VoQxr',#6,'Pset_BuildingElementProxyCommon',$,(#2940));
#3624=IFCPROPERTYSET('2OA3YEijFPXjgZTe2sd9uA',#6,'Pset_QuantityTakeOff',$,(#2940));
#3625=IFCRELDEFINESBYPROPERTIES('1qfZfEUIGV3NnT8OywWQrj',#6,$,$,(#3622),#3623);
#3626=IFCRELDEFINESBYPROPERTIES('02gGjv3g0NdNnX6CJxxENj',#6,$,$,(#3622),#3624);
#3627=IFCMAPPEDITEM(#3526,#217);
#3628=IFCSHAPEREPRESENTATION(#15,'Body','MappedRepresentation',(#3627));
#3629=IFCPRODUCTDEFINITIONSHAPE($,$,(#3628));
#3630=IFCCARTESIANPOINT((7184.493171005739,7619.6631176918299,555.80999999998801));
#3631=IFCAXIS2PLACEMENT3D(#3630,#222,#1707);
#3632=IFCLOCALPLACEMENT(#24,#3631);
#3633=IFCBUILDINGELEMENTPROXY('1kkNhPW5XF4BusAPV6zRLv',#6,'Tile:Tile 100.4x100.4 Blue:483988',$,$,#3632,#3629,'483988',$);
#3634=IFCPROPERTYSET('0qm_YaVYvppzFDPtjfT5gg',#6,'Pset_BuildingElementProxyCommon',$,(#2940));
#3635=IFCPROPERTYSET('3tJ6qocuYcqauVzv1$Jm62',#6,'Pset_QuantityTakeOff',$,(#2940));
#3636=IFCRELDEFINESBYPROPERTIES('2wSXNTjM_j7ZDI1JDKmDIs',#6,$,$,(#3633),#3634);
#3637=IFCRELDEFINESBYPROPERTIES('0bZOnZLhI7LU5Fvqyt4n2c',#6,$,$,(#3633),#3635);
#3638=IFCMAPPEDITEM(#3526,#217);
#3639=IFCSHAPEREPRESENTATION(#15,'Body','MappedRepresentation',(#3638));
#3640=IFCPRODUCTDEFINITIONSHAPE($,$,(#3639));
#3641=IFCCARTESIANPOINT((7184.4931710057399,7722.0631176918369,997.710000000018));
#3642=IFCAXIS2PLACEMENT3D(#3641,#222,#1707);
#3643=IFCLOCALPLACEMENT(#24,#3642);
#3644=IFCBUILDINGELEMENTPROXY('1kkNhPW5XF4BusAPV6zRLu',#6,'Tile:Tile 100.4x100.4 Blue:483989',$,$,#3643,#3640,'483989',$);
#3645=IFCPROPERTYSET('2HKJwQKivTV2oUJPipxA$K',#6,'Pset_BuildingElementProxyCommon',$,(#2940));
#3646=IFCPROPERTYSET('2_8SckAqYPYg30bHIdsOYt',#6,'Pset_QuantityTakeOff',$,(#2940));
#3647=IFCRELDEFINESBYPROPERTIES('1SjLVyiaTpU5qZ0Z1YsrK$',#6,$,$,(#3644),#3645);
#3648=IFCRELDEFINESBYPROPERTIES('1Hsw5e0ffIkuABDVnLA_Ml',#6,$,$,(#3644),#3646);
#3649=IFCMAPPEDITEM(#3526,#217);
#3650=IFCSHAPEREPRESENTATION(#15,'Body','MappedRepresentation',(#3649));
#3651=IFCPRODUCTDEFINITIONSHAPE($,$,(#3650));
#3652=IFCCARTESIANPOINT((7184.493171005739,7619.6631176918281,997.71000000001777));
#3653=IFCAXIS2PLACEMENT3D(#3652,#222,#1707);
#3654=IFCLOCALPLACEMENT(#24,#3653);
#3655=IFCBUILDINGELEMENTPROXY('1kkNhPW5XF4BusAPV6zRLx',#6,'Tile:Tile 100.4x100.4 Blue:483990',$,$,#3654,#3651,'483990',$);
#3656=IFCPROPERTYSET('1niQAbDJKfDnR7YL_zbhBE',#6,'Pset_BuildingElementProxyCommon',$,(#2940));
#3657=IFCPROPERTYSET('35mTA376Vziu6XuhkEr34t',#6,'Pset_QuantityTakeOff',$,(#2940));
#3658=IFCRELDEFINESBYPROPERTIES('2vA63jGut5hzviYjupNmQi',#6,$,$,(#3655),#3656);
#3659=IFCRELDEFINESBYPROPERTIES('2dDy3O1S8LTkjZEnoXJ0Wc',#6,$,$,(#3655),#3657);
#3660=IFCMAPPEDITEM(#3526,#217);
#3661=IFCSHAPEREPRESENTATION(#15,'Body','MappedRepresentation',(#3660));
#3662=IFCPRODUCTDEFINITIONSHAPE($,$,(#3661));
#3663=IFCCARTESIANPOINT((7184.4931710057399,7722.0631176918369,1100.1100000000147));
#3664=IFCAXIS2PLACEMENT3D(#3663,#222,#1707);
#3665=IFCLOCALPLACEMENT(#24,#3664);
#3666=IFCBUILDINGELEMENTPROXY('1kkNhPW5XF4BusAPV6zRLw',#6,'Tile:Tile 100.4x100.4 Blue:483991',$,$,#3665,#3662,'483991',$);
#3667=IFCPROPERTYSET('1jidjxqMpgF7HrmFCY83ng',#6,'Pset_BuildingElementProxyCommon',$,(#2940));
#3668=IFCPROPERTYSET('1Et$Lp3OoMFEmSSOH69lrz',#6,'Pset_QuantityTakeOff',$,(#2940));
#3669=IFCRELDEFINESBYPROPERTIES('0ZyKkpsfFLHicT4fn7CBlz',#6,$,$,(#3666),#3667);
#3670=IFCRELDEFINESBYPROPERTIES('1F6GVBVZGL31mVpnp2WOYV',#6,$,$,(#3666),#3668);
#3671=IFCMAPPEDITEM(#3526,#217);
#3672=IFCSHAPEREPRESENTATION(#15,'Body','MappedRepresentation',(#3671));
#3673=IFCPRODUCTDEFINITIONSHAPE($,$,(#3672));
#3674=IFCCARTESIANPOINT((7184.493171005739,7619.6631176918281,1100.1100000000145));
#3675=IFCAXIS2PLACEMENT3D(#3674,#222,#1707);
#3676=IFCLOCALPLACEMENT(#24,#3675);
#3677=IFCBUILDINGELEMENTPROXY('1kkNhPW5XF4BusAPV6zRLr',#6,'Tile:Tile 100.4x100.4 Blue:483992',$,$,#3676,#3673,'483992',$);
#3678=IFCPROPERTYSET('3cNQqbsYwRIIZT7IFJqovA',#6,'Pset_BuildingElementProxyCommon',$,(#2940));
#3679=IFCPROPERTYSET('18UuqQp28ozZN31pbNBErK',#6,'Pset_QuantityTakeOff',$,(#2940));
#3680=IFCRELDEFINESBYPROPERTIES('2JelkyTQoSLDXg77Sea5s_',#6,$,$,(#3677),#3678);
#3681=IFCRELDEFINESBYPROPERTIES('2_DHxM_M4KEAMvJ2rfk6hD',#6,$,$,(#3677),#3679);
#3682=IFCMAPPEDITEM(#3526,#217);
#3683=IFCSHAPEREPRESENTATION(#15,'Body','MappedRepresentation',(#3682));
#3684=IFCPRODUCTDEFINITIONSHAPE($,$,(#3683));
#3685=IFCCARTESIANPOINT((7184.4931710057399,7722.0631176918369,1202.5100000000116));
#3686=IFCAXIS2PLACEMENT3D(#3685,#222,#1707);
#3687=IFCLOCALPLACEMENT(#24,#3686);
#3688=IFCBUILDINGELEMENTPROXY('1kkNhPW5XF4BusAPV6zRLq',#6,'Tile:Tile 100.4x100.4 Blue:483993',$,$,#3687,#3684,'483993',$);
#3689=IFCPROPERTYSET('1i5hcmEDj_gpVopAxJp18x',#6,'Pset_BuildingElementProxyCommon',$,(#2940));
#3690=IFCPROPERTYSET('2fVo6GFD6Nm1k6fmm82ZYX',#6,'Pset_QuantityTakeOff',$,(#2940));
#3691=IFCRELDEFINESBYPROPERTIES('1qSWOzUPjHpJzGpuO0AxDJ',#6,$,$,(#3688),#3689);
#3692=IFCRELDEFINESBYPROPERTIES('0OHvCTjwFB3cMS9OSOkBcu',#6,$,$,(#3688),#3690);
#3693=IFCMAPPEDITEM(#3526,#217);
#3694=IFCSHAPEREPRESENTATION(#15,'Body','MappedRepresentation',(#3693));
#3695=IFCPRODUCTDEFINITIONSHAPE($,$,(#3694));
#3696=IFCCARTESIANPOINT((7184.493171005739,7619.6631176918281,1202.5100000000114));
#3697=IFCAXIS2PLACEMENT3D(#3696,#222,#1707);
#3698=IFCLOCALPLACEMENT(#24,#3697);
#3699=IFCBUILDINGELEMENTPROXY('1kkNhPW5XF4BusAPV6zRLt',#6,'Tile:Tile 100.4x100.4 Blue:483994',$,$,#3698,#3695,'483994',$);
#3700=IFCPROPERTYSET('1tALC_RJbm3Dd7wSm2T8ZO',#6,'Pset_BuildingElementProxyCommon',$,(#2940));
#3701=IFCPROPERTYSET('3opgriAS3lNbFdPWAFn5Tw',#6,'Pset_QuantityTakeOff',$,(#2940));
#3702=IFCRELDEFINESBYPROPERTIES('0UuSZPoHzHixhNH6eJnkPX',#6,$,$,(#3699),#3700);
#3703=IFCRELDEFINESBYPROPERTIES('1_ZN3MGWWXKWaT2FHWtxNB',#6,$,$,(#3699),#3701);
#3704=IFCMAPPEDITEM(#3526,#217);
#3705=IFCSHAPEREPRESENTATION(#15,'Body','MappedRepresentation',(#3704));
#3706=IFCPRODUCTDEFINITIONSHAPE($,$,(#3705));
#3707=IFCCARTESIANPOINT((7184.4931710057399,7722.0631176918369,1304.9100000000085));
#3708=IFCAXIS2PLACEMENT3D(#3707,#222,#1707);
#3709=IFCLOCALPLACEMENT(#24,#3708);
#3710=IFCBUILDINGELEMENTPROXY('1kkNhPW5XF4BusAPV6zRLs',#6,'Tile:Tile 100.4x100.4 Blue:483995',$,$,#3709,#3706,'483995',$);
#3711=IFCPROPERTYSET('3moO2qF7vaiuRirXIIHkRF',#6,'Pset_BuildingElementProxyCommon',$,(#2940));
#3712=IFCPROPERTYSET('1DMqKN17NxjU3BGDbFH1Xo',#6,'Pset_QuantityTakeOff',$,(#2940));
#3713=IFCRELDEFINESBYPROPERTIES('2XbGq3DmGAtnRNqsrkYJ90',#6,$,$,(#3710),#3711);
#3714=IFCRELDEFINESBYPROPERTIES('3Kd4bb$CknGHW3cJ45Rezn',#6,$,$,(#3710),#3712);
#3715=IFCMAPPEDITEM(#3526,#217);
#3716=IFCSHAPEREPRESENTATION(#15,'Body','MappedRepresentation',(#3715));
#3717=IFCPRODUCTDEFINITIONSHAPE($,$,(#3716));
#3718=IFCCARTESIANPOINT((7184.493171005739,7619.6631176918281,1304.910000000008));
#3719=IFCAXIS2PLACEMENT3D(#3718,#222,#1707);
#3720=IFCLOCALPLACEMENT(#24,#3719);
#3721=IFCBUILDINGELEMENTPROXY('1kkNhPW5XF4BusAPV6zRLn',#6,'Tile:Tile 100.4x100.4 Blue:483996',$,$,#3720,#3717,'483996',$);
#3722=IFCPROPERTYSET('2sCAzcaSzYTPvhmHF3hrmy',#6,'Pset_BuildingElementProxyCommon',$,(#2940));
#3723=IFCPROPERTYSET('3d7waSvZxcqIkOV_TOsDJH',#6,'Pset_QuantityTakeOff',$,(#2940));
#3724=IFCRELDEFINESBYPROPERTIES('2Hsc2AH09sIeD8OhCB6AQN',#6,$,$,(#3721),#3722);
#3725=IFCRELDEFINESBYPROPERTIES('1rbHmC6pS6sxPl1AZrXs2g',#6,$,$,(#3721),#3723);
#3726=IFCMAPPEDITEM(#3526,#217);
#3727=IFCSHAPEREPRESENTATION(#15,'Body','MappedRepresentation',(#3726));
#3728=IFCPRODUCTDEFINITIONSHAPE($,$,(#3727));
#3729=IFCCARTESIANPOINT((7184.4931710057399,7722.0631176918369,1407.3100000000054));
#3730=IFCAXIS2PLACEMENT3D(#3729,#222,#1707);
#3731=IFCLOCALPLACEMENT(#24,#3730);
#3732=IFCBUILDINGELEMENTPROXY('1kkNhPW5XF4BusAPV6zRLm',#6,'Tile:Tile 100.4x100.4 Blue:483997',$,$,#3731,#3728,'483997',$);
#3733=IFCPROPERTYSET('25HKO88beumjLHUj1g43HE',#6,'Pset_BuildingElementProxyCommon',$,(#2940));
#3734=IFCPROPERTYSET('1Avlrh4hvPrNQoGDCx_Umo',#6,'Pset_QuantityTakeOff',$,(#2940));
#3735=IFCRELDEFINESBYPROPERTIES('03MPlQ1Y_bkyMbPrHXVme8',#6,$,$,(#3732),#3733);
#3736=IFCRELDEFINESBYPROPERTIES('1S29a8juNC8BQKZBxUX1FC',#6,$,$,(#3732),#3734);
#3737=IFCMAPPEDITEM(#3526,#217);
#3738=IFCSHAPEREPRESENTATION(#15,'Body','MappedRepresentation',(#3737));
#3739=IFCPRODUCTDEFINITIONSHAPE($,$,(#3738));
#3740=IFCCARTESIANPOINT((7184.493171005739,7619.6631176918281,1407.3100000000049));
#3741=IFCAXIS2PLACEMENT3D(#3740,#222,#1707);
#3742=IFCLOCALPLACEMENT(#24,#3741);
#3743=IFCBUILDINGELEMENTPROXY('1kkNhPW5XF4BusAPV6zRLp',#6,'Tile:Tile 100.4x100.4 Blue:483998',$,$,#3742,#3739,'483998',$);
#3744=IFCPROPERTYSET('0jvt$8FOno2_y79xwQgCnV',#6,'Pset_BuildingElementProxyCommon',$,(#2940));
#3745=IFCPROPERTYSET('0AdAzrvuTV3VWaS0UCzR3O',#6,'Pset_QuantityTakeOff',$,(#2940));
#3746=IFCRELDEFINESBYPROPERTIES('0UjE8mzhbgVlc$f69q0ktL',#6,$,$,(#3743),#3744);
#3747=IFCRELDEFINESBYPROPERTIES('2j9e1vaXnvcRBUouDfPmlE',#6,$,$,(#3743),#3745);
#3748=IFCCARTESIANPOINT((0.,0.));
#3749=IFCAXIS2PLACEMENT2D(#3748,#193);
#3750=IFCRECTANGLEPROFILEDEF(.AREA.,'Tile 149.5x149.5 Green',#3749,149.5,149.5);
#3751=IFCCARTESIANPOINT((-74.749999999993747,-74.750000000008427,-0.));
#3752=IFCAXIS2PLACEMENT3D(#3751,#34,#35);
#3753=IFCEXTRUDEDAREASOLID(#3750,#3752,#34,6.9999999999999973);
#3754=IFCCOLOURRGB($,0.,0.50196078431372548,0.);
#3755=IFCSURFACESTYLERENDERING(#3754,0.,$,$,$,$,IFCNORMALISEDRATIOMEASURE(0.5),IFCSPECULAREXPONENT(64.),.NOTDEFINED.);
#3756=IFCSURFACESTYLE('Tile Green',.BOTH.,(#3755));
#3757=IFCPRESENTATIONSTYLEASSIGNMENT((#3756));
#3758=IFCSTYLEDITEM(#3753,(#3757),$);
#3759=IFCSHAPEREPRESENTATION(#15,'Body','SweptSolid',(#3753));
#3760=IFCAXIS2PLACEMENT3D(#10,$,$);
#3761=IFCREPRESENTATIONMAP(#3760,#3759);
#3762=IFCBUILDINGELEMENTPROXYTYPE('1zzk4Pvb51xAijoPDrx43M',#6,'Tile:Tile 149.5x149.5 Green',$,$,$,(#3761),'444153',$,.NOTDEFINED.);
#3763=IFCMATERIAL('Tile Green');
#3764=IFCPRESENTATIONSTYLEASSIGNMENT((#3756));
#3765=IFCSTYLEDITEM($,(#3764),$);
#3766=IFCSTYLEDREPRESENTATION(#13,'Style','Material',(#3765));
#3767=IFCMATERIALDEFINITIONREPRESENTATION($,$,(#3766),#3763);
#3768=IFCMAPPEDITEM(#3761,#217);
#3769=IFCSHAPEREPRESENTATION(#15,'Body','MappedRepresentation',(#3768));
#3770=IFCPRODUCTDEFINITIONSHAPE($,$,(#3769));
#3771=IFCCARTESIANPOINT((7184.4931710057399,7922.6631176918527,1659.2100000000087));
#3772=IFCAXIS2PLACEMENT3D(#3771,#222,#34);
#3773=IFCLOCALPLACEMENT(#24,#3772);
#3774=IFCBUILDINGELEMENTPROXY('1kkNhPW5XF4BusAPV6zRIf',#6,'Tile:Tile 149.5x149.5 Green:484164',$,$,#3773,#3770,'484164',$);
#3775=IFCPROPERTYSINGLEVALUE('Reference',$,IFCIDENTIFIER('Tile 149.5x149.5 Green'),$);
#3776=IFCPROPERTYSET('3hgZWKbG07BKalHqFZMT7c',#6,'Pset_BuildingElementProxyCommon',$,(#3775));
#3777=IFCPROPERTYSET('0KgyuR3oYgPimPn9KBaw6h',#6,'Pset_QuantityTakeOff',$,(#3775));
#3778=IFCRELDEFINESBYPROPERTIES('07N2PQqxv10tGLfPHURTd9',#6,$,$,(#3774),#3776);
#3779=IFCRELDEFINESBYPROPERTIES('2GZRtJePN$aWCxKntUMSrZ',#6,$,$,(#3774),#3777);
#3780=IFCMAPPEDITEM(#3761,#217);
#3781=IFCSHAPEREPRESENTATION(#15,'Body','MappedRepresentation',(#3780));
#3782=IFCPRODUCTDEFINITIONSHAPE($,$,(#3781));
#3783=IFCCARTESIANPOINT((7184.4931710057399,7771.1631176918527,1659.2100000000082));
#3784=IFCAXIS2PLACEMENT3D(#3783,#222,#34);
#3785=IFCLOCALPLACEMENT(#24,#3784);
#3786=IFCBUILDINGELEMENTPROXY('1kkNhPW5XF4BusAPV6zRIe',#6,'Tile:Tile 149.5x149.5 Green:484165',$,$,#3785,#3782,'484165',$);
#3787=IFCPROPERTYSET('1899R9i$ampLq3iOH7Tlr5',#6,'Pset_BuildingElementProxyCommon',$,(#3775));
#3788=IFCPROPERTYSET('0tVBQeeP$U69h518G2Ey21',#6,'Pset_QuantityTakeOff',$,(#3775));
#3789=IFCRELDEFINESBYPROPERTIES('2t0nGjMGMjOOcXaWAFa5n5',#6,$,$,(#3786),#3787);
#3790=IFCRELDEFINESBYPROPERTIES('2PBUp2XZVLN3x$rF1tnGtP',#6,$,$,(#3786),#3788);
#3791=IFCMAPPEDITEM(#3761,#217);
#3792=IFCSHAPEREPRESENTATION(#15,'Body','MappedRepresentation',(#3791));
#3793=IFCPRODUCTDEFINITIONSHAPE($,$,(#3792));
#3794=IFCCARTESIANPOINT((7184.493171005739,7619.6631176918527,1659.2100000000055));
#3795=IFCAXIS2PLACEMENT3D(#3794,#222,#34);
#3796=IFCLOCALPLACEMENT(#24,#3795);
#3797=IFCBUILDINGELEMENTPROXY('1kkNhPW5XF4BusAPV6zRIh',#6,'Tile:Tile 149.5x149.5 Green:484166',$,$,#3796,#3793,'484166',$);
#3798=IFCPROPERTYSET('0nBzpIiuzoKIbbU8Zf$JH5',#6,'Pset_BuildingElementProxyCommon',$,(#3775));
#3799=IFCPROPERTYSET('1MQauktnI921dhM0p4nnIM',#6,'Pset_QuantityTakeOff',$,(#3775));
#3800=IFCRELDEFINESBYPROPERTIES('0pX3NxeGkqRB6$3kq$1laF',#6,$,$,(#3797),#3798);
#3801=IFCRELDEFINESBYPROPERTIES('2nH8Y49Trv8MhpxFTDSAmV',#6,$,$,(#3797),#3799);
#3802=IFCMAPPEDITEM(#3761,#217);
#3803=IFCSHAPEREPRESENTATION(#15,'Body','MappedRepresentation',(#3802));
#3804=IFCPRODUCTDEFINITIONSHAPE($,$,(#3803));
#3805=IFCCARTESIANPOINT((7184.493171005739,7468.1631176918518,1659.2100000000082));
#3806=IFCAXIS2PLACEMENT3D(#3805,#222,#34);
#3807=IFCLOCALPLACEMENT(#24,#3806);
#3808=IFCBUILDINGELEMENTPROXY('1kkNhPW5XF4BusAPV6zRIg',#6,'Tile:Tile 149.5x149.5 Green:484167',$,$,#3807,#3804,'484167',$);
#3809=IFCPROPERTYSET('3Qcu3HzBKyZExBmKv0vbJg',#6,'Pset_BuildingElementProxyCommon',$,(#3775));
#3810=IFCPROPERTYSET('2cWEW4hdv9NoWyKVyDjW95',#6,'Pset_QuantityTakeOff',$,(#3775));
#3811=IFCRELDEFINESBYPROPERTIES('2sgOJRcDv1Fsd3q4vlOQfl',#6,$,$,(#3808),#3809);
#3812=IFCRELDEFINESBYPROPERTIES('00W6NOk_4Fyrk$hchaqDkP',#6,$,$,(#3808),#3810);
#3813=IFCMAPPEDITEM(#3761,#217);
#3814=IFCSHAPEREPRESENTATION(#15,'Body','MappedRepresentation',(#3813));
#3815=IFCPRODUCTDEFINITIONSHAPE($,$,(#3814));
#3816=IFCCARTESIANPOINT((7184.4931710057399,7922.6631176918545,1507.7100000000087));
#3817=IFCAXIS2PLACEMENT3D(#3816,#222,#34);
#3818=IFCLOCALPLACEMENT(#24,#3817);
#3819=IFCBUILDINGELEMENTPROXY('1kkNhPW5XF4BusAPV6zRIb',#6,'Tile:Tile 149.5x149.5 Green:484168',$,$,#3818,#3815,'484168',$);
#3820=IFCPROPERTYSET('08rPyAIlrAtwu9yEkPFJYN',#6,'Pset_BuildingElementProxyCommon',$,(#3775));
#3821=IFCPROPERTYSET('1zhEXn1Sn3CooZUFm1pmwA',#6,'Pset_QuantityTakeOff',$,(#3775));
#3822=IFCRELDEFINESBYPROPERTIES('1VJjZ2NSmLB5TUYTrjM4Q7',#6,$,$,(#3819),#3820);
#3823=IFCRELDEFINESBYPROPERTIES('3kY1GDbuQzFp4wliS3zz5b',#6,$,$,(#3819),#3821);
#3824=IFCMAPPEDITEM(#3761,#217);
#3825=IFCSHAPEREPRESENTATION(#15,'Body','MappedRepresentation',(#3824));
#3826=IFCPRODUCTDEFINITIONSHAPE($,$,(#3825));
#3827=IFCCARTESIANPOINT((7184.493171005739,7468.1631176918545,1507.7100000000082));
#3828=IFCAXIS2PLACEMENT3D(#3827,#222,#34);
#3829=IFCLOCALPLACEMENT(#24,#3828);
#3830=IFCBUILDINGELEMENTPROXY('1kkNhPW5XF4BusAPV6zRIa',#6,'Tile:Tile 149.5x149.5 Green:484169',$,$,#3829,#3826,'484169',$);
#3831=IFCPROPERTYSET('2odJZ3sE6yMqN5qVItfoY_',#6,'Pset_BuildingElementProxyCommon',$,(#3775));
#3832=IFCPROPERTYSET('0NEVk7A6C7zP9nQMwpUevm',#6,'Pset_QuantityTakeOff',$,(#3775));
#3833=IFCRELDEFINESBYPROPERTIES('1Elb63QlPTTeMM9k4A55J5',#6,$,$,(#3830),#3831);
#3834=IFCRELDEFINESBYPROPERTIES('3btUhuAiMYIzP3zgtBi5To',#6,$,$,(#3830),#3832);
#3835=IFCMAPPEDITEM(#3761,#217);
#3836=IFCSHAPEREPRESENTATION(#15,'Body','MappedRepresentation',(#3835));
#3837=IFCPRODUCTDEFINITIONSHAPE($,$,(#3836));
#3838=IFCCARTESIANPOINT((7184.4931710057399,7922.6631176918527,1356.2100000000089));
#3839=IFCAXIS2PLACEMENT3D(#3838,#222,#34);
#3840=IFCLOCALPLACEMENT(#24,#3839);
#3841=IFCBUILDINGELEMENTPROXY('1kkNhPW5XF4BusAPV6zRId',#6,'Tile:Tile 149.5x149.5 Green:484170',$,$,#3840,#3837,'484170',$);
#3842=IFCPROPERTYSET('39z1j1ZJgjBqR$Uv8TntM8',#6,'Pset_BuildingElementProxyCommon',$,(#3775));
#3843=IFCPROPERTYSET('1YbeL9tHRBb_HVHrvvf6_M',#6,'Pset_QuantityTakeOff',$,(#3775));
#3844=IFCRELDEFINESBYPROPERTIES('0Q$wMGat0AQXMd$OCIhpcB',#6,$,$,(#3841),#3842);
#3845=IFCRELDEFINESBYPROPERTIES('3oyBdAcytuhtKzCT53Na5j',#6,$,$,(#3841),#3843);
#3846=IFCMAPPEDITEM(#3761,#217);
#3847=IFCSHAPEREPRESENTATION(#15,'Body','MappedRepresentation',(#3846));
#3848=IFCPRODUCTDEFINITIONSHAPE($,$,(#3847));
#3849=IFCCARTESIANPOINT((7184.493171005739,7468.1631176918518,1356.2100000000082));
#3850=IFCAXIS2PLACEMENT3D(#3849,#222,#34);
#3851=IFCLOCALPLACEMENT(#24,#3850);
#3852=IFCBUILDINGELEMENTPROXY('1kkNhPW5XF4BusAPV6zRIc',#6,'Tile:Tile 149.5x149.5 Green:484171',$,$,#3851,#3848,'484171',$);
#3853=IFCPROPERTYSET('2OIJWVRnjISkeHTxnYUSSB',#6,'Pset_BuildingElementProxyCommon',$,(#3775));
#3854=IFCPROPERTYSET('0MVojA5nMD12DhS5eOpnqo',#6,'Pset_QuantityTakeOff',$,(#3775));
#3855=IFCRELDEFINESBYPROPERTIES('25NfW5FGv72aJzj1$anOqn',#6,$,$,(#3852),#3853);
#3856=IFCRELDEFINESBYPROPERTIES('01pu1SDGL3PWsOyCDYbxS_',#6,$,$,(#3852),#3854);
#3857=IFCMAPPEDITEM(#3761,#217);
#3858=IFCSHAPEREPRESENTATION(#15,'Body','MappedRepresentation',(#3857));
#3859=IFCPRODUCTDEFINITIONSHAPE($,$,(#3858));
#3860=IFCCARTESIANPOINT((7184.4931710057399,7922.6631176918527,1204.7100000000089));
#3861=IFCAXIS2PLACEMENT3D(#3860,#222,#34);
#3862=IFCLOCALPLACEMENT(#24,#3861);
#3863=IFCBUILDINGELEMENTPROXY('1kkNhPW5XF4BusAPV6zRIX',#6,'Tile:Tile 149.5x149.5 Green:484172',$,$,#3862,#3859,'484172',$);
#3864=IFCPROPERTYSET('2kILS8JGPqj$gswU_Ygarn',#6,'Pset_BuildingElementProxyCommon',$,(#3775));
#3865=IFCPROPERTYSET('3DTfYVHlJSHz04xO1JhTWR',#6,'Pset_QuantityTakeOff',$,(#3775));
#3866=IFCRELDEFINESBYPROPERTIES('0KmaAowvp6dQ2uqHGDRkJr',#6,$,$,(#3863),#3864);
#3867=IFCRELDEFINESBYPROPERTIES('0Dw5XJLTxiDcywq7eEzHYj',#6,$,$,(#3863),#3865);
#3868=IFCMAPPEDITEM(#3761,#217);
#3869=IFCSHAPEREPRESENTATION(#15,'Body','MappedRepresentation',(#3868));
#3870=IFCPRODUCTDEFINITIONSHAPE($,$,(#3869));
#3871=IFCCARTESIANPOINT((7184.493171005739,7468.1631176918518,1204.7100000000082));
#3872=IFCAXIS2PLACEMENT3D(#3871,#222,#34);
#3873=IFCLOCALPLACEMENT(#24,#3872);
#3874=IFCBUILDINGELEMENTPROXY('1kkNhPW5XF4BusAPV6zRIW',#6,'Tile:Tile 149.5x149.5 Green:484173',$,$,#3873,#3870,'484173',$);
#3875=IFCPROPERTYSET('0_gSdkL1P5l8W7O4ABPJsZ',#6,'Pset_BuildingElementProxyCommon',$,(#3775));
#3876=IFCPROPERTYSET('2oJPx8Cm7sjZyydPK4mqtu',#6,'Pset_QuantityTakeOff',$,(#3775));
#3877=IFCRELDEFINESBYPROPERTIES('19gt2MZ8asZ_PiFFNE0_oR',#6,$,$,(#3874),#3875);
#3878=IFCRELDEFINESBYPROPERTIES('1v6Sj8EMyqQ9DWN54I824C',#6,$,$,(#3874),#3876);
#3879=IFCMAPPEDITEM(#3761,#217);
#3880=IFCSHAPEREPRESENTATION(#15,'Body','MappedRepresentation',(#3879));
#3881=IFCPRODUCTDEFINITIONSHAPE($,$,(#3880));
#3882=IFCCARTESIANPOINT((7184.4931710057399,7922.6631176918527,1053.2100000000089));
#3883=IFCAXIS2PLACEMENT3D(#3882,#222,#34);
#3884=IFCLOCALPLACEMENT(#24,#3883);
#3885=IFCBUILDINGELEMENTPROXY('1kkNhPW5XF4BusAPV6zRIZ',#6,'Tile:Tile 149.5x149.5 Green:484174',$,$,#3884,#3881,'484174',$);
#3886=IFCPROPERTYSET('1YOvc3RVjYlSZ_TOToz3zX',#6,'Pset_BuildingElementProxyCommon',$,(#3775));
#3887=IFCPROPERTYSET('2YmyYnD_Jp5kOK5OYdn55c',#6,'Pset_QuantityTakeOff',$,(#3775));
#3888=IFCRELDEFINESBYPROPERTIES('1eSvQR8nzz2s4iNulURsY5',#6,$,$,(#3885),#3886);
#3889=IFCRELDEFINESBYPROPERTIES('1QUeqTaTdPxOACKgiNIY9d',#6,$,$,(#3885),#3887);
#3890=IFCMAPPEDITEM(#3761,#217);
#3891=IFCSHAPEREPRESENTATION(#15,'Body','MappedRepresentation',(#3890));
#3892=IFCPRODUCTDEFINITIONSHAPE($,$,(#3891));
#3893=IFCCARTESIANPOINT((7184.493171005739,7468.1631176918518,1053.2100000000084));
#3894=IFCAXIS2PLACEMENT3D(#3893,#222,#34);
#3895=IFCLOCALPLACEMENT(#24,#3894);
#3896=IFCBUILDINGELEMENTPROXY('1kkNhPW5XF4BusAPV6zRIY',#6,'Tile:Tile 149.5x149.5 Green:484175',$,$,#3895,#3892,'484175',$);
#3897=IFCPROPERTYSET('3pDyD88untakZchFvxyYCy',#6,'Pset_BuildingElementProxyCommon',$,(#3775));
#3898=IFCPROPERTYSET('3Jb39ujgZz1xbnMM3Aeeck',#6,'Pset_QuantityTakeOff',$,(#3775));
#3899=IFCRELDEFINESBYPROPERTIES('06iiM6cDc969Vy96xS3wyZ',#6,$,$,(#3896),#3897);
#3900=IFCRELDEFINESBYPROPERTIES('3CVrUeLT2Uu_hlH3dbc0si',#6,$,$,(#3896),#3898);
#3901=IFCMAPPEDITEM(#3761,#217);
#3902=IFCSHAPEREPRESENTATION(#15,'Body','MappedRepresentation',(#3901));
#3903=IFCPRODUCTDEFINITIONSHAPE($,$,(#3902));
#3904=IFCCARTESIANPOINT((7184.4931710057399,7922.6631176918527,901.71000000000902));
#3905=IFCAXIS2PLACEMENT3D(#3904,#222,#34);
#3906=IFCLOCALPLACEMENT(#24,#3905);
#3907=IFCBUILDINGELEMENTPROXY('1kkNhPW5XF4BusAPV6zRIz',#6,'Tile:Tile 149.5x149.5 Green:484176',$,$,#3906,#3903,'484176',$);
#3908=IFCPROPERTYSET('3sYT1PJfxvXY6U3pA35Vlf',#6,'Pset_BuildingElementProxyCommon',$,(#3775));
#3909=IFCPROPERTYSET('0b2KLiG8TLZNSFKJ4CuTz3',#6,'Pset_QuantityTakeOff',$,(#3775));
#3910=IFCRELDEFINESBYPROPERTIES('1bPt$JMptbzK6mES$_hiBh',#6,$,$,(#3907),#3908);
#3911=IFCRELDEFINESBYPROPERTIES('00BgZlBOBfkNTwJ9HHFEzL',#6,$,$,(#3907),#3909);
#3912=IFCMAPPEDITEM(#3761,#217);
#3913=IFCSHAPEREPRESENTATION(#15,'Body','MappedRepresentation',(#3912));
#3914=IFCPRODUCTDEFINITIONSHAPE($,$,(#3913));
#3915=IFCCARTESIANPOINT((7184.4931710057399,7771.1631176918527,901.71000000000845));
#3916=IFCAXIS2PLACEMENT3D(#3915,#222,#34);
#3917=IFCLOCALPLACEMENT(#24,#3916);
#3918=IFCBUILDINGELEMENTPROXY('1kkNhPW5XF4BusAPV6zRIy',#6,'Tile:Tile 149.5x149.5 Green:484177',$,$,#3917,#3914,'484177',$);
#3919=IFCPROPERTYSET('32muik1q3ZULlBxRPYPQpL',#6,'Pset_BuildingElementProxyCommon',$,(#3775));
#3920=IFCPROPERTYSET('2F$hbK6Co1IXWPsf3ZjEnD',#6,'Pset_QuantityTakeOff',$,(#3775));
#3921=IFCRELDEFINESBYPROPERTIES('27vohrDB4UroxrrFe0Ywls',#6,$,$,(#3918),#3919);
#3922=IFCRELDEFINESBYPROPERTIES('3gWjMVQKF6j2jUmh76aio6',#6,$,$,(#3918),#3920);
#3923=IFCMAPPEDITEM(#3761,#217);
#3924=IFCSHAPEREPRESENTATION(#15,'Body','MappedRepresentation',(#3923));
#3925=IFCPRODUCTDEFINITIONSHAPE($,$,(#3924));
#3926=IFCCARTESIANPOINT((7184.493171005739,7619.6631176918527,901.71000000000572));
#3927=IFCAXIS2PLACEMENT3D(#3926,#222,#34);
#3928=IFCLOCALPLACEMENT(#24,#3927);
#3929=IFCBUILDINGELEMENTPROXY('1kkNhPW5XF4BusAPV6zRI$',#6,'Tile:Tile 149.5x149.5 Green:484178',$,$,#3928,#3925,'484178',$);
#3930=IFCPROPERTYSET('0R6XccD9VSPhjaBrBuALcH',#6,'Pset_BuildingElementProxyCommon',$,(#3775));
#3931=IFCPROPERTYSET('1jKIakU8PR_r4yLPUO1ZcQ',#6,'Pset_QuantityTakeOff',$,(#3775));
#3932=IFCRELDEFINESBYPROPERTIES('2t6f3DENbzzrs7EWmtst7w',#6,$,$,(#3929),#3930);
#3933=IFCRELDEFINESBYPROPERTIES('3y3P5uaZS_X016aun$p1Ym',#6,$,$,(#3929),#3931);
#3934=IFCMAPPEDITEM(#3761,#217);
#3935=IFCSHAPEREPRESENTATION(#15,'Body','MappedRepresentation',(#3934));
#3936=IFCPRODUCTDEFINITIONSHAPE($,$,(#3935));
#3937=IFCCARTESIANPOINT((7184.493171005739,7468.1631176918518,901.71000000000845));
#3938=IFCAXIS2PLACEMENT3D(#3937,#222,#34);
#3939=IFCLOCALPLACEMENT(#24,#3938);
#3940=IFCBUILDINGELEMENTPROXY('1kkNhPW5XF4BusAPV6zRI_',#6,'Tile:Tile 149.5x149.5 Green:484179',$,$,#3939,#3936,'484179',$);
#3941=IFCPROPERTYSET('2VSHDHFwX_r9nRie_lqJr3',#6,'Pset_BuildingElementProxyCommon',$,(#3775));
#3942=IFCPROPERTYSET('3m7ZlJvtWXNRVaI50tS3I4',#6,'Pset_QuantityTakeOff',$,(#3775));
#3943=IFCRELDEFINESBYPROPERTIES('0_Sq103XmRKNlImJOMwqCi',#6,$,$,(#3940),#3941);
#3944=IFCRELDEFINESBYPROPERTIES('3rysFyFiC9f7H1dca1N2hq',#6,$,$,(#3940),#3942);
#3945=IFCMAPPEDITEM(#3761,#217);
#3946=IFCSHAPEREPRESENTATION(#15,'Body','MappedRepresentation',(#3945));
#3947=IFCPRODUCTDEFINITIONSHAPE($,$,(#3946));
#3948=IFCCARTESIANPOINT((7184.4931710057399,7922.6631176918527,750.21000000000902));
#3949=IFCAXIS2PLACEMENT3D(#3948,#222,#34);
#3950=IFCLOCALPLACEMENT(#24,#3949);
#3951=IFCBUILDINGELEMENTPROXY('1kkNhPW5XF4BusAPV6zRIv',#6,'Tile:Tile 149.5x149.5 Green:484180',$,$,#3950,#3947,'484180',$);
#3952=IFCPROPERTYSET('1ZWKeJyQWyjEEGcm76yXEr',#6,'Pset_BuildingElementProxyCommon',$,(#3775));
#3953=IFCPROPERTYSET('2ybz6HQzvDZMIgxecFUnO7',#6,'Pset_QuantityTakeOff',$,(#3775));
#3954=IFCRELDEFINESBYPROPERTIES('1CvxBl8bOIZWf$BWGYbW2$',#6,$,$,(#3951),#3952);
#3955=IFCRELDEFINESBYPROPERTIES('3MoKZaDLx1SGeieZMs4qyi',#6,$,$,(#3951),#3953);
#3956=IFCMAPPEDITEM(#3761,#217);
#3957=IFCSHAPEREPRESENTATION(#15,'Body','MappedRepresentation',(#3956));
#3958=IFCPRODUCTDEFINITIONSHAPE($,$,(#3957));
#3959=IFCCARTESIANPOINT((7184.493171005739,7468.1631176918518,750.21000000000845));
#3960=IFCAXIS2PLACEMENT3D(#3959,#222,#34);
#3961=IFCLOCALPLACEMENT(#24,#3960);
#3962=IFCBUILDINGELEMENTPROXY('1kkNhPW5XF4BusAPV6zRIu',#6,'Tile:Tile 149.5x149.5 Green:484181',$,$,#3961,#3958,'484181',$);
#3963=IFCPROPERTYSET('2jhnVMZxuqmfdhMJ3_eUb_',#6,'Pset_BuildingElementProxyCommon',$,(#3775));
#3964=IFCPROPERTYSET('3EDGIpgBk4JsNgE9z_Sos2',#6,'Pset_QuantityTakeOff',$,(#3775));
#3965=IFCRELDEFINESBYPROPERTIES('30H6Zeohd6w1cjOwd_fDS2',#6,$,$,(#3962),#3963);
#3966=IFCRELDEFINESBYPROPERTIES('0x42EIjAdjiTgEX4mv1sVu',#6,$,$,(#3962),#3964);
#3967=IFCMAPPEDITEM(#3761,#217);
#3968=IFCSHAPEREPRESENTATION(#15,'Body','MappedRepresentation',(#3967));
#3969=IFCPRODUCTDEFINITIONSHAPE($,$,(#3968));
#3970=IFCCARTESIANPOINT((7184.4931710057399,7922.6631176918527,598.71000000000902));
#3971=IFCAXIS2PLACEMENT3D(#3970,#222,#34);
#3972=IFCLOCALPLACEMENT(#24,#3971);
#3973=IFCBUILDINGELEMENTPROXY('1kkNhPW5XF4BusAPV6zRIx',#6,'Tile:Tile 149.5x149.5 Green:484182',$,$,#3972,#3969,'484182',$);
#3974=IFCPROPERTYSET('3RwaMJuvKqsXkp2J9hV0U$',#6,'Pset_BuildingElementProxyCommon',$,(#3775));
#3975=IFCPROPERTYSET('2YOvzabnECi4IT34DGJ5KX',#6,'Pset_QuantityTakeOff',$,(#3775));
#3976=IFCRELDEFINESBYPROPERTIES('2W0Tqr_OrE4ON1TCepbIct',#6,$,$,(#3973),#3974);
#3977=IFCRELDEFINESBYPROPERTIES('1CIgG5ywcf7A$vxFVqqcwz',#6,$,$,(#3973),#3975);
#3978=IFCMAPPEDITEM(#3761,#217);
#3979=IFCSHAPEREPRESENTATION(#15,'Body','MappedRepresentation',(#3978));
#3980=IFCPRODUCTDEFINITIONSHAPE($,$,(#3979));
#3981=IFCCARTESIANPOINT((7184.493171005739,7468.1631176918518,598.71000000000845));
#3982=IFCAXIS2PLACEMENT3D(#3981,#222,#34);
#3983=IFCLOCALPLACEMENT(#24,#3982);
#3984=IFCBUILDINGELEMENTPROXY('1kkNhPW5XF4BusAPV6zRIw',#6,'Tile:Tile 149.5x149.5 Green:484183',$,$,#3983,#3980,'484183',$);
#3985=IFCPROPERTYSET('0GjvpdHnYHykqUo8w5nriO',#6,'Pset_BuildingElementProxyCommon',$,(#3775));
#3986=IFCPROPERTYSET('3MhkiSgb8W2KS0p1tpct07',#6,'Pset_QuantityTakeOff',$,(#3775));
#3987=IFCRELDEFINESBYPROPERTIES('0kBmqP7a_ddfz06ZeZD2fY',#6,$,$,(#3984),#3985);
#3988=IFCRELDEFINESBYPROPERTIES('24vl6uHeFtjyZGSbeEIa7W',#6,$,$,(#3984),#3986);
#3989=IFCMAPPEDITEM(#3761,#217);
#3990=IFCSHAPEREPRESENTATION(#15,'Body','MappedRepresentation',(#3989));
#3991=IFCPRODUCTDEFINITIONSHAPE($,$,(#3990));
#3992=IFCCARTESIANPOINT((7184.4931710057399,7922.6631176918527,447.21000000000907));
#3993=IFCAXIS2PLACEMENT3D(#3992,#222,#34);
#3994=IFCLOCALPLACEMENT(#24,#3993);
#3995=IFCBUILDINGELEMENTPROXY('1kkNhPW5XF4BusAPV6zRIr',#6,'Tile:Tile 149.5x149.5 Green:484184',$,$,#3994,#3991,'484184',$);
#3996=IFCPROPERTYSET('0Oc1Bea7MWi7p4bpO_XGoB',#6,'Pset_BuildingElementProxyCommon',$,(#3775));
#3997=IFCPROPERTYSET('2s6k9wcKdquY7l7f2AQW9c',#6,'Pset_QuantityTakeOff',$,(#3775));
#3998=IFCRELDEFINESBYPROPERTIES('1VImunlWCl8f0Mduv$wJ3x',#6,$,$,(#3995),#3996);
#3999=IFCRELDEFINESBYPROPERTIES('3CJxoh57nEUwmyMkGlT6Qo',#6,$,$,(#3995),#3997);
#4000=IFCMAPPEDITEM(#3761,#217);
#4001=IFCSHAPEREPRESENTATION(#15,'Body','MappedRepresentation',(#4000));
#4002=IFCPRODUCTDEFINITIONSHAPE($,$,(#4001));
#4003=IFCCARTESIANPOINT((7184.493171005739,7468.1631176918518,447.21000000000856));
#4004=IFCAXIS2PLACEMENT3D(#4003,#222,#34);
#4005=IFCLOCALPLACEMENT(#24,#4004);
#4006=IFCBUILDINGELEMENTPROXY('1kkNhPW5XF4BusAPV6zRIq',#6,'Tile:Tile 149.5x149.5 Green:484185',$,$,#4005,#4002,'484185',$);
#4007=IFCPROPERTYSET('1nFezNXsfdSqz1Xmyw2iwp',#6,'Pset_BuildingElementProxyCommon',$,(#3775));
#4008=IFCPROPERTYSET('13OsqOJ66oiXk3NXHi9aaw',#6,'Pset_QuantityTakeOff',$,(#3775));
#4009=IFCRELDEFINESBYPROPERTIES('1ZU_Qxvr1aAovormcGz4L6',#6,$,$,(#4006),#4007);
#4010=IFCRELDEFINESBYPROPERTIES('1YOoKGqFCvOS_EcI$9SZUR',#6,$,$,(#4006),#4008);
#4011=IFCMAPPEDITEM(#3761,#217);
#4012=IFCSHAPEREPRESENTATION(#15,'Body','MappedRepresentation',(#4011));
#4013=IFCPRODUCTDEFINITIONSHAPE($,$,(#4012));
#4014=IFCCARTESIANPOINT((7184.4931710057399,7922.6631176918527,295.71000000000919));
#4015=IFCAXIS2PLACEMENT3D(#4014,#222,#34);
#4016=IFCLOCALPLACEMENT(#24,#4015);
#4017=IFCBUILDINGELEMENTPROXY('1kkNhPW5XF4BusAPV6zRIt',#6,'Tile:Tile 149.5x149.5 Green:484186',$,$,#4016,#4013,'484186',$);
#4018=IFCPROPERTYSET('3e9ME0Oc$76DCW6y87fmBb',#6,'Pset_BuildingElementProxyCommon',$,(#3775));
#4019=IFCPROPERTYSET('1iTubsbquHHjyRPcuS1JSe',#6,'Pset_QuantityTakeOff',$,(#3775));
#4020=IFCRELDEFINESBYPROPERTIES('2GacFi86F$3hO_rVVnyXIL',#6,$,$,(#4017),#4018);
#4021=IFCRELDEFINESBYPROPERTIES('0PwDxv6lHurkJwfLnDs2Kj',#6,$,$,(#4017),#4019);
#4022=IFCMAPPEDITEM(#3761,#217);
#4023=IFCSHAPEREPRESENTATION(#15,'Body','MappedRepresentation',(#4022));
#4024=IFCPRODUCTDEFINITIONSHAPE($,$,(#4023));
#4025=IFCCARTESIANPOINT((7184.493171005739,7468.1631176918518,295.71000000000868));
#4026=IFCAXIS2PLACEMENT3D(#4025,#222,#34);
#4027=IFCLOCALPLACEMENT(#24,#4026);
#4028=IFCBUILDINGELEMENTPROXY('1kkNhPW5XF4BusAPV6zRIs',#6,'Tile:Tile 149.5x149.5 Green:484187',$,$,#4027,#4024,'484187',$);
#4029=IFCPROPERTYSET('3eAu$$pIp_m279S6J_u1J1',#6,'Pset_BuildingElementProxyCommon',$,(#3775));
#4030=IFCPROPERTYSET('1GU0iqOZxIsqts_$aQJoW6',#6,'Pset_QuantityTakeOff',$,(#3775));
#4031=IFCRELDEFINESBYPROPERTIES('2kJDoEXTV5cmIqLYwhBKMP',#6,$,$,(#4028),#4029);
#4032=IFCRELDEFINESBYPROPERTIES('3PS56E0hIfpqxepxWik1cr',#6,$,$,(#4028),#4030);
#4033=IFCCARTESIANPOINT((0.,0.));
#4034=IFCAXIS2PLACEMENT2D(#4033,#193);
#4035=IFCRECTANGLEPROFILEDEF(.AREA.,'Tile 149.5x149.5 Green',#4034,131.19900000000001,149.5);
#4036=IFCCARTESIANPOINT((-65.599499999993739,-74.750000000008427,-0.));
#4037=IFCAXIS2PLACEMENT3D(#4036,#34,#222);
#4038=IFCEXTRUDEDAREASOLID(#4035,#4037,#34,6.9999999999999973);
#4039=IFCSTYLEDITEM(#4038,(#3757),$);
#4040=IFCSHAPEREPRESENTATION(#15,'Body','SweptSolid',(#4038));
#4041=IFCAXIS2PLACEMENT3D(#10,$,$);
#4042=IFCREPRESENTATIONMAP(#4041,#4040);
#4043=IFCBUILDINGELEMENTPROXYTYPE('1zzk4Pvb51xAijoPDrx4hx',#6,'Tile:Tile 149.5x149.5 Green',$,$,$,(#4042),'444153',$,.NOTDEFINED.);
#4044=IFCMAPPEDITEM(#4042,#217);
#4045=IFCSHAPEREPRESENTATION(#15,'Body','MappedRepresentation',(#4044));
#4046=IFCPRODUCTDEFINITIONSHAPE($,$,(#4045));
#4047=IFCCARTESIANPOINT((7184.4931710057399,7922.6631176918527,144.21000000000925));
#4048=IFCAXIS2PLACEMENT3D(#4047,#222,#34);
#4049=IFCLOCALPLACEMENT(#24,#4048);
#4050=IFCBUILDINGELEMENTPROXY('1kkNhPW5XF4BusAPV6zRIn',#6,'Tile:Tile 149.5x149.5 Green:484188',$,$,#4049,#4046,'484188',$);
#4051=IFCPROPERTYSET('0Bfh_QkuiZmgPyL3EbetYA',#6,'Pset_BuildingElementProxyCommon',$,(#3775));
#4052=IFCPROPERTYSET('0L6eyU9sRSHmhJQT9tO1C5',#6,'Pset_QuantityTakeOff',$,(#3775));
#4053=IFCRELDEFINESBYPROPERTIES('0iuGAzkxX2mSLh68KbPbP3',#6,$,$,(#4050),#4051);
#4054=IFCRELDEFINESBYPROPERTIES('3D2tcO2ILDQPIZRNPHmf9e',#6,$,$,(#4050),#4052);
#4055=IFCMAPPEDITEM(#4042,#217);
#4056=IFCSHAPEREPRESENTATION(#15,'Body','MappedRepresentation',(#4055));
#4057=IFCPRODUCTDEFINITIONSHAPE($,$,(#4056));
#4058=IFCCARTESIANPOINT((7184.4931710057399,7771.1631176918527,144.21000000000871));
#4059=IFCAXIS2PLACEMENT3D(#4058,#222,#34);
#4060=IFCLOCALPLACEMENT(#24,#4059);
#4061=IFCBUILDINGELEMENTPROXY('1kkNhPW5XF4BusAPV6zRIm',#6,'Tile:Tile 149.5x149.5 Green:484189',$,$,#4060,#4057,'484189',$);
#4062=IFCPROPERTYSET('0YWlAR$asbi4YABsaLaAjK',#6,'Pset_BuildingElementProxyCommon',$,(#3775));
#4063=IFCPROPERTYSET('2W0A7sPC4DtAZCpZWSy8ck',#6,'Pset_QuantityTakeOff',$,(#3775));
#4064=IFCRELDEFINESBYPROPERTIES('1uq0PKjjqywbbrpXZ76ztl',#6,$,$,(#4061),#4062);
#4065=IFCRELDEFINESBYPROPERTIES('1zZEIBSAdwc4ygGjkJDMRN',#6,$,$,(#4061),#4063);
#4066=IFCMAPPEDITEM(#4042,#217);
#4067=IFCSHAPEREPRESENTATION(#15,'Body','MappedRepresentation',(#4066));
#4068=IFCPRODUCTDEFINITIONSHAPE($,$,(#4067));
#4069=IFCCARTESIANPOINT((7184.493171005739,7619.6631176918527,144.210000000006));
#4070=IFCAXIS2PLACEMENT3D(#4069,#222,#34);
#4071=IFCLOCALPLACEMENT(#24,#4070);
#4072=IFCBUILDINGELEMENTPROXY('1kkNhPW5XF4BusAPV6zRIp',#6,'Tile:Tile 149.5x149.5 Green:484190',$,$,#4071,#4068,'484190',$);
#4073=IFCPROPERTYSET('3H6N7KxFeEopMzhZ0hwBmU',#6,'Pset_BuildingElementProxyCommon',$,(#3775));
#4074=IFCPROPERTYSET('0kHK0OteHCo$eiBb9VGrkq',#6,'Pset_QuantityTakeOff',$,(#3775));
#4075=IFCRELDEFINESBYPROPERTIES('2CLX9KnR96G8FNpCQzq$ul',#6,$,$,(#4072),#4073);
#4076=IFCRELDEFINESBYPROPERTIES('2xLwGzOMyGT2f0B3GPEvS2',#6,$,$,(#4072),#4074);
#4077=IFCMAPPEDITEM(#4042,#217);
#4078=IFCSHAPEREPRESENTATION(#15,'Body','MappedRepresentation',(#4077));
#4079=IFCPRODUCTDEFINITIONSHAPE($,$,(#4078));
#4080=IFCCARTESIANPOINT((7184.493171005739,7468.1631176918518,144.21000000000871));
#4081=IFCAXIS2PLACEMENT3D(#4080,#222,#34);
#4082=IFCLOCALPLACEMENT(#24,#4081);
#4083=IFCBUILDINGELEMENTPROXY('1kkNhPW5XF4BusAPV6zRIo',#6,'Tile:Tile 149.5x149.5 Green:484191',$,$,#4082,#4079,'484191',$);
#4084=IFCPROPERTYSET('34wiO2Zw4622Jyj7oQ6evs',#6,'Pset_BuildingElementProxyCommon',$,(#3775));
#4085=IFCPROPERTYSET('1pfdxtEeQDuybFiuROlmzz',#6,'Pset_QuantityTakeOff',$,(#3775));
#4086=IFCRELDEFINESBYPROPERTIES('0Ot5bR4XL62dix63Udbi1M',#6,$,$,(#4083),#4084);
#4087=IFCRELDEFINESBYPROPERTIES('2C4phTxVINA6n7GA6owIQo',#6,$,$,(#4083),#4085);
#4088=IFCCARTESIANPOINT((0.,0.));
#4089=IFCAXIS2PLACEMENT2D(#4088,#193);
#4090=IFCRECTANGLEPROFILEDEF(.AREA.,'Tile 149.5x149.5 Green',#4089,46.70000000000001,149.5);
#4091=IFCCARTESIANPOINT((-23.349999999993745,-74.750000000008427,-0.));
#4092=IFCAXIS2PLACEMENT3D(#4091,#34,#222);
#4093=IFCEXTRUDEDAREASOLID(#4090,#4092,#34,6.9999999999999973);
#4094=IFCSTYLEDITEM(#4093,(#3757),$);
#4095=IFCSHAPEREPRESENTATION(#15,'Body','SweptSolid',(#4093));
#4096=IFCAXIS2PLACEMENT3D(#10,$,$);
#4097=IFCREPRESENTATIONMAP(#4096,#4095);
#4098=IFCBUILDINGELEMENTPROXYTYPE('1zzk4Pvb51xAijoPDrx4be',#6,'Tile:Tile 149.5x149.5 Green',$,$,$,(#4097),'444153',$,.NOTDEFINED.);
#4099=IFCMAPPEDITEM(#4097,#217);
#4100=IFCSHAPEREPRESENTATION(#15,'Body','MappedRepresentation',(#4099));
#4101=IFCPRODUCTDEFINITIONSHAPE($,$,(#4100));
#4102=IFCCARTESIANPOINT((7184.4931710057399,7771.1631176918381,449.21000000000646));
#4103=IFCAXIS2PLACEMENT3D(#4102,#222,#1707);
#4104=IFCLOCALPLACEMENT(#24,#4103);
#4105=IFCBUILDINGELEMENTPROXY('1kkNhPW5XF4BusAPV6zRID',#6,'Tile:Tile 149.5x149.5 Green:484192',$,$,#4104,#4101,'484192',$);
#4106=IFCPROPERTYSET('2SHVt40oEn2Mafh9vvut8n',#6,'Pset_BuildingElementProxyCommon',$,(#3775));
#4107=IFCPROPERTYSET('21V4S5ohAPkhnZCAtvAuaO',#6,'Pset_QuantityTakeOff',$,(#3775));
#4108=IFCRELDEFINESBYPROPERTIES('14Li7nmwYPcqbxc3FU0bCu',#6,$,$,(#4105),#4106);
#4109=IFCRELDEFINESBYPROPERTIES('1i9m3XVPbkIwlyZpih$RgI',#6,$,$,(#4105),#4107);
#4110=IFCMAPPEDITEM(#4097,#217);
#4111=IFCSHAPEREPRESENTATION(#15,'Body','MappedRepresentation',(#4110));
#4112=IFCPRODUCTDEFINITIONSHAPE($,$,(#4111));
#4113=IFCCARTESIANPOINT((7184.4931710057399,7771.1631176918381,297.71000000000657));
#4114=IFCAXIS2PLACEMENT3D(#4113,#222,#1707);
#4115=IFCLOCALPLACEMENT(#24,#4114);
#4116=IFCBUILDINGELEMENTPROXY('1kkNhPW5XF4BusAPV6zRIC',#6,'Tile:Tile 149.5x149.5 Green:484193',$,$,#4115,#4112,'484193',$);
#4117=IFCPROPERTYSET('0Up1b4yIK36_DZeXMQNQ4q',#6,'Pset_BuildingElementProxyCommon',$,(#3775));
#4118=IFCPROPERTYSET('1MgDcY77XgmxDRMSTmbMWD',#6,'Pset_QuantityTakeOff',$,(#3775));
#4119=IFCRELDEFINESBYPROPERTIES('2cDcRkIpkfrPPY7focb9OK',#6,$,$,(#4116),#4117);
#4120=IFCRELDEFINESBYPROPERTIES('0YgQtj64dXwvi5JpuYJGL2',#6,$,$,(#4116),#4118);
#4121=IFCMAPPEDITEM(#4097,#217);
#4122=IFCSHAPEREPRESENTATION(#15,'Body','MappedRepresentation',(#4121));
#4123=IFCPRODUCTDEFINITIONSHAPE($,$,(#4122));
#4124=IFCCARTESIANPOINT((7184.4931710057399,7771.1631176918381,146.21000000000669));
#4125=IFCAXIS2PLACEMENT3D(#4124,#222,#1707);
#4126=IFCLOCALPLACEMENT(#24,#4125);
#4127=IFCBUILDINGELEMENTPROXY('1kkNhPW5XF4BusAPV6zRIF',#6,'Tile:Tile 149.5x149.5 Green:484194',$,$,#4126,#4123,'484194',$);
#4128=IFCPROPERTYSET('05liWEX$PBq$jbTYhCSGG4',#6,'Pset_BuildingElementProxyCommon',$,(#3775));
#4129=IFCPROPERTYSET('3dkiaoduiHD2JxMuwYXksB',#6,'Pset_QuantityTakeOff',$,(#3775));
#4130=IFCRELDEFINESBYPROPERTIES('0MX9maoFaFbKFdS2sS9d3R',#6,$,$,(#4127),#4128);
#4131=IFCRELDEFINESBYPROPERTIES('3HbgTNDuIjcKoInu_gEt1j',#6,$,$,(#4127),#4129);
#4132=IFCMAPPEDITEM(#4097,#217);
#4133=IFCSHAPEREPRESENTATION(#15,'Body','MappedRepresentation',(#4132));
#4134=IFCPRODUCTDEFINITIONSHAPE($,$,(#4133));
#4135=IFCCARTESIANPOINT((7184.493171005739,7517.2631176918294,449.21000000000566));
#4136=IFCAXIS2PLACEMENT3D(#4135,#222,#1707);
#4137=IFCLOCALPLACEMENT(#24,#4136);
#4138=IFCBUILDINGELEMENTPROXY('1kkNhPW5XF4BusAPV6zRIE',#6,'Tile:Tile 149.5x149.5 Green:484195',$,$,#4137,#4134,'484195',$);
#4139=IFCPROPERTYSET('1b3Lb5KH9zR4WGRfkzEsrt',#6,'Pset_BuildingElementProxyCommon',$,(#3775));
#4140=IFCPROPERTYSET('0e2HwNSyHkPXh9Q5jK4JHw',#6,'Pset_QuantityTakeOff',$,(#3775));
#4141=IFCRELDEFINESBYPROPERTIES('3nOMJhYTIGUgZ8hhAqF7CZ',#6,$,$,(#4138),#4139);
#4142=IFCRELDEFINESBYPROPERTIES('01F4rQcEN_KWeCgtk4XEGU',#6,$,$,(#4138),#4140);
#4143=IFCMAPPEDITEM(#4097,#217);
#4144=IFCSHAPEREPRESENTATION(#15,'Body','MappedRepresentation',(#4143));
#4145=IFCPRODUCTDEFINITIONSHAPE($,$,(#4144));
#4146=IFCCARTESIANPOINT((7184.493171005739,7517.2631176918294,297.71000000000578));
#4147=IFCAXIS2PLACEMENT3D(#4146,#222,#1707);
#4148=IFCLOCALPLACEMENT(#24,#4147);
#4149=IFCBUILDINGELEMENTPROXY('1kkNhPW5XF4BusAPV6zRI9',#6,'Tile:Tile 149.5x149.5 Green:484196',$,$,#4148,#4145,'484196',$);
#4150=IFCPROPERTYSET('1EHW6iWUyVuF3NPhe$hub3',#6,'Pset_BuildingElementProxyCommon',$,(#3775));
#4151=IFCPROPERTYSET('373qQI54UmIfCp6QKANEP8',#6,'Pset_QuantityTakeOff',$,(#3775));
#4152=IFCRELDEFINESBYPROPERTIES('0GW2VWomg05pvb_C1cUure',#6,$,$,(#4149),#4150);
#4153=IFCRELDEFINESBYPROPERTIES('1lA92ux$eDhdHCDUD_vEE0',#6,$,$,(#4149),#4151);
#4154=IFCMAPPEDITEM(#4097,#217);
#4155=IFCSHAPEREPRESENTATION(#15,'Body','MappedRepresentation',(#4154));
#4156=IFCPRODUCTDEFINITIONSHAPE($,$,(#4155));
#4157=IFCCARTESIANPOINT((7184.493171005739,7517.2631176918294,146.21000000000589));
#4158=IFCAXIS2PLACEMENT3D(#4157,#222,#1707);
#4159=IFCLOCALPLACEMENT(#24,#4158);
#4160=IFCBUILDINGELEMENTPROXY('1kkNhPW5XF4BusAPV6zRI8',#6,'Tile:Tile 149.5x149.5 Green:484197',$,$,#4159,#4156,'484197',$);
#4161=IFCPROPERTYSET('1y1UPEhAsSinpr8SIcj7pU',#6,'Pset_BuildingElementProxyCommon',$,(#3775));
#4162=IFCPROPERTYSET('3rOGkNZ$BY_88XZIcacuSd',#6,'Pset_QuantityTakeOff',$,(#3775));
#4163=IFCRELDEFINESBYPROPERTIES('2lBR1m70MH87thA0A7Vgln',#6,$,$,(#4160),#4161);
#4164=IFCRELDEFINESBYPROPERTIES('04qVWNHdhBjL7pfk8JEhes',#6,$,$,(#4160),#4162);
#4165=IFCMAPPEDITEM(#4097,#217);
#4166=IFCSHAPEREPRESENTATION(#15,'Body','MappedRepresentation',(#4165));
#4167=IFCPRODUCTDEFINITIONSHAPE($,$,(#4166));
#4168=IFCCARTESIANPOINT((7184.4931710057399,7771.163117691769,1358.2100000000062));
#4169=IFCAXIS2PLACEMENT3D(#4168,#222,#1707);
#4170=IFCLOCALPLACEMENT(#24,#4169);
#4171=IFCBUILDINGELEMENTPROXY('1kkNhPW5XF4BusAPV6zRIB',#6,'Tile:Tile 149.5x149.5 Green:484198',$,$,#4170,#4167,'484198',$);
#4172=IFCPROPERTYSET('2BzFND8i6_TzUrDqVEXup6',#6,'Pset_BuildingElementProxyCommon',$,(#3775));
#4173=IFCPROPERTYSET('05GRObA1miTG1eg4wK9Qzd',#6,'Pset_QuantityTakeOff',$,(#3775));
#4174=IFCRELDEFINESBYPROPERTIES('388rR_tY6mSuZxr0vrKoLQ',#6,$,$,(#4171),#4172);
#4175=IFCRELDEFINESBYPROPERTIES('3njF9dvyLFkBzVmoE0ph3v',#6,$,$,(#4171),#4173);
#4176=IFCMAPPEDITEM(#4097,#217);
#4177=IFCSHAPEREPRESENTATION(#15,'Body','MappedRepresentation',(#4176));
#4178=IFCPRODUCTDEFINITIONSHAPE($,$,(#4177));
#4179=IFCCARTESIANPOINT((7184.4931710057399,7771.163117691769,1206.7100000000062));
#4180=IFCAXIS2PLACEMENT3D(#4179,#222,#1707);
#4181=IFCLOCALPLACEMENT(#24,#4180);
#4182=IFCBUILDINGELEMENTPROXY('1kkNhPW5XF4BusAPV6zRIA',#6,'Tile:Tile 149.5x149.5 Green:484199',$,$,#4181,#4178,'484199',$);
#4183=IFCPROPERTYSET('0aKVLSCzMnNIK1HtoH7aH3',#6,'Pset_BuildingElementProxyCommon',$,(#3775));
#4184=IFCPROPERTYSET('2zP_t_8sV8rGxOrQZ1FG3G',#6,'Pset_QuantityTakeOff',$,(#3775));
#4185=IFCRELDEFINESBYPROPERTIES('0xqiuRF6IWjFsu2Rl0BH7l',#6,$,$,(#4182),#4183);
#4186=IFCRELDEFINESBYPROPERTIES('16M7RUvqR_OMceNzXVQuU8',#6,$,$,(#4182),#4184);
#4187=IFCMAPPEDITEM(#4097,#217);
#4188=IFCSHAPEREPRESENTATION(#15,'Body','MappedRepresentation',(#4187));
#4189=IFCPRODUCTDEFINITIONSHAPE($,$,(#4188));
#4190=IFCCARTESIANPOINT((7184.4931710057399,7771.163117691769,1055.2100000000064));
#4191=IFCAXIS2PLACEMENT3D(#4190,#222,#1707);
#4192=IFCLOCALPLACEMENT(#24,#4191);
#4193=IFCBUILDINGELEMENTPROXY('1kkNhPW5XF4BusAPV6zRI5',#6,'Tile:Tile 149.5x149.5 Green:484200',$,$,#4192,#4189,'484200',$);
#4194=IFCPROPERTYSET('0eN5oEl8t8zgTmbHnvKRZd',#6,'Pset_BuildingElementProxyCommon',$,(#3775));
#4195=IFCPROPERTYSET('17B7Fsv5yMowvMBtSo0vrp',#6,'Pset_QuantityTakeOff',$,(#3775));
#4196=IFCRELDEFINESBYPROPERTIES('1XmDu4ZTHxonq0meaukBCF',#6,$,$,(#4193),#4194);
#4197=IFCRELDEFINESBYPROPERTIES('0Gra5JpO_CJDkFfr0TjvP8',#6,$,$,(#4193),#4195);
#4198=IFCMAPPEDITEM(#4097,#217);
#4199=IFCSHAPEREPRESENTATION(#15,'Body','MappedRepresentation',(#4198));
#4200=IFCPRODUCTDEFINITIONSHAPE($,$,(#4199));
#4201=IFCCARTESIANPOINT((7184.493171005739,7517.2631176917594,1358.210000000005));
#4202=IFCAXIS2PLACEMENT3D(#4201,#222,#1707);
#4203=IFCLOCALPLACEMENT(#24,#4202);
#4204=IFCBUILDINGELEMENTPROXY('1kkNhPW5XF4BusAPV6zRI4',#6,'Tile:Tile 149.5x149.5 Green:484201',$,$,#4203,#4200,'484201',$);
#4205=IFCPROPERTYSET('1HSH1Ipq6SYLj23Mkj1MIc',#6,'Pset_BuildingElementProxyCommon',$,(#3775));
#4206=IFCPROPERTYSET('2OwEkB8YsNtqZ35hJBvj4e',#6,'Pset_QuantityTakeOff',$,(#3775));
#4207=IFCRELDEFINESBYPROPERTIES('0kJJUdkTMVGdVvlUKgknTy',#6,$,$,(#4204),#4205);
#4208=IFCRELDEFINESBYPROPERTIES('0NkVuQ_v18SOcE8yqiVdvp',#6,$,$,(#4204),#4206);
#4209=IFCMAPPEDITEM(#4097,#217);
#4210=IFCSHAPEREPRESENTATION(#15,'Body','MappedRepresentation',(#4209));
#4211=IFCPRODUCTDEFINITIONSHAPE($,$,(#4210));
#4212=IFCCARTESIANPOINT((7184.493171005739,7517.2631176917594,1206.7100000000053));
#4213=IFCAXIS2PLACEMENT3D(#4212,#222,#1707);
#4214=IFCLOCALPLACEMENT(#24,#4213);
#4215=IFCBUILDINGELEMENTPROXY('1kkNhPW5XF4BusAPV6zRI7',#6,'Tile:Tile 149.5x149.5 Green:484202',$,$,#4214,#4211,'484202',$);
#4216=IFCPROPERTYSET('0G_IglIa2nWwoL_JBFzAs8',#6,'Pset_BuildingElementProxyCommon',$,(#3775));
#4217=IFCPROPERTYSET('0sg25J19lghgl6enWM6XJm',#6,'Pset_QuantityTakeOff',$,(#3775));
#4218=IFCRELDEFINESBYPROPERTIES('0_EXf9ZXwOj7yk3X0TN0mE',#6,$,$,(#4215),#4216);
#4219=IFCRELDEFINESBYPROPERTIES('38irWx2GW2ICk2itNvUNYL',#6,$,$,(#4215),#4217);
#4220=IFCMAPPEDITEM(#4097,#217);
#4221=IFCSHAPEREPRESENTATION(#15,'Body','MappedRepresentation',(#4220));
#4222=IFCPRODUCTDEFINITIONSHAPE($,$,(#4221));
#4223=IFCCARTESIANPOINT((7184.493171005739,7517.2631176917594,1055.2100000000055));
#4224=IFCAXIS2PLACEMENT3D(#4223,#222,#1707);
#4225=IFCLOCALPLACEMENT(#24,#4224);
#4226=IFCBUILDINGELEMENTPROXY('1kkNhPW5XF4BusAPV6zRI6',#6,'Tile:Tile 149.5x149.5 Green:484203',$,$,#4225,#4222,'484203',$);
#4227=IFCPROPERTYSET('0xT6lvwSUeOGsVXtYLQSYR',#6,'Pset_BuildingElementProxyCommon',$,(#3775));
#4228=IFCPROPERTYSET('3e8wfneYFMBuDRug_ywIM8',#6,'Pset_QuantityTakeOff',$,(#3775));
#4229=IFCRELDEFINESBYPROPERTIES('1FmUtxISLX5ZhqpHa527Pa',#6,$,$,(#4226),#4227);
#4230=IFCRELDEFINESBYPROPERTIES('3dK9aKhX4OICSObZ5n$BkR',#6,$,$,(#4226),#4228);
#4231=IFCCARTESIANPOINT((-69.,-18.433333333332392));
#4232=IFCCARTESIANPOINT((-69.,-65.533333333333601));
#4233=IFCCARTESIANPOINT((80.500000000005656,-65.533333333333601));
#4234=IFCCARTESIANPOINT((80.500000000005656,83.966666666663826));
#4235=IFCCARTESIANPOINT((-11.500000000008621,83.966666666663826));
#4236=IFCCARTESIANPOINT((-11.500000000008621,-18.433333333332392));
#4237=IFCPOLYLINE((#4231,#4232,#4233,#4234,#4235,#4236,#4231));
#4238=IFCARBITRARYCLOSEDPROFILEDEF(.AREA.,'Tile Green',#4237);
#4239=IFCCARTESIANPOINT((7177.4931710057408,7705.6297843585098,971.1999999999947));
#4240=IFCAXIS2PLACEMENT3D(#4239,#222,#1525);
#4241=IFCEXTRUDEDAREASOLID(#4238,#4240,#1525,6.9999999999994911);
#4242=IFCSTYLEDITEM(#4241,(#3757),$);
#4243=IFCSHAPEREPRESENTATION(#15,'Body','SweptSolid',(#4241));
#4244=IFCAXIS2PLACEMENT3D(#10,$,$);
#4245=IFCREPRESENTATIONMAP(#4244,#4243);
#4246=IFCBUILDINGELEMENTPROXYTYPE('1kkNhPW5XF4BusAPV6zRIR',#6,'Tile Green4:Tile Green',$,$,$,(#4245),'484214',$,.NOTDEFINED.);
#4247=IFCMAPPEDITEM(#4245,#217);
#4248=IFCSHAPEREPRESENTATION(#15,'Body','MappedRepresentation',(#4247));
#4249=IFCPRODUCTDEFINITIONSHAPE($,$,(#4248));
#4250=IFCCARTESIANPOINT((0.,0.,13.010000000023275));
#4251=IFCAXIS2PLACEMENT3D(#4250,$,$);
#4252=IFCLOCALPLACEMENT(#24,#4251);
#4253=IFCBUILDINGELEMENTPROXY('1kkNhPW5XF4BusAPV6zRIL',#6,'Tile Green4:Tile Green:484216',$,$,#4252,#4249,'484216',$);
#4254=IFCPROPERTYSINGLEVALUE('Reference',$,IFCIDENTIFIER('Tile Green'),$);
#4255=IFCPROPERTYSET('2b7hj8qSSCT0DsHxW$qrhI',#6,'Pset_BuildingElementProxyCommon',$,(#4254));
#4256=IFCPROPERTYSET('1c72MftiBD7lqOueISnLvJ',#6,'Pset_QuantityTakeOff',$,(#4254));
#4257=IFCRELDEFINESBYPROPERTIES('0ZHPD5XWVUsfMgZbVy0h6l',#6,$,$,(#4253),#4255);
#4258=IFCRELDEFINESBYPROPERTIES('04E4UfRB5qEaUJP0klrGWz',#6,$,$,(#4253),#4256);
#4259=IFCCARTESIANPOINT((-69.,-65.533333333329267));
#4260=IFCCARTESIANPOINT((80.500000000003624,-65.533333333329267));
#4261=IFCCARTESIANPOINT((80.500000000003624,83.966666666667066));
#4262=IFCCARTESIANPOINT((-11.500000000005913,83.966666666667066));
#4263=IFCCARTESIANPOINT((-11.500000000005913,-18.433333333337806));
#4264=IFCCARTESIANPOINT((-69.,-18.433333333337806));
#4265=IFCPOLYLINE((#4259,#4260,#4261,#4262,#4263,#4264,#4259));
#4266=IFCARBITRARYCLOSEDPROFILEDEF(.AREA.,'Tile Green',#4265);
#4267=IFCCARTESIANPOINT((7177.4931710057408,7535.6964510251737,984.21000000002073));
#4268=IFCAXIS2PLACEMENT3D(#4267,#1290,#1525);
#4269=IFCEXTRUDEDAREASOLID(#4266,#4268,#34,6.9999999999994911);
#4270=IFCSTYLEDITEM(#4269,(#3757),$);
#4271=IFCSHAPEREPRESENTATION(#15,'Body','SweptSolid',(#4269));
#4272=IFCAXIS2PLACEMENT3D(#10,$,$);
#4273=IFCREPRESENTATIONMAP(#4272,#4271);
#4274=IFCBUILDINGELEMENTPROXYTYPE('1kkNhPW5XF4BusAPV6zRHi',#6,'Tile Green5:Tile Green',$,$,$,(#4273),'484225',$,.NOTDEFINED.);
#4275=IFCMAPPEDITEM(#4273,#217);
#4276=IFCSHAPEREPRESENTATION(#15,'Body','MappedRepresentation',(#4275));
#4277=IFCPRODUCTDEFINITIONSHAPE($,$,(#4276));
#4278=IFCAXIS2PLACEMENT3D(#10,$,$);
#4279=IFCLOCALPLACEMENT(#24,#4278);
#4280=IFCBUILDINGELEMENTPROXY('1kkNhPW5XF4BusAPV6zRHk',#6,'Tile Green5:Tile Green:484227',$,$,#4279,#4277,'484227',$);
#4281=IFCPROPERTYSET('0O_UMwpjnCJdxUXzzlgxi6',#6,'Pset_BuildingElementProxyCommon',$,(#4254));
#4282=IFCPROPERTYSET('3wMJdxIO9UIIUP8i5jzLoI',#6,'Pset_QuantityTakeOff',$,(#4254));
#4283=IFCRELDEFINESBYPROPERTIES('2BZTCbhLHWNfhanLlQgIO$',#6,$,$,(#4280),#4281);
#4284=IFCRELDEFINESBYPROPERTIES('2nNOhS_PvzsAJuTG_fEigw',#6,$,$,(#4280),#4282);
#4285=IFCCARTESIANPOINT((18.433333333333042,-69.000010946444107));
#4286=IFCCARTESIANPOINT((65.533333333333161,-69.000010946444107));
#4287=IFCCARTESIANPOINT((65.533333333333744,80.499989053539636));
#4288=IFCCARTESIANPOINT((-83.96666666666367,80.499989053539679));
#4289=IFCCARTESIANPOINT((-83.966666666663528,-11.499978107095327));
#4290=IFCCARTESIANPOINT((18.43333333333268,-11.499978107095297));
#4291=IFCPOLYLINE((#4285,#4286,#4287,#4288,#4289,#4290,#4285));
#4292=IFCARBITRARYCLOSEDPROFILEDEF(.AREA.,'Tile Green',#4291);
#4293=IFCCARTESIANPOINT((7177.4931710057408,7705.6297843584925,669.71001094646476));
#4294=IFCAXIS2PLACEMENT3D(#4293,#1290,#1707);
#4295=IFCEXTRUDEDAREASOLID(#4292,#4294,#34,6.9999999999984084);
#4296=IFCSTYLEDITEM(#4295,(#3757),$);
#4297=IFCSHAPEREPRESENTATION(#15,'Body','SweptSolid',(#4295));
#4298=IFCAXIS2PLACEMENT3D(#10,$,$);
#4299=IFCREPRESENTATIONMAP(#4298,#4297);
#4300=IFCBUILDINGELEMENTPROXYTYPE('1kkNhPW5XF4BusAPV6zRHz',#6,'Tile Green6:Tile Green',$,$,$,(#4299),'484240',$,.NOTDEFINED.);
#4301=IFCMAPPEDITEM(#4299,#217);
#4302=IFCSHAPEREPRESENTATION(#15,'Body','MappedRepresentation',(#4301));
#4303=IFCPRODUCTDEFINITIONSHAPE($,$,(#4302));
#4304=IFCAXIS2PLACEMENT3D(#10,$,$);
#4305=IFCLOCALPLACEMENT(#24,#4304);
#4306=IFCBUILDINGELEMENTPROXY('1kkNhPW5XF4BusAPV6zRH$',#6,'Tile Green6:Tile Green:484242',$,$,#4305,#4303,'484242',$);
#4307=IFCPROPERTYSET('11zGtndD_BjBWhfwmJ1SJ2',#6,'Pset_BuildingElementProxyCommon',$,(#4254));
#4308=IFCPROPERTYSET('19q1UdCefQN9rHWjTp2oPN',#6,'Pset_QuantityTakeOff',$,(#4254));
#4309=IFCRELDEFINESBYPROPERTIES('3shRJ$Fk5yicN2stnuOg1a',#6,$,$,(#4306),#4307);
#4310=IFCRELDEFINESBYPROPERTIES('0w6EjrC4tyoJzaKE2LXMUT',#6,$,$,(#4306),#4308);
#4311=IFCCARTESIANPOINT((-65.533333333329693,-69.00001094645819));
#4312=IFCCARTESIANPOINT((-18.433333333337156,-69.00001094645819));
#4313=IFCCARTESIANPOINT((-18.433333333338602,-11.499978107095091));
#4314=IFCCARTESIANPOINT((83.966666666667351,-11.49997810709506));
#4315=IFCCARTESIANPOINT((83.966666666667223,80.499989053553207));
#4316=IFCCARTESIANPOINT((-65.533333333329125,80.499989053553236));
#4317=IFCPOLYLINE((#4311,#4312,#4313,#4314,#4315,#4316,#4311));
#4318=IFCARBITRARYCLOSEDPROFILEDEF(.AREA.,'Tile Green',#4317);
#4319=IFCCARTESIANPOINT((7177.4931710057408,7535.6964510251564,669.71001094647158));
#4320=IFCAXIS2PLACEMENT3D(#4319,#1290,#1707);
#4321=IFCEXTRUDEDAREASOLID(#4318,#4320,#34,6.9999999999994911);
#4322=IFCSTYLEDITEM(#4321,(#3757),$);
#4323=IFCSHAPEREPRESENTATION(#15,'Body','SweptSolid',(#4321));
#4324=IFCAXIS2PLACEMENT3D(#10,$,$);
#4325=IFCREPRESENTATIONMAP(#4324,#4323);
#4326=IFCBUILDINGELEMENTPROXYTYPE('1kkNhPW5XF4BusAPV6zRHs',#6,'Tile Green7:Tile Green',$,$,$,(#4325),'484251',$,.NOTDEFINED.);
#4327=IFCMAPPEDITEM(#4325,#217);
#4328=IFCSHAPEREPRESENTATION(#15,'Body','MappedRepresentation',(#4327));
#4329=IFCPRODUCTDEFINITIONSHAPE($,$,(#4328));
#4330=IFCAXIS2PLACEMENT3D(#10,$,$);
#4331=IFCLOCALPLACEMENT(#24,#4330);
#4332=IFCBUILDINGELEMENTPROXY('1kkNhPW5XF4BusAPV6zRHm',#6,'Tile Green7:Tile Green:484253',$,$,#4331,#4329,'484253',$);
#4333=IFCPROPERTYSET('1tKZR$P0MwdkxnrG6dRdbw',#6,'Pset_BuildingElementProxyCommon',$,(#4254));
#4334=IFCPROPERTYSET('08daxH7vaOMY7AnMjPG2P1',#6,'Pset_QuantityTakeOff',$,(#4254));
#4335=IFCRELDEFINESBYPROPERTIES('3uQAoHZ1X1BYspCKUwsxdU',#6,$,$,(#4332),#4333);
#4336=IFCRELDEFINESBYPROPERTIES('3Ee6NMu6iqJ5FjN0IHd2cK',#6,$,$,(#4332),#4334);
#4337=IFCCARTESIANPOINT((7093.4931710057426,7923.6631176918445,12.993840887915093));
#4338=IFCCARTESIANPOINT((7093.4931710057426,7922.6631176918454,12.993840887915093));
#4339=IFCCARTESIANPOINT((7075.4931710057426,7922.6631176918454,12.993840887915093));
#4340=IFCCARTESIANPOINT((7075.4931710057426,7940.663117691849,12.993840887915093));
#4341=IFCCARTESIANPOINT((7076.4931710057381,7940.663117691849,12.993840887915093));
#4342=IFCCARTESIANPOINT((7076.4931710057381,7923.6631176918445,12.993840887915093));
#4343=IFCPOLYLOOP((#4337,#4338,#4339,#4340,#4341,#4342));
#4344=IFCFACEOUTERBOUND(#4343,.T.);
#4345=IFCFACE((#4344));
#4346=IFCCARTESIANPOINT((7076.4931710057381,7923.6631176918445,1667.2100328393767));
#4347=IFCCARTESIANPOINT((7093.4931710057426,7923.6631176918445,1667.2100328393767));
#4348=IFCPOLYLOOP((#4337,#4342,#4346,#4347));
#4349=IFCFACEOUTERBOUND(#4348,.T.);
#4350=IFCFACE((#4349));
#4351=IFCCARTESIANPOINT((7076.4931710057381,7940.663117691849,1667.2100328393767));
#4352=IFCPOLYLOOP((#4342,#4341,#4351,#4346));
#4353=IFCFACEOUTERBOUND(#4352,.T.);
#4354=IFCFACE((#4353));
#4355=IFCCARTESIANPOINT((7075.4931710057435,7940.663117691849,1686.21));
#4356=IFCCARTESIANPOINT((7076.4931710057408,7940.663117691849,1686.21));
#4357=IFCCARTESIANPOINT((7076.4931710057435,7940.663117691849,1668.2100328393769));
#4358=IFCCARTESIANPOINT((7093.4931710057426,7940.663117691849,1668.2100328393769));
#4359=IFCCARTESIANPOINT((7093.4931710057426,7940.663117691849,1667.2100328393767));
#4360=IFCPOLYLOOP((#4341,#4340,#4355,#4356,#4357,#4358,#4359,#4351));
#4361=IFCFACEOUTERBOUND(#4360,.T.);
#4362=IFCFACE((#4361));
#4363=IFCCARTESIANPOINT((7075.4931710057426,7922.6631176918454,1667.2100328393767));
#4364=IFCCARTESIANPOINT((7075.4931710057426,7320.7156685792334,1667.2100328393767));
#4365=IFCCARTESIANPOINT((7075.4931710057426,7320.7156685792334,12.993840887915093));
#4366=IFCCARTESIANPOINT((7075.4931710057426,7302.7156685792525,12.993840887915093));
#4367=IFCCARTESIANPOINT((7075.4931710057426,7302.7156685792525,1686.21));
#4368=IFCPOLYLOOP((#4340,#4339,#4363,#4364,#4365,#4366,#4367,#4355));
#4369=IFCFACEOUTERBOUND(#4368,.T.);
#4370=IFCFACE((#4369));
#4371=IFCCARTESIANPOINT((7093.4931710057426,7922.6631176918454,1667.2100328393767));
#4372=IFCPOLYLOOP((#4339,#4338,#4371,#4363));
#4373=IFCFACEOUTERBOUND(#4372,.T.);
#4374=IFCFACE((#4373));
#4375=IFCCARTESIANPOINT((7093.4931710057426,7320.7156685792525,1668.2100328393769));
#4376=IFCCARTESIANPOINT((7093.4931710057426,7320.7156685792525,1669.2100000000003));
#4377=IFCCARTESIANPOINT((7093.4931710057426,7319.715668579257,1669.2100000000003));
#4378=IFCCARTESIANPOINT((7093.4931710057426,7319.715668579257,1668.2100328393769));
#4379=IFCCARTESIANPOINT((7093.4931710057426,7302.7156685792525,1668.2100328393769));
#4380=IFCCARTESIANPOINT((7093.4931710057426,7302.7156685792525,1667.2100328393767));
#4381=IFCCARTESIANPOINT((7093.4931710057426,7319.715668579257,1667.2100328393767));
#4382=IFCCARTESIANPOINT((7093.4931710057426,7319.715668579257,12.993840887915093));
#4383=IFCCARTESIANPOINT((7093.4931710057426,7320.7156685792525,12.993840887915093));
#4384=IFCCARTESIANPOINT((7093.4931710057426,7320.7156685792525,1667.2100328393767));
#4385=IFCPOLYLOOP((#4338,#4337,#4347,#4359,#4358,#4375,#4376,#4377,#4378,#4379,#4380,#4381,#4382,#4383,#4384,#4371));
#4386=IFCFACEOUTERBOUND(#4385,.T.);
#4387=IFCFACE((#4386));
#4388=IFCCARTESIANPOINT((7076.4931710057408,7302.7156685792525,1668.2100328393769));
#4389=IFCCARTESIANPOINT((7076.493171005739,7302.7156685792525,1686.21));
#4390=IFCCARTESIANPOINT((7076.4931710057554,7302.7156685792525,12.993840887915093));
#4391=IFCCARTESIANPOINT((7076.4931710057554,7302.7156685792525,1667.2100328393767));
#4392=IFCPOLYLOOP((#4380,#4379,#4388,#4389,#4367,#4366,#4390,#4391));
#4393=IFCFACEOUTERBOUND(#4392,.T.);
#4394=IFCFACE((#4393));
#4395=IFCCARTESIANPOINT((7076.4931710057408,7319.7156685792388,1668.2100328393769));
#4396=IFCPOLYLOOP((#4388,#4379,#4378,#4395));
#4397=IFCFACEOUTERBOUND(#4396,.T.);
#4398=IFCFACE((#4397));
#4399=IFCCARTESIANPOINT((7076.4931710057408,7319.7156685792388,1669.2100000000003));
#4400=IFCCARTESIANPOINT((7076.4931710057408,7320.7156685792343,1669.2100000000003));
#4401=IFCCARTESIANPOINT((7076.4931710057408,7320.7156685792343,1668.2100328393769));
#4402=IFCPOLYLOOP((#4357,#4356,#4389,#4388,#4395,#4399,#4400,#4401));
#4403=IFCFACEOUTERBOUND(#4402,.T.);
#4404=IFCFACE((#4403));
#4405=IFCCARTESIANPOINT((7076.4931710057363,7319.7156685792388,1667.2100328393767));
#4406=IFCPOLYLOOP((#4381,#4380,#4391,#4405));
#4407=IFCFACEOUTERBOUND(#4406,.T.);
#4408=IFCFACE((#4407));
#4409=IFCCARTESIANPOINT((7076.4931710057363,7319.7156685792388,12.993840887915093));
#4410=IFCPOLYLOOP((#4390,#4366,#4365,#4383,#4382,#4409));
#4411=IFCFACEOUTERBOUND(#4410,.T.);
#4412=IFCFACE((#4411));
#4413=IFCPOLYLOOP((#4377,#4399,#4395,#4378));
#4414=IFCFACEOUTERBOUND(#4413,.T.);
#4415=IFCFACE((#4414));
#4416=IFCPOLYLOOP((#4376,#4375,#4401,#4400));
#4417=IFCFACEOUTERBOUND(#4416,.T.);
#4418=IFCFACE((#4417));
#4419=IFCPOLYLOOP((#4399,#4377,#4376,#4400));
#4420=IFCFACEOUTERBOUND(#4419,.T.);
#4421=IFCFACE((#4420));
#4422=IFCPOLYLOOP((#4390,#4409,#4405,#4391));
#4423=IFCFACEOUTERBOUND(#4422,.T.);
#4424=IFCFACE((#4423));
#4425=IFCPOLYLOOP((#4367,#4389,#4356,#4355));
#4426=IFCFACEOUTERBOUND(#4425,.T.);
#4427=IFCFACE((#4426));
#4428=IFCPOLYLOOP((#4383,#4365,#4364,#4384));
#4429=IFCFACEOUTERBOUND(#4428,.T.);
#4430=IFCFACE((#4429));
#4431=IFCPOLYLOOP((#4409,#4382,#4381,#4405));
#4432=IFCFACEOUTERBOUND(#4431,.T.);
#4433=IFCFACE((#4432));
#4434=IFCPOLYLOOP((#4363,#4371,#4384,#4364));
#4435=IFCFACEOUTERBOUND(#4434,.T.);
#4436=IFCFACE((#4435));
#4437=IFCPOLYLOOP((#4359,#4347,#4346,#4351));
#4438=IFCFACEOUTERBOUND(#4437,.T.);
#4439=IFCFACE((#4438));
#4440=IFCPOLYLOOP((#4358,#4357,#4401,#4375));
#4441=IFCFACEOUTERBOUND(#4440,.T.);
#4442=IFCFACE((#4441));
#4443=IFCCLOSEDSHELL((#4345,#4350,#4354,#4362,#4370,#4374,#4387,#4394,#4398,#4404,#4408,#4412,#4415,#4418,#4421,#4424,#4427,#4430,#4433,#4436,#4439,#4442));
#4444=IFCFACETEDBREP(#4443);
#4445=IFCSTYLEDITEM(#4444,(#2891),$);
#4446=IFCSHAPEREPRESENTATION(#15,'Body','Brep',(#4444));
#4447=IFCAXIS2PLACEMENT3D(#10,$,$);
#4448=IFCREPRESENTATIONMAP(#4447,#4446);
#4449=IFCBUILDINGELEMENTPROXYTYPE('1kkNhPW5XF4BusAPV6zR5a',#6,'Cantoneira 2:Cantoneira 2',$,$,$,(#4448),'485001',$,.NOTDEFINED.);
#4450=IFCMAPPEDITEM(#4448,#217);
#4451=IFCSHAPEREPRESENTATION(#15,'Body','MappedRepresentation',(#4450));
#4452=IFCPRODUCTDEFINITIONSHAPE($,$,(#4451));
#4453=IFCAXIS2PLACEMENT3D(#10,$,$);
#4454=IFCLOCALPLACEMENT(#24,#4453);
#4455=IFCBUILDINGELEMENTPROXY('1kkNhPW5XF4BusAPV6zR5c',#6,'Cantoneira 2:Cantoneira 2:485003',$,$,#4454,#4452,'485003',$);
#4456=IFCPROPERTYSINGLEVALUE('Reference',$,IFCIDENTIFIER('Cantoneira 2'),$);
#4457=IFCPROPERTYSET('1zZ65Yx3gAruaYe3IkLQw0',#6,'Pset_BuildingElementProxyCommon',$,(#4456));
#4458=IFCPROPERTYSET('3f1d71fhHYvd7noJNCTt05',#6,'Pset_QuantityTakeOff',$,(#4456));
#4459=IFCRELDEFINESBYPROPERTIES('2JEYlHj9D$slWjHZD2zGQ7',#6,$,$,(#4455),#4457);
#4460=IFCRELDEFINESBYPROPERTIES('2XxfhZrAjK67jFkgnW2KgZ',#6,$,$,(#4455),#4458);
#4461=IFCCARTESIANPOINT((-12.333333333332494,-5.3333333333318409));
#4462=IFCCARTESIANPOINT((-12.333333333332254,-6.3333333333326962));
#4463=IFCCARTESIANPOINT((6.6666666666623433,-6.3333333333324546));
#4464=IFCCARTESIANPOINT((6.6666666666623433,11.666666666666703));
#4465=IFCCARTESIANPOINT((5.6666666666669023,11.666666666666462));
#4466=IFCCARTESIANPOINT((5.6666666666666625,-5.3333333333318409));
#4467=IFCPOLYLINE((#4461,#4462,#4463,#4464,#4465,#4466,#4461));
#4468=IFCARBITRARYCLOSEDPROFILEDEF(.AREA.,'Cantoneira 2',#4467);
#4469=IFCCARTESIANPOINT((7084.1598376723823,6718.4964510252003,0.));
#4470=IFCAXIS2PLACEMENT3D(#4469,#1525,#222);
#4471=IFCEXTRUDEDAREASOLID(#4468,#4470,#1525,1924.0100328393794);
#4472=IFCSTYLEDITEM(#4471,(#2891),$);
#4473=IFCSHAPEREPRESENTATION(#15,'Body','SweptSolid',(#4471));
#4474=IFCAXIS2PLACEMENT3D(#10,$,$);
#4475=IFCREPRESENTATIONMAP(#4474,#4473);
#4476=IFCBUILDINGELEMENTPROXYTYPE('1kkNhPW5XF4BusAPV6zRoM',#6,'Cantoneira 1:Cantoneira 2',$,$,$,(#4475),'486267',$,.NOTDEFINED.);
#4477=IFCMAPPEDITEM(#4475,#217);
#4478=IFCSHAPEREPRESENTATION(#15,'Body','MappedRepresentation',(#4477));
#4479=IFCPRODUCTDEFINITIONSHAPE($,$,(#4478));
#4480=IFCAXIS2PLACEMENT3D(#10,$,$);
#4481=IFCLOCALPLACEMENT(#24,#4480);
#4482=IFCBUILDINGELEMENTPROXY('1kkNhPW5XF4BusAPV6zRoG',#6,'Cantoneira 1:Cantoneira 2:486269',$,$,#4481,#4479,'486269',$);
#4483=IFCPROPERTYSET('1oanV4PnNRF22p2R40EbKA',#6,'Pset_BuildingElementProxyCommon',$,(#4456));
#4484=IFCPROPERTYSET('1oyMnhdoh42NA$jrtk32rX',#6,'Pset_QuantityTakeOff',$,(#4456));
#4485=IFCRELDEFINESBYPROPERTIES('3MdXO0UfOq3z125WYYJu4P',#6,$,$,(#4482),#4483);
#4486=IFCRELDEFINESBYPROPERTIES('0GDdrE864K7ob7UBZqBEFx',#6,$,$,(#4482),#4484);
#4487=IFCCARTESIANPOINT((-12.333333333332494,-5.3333333333318409));
#4488=IFCCARTESIANPOINT((-12.333333333332254,-6.3333333333326962));
#4489=IFCCARTESIANPOINT((6.6666666666623433,-6.3333333333324546));
#4490=IFCCARTESIANPOINT((6.6666666666623433,11.666666666666703));
#4491=IFCCARTESIANPOINT((5.6666666666669023,11.666666666666462));
#4492=IFCCARTESIANPOINT((5.6666666666666625,-5.3333333333318409));
#4493=IFCPOLYLINE((#4487,#4488,#4489,#4490,#4491,#4492,#4487));
#4494=IFCARBITRARYCLOSEDPROFILEDEF(.AREA.,'Cantoneira 2',#4493);
#4495=IFCCARTESIANPOINT((7084.1598376723823,6718.4964510252003,15.998536141046079));
#4496=IFCAXIS2PLACEMENT3D(#4495,#1525,#222);
#4497=IFCEXTRUDEDAREASOLID(#4494,#4496,#1525,1908.0114966983333);
#4498=IFCSTYLEDITEM(#4497,(#2891),$);
#4499=IFCSHAPEREPRESENTATION(#15,'Body','SweptSolid',(#4497));
#4500=IFCAXIS2PLACEMENT3D(#10,$,$);
#4501=IFCREPRESENTATIONMAP(#4500,#4499);
#4502=IFCBUILDINGELEMENTPROXYTYPE('1kkNhPW5XF4BusAPV6zQ2O',#6,'Cantoneira 3:Cantoneira 2',$,$,$,(#4501),'489333',$,.NOTDEFINED.);
#4503=IFCMAPPEDITEM(#4501,#217);
#4504=IFCSHAPEREPRESENTATION(#15,'Body','MappedRepresentation',(#4503));
#4505=IFCPRODUCTDEFINITIONSHAPE($,$,(#4504));
#4506=IFCCARTESIANPOINT((-1811.0157680680315,1812.8722883627556,0.));
#4507=IFCAXIS2PLACEMENT3D(#4506,$,$);
#4508=IFCLOCALPLACEMENT(#24,#4507);
#4509=IFCBUILDINGELEMENTPROXY('1kkNhPW5XF4BusAPV6zQ2Q',#6,'Cantoneira 3:Cantoneira 2:489335',$,$,#4508,#4505,'489335',$);
#4510=IFCPROPERTYSET('0qtUPrO1JxcntWAobdIS5$',#6,'Pset_BuildingElementProxyCommon',$,(#4456));
#4511=IFCPROPERTYSET('3eyCX0PbDAQj6puRpymVSc',#6,'Pset_QuantityTakeOff',$,(#4456));
#4512=IFCRELDEFINESBYPROPERTIES('2Ff$EKTKqu7g6C9tAoTfVC',#6,$,$,(#4509),#4510);
#4513=IFCRELDEFINESBYPROPERTIES('3E9RcDQtc0dwg4T0Xzg$Y1',#6,$,$,(#4509),#4511);
#4514=IFCCARTESIANPOINT((-1.4210854715202004E-014,0.));
#4515=IFCAXIS2PLACEMENT2D(#4514,#193);
#4516=IFCRECTANGLEPROFILEDEF(.AREA.,'Tile 450,700 x 300,500 x 95 Red',#4515,201.95999999999998,275.44999999999993);
#4517=IFCCARTESIANPOINT((-100.97999999999375,-137.72500000000841,-0.));
#4518=IFCAXIS2PLACEMENT3D(#4517,#34,#222);
#4519=IFCEXTRUDEDAREASOLID(#4516,#4518,#34,6.9999999999999973);
#4520=IFCSTYLEDITEM(#4519,(#823),$);
#4521=IFCSHAPEREPRESENTATION(#15,'Body','SweptSolid',(#4519));
#4522=IFCAXIS2PLACEMENT3D(#10,$,$);
#4523=IFCREPRESENTATIONMAP(#4522,#4521);
#4524=IFCBUILDINGELEMENTPROXYTYPE('1kkNhPW5XF4BusAPV6zQ8z',#6,'Tile:Tile 450,700 x 300,500 x 95 Red',$,$,$,(#4523),'427296',$,.NOTDEFINED.);
#4525=IFCMAPPEDITEM(#4523,#217);
#4526=IFCSHAPEREPRESENTATION(#15,'Body','MappedRepresentation',(#4525));
#4527=IFCPRODUCTDEFINITIONSHAPE($,$,(#4526));
#4528=IFCCARTESIANPOINT((5274.4931710057172,8736.0354060546269,1648.558577513598));
#4529=IFCAXIS2PLACEMENT3D(#4528,#222,#1707);
#4530=IFCLOCALPLACEMENT(#24,#4529);
#4531=IFCBUILDINGELEMENTPROXY('1kkNhPW5XF4BusAPV6zLTV',#6,'Tile:Tile 450,700 x 300,500 x 95 Red:491698',$,$,#4530,#4527,'491698',$);
#4532=IFCPROPERTYSET('1hnIzxUrL__tUk_jJRr07P',#6,'Pset_BuildingElementProxyCommon',$,(#1917));
#4533=IFCPROPERTYSET('1HrO$QsYXOov_54zJYT0JX',#6,'Pset_QuantityTakeOff',$,(#1917));
#4534=IFCRELDEFINESBYPROPERTIES('29R$nAldglkcaABrOjKWUN',#6,$,$,(#4531),#4532);
#4535=IFCRELDEFINESBYPROPERTIES('0vO1eZni4IMq6ee4SWevYr',#6,$,$,(#4531),#4533);
#4536=IFCCARTESIANPOINT((-1.4210854715202004E-014,-2.8421709430404007E-014));
#4537=IFCAXIS2PLACEMENT2D(#4536,#193);
#4538=IFCRECTANGLEPROFILEDEF(.AREA.,'Tile 450,700 x 300,500 x 95 Red',#4537,201.95999999999998,450.69999999999999);
#4539=IFCCARTESIANPOINT((-100.97999999999375,-225.35000000000846,-0.));
#4540=IFCAXIS2PLACEMENT3D(#4539,#34,#222);
#4541=IFCEXTRUDEDAREASOLID(#4538,#4540,#34,6.9999999999999973);
#4542=IFCSTYLEDITEM(#4541,(#823),$);
#4543=IFCSHAPEREPRESENTATION(#15,'Body','SweptSolid',(#4541));
#4544=IFCAXIS2PLACEMENT3D(#10,$,$);
#4545=IFCREPRESENTATIONMAP(#4544,#4543);
#4546=IFCBUILDINGELEMENTPROXYTYPE('1kkNhPW5XF4BusAPV6zQ7f',#6,'Tile:Tile 450,700 x 300,500 x 95 Red',$,$,$,(#4545),'427296',$,.NOTDEFINED.);
#4547=IFCMAPPEDITEM(#4545,#217);
#4548=IFCSHAPEREPRESENTATION(#15,'Body','MappedRepresentation',(#4547));
#4549=IFCPRODUCTDEFINITIONSHAPE($,$,(#4548));
#4550=IFCCARTESIANPOINT((5274.4931710057172,8736.0354060546269,1195.8585731196838));
#4551=IFCAXIS2PLACEMENT3D(#4550,#222,#1707);
#4552=IFCLOCALPLACEMENT(#24,#4551);
#4553=IFCBUILDINGELEMENTPROXY('1kkNhPW5XF4BusAPV6zLTU',#6,'Tile:Tile 450,700 x 300,500 x 95 Red:491699',$,$,#4552,#4549,'491699',$);
#4554=IFCPROPERTYSET('056QUIUN_AEri$CRo_bFfX',#6,'Pset_BuildingElementProxyCommon',$,(#1917));
#4555=IFCPROPERTYSET('3BgGQQYXStuhzCrtRctw00',#6,'Pset_QuantityTakeOff',$,(#1917));
#4556=IFCRELDEFINESBYPROPERTIES('3Mn2$hmIe1SEDOqjtV$csL',#6,$,$,(#4553),#4554);
#4557=IFCRELDEFINESBYPROPERTIES('3C_SGLbMsCxr2e3w4sXwHQ',#6,$,$,(#4553),#4555);
#4558=IFCMAPPEDITEM(#4545,#217);
#4559=IFCSHAPEREPRESENTATION(#15,'Body','MappedRepresentation',(#4558));
#4560=IFCPRODUCTDEFINITIONSHAPE($,$,(#4559));
#4561=IFCCARTESIANPOINT((5274.4931710057172,8736.0354060546288,743.1585727318236));
#4562=IFCAXIS2PLACEMENT3D(#4561,#222,#1707);
#4563=IFCLOCALPLACEMENT(#24,#4562);
#4564=IFCBUILDINGELEMENTPROXY('1kkNhPW5XF4BusAPV6zLTP',#6,'Tile:Tile 450,700 x 300,500 x 95 Red:491700',$,$,#4563,#4560,'491700',$);
#4565=IFCPROPERTYSET('0xLXySgJE5heVESFvJshiu',#6,'Pset_BuildingElementProxyCommon',$,(#1917));
#4566=IFCPROPERTYSET('20pEHQKennx6_XqzAThWVE',#6,'Pset_QuantityTakeOff',$,(#1917));
#4567=IFCRELDEFINESBYPROPERTIES('1neTsc7yJnaNc3QyDdIm3x',#6,$,$,(#4564),#4565);
#4568=IFCRELDEFINESBYPROPERTIES('2PPb_qiF1L5eR87HMO0akz',#6,$,$,(#4564),#4566);
#4569=IFCMAPPEDITEM(#4545,#217);
#4570=IFCSHAPEREPRESENTATION(#15,'Body','MappedRepresentation',(#4569));
#4571=IFCPRODUCTDEFINITIONSHAPE($,$,(#4570));
#4572=IFCCARTESIANPOINT((5274.4931710057172,8736.0354060546306,290.45857234396237));
#4573=IFCAXIS2PLACEMENT3D(#4572,#222,#1707);
#4574=IFCLOCALPLACEMENT(#24,#4573);
#4575=IFCBUILDINGELEMENTPROXY('1kkNhPW5XF4BusAPV6zLTO',#6,'Tile:Tile 450,700 x 300,500 x 95 Red:491701',$,$,#4574,#4571,'491701',$);
#4576=IFCPROPERTYSET('0t05ttdoJheZFPH8xqHldN',#6,'Pset_BuildingElementProxyCommon',$,(#1917));
#4577=IFCPROPERTYSET('3iCNcX3ZVNqzlHQmQc0ikK',#6,'Pset_QuantityTakeOff',$,(#1917));
#4578=IFCRELDEFINESBYPROPERTIES('1pai2LR9sJRqHDSUUmg$Tc',#6,$,$,(#4575),#4576);
#4579=IFCRELDEFINESBYPROPERTIES('0FnlS8rQxsLfwKgf63Gmi0',#6,$,$,(#4575),#4577);
#4580=IFCCARTESIANPOINT((-1.4210854715202004E-014,0.));
#4581=IFCAXIS2PLACEMENT2D(#4580,#193);
#4582=IFCRECTANGLEPROFILEDEF(.AREA.,'Tile 450,700 x 300,500 x 95 Red',#4581,201.95999999999998,281.44999999999993);
#4583=IFCCARTESIANPOINT((-100.97999999999375,-140.72500000000844,-0.));
#4584=IFCAXIS2PLACEMENT3D(#4583,#34,#222);
#4585=IFCEXTRUDEDAREASOLID(#4582,#4584,#34,6.9999999999999973);
#4586=IFCSTYLEDITEM(#4585,(#823),$);
#4587=IFCSHAPEREPRESENTATION(#15,'Body','SweptSolid',(#4585));
#4588=IFCAXIS2PLACEMENT3D(#10,$,$);
#4589=IFCREPRESENTATIONMAP(#4588,#4587);
#4590=IFCBUILDINGELEMENTPROXYTYPE('1kkNhPW5XF4BusAPV6zQ63',#6,'Tile:Tile 450,700 x 300,500 x 95 Red',$,$,$,(#4589),'427296',$,.NOTDEFINED.);
#4591=IFCMAPPEDITEM(#4589,#217);
#4592=IFCSHAPEREPRESENTATION(#15,'Body','MappedRepresentation',(#4591));
#4593=IFCPRODUCTDEFINITIONSHAPE($,$,(#4592));
#4594=IFCCARTESIANPOINT((5274.4931710057172,8736.0354060546306,7.0114638588880904));
#4595=IFCAXIS2PLACEMENT3D(#4594,#222,#1707);
#4596=IFCLOCALPLACEMENT(#24,#4595);
#4597=IFCBUILDINGELEMENTPROXY('1kkNhPW5XF4BusAPV6zLTR',#6,'Tile:Tile 450,700 x 300,500 x 95 Red:491702',$,$,#4596,#4593,'491702',$);
#4598=IFCPROPERTYSET('1ZeExkQ8jOO$nc2aMl_KZt',#6,'Pset_BuildingElementProxyCommon',$,(#1917));
#4599=IFCPROPERTYSET('2pCeGYktN2_UTdPkSGQjI3',#6,'Pset_QuantityTakeOff',$,(#1917));
#4600=IFCRELDEFINESBYPROPERTIES('1Kr8OCMoR7D1fzocP_zujq',#6,$,$,(#4597),#4598);
#4601=IFCRELDEFINESBYPROPERTIES('2TrVj7DqmEQiQW8$$0Gynh',#6,$,$,(#4597),#4599);
#4602=IFCCARTESIANPOINT((0.,5.6843418860808015E-014));
#4603=IFCAXIS2PLACEMENT2D(#4602,#193);
#4604=IFCRECTANGLEPROFILEDEF(.AREA.,'Tile 600x600 Gray',#4603,600.,600.00000000000011);
#4605=IFCCARTESIANPOINT((-300.,-300.,-0.));
#4606=IFCAXIS2PLACEMENT3D(#4605,#34,#35);
#4607=IFCEXTRUDEDAREASOLID(#4604,#4606,#34,6.9999999999999973);
#4608=IFCSTYLEDITEM(#4607,(#1746),$);
#4609=IFCSHAPEREPRESENTATION(#15,'Body','SweptSolid',(#4607));
#4610=IFCAXIS2PLACEMENT3D(#10,$,$);
#4611=IFCREPRESENTATIONMAP(#4610,#4609);
#4612=IFCBUILDINGELEMENTPROXYTYPE('1pxQ0MlwzAiOQ$tXtNokCX',#6,'Tile:Tile 600x600 Gray',$,$,$,(#4611),'425013',$,.NOTDEFINED.);
#4613=IFCMAPPEDITEM(#4611,#217);
#4614=IFCSHAPEREPRESENTATION(#15,'Body','MappedRepresentation',(#4613));
#4615=IFCPRODUCTDEFINITIONSHAPE($,$,(#4614));
#4616=IFCCARTESIANPOINT((7074.4984714912753,7023.0354060546479,7.998536141046082));
#4617=IFCAXIS2PLACEMENT3D(#4616,#34,#35);
#4618=IFCLOCALPLACEMENT(#24,#4617);
#4619=IFCBUILDINGELEMENTPROXY('1kkNhPW5XF4BusAPV6zL6i',#6,'Tile:Tile 600x600 Gray:493121',$,$,#4618,#4615,'493121',$);
#4620=IFCPROPERTYSINGLEVALUE('Reference',$,IFCIDENTIFIER('Tile 600x600 Gray'),$);
#4621=IFCPROPERTYSET('1aj70l67VV7InvNFpTEcO6',#6,'Pset_BuildingElementProxyCommon',$,(#4620));
#4622=IFCPROPERTYSET('2G4dH16cegsHO3KYxNihuH',#6,'Pset_QuantityTakeOff',$,(#4620));
#4623=IFCRELDEFINESBYPROPERTIES('0aKsckcH6hwhuXwtdLAump',#6,$,$,(#4619),#4621);
#4624=IFCRELDEFINESBYPROPERTIES('0CorsRAWizEcxru3IbDgXW',#6,$,$,(#4619),#4622);
#4625=IFCMAPPEDITEM(#4611,#217);
#4626=IFCSHAPEREPRESENTATION(#15,'Body','MappedRepresentation',(#4625));
#4627=IFCPRODUCTDEFINITIONSHAPE($,$,(#4626));
#4628=IFCCARTESIANPOINT((6472.4984714912753,7023.0354060546497,7.998536141046082));
#4629=IFCAXIS2PLACEMENT3D(#4628,#34,#35);
#4630=IFCLOCALPLACEMENT(#24,#4629);
#4631=IFCBUILDINGELEMENTPROXY('1kkNhPW5XF4BusAPV6zL6l',#6,'Tile:Tile 600x600 Gray:493122',$,$,#4630,#4627,'493122',$);
#4632=IFCPROPERTYSET('3uSfX8VNMb1$JhuYJDF5py',#6,'Pset_BuildingElementProxyCommon',$,(#4620));
#4633=IFCPROPERTYSET('0_smH67lKVLhDpVFMu6ZD8',#6,'Pset_QuantityTakeOff',$,(#4620));
#4634=IFCRELDEFINESBYPROPERTIES('3wNGFVFHzATkPF6RTpatTb',#6,$,$,(#4631),#4632);
#4635=IFCRELDEFINESBYPROPERTIES('1mqvf_oEKT4JyVzlPYrpI2',#6,$,$,(#4631),#4633);
#4636=IFCMAPPEDITEM(#4611,#217);
#4637=IFCSHAPEREPRESENTATION(#15,'Body','MappedRepresentation',(#4636));
#4638=IFCPRODUCTDEFINITIONSHAPE($,$,(#4637));
#4639=IFCCARTESIANPOINT((5870.4984714912762,7023.0354060546524,7.998536141046082));
#4640=IFCAXIS2PLACEMENT3D(#4639,#34,#35);
#4641=IFCLOCALPLACEMENT(#24,#4640);
#4642=IFCBUILDINGELEMENTPROXY('1kkNhPW5XF4BusAPV6zL6k',#6,'Tile:Tile 600x600 Gray:493123',$,$,#4641,#4638,'493123',$);
#4643=IFCPROPERTYSET('3WLxT29oQj4494RFsj1yeD',#6,'Pset_BuildingElementProxyCommon',$,(#4620));
#4644=IFCPROPERTYSET('2mjfLTx6Vjw0UQt9hLqh9p',#6,'Pset_QuantityTakeOff',$,(#4620));
#4645=IFCRELDEFINESBYPROPERTIES('06Rd7WV$gXX4XR6PLUucnj',#6,$,$,(#4642),#4643);
#4646=IFCRELDEFINESBYPROPERTIES('39o$W3id43kUE48zHUVjYn',#6,$,$,(#4642),#4644);
#4647=IFCMAPPEDITEM(#4611,#217);
#4648=IFCSHAPEREPRESENTATION(#15,'Body','MappedRepresentation',(#4647));
#4649=IFCPRODUCTDEFINITIONSHAPE($,$,(#4648));
#4650=IFCCARTESIANPOINT((5870.4984714912762,7625.0354060546515,7.998536141046082));
#4651=IFCAXIS2PLACEMENT3D(#4650,#34,#35);
#4652=IFCLOCALPLACEMENT(#24,#4651);
#4653=IFCBUILDINGELEMENTPROXY('1kkNhPW5XF4BusAPV6zL6f',#6,'Tile:Tile 600x600 Gray:493124',$,$,#4652,#4649,'493124',$);
#4654=IFCPROPERTYSET('2kVwezp6$JPWT$g0w5vetL',#6,'Pset_BuildingElementProxyCommon',$,(#4620));
#4655=IFCPROPERTYSET('0i9B0zqfWzIt0a5k4zcG9U',#6,'Pset_QuantityTakeOff',$,(#4620));
#4656=IFCRELDEFINESBYPROPERTIES('3p_KOcpVeZ7gF7itveTp7K',#6,$,$,(#4653),#4654);
#4657=IFCRELDEFINESBYPROPERTIES('2nOmdBgMPTcUilW9SjbTbe',#6,$,$,(#4653),#4655);
#4658=IFCCARTESIANPOINT((-296.53182305786015,-168.47371543694666));
#4659=IFCCARTESIANPOINT((-106.97312502497317,-168.47371543694666));
#4660=IFCCARTESIANPOINT((240.69094047211047,121.8437000817533));
#4661=IFCCARTESIANPOINT((162.81400761072206,215.10373079213932));
#4662=IFCPOLYLINE((#4658,#4659,#4660,#4661,#4658));
#4663=IFCARBITRARYCLOSEDPROFILEDEF(.AREA.,'Piso Ralo',#4662);
#4664=IFCCARTESIANPOINT((5607.6535484380947,8463.2854060546433,7.9985361410460829));
#4665=IFCDIRECTION((0.76757226922130117,-0.64096241038181201,-0.));
#4666=IFCAXIS2PLACEMENT3D(#4664,#34,#4665);
#4667=IFCEXTRUDEDAREASOLID(#4663,#4666,#34,8.0000000000000018);
#4668=IFCSTYLEDITEM(#4667,(#1746),$);
#4669=IFCSHAPEREPRESENTATION(#15,'Body','SweptSolid',(#4667));
#4670=IFCAXIS2PLACEMENT3D(#10,$,$);
#4671=IFCREPRESENTATIONMAP(#4670,#4669);
#4672=IFCBUILDINGELEMENTPROXYTYPE('1kkNhPW5XF4BusAPV6zL6Z',#6,'Piso Ralo1:Piso Ralo',$,$,$,(#4671),'493134',$,.NOTDEFINED.);
#4673=IFCMAPPEDITEM(#4671,#217);
#4674=IFCSHAPEREPRESENTATION(#15,'Body','MappedRepresentation',(#4673));
#4675=IFCPRODUCTDEFINITIONSHAPE($,$,(#4674));
#4676=IFCAXIS2PLACEMENT3D(#10,$,$);
#4677=IFCLOCALPLACEMENT(#24,#4676);
#4678=IFCBUILDINGELEMENTPROXY('1kkNhPW5XF4BusAPV6zL6z',#6,'Piso Ralo1:Piso Ralo:493136',$,$,#4677,#4675,'493136',$);
#4679=IFCPROPERTYSINGLEVALUE('Reference',$,IFCIDENTIFIER('Piso Ralo'),$);
#4680=IFCPROPERTYSET('2HMvSohOuiht0udTql1Ivr',#6,'Pset_BuildingElementProxyCommon',$,(#4679));
#4681=IFCPROPERTYSET('0o3WmbC8eUnE2py9JQrCKO',#6,'Pset_QuantityTakeOff',$,(#4679));
#4682=IFCRELDEFINESBYPROPERTIES('3rB00lyAPxRVH8W3KNe6Lo',#6,$,$,(#4678),#4680);
#4683=IFCRELDEFINESBYPROPERTIES('0IWqGyxuHy7CIsexTbkBUr',#6,$,$,(#4678),#4681);
#4684=IFCCARTESIANPOINT((-335.59492305329576,-60.749999999999794));
#4685=IFCCARTESIANPOINT((262.84492305342621,-60.749999999999794));
#4686=IFCCARTESIANPOINT((262.84492305342604,60.749999999997492));
#4687=IFCCARTESIANPOINT((-190.09492305355755,60.749999999997755));
#4688=IFCPOLYLINE((#4684,#4685,#4686,#4687,#4684));
#4689=IFCARBITRARYCLOSEDPROFILEDEF(.AREA.,'Piso Ralo',#4688);
#4690=IFCCARTESIANPOINT((5607.6535484380947,8287.7854060546415,7.9985361410460829));
#4691=IFCAXIS2PLACEMENT3D(#4690,$,$);
#4692=IFCEXTRUDEDAREASOLID(#4689,#4691,#34,8.0000000000000018);
#4693=IFCSTYLEDITEM(#4692,(#1746),$);
#4694=IFCSHAPEREPRESENTATION(#15,'Body','SweptSolid',(#4692));
#4695=IFCAXIS2PLACEMENT3D(#10,$,$);
#4696=IFCREPRESENTATIONMAP(#4695,#4694);
#4697=IFCBUILDINGELEMENTPROXYTYPE('1kkNhPW5XF4BusAPV6zL6t',#6,'Piso Ralo2:Piso Ralo',$,$,$,(#4696),'493146',$,.NOTDEFINED.);
#4698=IFCMAPPEDITEM(#4696,#217);
#4699=IFCSHAPEREPRESENTATION(#15,'Body','MappedRepresentation',(#4698));
#4700=IFCPRODUCTDEFINITIONSHAPE($,$,(#4699));
#4701=IFCAXIS2PLACEMENT3D(#10,$,$);
#4702=IFCLOCALPLACEMENT(#24,#4701);
#4703=IFCBUILDINGELEMENTPROXY('1kkNhPW5XF4BusAPV6zL6n',#6,'Piso Ralo2:Piso Ralo:493148',$,$,#4702,#4700,'493148',$);
#4704=IFCPROPERTYSET('2dpck5v_8$ubG4aLToB1VY',#6,'Pset_BuildingElementProxyCommon',$,(#4679));
#4705=IFCPROPERTYSET('286Jq_pf5PsziLHCUgS44S',#6,'Pset_QuantityTakeOff',$,(#4679));
#4706=IFCRELDEFINESBYPROPERTIES('2c4AFa0JXxVTWjowMs3F7f',#6,$,$,(#4703),#4704);
#4707=IFCRELDEFINESBYPROPERTIES('0Fi1jOhjYhSDl33iSAmYkC',#6,$,$,(#4703),#4705);
#4708=IFCCARTESIANPOINT((-150.18874898105494,-66.354466624167969));
#4709=IFCCARTESIANPOINT((39.369949051832599,-66.354466624167955));
#4710=IFCCARTESIANPOINT((72.311816119665338,-26.905564086217066));
#4711=IFCCARTESIANPOINT((38.506983809557411,159.61449733455689));
#4712=IFCPOLYLINE((#4708,#4709,#4710,#4711,#4708));
#4713=IFCARBITRARYCLOSEDPROFILEDEF(.AREA.,'Piso Ralo',#4712);
#4714=IFCCARTESIANPOINT((5343.2484714913926,8375.5354060546288,7.9985361410460829));
#4715=IFCDIRECTION((0.76757226922129318,0.64096241038182167,-0.));
#4716=IFCAXIS2PLACEMENT3D(#4714,#34,#4715);
#4717=IFCEXTRUDEDAREASOLID(#4713,#4716,#34,8.0000000000000018);
#4718=IFCSTYLEDITEM(#4717,(#1746),$);
#4719=IFCSHAPEREPRESENTATION(#15,'Body','SweptSolid',(#4717));
#4720=IFCAXIS2PLACEMENT3D(#10,$,$);
#4721=IFCREPRESENTATIONMAP(#4720,#4719);
#4722=IFCBUILDINGELEMENTPROXYTYPE('1kkNhPW5XF4BusAPV6zL6F',#6,'Piso Ralo3:Piso Ralo',$,$,$,(#4721),'493154',$,.NOTDEFINED.);
#4723=IFCMAPPEDITEM(#4721,#217);
#4724=IFCSHAPEREPRESENTATION(#15,'Body','MappedRepresentation',(#4723));
#4725=IFCPRODUCTDEFINITIONSHAPE($,$,(#4724));
#4726=IFCAXIS2PLACEMENT3D(#10,$,$);
#4727=IFCLOCALPLACEMENT(#24,#4726);
#4728=IFCBUILDINGELEMENTPROXY('1kkNhPW5XF4BusAPV6zL69',#6,'Piso Ralo3:Piso Ralo:493156',$,$,#4727,#4725,'493156',$);
#4729=IFCPROPERTYSET('3RlbLJ8mMZO6l2TVqiAo7f',#6,'Pset_BuildingElementProxyCommon',$,(#4679));
#4730=IFCPROPERTYSET('1xSmJXf3_StyedpO1Cjtkr',#6,'Pset_QuantityTakeOff',$,(#4679));
#4731=IFCRELDEFINESBYPROPERTIES('1jtPKdvSKUtsII2JNXWd0O',#6,$,$,(#4728),#4729);
#4732=IFCRELDEFINESBYPROPERTIES('0voyL5nl0x669nWZNno$M3',#6,$,$,(#4728),#4730);
#4733=IFCCARTESIANPOINT((-148.06633998023361,-63.313812978014191));
#4734=IFCCARTESIANPOINT((30.527710652171564,-63.313812978014184));
#4735=IFCCARTESIANPOINT((65.408211404697241,-25.736081914621359));
#4736=IFCCARTESIANPOINT((52.130417923366267,152.36370787065133));
#4737=IFCPOLYLINE((#4733,#4734,#4735,#4736,#4733));
#4738=IFCARBITRARYCLOSEDPROFILEDEF(.AREA.,'Piso Ralo',#4737);
#4739=IFCCARTESIANPOINT((6089.4505717809316,8375.5354060546342,7.9985361410460829));
#4740=IFCDIRECTION((-0.73292094561840992,-0.68031381543653502,-0.));
#4741=IFCAXIS2PLACEMENT3D(#4739,#34,#4740);
#4742=IFCEXTRUDEDAREASOLID(#4738,#4741,#34,8.0000000000000018);
#4743=IFCSTYLEDITEM(#4742,(#1746),$);
#4744=IFCSHAPEREPRESENTATION(#15,'Body','SweptSolid',(#4742));
#4745=IFCAXIS2PLACEMENT3D(#10,$,$);
#4746=IFCREPRESENTATIONMAP(#4745,#4744);
#4747=IFCBUILDINGELEMENTPROXYTYPE('1kkNhPW5XF4BusAPV6zL63',#6,'Piso Ralo4:Piso Ralo',$,$,$,(#4746),'493166',$,.NOTDEFINED.);
#4748=IFCMAPPEDITEM(#4746,#217);
#4749=IFCSHAPEREPRESENTATION(#15,'Body','MappedRepresentation',(#4748));
#4750=IFCPRODUCTDEFINITIONSHAPE($,$,(#4749));
#4751=IFCAXIS2PLACEMENT3D(#10,$,$);
#4752=IFCLOCALPLACEMENT(#24,#4751);
#4753=IFCBUILDINGELEMENTPROXY('1kkNhPW5XF4BusAPV6zL6T',#6,'Piso Ralo4:Piso Ralo:493168',$,$,#4752,#4750,'493168',$);
#4754=IFCPROPERTYSET('0g$Gr5aONY4_WLQD77lsvI',#6,'Pset_BuildingElementProxyCommon',$,(#4679));
#4755=IFCPROPERTYSET('04TyMPVMxuPPeBIlYu6ty5',#6,'Pset_QuantityTakeOff',$,(#4679));
#4756=IFCRELDEFINESBYPROPERTIES('3h_YH8ruAFJGgiveN07z4H',#6,$,$,(#4753),#4754);
#4757=IFCRELDEFINESBYPROPERTIES('3j1OQJt3qIfO27ucNNsv5W',#6,$,$,(#4753),#4755);
#4758=IFCCARTESIANPOINT((-173.18875543962204,-60.749999999998103));
#4759=IFCCARTESIANPOINT((107.74109520395704,-60.749999999998103));
#4760=IFCCARTESIANPOINT((107.74109520395704,60.749999999999183));
#4761=IFCCARTESIANPOINT((-42.293434968295308,60.749999999999183));
#4762=IFCPOLYLINE((#4758,#4759,#4760,#4761,#4758));
#4763=IFCARBITRARYCLOSEDPROFILEDEF(.AREA.,'Piso Ralo',#4762);
#4764=IFCCARTESIANPOINT((5980.2395666952198,8463.2854060546433,7.9985361410460829));
#4765=IFCAXIS2PLACEMENT3D(#4764,#34,#222);
#4766=IFCEXTRUDEDAREASOLID(#4763,#4765,#34,8.0000000000000018);
#4767=IFCSTYLEDITEM(#4766,(#1746),$);
#4768=IFCSHAPEREPRESENTATION(#15,'Body','SweptSolid',(#4766));
#4769=IFCAXIS2PLACEMENT3D(#10,$,$);
#4770=IFCREPRESENTATIONMAP(#4769,#4768);
#4771=IFCBUILDINGELEMENTPROXYTYPE('1kkNhPW5XF4BusAPV6zL6J',#6,'Piso Ralo5:Piso Ralo',$,$,$,(#4770),'493182',$,.NOTDEFINED.);
#4772=IFCMAPPEDITEM(#4770,#217);
#4773=IFCSHAPEREPRESENTATION(#15,'Body','MappedRepresentation',(#4772));
#4774=IFCPRODUCTDEFINITIONSHAPE($,$,(#4773));
#4775=IFCAXIS2PLACEMENT3D(#10,$,$);
#4776=IFCLOCALPLACEMENT(#24,#4775);
#4777=IFCBUILDINGELEMENTPROXY('1kkNhPW5XF4BusAPV6zL5j',#6,'Piso Ralo5:Piso Ralo:493184',$,$,#4776,#4774,'493184',$);
#4778=IFCPROPERTYSET('2FMis$WpEaB$2ebjRxe0xi',#6,'Pset_BuildingElementProxyCommon',$,(#4679));
#4779=IFCPROPERTYSET('1gRw$aYUgfye5LMT3gtEh0',#6,'Pset_QuantityTakeOff',$,(#4679));
#4780=IFCRELDEFINESBYPROPERTIES('0w2UE3efZp1IDaB0TS4jt8',#6,$,$,(#4777),#4778);
#4781=IFCRELDEFINESBYPROPERTIES('17Y8Ibwc5vuXf21tWXVugZ',#6,$,$,(#4777),#4779);
#4782=IFCCARTESIANPOINT((-168.26273069505183,-73.297755557515003));
#4783=IFCCARTESIANPOINT((10.331319937354186,-73.297755557515003));
#4784=IFCCARTESIANPOINT((120.29476966661568,28.772808111197484));
#4785=IFCCARTESIANPOINT((37.636641091078879,117.82270300383264));
#4786=IFCPOLYLINE((#4782,#4783,#4784,#4785,#4782));
#4787=IFCARBITRARYCLOSEDPROFILEDEF(.AREA.,'Piso Ralo',#4786);
#4788=IFCCARTESIANPOINT((5980.2395666952198,8287.7854060546415,7.9985361410460829));
#4789=IFCDIRECTION((-0.73292094561841281,0.68031381543653202,-0.));
#4790=IFCAXIS2PLACEMENT3D(#4788,#34,#4789);
#4791=IFCEXTRUDEDAREASOLID(#4787,#4790,#34,8.0000000000000018);
#4792=IFCSTYLEDITEM(#4791,(#1746),$);
#4793=IFCSHAPEREPRESENTATION(#15,'Body','SweptSolid',(#4791));
#4794=IFCAXIS2PLACEMENT3D(#10,$,$);
#4795=IFCREPRESENTATIONMAP(#4794,#4793);
#4796=IFCBUILDINGELEMENTPROXYTYPE('1kkNhPW5XF4BusAPV6zL5d',#6,'Piso Ralo6:Piso Ralo',$,$,$,(#4795),'493194',$,.NOTDEFINED.);
#4797=IFCMAPPEDITEM(#4795,#217);
#4798=IFCSHAPEREPRESENTATION(#15,'Body','MappedRepresentation',(#4797));
#4799=IFCPRODUCTDEFINITIONSHAPE($,$,(#4798));
#4800=IFCAXIS2PLACEMENT3D(#10,$,$);
#4801=IFCLOCALPLACEMENT(#24,#4800);
#4802=IFCBUILDINGELEMENTPROXY('1kkNhPW5XF4BusAPV6zL5X',#6,'Piso Ralo6:Piso Ralo:493196',$,$,#4801,#4799,'493196',$);
#4803=IFCPROPERTYSET('29LuZuCVA0i0t7lc6_Nhp0',#6,'Pset_BuildingElementProxyCommon',$,(#4679));
#4804=IFCPROPERTYSET('1f8qjMYfRZIsXgwr_sBx2J',#6,'Pset_QuantityTakeOff',$,(#4679));
#4805=IFCRELDEFINESBYPROPERTIES('1Chr8qY9cmsBembg5$mXHX',#6,$,$,(#4802),#4803);
#4806=IFCRELDEFINESBYPROPERTIES('37TnQODI7B7gT_A3OfRQ1I',#6,$,$,(#4802),#4804);
#4807=IFCCARTESIANPOINT((5.4001247917767614E-013,0.));
#4808=IFCAXIS2PLACEMENT2D(#4807,#193);
#4809=IFCRECTANGLEPROFILEDEF(.AREA.,'Piso Ralo',#4808,149.49999999999957,50.000000000005961);
#4810=IFCCARTESIANPOINT((5492.7484714912625,8375.5354060546397,7.9985361410460829));
#4811=IFCAXIS2PLACEMENT3D(#4810,#34,#222);
#4812=IFCEXTRUDEDAREASOLID(#4809,#4811,#34,8.0000000000000018);
#4813=IFCSTYLEDITEM(#4812,(#3757),$);
#4814=IFCSHAPEREPRESENTATION(#15,'Body','SweptSolid',(#4812));
#4815=IFCAXIS2PLACEMENT3D(#10,$,$);
#4816=IFCREPRESENTATIONMAP(#4815,#4814);
#4817=IFCBUILDINGELEMENTPROXYTYPE('1kkNhPW5XF4BusAPV6zL5$',#6,'Piso Ralo7:Piso Ralo',$,$,$,(#4816),'493202',$,.NOTDEFINED.);
#4818=IFCMAPPEDITEM(#4816,#217);
#4819=IFCSHAPEREPRESENTATION(#15,'Body','MappedRepresentation',(#4818));
#4820=IFCPRODUCTDEFINITIONSHAPE($,$,(#4819));
#4821=IFCAXIS2PLACEMENT3D(#10,$,$);
#4822=IFCLOCALPLACEMENT(#24,#4821);
#4823=IFCBUILDINGELEMENTPROXY('1kkNhPW5XF4BusAPV6zL5v',#6,'Piso Ralo7:Piso Ralo:493204',$,$,#4822,#4820,'493204',$);
#4824=IFCPROPERTYSET('3VypwnQka0SBSKsjPT0sAB',#6,'Pset_BuildingElementProxyCommon',$,(#4679));
#4825=IFCPROPERTYSET('0OPHVMdjOF$4pCCpYL0WLL',#6,'Pset_QuantityTakeOff',$,(#4679));
#4826=IFCRELDEFINESBYPROPERTIES('3PMn84poCq6BrLrLRkC8Rw',#6,$,$,(#4823),#4824);
#4827=IFCRELDEFINESBYPROPERTIES('0LcUiJdIfOf6370V9HA1kA',#6,$,$,(#4823),#4825);
#4828=IFCCARTESIANPOINT((5.4001247917767614E-013,0.));
#4829=IFCAXIS2PLACEMENT2D(#4828,#193);
#4830=IFCRECTANGLEPROFILEDEF(.AREA.,'Piso Ralo',#4829,149.49999999999957,50.000000000005961);
#4831=IFCCARTESIANPOINT((5492.7484714912625,8375.5354060546397,7.9985361410460829));
#4832=IFCAXIS2PLACEMENT3D(#4831,#34,#222);
#4833=IFCEXTRUDEDAREASOLID(#4830,#4832,#34,8.0000000000000018);
#4834=IFCSTYLEDITEM(#4833,(#3757),$);
#4835=IFCSHAPEREPRESENTATION(#15,'Body','SweptSolid',(#4833));
#4836=IFCAXIS2PLACEMENT3D(#10,$,$);
#4837=IFCREPRESENTATIONMAP(#4836,#4835);
#4838=IFCBUILDINGELEMENTPROXYTYPE('1kkNhPW5XF4BusAPV6zL5p',#6,'Piso Ralo8:Piso Ralo',$,$,$,(#4837),'493214',$,.NOTDEFINED.);
#4839=IFCMAPPEDITEM(#4837,#217);
#4840=IFCSHAPEREPRESENTATION(#15,'Body','MappedRepresentation',(#4839));
#4841=IFCPRODUCTDEFINITIONSHAPE($,$,(#4840));
#4842=IFCCARTESIANPOINT((151.49999999999912,0.,0.));
#4843=IFCAXIS2PLACEMENT3D(#4842,$,$);
#4844=IFCLOCALPLACEMENT(#24,#4843);
#4845=IFCBUILDINGELEMENTPROXY('1kkNhPW5XF4BusAPV6zL5D',#6,'Piso Ralo8:Piso Ralo:493216',$,$,#4844,#4841,'493216',$);
#4846=IFCPROPERTYSET('1dvhSeothF_DxoakVDLE7I',#6,'Pset_BuildingElementProxyCommon',$,(#4679));
#4847=IFCPROPERTYSET('0vCk2re7tMIjCBOnTutUGq',#6,'Pset_QuantityTakeOff',$,(#4679));
#4848=IFCRELDEFINESBYPROPERTIES('1fbjAUaBBMmfabVW9N3dbc',#6,$,$,(#4845),#4846);
#4849=IFCRELDEFINESBYPROPERTIES('14hEdm5a47MmAjOtzAA4Sm',#6,$,$,(#4845),#4847);
#4850=IFCCARTESIANPOINT((5.4001247917767614E-013,0.));
#4851=IFCAXIS2PLACEMENT2D(#4850,#193);
#4852=IFCRECTANGLEPROFILEDEF(.AREA.,'Piso Ralo',#4851,149.49999999999957,50.000000000005961);
#4853=IFCCARTESIANPOINT((5492.7484714912625,8375.5354060546397,7.9985361410460829));
#4854=IFCAXIS2PLACEMENT3D(#4853,#34,#222);
#4855=IFCEXTRUDEDAREASOLID(#4852,#4854,#34,8.0000000000000018);
#4856=IFCSTYLEDITEM(#4855,(#3757),$);
#4857=IFCSHAPEREPRESENTATION(#15,'Body','SweptSolid',(#4855));
#4858=IFCAXIS2PLACEMENT3D(#10,$,$);
#4859=IFCREPRESENTATIONMAP(#4858,#4857);
#4860=IFCBUILDINGELEMENTPROXYTYPE('1kkNhPW5XF4BusAPV6zL57',#6,'Piso Ralo9:Piso Ralo',$,$,$,(#4859),'493226',$,.NOTDEFINED.);
#4861=IFCMAPPEDITEM(#4859,#217);
#4862=IFCSHAPEREPRESENTATION(#15,'Body','MappedRepresentation',(#4861));
#4863=IFCPRODUCTDEFINITIONSHAPE($,$,(#4862));
#4864=IFCCARTESIANPOINT((303.,0.,0.));
#4865=IFCAXIS2PLACEMENT3D(#4864,$,$);
#4866=IFCLOCALPLACEMENT(#24,#4865);
#4867=IFCBUILDINGELEMENTPROXY('1kkNhPW5XF4BusAPV6zL51',#6,'Piso Ralo9:Piso Ralo:493228',$,$,#4866,#4863,'493228',$);
#4868=IFCPROPERTYSET('1C1uAGoYzhg4Dus5cycYn9',#6,'Pset_BuildingElementProxyCommon',$,(#4679));
#4869=IFCPROPERTYSET('18XYBr3nkME9476xUxv6Yz',#6,'Pset_QuantityTakeOff',$,(#4679));
#4870=IFCRELDEFINESBYPROPERTIES('2WWpeJP8BVMR1VR9ZmFaZz',#6,$,$,(#4867),#4868);
#4871=IFCRELDEFINESBYPROPERTIES('1$jgN5byu0MqcrE5Yop7CO',#6,$,$,(#4867),#4869);
#4872=IFCCARTESIANPOINT((5.4001247917767614E-013,0.));
#4873=IFCAXIS2PLACEMENT2D(#4872,#193);
#4874=IFCRECTANGLEPROFILEDEF(.AREA.,'Piso Ralo',#4873,149.49999999999957,50.000000000005961);
#4875=IFCCARTESIANPOINT((5492.7484714912625,8375.5354060546397,7.9985361410460829));
#4876=IFCAXIS2PLACEMENT3D(#4875,#34,#222);
#4877=IFCEXTRUDEDAREASOLID(#4874,#4876,#34,8.0000000000000018);
#4878=IFCSTYLEDITEM(#4877,(#3757),$);
#4879=IFCSHAPEREPRESENTATION(#15,'Body','SweptSolid',(#4877));
#4880=IFCAXIS2PLACEMENT3D(#10,$,$);
#4881=IFCREPRESENTATIONMAP(#4880,#4879);
#4882=IFCBUILDINGELEMENTPROXYTYPE('1kkNhPW5XF4BusAPV6zL5R',#6,'Piso Ralo20:Piso Ralo',$,$,$,(#4881),'493238',$,.NOTDEFINED.);
#4883=IFCMAPPEDITEM(#4881,#217);
#4884=IFCSHAPEREPRESENTATION(#15,'Body','MappedRepresentation',(#4883));
#4885=IFCPRODUCTDEFINITIONSHAPE($,$,(#4884));
#4886=IFCCARTESIANPOINT((454.49999999999955,0.,0.));
#4887=IFCAXIS2PLACEMENT3D(#4886,$,$);
#4888=IFCLOCALPLACEMENT(#24,#4887);
#4889=IFCBUILDINGELEMENTPROXY('1kkNhPW5XF4BusAPV6zL5L',#6,'Piso Ralo20:Piso Ralo:493240',$,$,#4888,#4885,'493240',$);
#4890=IFCPROPERTYSET('06Gdybge4ofAmBLWQuCL3z',#6,'Pset_BuildingElementProxyCommon',$,(#4679));
#4891=IFCPROPERTYSET('3bkE$4gtQYL5XSJfT4VL$G',#6,'Pset_QuantityTakeOff',$,(#4679));
#4892=IFCRELDEFINESBYPROPERTIES('13xV092_pJh_90cAl4QR7C',#6,$,$,(#4889),#4890);
#4893=IFCRELDEFINESBYPROPERTIES('2IRJ8LAVeu9M9HdTZWfNTt',#6,$,$,(#4889),#4891);
#4894=IFCCARTESIANPOINT((1.4210854715202004E-014,0.));
#4895=IFCAXIS2PLACEMENT2D(#4894,#193);
#4896=IFCRECTANGLEPROFILEDEF(.AREA.,'Tile 600x600 Gray',#4895,282.40000000000003,600.00000000000011);
#4897=IFCCARTESIANPOINT((-300.,-141.2000000000084,-0.));
#4898=IFCAXIS2PLACEMENT3D(#4897,#34,#35);
#4899=IFCEXTRUDEDAREASOLID(#4896,#4898,#34,6.9999999999999973);
#4900=IFCSTYLEDITEM(#4899,(#1746),$);
#4901=IFCSHAPEREPRESENTATION(#15,'Body','SweptSolid',(#4899));
#4902=IFCAXIS2PLACEMENT3D(#10,$,$);
#4903=IFCREPRESENTATIONMAP(#4902,#4901);
#4904=IFCBUILDINGELEMENTPROXYTYPE('2K3ZkqEXH14Pr_cbC5EW29',#6,'Tile:Tile 600x600 Gray',$,$,$,(#4903),'425013',$,.NOTDEFINED.);
#4905=IFCMAPPEDITEM(#4903,#217);
#4906=IFCSHAPEREPRESENTATION(#15,'Body','MappedRepresentation',(#4905));
#4907=IFCPRODUCTDEFINITIONSHAPE($,$,(#4906));
#4908=IFCCARTESIANPOINT((6154.8982320166033,7625.0354060546542,7.998536141046082));
#4909=IFCAXIS2PLACEMENT3D(#4908,#34,#35);
#4910=IFCLOCALPLACEMENT(#24,#4909);
#4911=IFCBUILDINGELEMENTPROXY('1kkNhPW5XF4BusAPV6zL5G',#6,'Tile:Tile 600x600 Gray:493245',$,$,#4910,#4907,'493245',$);
#4912=IFCPROPERTYSET('24Is2uRuwO1fm1erl7Caq7',#6,'Pset_BuildingElementProxyCommon',$,(#4620));
#4913=IFCPROPERTYSET('1K7j$9CdZYQ1MvbC9ki6xQ',#6,'Pset_QuantityTakeOff',$,(#4620));
#4914=IFCRELDEFINESBYPROPERTIES('1$0qWNeE022sfjVdKUeira',#6,$,$,(#4911),#4912);
#4915=IFCRELDEFINESBYPROPERTIES('2aOnc0FgycWqvub7dxsgQx',#6,$,$,(#4911),#4913);
#4916=IFCCARTESIANPOINT((0.,-1.4210854715202004E-014));
#4917=IFCAXIS2PLACEMENT2D(#4916,#193);
#4918=IFCRECTANGLEPROFILEDEF(.AREA.,'Tile 600x600 Gray',#4917,471.00000000000011,143.60000000000011);
#4919=IFCCARTESIANPOINT((-235.49999999999378,-71.800000000008453,-0.));
#4920=IFCAXIS2PLACEMENT3D(#4919,#34,#222);
#4921=IFCEXTRUDEDAREASOLID(#4918,#4920,#34,6.9999999999999973);
#4922=IFCSTYLEDITEM(#4921,(#1746),$);
#4923=IFCSHAPEREPRESENTATION(#15,'Body','SweptSolid',(#4921));
#4924=IFCAXIS2PLACEMENT3D(#10,$,$);
#4925=IFCREPRESENTATIONMAP(#4924,#4923);
#4926=IFCBUILDINGELEMENTPROXYTYPE('2$VVOJLwT6pgz3fUFT5IBw',#6,'Tile:Tile 600x600 Gray',$,$,$,(#4925),'425013',$,.NOTDEFINED.);
#4927=IFCMAPPEDITEM(#4925,#217);
#4928=IFCSHAPEREPRESENTATION(#15,'Body','MappedRepresentation',(#4927));
#4929=IFCPRODUCTDEFINITIONSHAPE($,$,(#4928));
#4930=IFCCARTESIANPOINT((6472.4984714912671,7625.0354060546542,7.998536141046082));
#4931=IFCAXIS2PLACEMENT3D(#4930,#34,#35);
#4932=IFCLOCALPLACEMENT(#24,#4931);
#4933=IFCBUILDINGELEMENTPROXY('1kkNhPW5XF4BusAPV6zL5J',#6,'Tile:Tile 600x600 Gray:493246',$,$,#4932,#4929,'493246',$);
#4934=IFCPROPERTYSET('1S8JpG_7p5_jrxnGkfQdKp',#6,'Pset_BuildingElementProxyCommon',$,(#4620));
#4935=IFCPROPERTYSET('1Sc0n5_a4GNIKggji_jiRT',#6,'Pset_QuantityTakeOff',$,(#4620));
#4936=IFCRELDEFINESBYPROPERTIES('1FqQzmPPBGfRNiSbbekUXG',#6,$,$,(#4933),#4934);
#4937=IFCRELDEFINESBYPROPERTIES('1TEZIrHj1WZSya1myi$9lK',#6,$,$,(#4933),#4935);
#4938=IFCCARTESIANPOINT((0.,0.));
#4939=IFCAXIS2PLACEMENT2D(#4938,#193);
#4940=IFCRECTANGLEPROFILEDEF(.AREA.,'Tile 600x600 Gray',#4939,471.00000000000011,600.);
#4941=IFCCARTESIANPOINT((-235.49999999999378,-300.,-0.));
#4942=IFCAXIS2PLACEMENT3D(#4941,#34,#222);
#4943=IFCEXTRUDEDAREASOLID(#4940,#4942,#34,6.9999999999999973);
#4944=IFCSTYLEDITEM(#4943,(#1746),$);
#4945=IFCSHAPEREPRESENTATION(#15,'Body','SweptSolid',(#4943));
#4946=IFCAXIS2PLACEMENT3D(#10,$,$);
#4947=IFCREPRESENTATIONMAP(#4946,#4945);
#4948=IFCBUILDINGELEMENTPROXYTYPE('2$VVOJLwT6pgz3fUFT5I9M',#6,'Tile:Tile 600x600 Gray',$,$,$,(#4947),'425013',$,.NOTDEFINED.);
#4949=IFCMAPPEDITEM(#4947,#217);
#4950=IFCSHAPEREPRESENTATION(#15,'Body','MappedRepresentation',(#4949));
#4951=IFCPRODUCTDEFINITIONSHAPE($,$,(#4950));
#4952=IFCCARTESIANPOINT((7074.498471491268,7625.0354060546515,7.998536141046082));
#4953=IFCAXIS2PLACEMENT3D(#4952,#34,#35);
#4954=IFCLOCALPLACEMENT(#24,#4953);
#4955=IFCBUILDINGELEMENTPROXY('1kkNhPW5XF4BusAPV6zL5I',#6,'Tile:Tile 600x600 Gray:493247',$,$,#4954,#4951,'493247',$);
#4956=IFCPROPERTYSET('0Tp7WdT$wS35KRiMhwGNMi',#6,'Pset_BuildingElementProxyCommon',$,(#4620));
#4957=IFCPROPERTYSET('19HEOKPYifso_Agd7yD5t2',#6,'Pset_QuantityTakeOff',$,(#4620));
#4958=IFCRELDEFINESBYPROPERTIES('2otzxt2x302cG8AfVmqSAd',#6,$,$,(#4955),#4956);
#4959=IFCRELDEFINESBYPROPERTIES('32INxWSBVdMbWccTusL5Ah',#6,$,$,(#4955),#4957);
#4960=IFCCARTESIANPOINT((0.,0.));
#4961=IFCAXIS2PLACEMENT2D(#4960,#193);
#4962=IFCRECTANGLEPROFILEDEF(.AREA.,'Tile 600x600 Gray',#4961,438.20000000000016,450.00000000000006);
#4963=IFCCARTESIANPOINT((-219.09999999999377,-225.,-0.));
#4964=IFCAXIS2PLACEMENT3D(#4963,#34,#222);
#4965=IFCEXTRUDEDAREASOLID(#4962,#4964,#34,6.9999999999999973);
#4966=IFCSTYLEDITEM(#4965,(#1746),$);
#4967=IFCSHAPEREPRESENTATION(#15,'Body','SweptSolid',(#4965));
#4968=IFCAXIS2PLACEMENT3D(#10,$,$);
#4969=IFCREPRESENTATIONMAP(#4968,#4967);
#4970=IFCBUILDINGELEMENTPROXYTYPE('1pWAiev0D0PBwy2gi$xpQd',#6,'Tile:Tile 600x600 Gray',$,$,$,(#4969),'425013',$,.NOTDEFINED.);
#4971=IFCMAPPEDITEM(#4969,#217);
#4972=IFCSHAPEREPRESENTATION(#15,'Body','MappedRepresentation',(#4971));
#4973=IFCPRODUCTDEFINITIONSHAPE($,$,(#4972));
#4974=IFCCARTESIANPOINT((5715.2164729501274,8533.0354060546197,463.01000000000494));
#4975=IFCAXIS2PLACEMENT3D(#4974,#35,#1290);
#4976=IFCLOCALPLACEMENT(#24,#4975);
#4977=IFCBUILDINGELEMENTPROXY('1kkNhPW5XF4BusAPV6zL4V',#6,'Tile:Tile 600x600 Gray:493298',$,$,#4976,#4973,'493298',$);
#4978=IFCPROPERTYSET('1Nq26Clb72cfnzVZbuwMI2',#6,'Pset_BuildingElementProxyCommon',$,(#4620));
#4979=IFCPROPERTYSET('1YnDvKstPCL_PnP89BJLEv',#6,'Pset_QuantityTakeOff',$,(#4620));
#4980=IFCRELDEFINESBYPROPERTIES('1Ramh8nU8VvzdDLEWcTxAx',#6,$,$,(#4977),#4978);
#4981=IFCRELDEFINESBYPROPERTIES('2NZLYblRjqzNRCHI4_wvQR',#6,$,$,(#4977),#4979);
#4982=IFCMAPPEDITEM(#4969,#217);
#4983=IFCSHAPEREPRESENTATION(#15,'Body','MappedRepresentation',(#4982));
#4984=IFCPRODUCTDEFINITIONSHAPE($,$,(#4983));
#4985=IFCCARTESIANPOINT((6155.4164729501272,8533.0354060546179,463.01000000000346));
#4986=IFCAXIS2PLACEMENT3D(#4985,#35,#1290);
#4987=IFCLOCALPLACEMENT(#24,#4986);
#4988=IFCBUILDINGELEMENTPROXY('1kkNhPW5XF4BusAPV6zL4U',#6,'Tile:Tile 600x600 Gray:493299',$,$,#4987,#4984,'493299',$);
#4989=IFCPROPERTYSET('1$syGpQrSVvUxt11Eb33sF',#6,'Pset_BuildingElementProxyCommon',$,(#4620));
#4990=IFCPROPERTYSET('1SYTMphAf9dA93dGgsnugV',#6,'Pset_QuantityTakeOff',$,(#4620));
#4991=IFCRELDEFINESBYPROPERTIES('17tYmC2o5JqULJXb56I0uz',#6,$,$,(#4988),#4989);
#4992=IFCRELDEFINESBYPROPERTIES('3mj7F6_sSOTf_KoZKhMuOK',#6,$,$,(#4988),#4990);
#4993=IFCMAPPEDITEM(#4969,#217);
#4994=IFCSHAPEREPRESENTATION(#15,'Body','MappedRepresentation',(#4993));
#4995=IFCPRODUCTDEFINITIONSHAPE($,$,(#4994));
#4996=IFCCARTESIANPOINT((5715.2164729501274,8533.0354060546197,915.01000000000488));
#4997=IFCAXIS2PLACEMENT3D(#4996,#35,#1290);
#4998=IFCLOCALPLACEMENT(#24,#4997);
#4999=IFCBUILDINGELEMENTPROXY('1kkNhPW5XF4BusAPV6zL4P',#6,'Tile:Tile 600x600 Gray:493300',$,$,#4998,#4995,'493300',$);
#5000=IFCPROPERTYSET('1jyyCNuLly0nedH4B77bGc',#6,'Pset_BuildingElementProxyCommon',$,(#4620));
#5001=IFCPROPERTYSET('3KzZtjLyZNDRRpXhEWBfty',#6,'Pset_QuantityTakeOff',$,(#4620));
#5002=IFCRELDEFINESBYPROPERTIES('0HhTxObmlADHrmWjBCd7BA',#6,$,$,(#4999),#5000);
#5003=IFCRELDEFINESBYPROPERTIES('3whYnJ0H1dSVmoDfeR1dK6',#6,$,$,(#4999),#5001);
#5004=IFCMAPPEDITEM(#4969,#217);
#5005=IFCSHAPEREPRESENTATION(#15,'Body','MappedRepresentation',(#5004));
#5006=IFCPRODUCTDEFINITIONSHAPE($,$,(#5005));
#5007=IFCCARTESIANPOINT((6155.4164729501272,8533.0354060546179,915.0100000000034));
#5008=IFCAXIS2PLACEMENT3D(#5007,#35,#1290);
#5009=IFCLOCALPLACEMENT(#24,#5008);
#5010=IFCBUILDINGELEMENTPROXY('1kkNhPW5XF4BusAPV6zL4O',#6,'Tile:Tile 600x600 Gray:493301',$,$,#5009,#5006,'493301',$);
#5011=IFCPROPERTYSET('0XCjeESw30PBoK1tomkmCI',#6,'Pset_BuildingElementProxyCommon',$,(#4620));
#5012=IFCPROPERTYSET('0HuCnk9c90W2Vc7qrdMD3o',#6,'Pset_QuantityTakeOff',$,(#4620));
#5013=IFCRELDEFINESBYPROPERTIES('0O76hu_FPc0kWbLoYx9WMD',#6,$,$,(#5010),#5011);
#5014=IFCRELDEFINESBYPROPERTIES('0gseQawgFext_9lXxGq_mX',#6,$,$,(#5010),#5012);
#5015=IFCCARTESIANPOINT((-2.1316282072803006E-014,0.));
#5016=IFCAXIS2PLACEMENT2D(#5015,#193);
#5017=IFCRECTANGLEPROFILEDEF(.AREA.,'Tile 450,700 x 300,500 x 95 Red',#5016,233.90000000000006,300.29999999999995);
#5018=IFCCARTESIANPOINT((-116.94999999999378,-150.15000000000845,-0.));
#5019=IFCAXIS2PLACEMENT3D(#5018,#34,#222);
#5020=IFCEXTRUDEDAREASOLID(#5017,#5019,#34,6.9999999999999973);
#5021=IFCSTYLEDITEM(#5020,(#823),$);
#5022=IFCSHAPEREPRESENTATION(#15,'Body','SweptSolid',(#5020));
#5023=IFCAXIS2PLACEMENT3D(#10,$,$);
#5024=IFCREPRESENTATIONMAP(#5023,#5022);
#5025=IFCBUILDINGELEMENTPROXYTYPE('0ZqRNsBqv5aPUTYwZjIaO$',#6,'Tile:Tile 450,700 x 300,500 x 95 Red',$,$,$,(#5024),'427296',$,.NOTDEFINED.);
#5026=IFCMAPPEDITEM(#5024,#217);
#5027=IFCSHAPEREPRESENTATION(#15,'Body','MappedRepresentation',(#5026));
#5028=IFCPRODUCTDEFINITIONSHAPE($,$,(#5027));
#5029=IFCCARTESIANPOINT((5510.4164729501299,8533.0354060546197,1217.5100000000048));
#5030=IFCAXIS2PLACEMENT3D(#5029,#35,#1290);
#5031=IFCLOCALPLACEMENT(#24,#5030);
#5032=IFCBUILDINGELEMENTPROXY('1kkNhPW5XF4BusAPV6zL4R',#6,'Tile:Tile 450,700 x 300,500 x 95 Red:493302',$,$,#5031,#5028,'493302',$);
#5033=IFCPROPERTYSET('2xDz2XYsEPiEt0mQv6GPur',#6,'Pset_BuildingElementProxyCommon',$,(#1917));
#5034=IFCPROPERTYSET('1ZhdghwJO8IRMY9qIariQd',#6,'Pset_QuantityTakeOff',$,(#1917));
#5035=IFCRELDEFINESBYPROPERTIES('18d15NocBw6HyrIufbMz3B',#6,$,$,(#5032),#5033);
#5036=IFCRELDEFINESBYPROPERTIES('0CYah3MdmgFoEfaaxakPcP',#6,$,$,(#5032),#5034);
#5037=IFCCARTESIANPOINT((-1.4210854715202004E-014,0.));
#5038=IFCAXIS2PLACEMENT2D(#5037,#193);
#5039=IFCRECTANGLEPROFILEDEF(.AREA.,'Tile 450,700 x 300,500 x 95 Red',#5038,233.94,300.29999999999995);
#5040=IFCCARTESIANPOINT((-116.96999999999376,-150.15000000000845,-0.));
#5041=IFCAXIS2PLACEMENT3D(#5040,#34,#222);
#5042=IFCEXTRUDEDAREASOLID(#5039,#5041,#34,6.9999999999999973);
#5043=IFCSTYLEDITEM(#5042,(#823),$);
#5044=IFCSHAPEREPRESENTATION(#15,'Body','SweptSolid',(#5042));
#5045=IFCAXIS2PLACEMENT3D(#10,$,$);
#5046=IFCREPRESENTATIONMAP(#5045,#5044);
#5047=IFCBUILDINGELEMENTPROXYTYPE('0ZqRNsBqv5aPUTYwZjIaOB',#6,'Tile:Tile 450,700 x 300,500 x 95 Red',$,$,$,(#5046),'427296',$,.NOTDEFINED.);
#5048=IFCMAPPEDITEM(#5046,#217);
#5049=IFCSHAPEREPRESENTATION(#15,'Body','MappedRepresentation',(#5048));
#5050=IFCPRODUCTDEFINITIONSHAPE($,$,(#5049));
#5051=IFCCARTESIANPOINT((6155.4564729501271,8533.0354060546179,1217.5100000000025));
#5052=IFCAXIS2PLACEMENT3D(#5051,#35,#1290);
#5053=IFCLOCALPLACEMENT(#24,#5052);
#5054=IFCBUILDINGELEMENTPROXY('1kkNhPW5XF4BusAPV6zL4Q',#6,'Tile:Tile 450,700 x 300,500 x 95 Red:493303',$,$,#5053,#5050,'493303',$);
#5055=IFCPROPERTYSET('2BtJ27ZulYyhSy_tTw5Vg5',#6,'Pset_BuildingElementProxyCommon',$,(#1917));
#5056=IFCPROPERTYSET('0dQD3PVL5FqTsnWXBiRNEO',#6,'Pset_QuantityTakeOff',$,(#1917));
#5057=IFCRELDEFINESBYPROPERTIES('23qKFsQ5lYEjgM74SXhQgk',#6,$,$,(#5054),#5055);
#5058=IFCRELDEFINESBYPROPERTIES('04XNWLZlteVh1ALV8Plqi_',#6,$,$,(#5054),#5056);
#5059=IFCCARTESIANPOINT((-1.4210854715202004E-014,0.));
#5060=IFCAXIS2PLACEMENT2D(#5059,#193);
#5061=IFCRECTANGLEPROFILEDEF(.AREA.,'Tile 450,700 x 300,500 x 95 Red',#5060,203.30000000000004,300.29999999999995);
#5062=IFCCARTESIANPOINT((-101.64999999999378,-150.15000000000845,-0.));
#5063=IFCAXIS2PLACEMENT3D(#5062,#34,#222);
#5064=IFCEXTRUDEDAREASOLID(#5061,#5063,#34,6.9999999999999973);
#5065=IFCSTYLEDITEM(#5064,(#823),$);
#5066=IFCSHAPEREPRESENTATION(#15,'Body','SweptSolid',(#5064));
#5067=IFCAXIS2PLACEMENT3D(#10,$,$);
#5068=IFCREPRESENTATIONMAP(#5067,#5066);
#5069=IFCBUILDINGELEMENTPROXYTYPE('0ZqRNsBqv5aPUTYwZjIaR4',#6,'Tile:Tile 450,700 x 300,500 x 95 Red',$,$,$,(#5068),'427296',$,.NOTDEFINED.);
#5070=IFCMAPPEDITEM(#5068,#217);
#5071=IFCSHAPEREPRESENTATION(#15,'Body','MappedRepresentation',(#5070));
#5072=IFCPRODUCTDEFINITIONSHAPE($,$,(#5071));
#5073=IFCCARTESIANPOINT((5817.616472950137,8533.0354060546179,1217.5100000000182));
#5074=IFCAXIS2PLACEMENT3D(#5073,#35,#1290);
#5075=IFCLOCALPLACEMENT(#24,#5074);
#5076=IFCBUILDINGELEMENTPROXY('1kkNhPW5XF4BusAPV6zL4L',#6,'Tile:Tile 450,700 x 300,500 x 95 Red:493304',$,$,#5075,#5072,'493304',$);
#5077=IFCPROPERTYSET('2sKVVecGOj4gUzqpNeI6Sj',#6,'Pset_BuildingElementProxyCommon',$,(#1917));
#5078=IFCPROPERTYSET('0Tmp3TcLwlQcoBU9l1Jk8f',#6,'Pset_QuantityTakeOff',$,(#1917));
#5079=IFCRELDEFINESBYPROPERTIES('2PlNPlrRNmXC0cr7oRYKcb',#6,$,$,(#5076),#5077);
#5080=IFCRELDEFINESBYPROPERTIES('0H8g5FoTgns$8f4eBoWgWZ',#6,$,$,(#5076),#5078);
#5081=IFCCARTESIANPOINT((2.1316282072803006E-014,0.));
#5082=IFCAXIS2PLACEMENT2D(#5081,#193);
#5083=IFCRECTANGLEPROFILEDEF(.AREA.,'Tile 200x100x75 White 2',#5082,199.80000000000001,100.40000000000001);
#5084=IFCCARTESIANPOINT((-50.199999999993743,-99.900000000008419,-0.));
#5085=IFCAXIS2PLACEMENT3D(#5084,#34,#35);
#5086=IFCEXTRUDEDAREASOLID(#5083,#5085,#34,6.9999999999999973);
#5087=IFCSTYLEDITEM(#5086,(#206),$);
#5088=IFCSHAPEREPRESENTATION(#15,'Body','SweptSolid',(#5086));
#5089=IFCAXIS2PLACEMENT3D(#10,$,$);
#5090=IFCREPRESENTATIONMAP(#5089,#5088);
#5091=IFCBUILDINGELEMENTPROXYTYPE('0qyAVvJzHBtx7qBAcZyoZt',#6,'Tile:Tile 200x100x75 White 2',$,$,$,(#5090),'431094',$,.NOTDEFINED.);
#5092=IFCMAPPEDITEM(#5090,#217);
#5093=IFCSHAPEREPRESENTATION(#15,'Body','MappedRepresentation',(#5092));
#5094=IFCPRODUCTDEFINITIONSHAPE($,$,(#5093));
#5095=IFCCARTESIANPOINT((5612.8164729501332,8533.0354060546179,1117.0100000000034));
#5096=IFCAXIS2PLACEMENT3D(#5095,#35,#1290);
#5097=IFCLOCALPLACEMENT(#24,#5096);
#5098=IFCBUILDINGELEMENTPROXY('1kkNhPW5XF4BusAPV6zL4K',#6,'Tile:Tile 200x100x75 White 2:493305',$,$,#5097,#5094,'493305',$);
#5099=IFCPROPERTYSET('3j0ZFMTRuePcHR$WOb7xnC',#6,'Pset_BuildingElementProxyCommon',$,(#226));
#5100=IFCPROPERTYSET('3h1_yuCmNHZS1qd6H3oytS',#6,'Pset_QuantityTakeOff',$,(#226));
#5101=IFCRELDEFINESBYPROPERTIES('0kjB_lwLiopbALnntEUCHP',#6,$,$,(#5098),#5099);
#5102=IFCRELDEFINESBYPROPERTIES('2AyJ3zsnMubj0J26BKBDoV',#6,$,$,(#5098),#5100);
#5103=IFCCARTESIANPOINT((2.1316282072803006E-014,0.));
#5104=IFCAXIS2PLACEMENT2D(#5103,#193);
#5105=IFCRECTANGLEPROFILEDEF(.AREA.,'Tile 200x100x75 White',#5104,200.00000000000006,100.40000000000001);
#5106=IFCCARTESIANPOINT((-50.199999999993743,-100.,-0.));
#5107=IFCAXIS2PLACEMENT3D(#5106,#34,#35);
#5108=IFCEXTRUDEDAREASOLID(#5105,#5107,#34,6.9999999999999973);
#5109=IFCSTYLEDITEM(#5108,(#206),$);
#5110=IFCSHAPEREPRESENTATION(#15,'Body','SweptSolid',(#5108));
#5111=IFCAXIS2PLACEMENT3D(#10,$,$);
#5112=IFCREPRESENTATIONMAP(#5111,#5110);
#5113=IFCBUILDINGELEMENTPROXYTYPE('1pWAiev0D0PBwy2gi$xplJ',#6,'Tile:Tile 200x100x75 White',$,$,$,(#5112),'428000',$,.NOTDEFINED.);
#5114=IFCMAPPEDITEM(#5112,#217);
#5115=IFCSHAPEREPRESENTATION(#15,'Body','MappedRepresentation',(#5114));
#5116=IFCPRODUCTDEFINITIONSHAPE($,$,(#5115));
#5117=IFCCARTESIANPOINT((5715.2364729500978,8533.035406054616,1419.5100000000025));
#5118=IFCAXIS2PLACEMENT3D(#5117,#35,#1290);
#5119=IFCLOCALPLACEMENT(#24,#5118);
#5120=IFCBUILDINGELEMENTPROXY('1kkNhPW5XF4BusAPV6zL4N',#6,'Tile:Tile 200x100x75 White:493306',$,$,#5119,#5116,'493306',$);
#5121=IFCPROPERTYSINGLEVALUE('Reference',$,IFCIDENTIFIER('Tile 200x100x75 White'),$);
#5122=IFCPROPERTYSET('2g4lXGytYqiaYy$ztF4Efx',#6,'Pset_BuildingElementProxyCommon',$,(#5121));
#5123=IFCPROPERTYSET('3S0lRbGpOG3vRuAEqE0cBK',#6,'Pset_QuantityTakeOff',$,(#5121));
#5124=IFCRELDEFINESBYPROPERTIES('29WlJLfrQiGYTQ9lv14vYj',#6,$,$,(#5120),#5122);
#5125=IFCRELDEFINESBYPROPERTIES('3msBK5l7Km9Zaa4KGQ2Ncl',#6,$,$,(#5120),#5123);
#5126=IFCMAPPEDITEM(#5112,#217);
#5127=IFCSHAPEREPRESENTATION(#15,'Body','MappedRepresentation',(#5126));
#5128=IFCPRODUCTDEFINITIONSHAPE($,$,(#5127));
#5129=IFCCARTESIANPOINT((5817.6364729501011,8533.035406054616,1419.5100000000036));
#5130=IFCAXIS2PLACEMENT3D(#5129,#35,#1290);
#5131=IFCLOCALPLACEMENT(#24,#5130);
#5132=IFCBUILDINGELEMENTPROXY('1kkNhPW5XF4BusAPV6zL4M',#6,'Tile:Tile 200x100x75 White:493307',$,$,#5131,#5128,'493307',$);
#5133=IFCPROPERTYSET('0HTY1_kGI99$1TnR7sKwxu',#6,'Pset_BuildingElementProxyCommon',$,(#5121));
#5134=IFCPROPERTYSET('3x1tPPYlD1ZQzebV27JDbZ',#6,'Pset_QuantityTakeOff',$,(#5121));
#5135=IFCRELDEFINESBYPROPERTIES('2eifREQJYH8bedztUNYMW9',#6,$,$,(#5132),#5133);
#5136=IFCRELDEFINESBYPROPERTIES('2PBjOUWOmO6k1WSI5zSabO',#6,$,$,(#5132),#5134);
#5137=IFCMAPPEDITEM(#5112,#217);
#5138=IFCSHAPEREPRESENTATION(#15,'Body','MappedRepresentation',(#5137));
#5139=IFCPRODUCTDEFINITIONSHAPE($,$,(#5138));
#5140=IFCCARTESIANPOINT((5715.236472950096,8533.0354060546179,1621.5100000000036));
#5141=IFCAXIS2PLACEMENT3D(#5140,#35,#1290);
#5142=IFCLOCALPLACEMENT(#24,#5141);
#5143=IFCBUILDINGELEMENTPROXY('1kkNhPW5XF4BusAPV6zL4H',#6,'Tile:Tile 200x100x75 White:493308',$,$,#5142,#5139,'493308',$);
#5144=IFCPROPERTYSET('2SqL1k9yQztEFxL$eiAT9$',#6,'Pset_BuildingElementProxyCommon',$,(#5121));
#5145=IFCPROPERTYSET('1XQ7zFoP$f$nYRtAsQKLGQ',#6,'Pset_QuantityTakeOff',$,(#5121));
#5146=IFCRELDEFINESBYPROPERTIES('0VooJ5jKvCIrpO3_tEYg_$',#6,$,$,(#5143),#5144);
#5147=IFCRELDEFINESBYPROPERTIES('0HJTN7MmPU4Fn4qaSLpGwv',#6,$,$,(#5143),#5145);
#5148=IFCMAPPEDITEM(#5112,#217);
#5149=IFCSHAPEREPRESENTATION(#15,'Body','MappedRepresentation',(#5148));
#5150=IFCPRODUCTDEFINITIONSHAPE($,$,(#5149));
#5151=IFCCARTESIANPOINT((5817.636472950102,8533.0354060546179,1621.5100000000043));
#5152=IFCAXIS2PLACEMENT3D(#5151,#35,#1290);
#5153=IFCLOCALPLACEMENT(#24,#5152);
#5154=IFCBUILDINGELEMENTPROXY('1kkNhPW5XF4BusAPV6zL4G',#6,'Tile:Tile 200x100x75 White:493309',$,$,#5153,#5150,'493309',$);
#5155=IFCPROPERTYSET('2FCQG88SEWVBgHg65tmgqq',#6,'Pset_BuildingElementProxyCommon',$,(#5121));
#5156=IFCPROPERTYSET('1e4hp2V9TDsoHEq6sAjVxS',#6,'Pset_QuantityTakeOff',$,(#5121));
#5157=IFCRELDEFINESBYPROPERTIES('2YVf$HKK$POi2s1a2XGIYU',#6,$,$,(#5154),#5155);
#5158=IFCRELDEFINESBYPROPERTIES('2ZeGkTr72EkojItJ4xs3Pb',#6,$,$,(#5154),#5156);
#5159=IFCMAPPEDITEM(#5112,#217);
#5160=IFCSHAPEREPRESENTATION(#15,'Body','MappedRepresentation',(#5159));
#5161=IFCPRODUCTDEFINITIONSHAPE($,$,(#5160));
#5162=IFCCARTESIANPOINT((5612.8364729500972,8533.0354060546179,1722.6099999999967));
#5163=IFCAXIS2PLACEMENT3D(#5162,#35,#1290);
#5164=IFCLOCALPLACEMENT(#24,#5163);
#5165=IFCBUILDINGELEMENTPROXY('1kkNhPW5XF4BusAPV6zL4J',#6,'Tile:Tile 200x100x75 White:493310',$,$,#5164,#5161,'493310',$);
#5166=IFCPROPERTYSET('2A16FP5yge6rlE5a1s28pN',#6,'Pset_BuildingElementProxyCommon',$,(#5121));
#5167=IFCPROPERTYSET('2Sv95pxbmshCaAYS58ppg6',#6,'Pset_QuantityTakeOff',$,(#5121));
#5168=IFCRELDEFINESBYPROPERTIES('2ESvbOjmMGxeI3lGQUXQe5',#6,$,$,(#5165),#5166);
#5169=IFCRELDEFINESBYPROPERTIES('0Ts4UQGn57wz2RICC_hq$5',#6,$,$,(#5165),#5167);
#5170=IFCMAPPEDITEM(#5112,#217);
#5171=IFCSHAPEREPRESENTATION(#15,'Body','MappedRepresentation',(#5170));
#5172=IFCPRODUCTDEFINITIONSHAPE($,$,(#5171));
#5173=IFCCARTESIANPOINT((5510.4364729500885,8533.0354060546179,1621.7099999999966));
#5174=IFCAXIS2PLACEMENT3D(#5173,#35,#1290);
#5175=IFCLOCALPLACEMENT(#24,#5174);
#5176=IFCBUILDINGELEMENTPROXY('1kkNhPW5XF4BusAPV6zL4I',#6,'Tile:Tile 200x100x75 White:493311',$,$,#5175,#5172,'493311',$);
#5177=IFCPROPERTYSET('0CVrV0uIXejr5N7ToW7GIr',#6,'Pset_BuildingElementProxyCommon',$,(#5121));
#5178=IFCPROPERTYSET('2GQAxbv5GC9a1ZWtPIoxha',#6,'Pset_QuantityTakeOff',$,(#5121));
#5179=IFCRELDEFINESBYPROPERTIES('1xddEZEQOJtSy8OUoOKmhi',#6,$,$,(#5176),#5177);
#5180=IFCRELDEFINESBYPROPERTIES('3A133nmBXZ4LefF8aYMZ2T',#6,$,$,(#5176),#5178);
#5181=IFCMAPPEDITEM(#5112,#217);
#5182=IFCSHAPEREPRESENTATION(#15,'Body','MappedRepresentation',(#5181));
#5183=IFCPRODUCTDEFINITIONSHAPE($,$,(#5182));
#5184=IFCCARTESIANPOINT((5408.036472950087,8533.0354060546215,1520.8099999999977));
#5185=IFCAXIS2PLACEMENT3D(#5184,#35,#1290);
#5186=IFCLOCALPLACEMENT(#24,#5185);
#5187=IFCBUILDINGELEMENTPROXY('1kkNhPW5XF4BusAPV6zL3j',#6,'Tile:Tile 200x100x75 White:493312',$,$,#5186,#5183,'493312',$);
#5188=IFCPROPERTYSET('3VNOwAf7LXqF$KExiEL6BP',#6,'Pset_BuildingElementProxyCommon',$,(#5121));
#5189=IFCPROPERTYSET('05hTbu3RXe_Jy7QYHCQNSU',#6,'Pset_QuantityTakeOff',$,(#5121));
#5190=IFCRELDEFINESBYPROPERTIES('3io4deQvOnqlTMz3SQSYzz',#6,$,$,(#5187),#5188);
#5191=IFCRELDEFINESBYPROPERTIES('0UMjGZd4k9mrYIOwlPmtI7',#6,$,$,(#5187),#5189);
#5192=IFCMAPPEDITEM(#5112,#217);
#5193=IFCSHAPEREPRESENTATION(#15,'Body','MappedRepresentation',(#5192));
#5194=IFCPRODUCTDEFINITIONSHAPE($,$,(#5193));
#5195=IFCCARTESIANPOINT((5819.6364729501256,8533.035406054616,1522.6099999999713));
#5196=IFCAXIS2PLACEMENT3D(#5195,#35,#222);
#5197=IFCLOCALPLACEMENT(#24,#5196);
#5198=IFCBUILDINGELEMENTPROXY('1kkNhPW5XF4BusAPV6zL3i',#6,'Tile:Tile 200x100x75 White:493313',$,$,#5197,#5194,'493313',$);
#5199=IFCPROPERTYSET('2NsWrWtw200PzntmQUfRgk',#6,'Pset_BuildingElementProxyCommon',$,(#5121));
#5200=IFCPROPERTYSET('04QLgJBSY9RgYab9OSZV$$',#6,'Pset_QuantityTakeOff',$,(#5121));
#5201=IFCRELDEFINESBYPROPERTIES('2yhl2w8ZrtPE7x7OP0O2RU',#6,$,$,(#5198),#5199);
#5202=IFCRELDEFINESBYPROPERTIES('1UJpzH_qXfjrYK_OJrAifz',#6,$,$,(#5198),#5200);
#5203=IFCMAPPEDITEM(#5112,#217);
#5204=IFCSHAPEREPRESENTATION(#15,'Body','MappedRepresentation',(#5203));
#5205=IFCPRODUCTDEFINITIONSHAPE($,$,(#5204));
#5206=IFCCARTESIANPOINT((5922.0364729501334,8533.035406054616,1623.50999999997));
#5207=IFCAXIS2PLACEMENT3D(#5206,#35,#222);
#5208=IFCLOCALPLACEMENT(#24,#5207);
#5209=IFCBUILDINGELEMENTPROXY('1kkNhPW5XF4BusAPV6zL3l',#6,'Tile:Tile 200x100x75 White:493314',$,$,#5208,#5205,'493314',$);
#5210=IFCPROPERTYSET('0K0uyASev_tdjBQMx6lOjW',#6,'Pset_BuildingElementProxyCommon',$,(#5121));
#5211=IFCPROPERTYSET('1P4zF14Sh1DtNZtULLq0F1',#6,'Pset_QuantityTakeOff',$,(#5121));
#5212=IFCRELDEFINESBYPROPERTIES('1ts19p5yhlEUi3$bfBT3hv',#6,$,$,(#5209),#5210);
#5213=IFCRELDEFINESBYPROPERTIES('0ZAxRS6BtQ$Xy082jtrMBU',#6,$,$,(#5209),#5211);
#5214=IFCCARTESIANPOINT((2.1316282072803006E-014,0.));
#5215=IFCAXIS2PLACEMENT2D(#5214,#193);
#5216=IFCRECTANGLEPROFILEDEF(.AREA.,'Tile 200x100x75 White 2',#5215,199.80000000000001,100.40000000000001);
#5217=IFCCARTESIANPOINT((-50.199999999993743,-99.900000000008419,-0.));
#5218=IFCAXIS2PLACEMENT3D(#5217,#34,#35);
#5219=IFCEXTRUDEDAREASOLID(#5216,#5218,#34,6.9999999999999973);
#5220=IFCSTYLEDITEM(#5219,(#206),$);
#5221=IFCSHAPEREPRESENTATION(#15,'Body','SweptSolid',(#5219));
#5222=IFCAXIS2PLACEMENT3D(#10,$,$);
#5223=IFCREPRESENTATIONMAP(#5222,#5221);
#5224=IFCBUILDINGELEMENTPROXYTYPE('1MH_t$ZbL18A53iTg7iWqu',#6,'Tile:Tile 200x100x75 White 2',$,$,$,(#5223),'431094',$,.NOTDEFINED.);
#5225=IFCMAPPEDITEM(#5223,#217);
#5226=IFCSHAPEREPRESENTATION(#15,'Body','MappedRepresentation',(#5225));
#5227=IFCPRODUCTDEFINITIONSHAPE($,$,(#5226));
#5228=IFCCARTESIANPOINT((6024.4364729501403,8533.035406054616,1724.2099999999807));
#5229=IFCAXIS2PLACEMENT3D(#5228,#35,#222);
#5230=IFCLOCALPLACEMENT(#24,#5229);
#5231=IFCBUILDINGELEMENTPROXY('1kkNhPW5XF4BusAPV6zL3k',#6,'Tile:Tile 200x100x75 White 2:493315',$,$,#5230,#5227,'493315',$);
#5232=IFCPROPERTYSET('0TimWXU2Dle2EzJTIVGyzt',#6,'Pset_BuildingElementProxyCommon',$,(#226));
#5233=IFCPROPERTYSET('1fjGkWMJoSFOOJomIwXDEp',#6,'Pset_QuantityTakeOff',$,(#226));
#5234=IFCRELDEFINESBYPROPERTIES('3B1A$8hSrmRm3S1EDk9GRa',#6,$,$,(#5231),#5232);
#5235=IFCRELDEFINESBYPROPERTIES('0CfJ7ig4d0NvblRoOxVl1o',#6,$,$,(#5231),#5233);
#5236=IFCMAPPEDITEM(#5223,#217);
#5237=IFCSHAPEREPRESENTATION(#15,'Body','MappedRepresentation',(#5236));
#5238=IFCPRODUCTDEFINITIONSHAPE($,$,(#5237));
#5239=IFCCARTESIANPOINT((6257.8364729501282,8533.035406054616,1116.810000000002));
#5240=IFCAXIS2PLACEMENT3D(#5239,#35,#1290);
#5241=IFCLOCALPLACEMENT(#24,#5240);
#5242=IFCBUILDINGELEMENTPROXY('1kkNhPW5XF4BusAPV6zL3f',#6,'Tile:Tile 200x100x75 White 2:493316',$,$,#5241,#5238,'493316',$);
#5243=IFCPROPERTYSET('2E7yWP5BPXXY7CwJZbl7X5',#6,'Pset_BuildingElementProxyCommon',$,(#226));
#5244=IFCPROPERTYSET('0ey$HDa4q3iY3OthlgdcVb',#6,'Pset_QuantityTakeOff',$,(#226));
#5245=IFCRELDEFINESBYPROPERTIES('0MIhQzbmf1$wlas7kbCqxJ',#6,$,$,(#5242),#5243);
#5246=IFCRELDEFINESBYPROPERTIES('2xd_FiTSIPHsGPYHjo32JC',#6,$,$,(#5242),#5244);
#5247=IFCMAPPEDITEM(#5223,#217);
#5248=IFCSHAPEREPRESENTATION(#15,'Body','MappedRepresentation',(#5247));
#5249=IFCPRODUCTDEFINITIONSHAPE($,$,(#5248));
#5250=IFCCARTESIANPOINT((6257.8364729501282,8533.035406054616,1318.6099999999947));
#5251=IFCAXIS2PLACEMENT3D(#5250,#35,#1290);
#5252=IFCLOCALPLACEMENT(#24,#5251);
#5253=IFCBUILDINGELEMENTPROXY('1kkNhPW5XF4BusAPV6zL3e',#6,'Tile:Tile 200x100x75 White 2:493317',$,$,#5252,#5249,'493317',$);
#5254=IFCPROPERTYSET('3zrIa8mSFOt9TWB_eP8pf_',#6,'Pset_BuildingElementProxyCommon',$,(#226));
#5255=IFCPROPERTYSET('3WTs_$hKrYOKQDWwi6$W4M',#6,'Pset_QuantityTakeOff',$,(#226));
#5256=IFCRELDEFINESBYPROPERTIES('14ikQ0EcQ295cq2$Y5EgbM',#6,$,$,(#5253),#5254);
#5257=IFCRELDEFINESBYPROPERTIES('1A7R4YlTakND63txEMx_Ju',#6,$,$,(#5253),#5255);
#5258=IFCMAPPEDITEM(#5223,#217);
#5259=IFCSHAPEREPRESENTATION(#15,'Body','MappedRepresentation',(#5258));
#5260=IFCPRODUCTDEFINITIONSHAPE($,$,(#5259));
#5261=IFCCARTESIANPOINT((6257.8364729501282,8533.035406054616,1520.409999999988));
#5262=IFCAXIS2PLACEMENT3D(#5261,#35,#1290);
#5263=IFCLOCALPLACEMENT(#24,#5262);
#5264=IFCBUILDINGELEMENTPROXY('1kkNhPW5XF4BusAPV6zL3h',#6,'Tile:Tile 200x100x75 White 2:493318',$,$,#5263,#5260,'493318',$);
#5265=IFCPROPERTYSET('0vZSVvA7DeZ5seEERG6w7t',#6,'Pset_BuildingElementProxyCommon',$,(#226));
#5266=IFCPROPERTYSET('0aF888H$9NhpIB$SJKL630',#6,'Pset_QuantityTakeOff',$,(#226));
#5267=IFCRELDEFINESBYPROPERTIES('1FbrZMaahqZSJBadVH1dCW',#6,$,$,(#5264),#5265);
#5268=IFCRELDEFINESBYPROPERTIES('1qrILLEU4GkV$yHfTW1yjN',#6,$,$,(#5264),#5266);
#5269=IFCMAPPEDITEM(#5223,#217);
#5270=IFCSHAPEREPRESENTATION(#15,'Body','MappedRepresentation',(#5269));
#5271=IFCPRODUCTDEFINITIONSHAPE($,$,(#5270));
#5272=IFCCARTESIANPOINT((6257.8364729501291,8533.035406054616,1722.2099999999955));
#5273=IFCAXIS2PLACEMENT3D(#5272,#35,#1290);
#5274=IFCLOCALPLACEMENT(#24,#5273);
#5275=IFCBUILDINGELEMENTPROXY('1kkNhPW5XF4BusAPV6zL3g',#6,'Tile:Tile 200x100x75 White 2:493319',$,$,#5274,#5271,'493319',$);
#5276=IFCPROPERTYSET('2t7NqbxvClAInr2UOm8l2p',#6,'Pset_BuildingElementProxyCommon',$,(#226));
#5277=IFCPROPERTYSET('16Y56_VhL4LAf2_5cc08ug',#6,'Pset_QuantityTakeOff',$,(#226));
#5278=IFCRELDEFINESBYPROPERTIES('1XtWyHx35JaeWihd6PZ_Zt',#6,$,$,(#5275),#5276);
#5279=IFCRELDEFINESBYPROPERTIES('0mwzuaBea9SoFuSOvLTSQ7',#6,$,$,(#5275),#5277);
#5280=IFCMAPPEDITEM(#5223,#217);
#5281=IFCSHAPEREPRESENTATION(#15,'Body','MappedRepresentation',(#5280));
#5282=IFCPRODUCTDEFINITIONSHAPE($,$,(#5281));
#5283=IFCCARTESIANPOINT((6257.8364729501282,8533.035406054616,1924.0100000000034));
#5284=IFCAXIS2PLACEMENT3D(#5283,#35,#1290);
#5285=IFCLOCALPLACEMENT(#24,#5284);
#5286=IFCBUILDINGELEMENTPROXY('1kkNhPW5XF4BusAPV6zL3b',#6,'Tile:Tile 200x100x75 White 2:493320',$,$,#5285,#5282,'493320',$);
#5287=IFCPROPERTYSET('23l_c9iSOLmBHJRDwdfCGv',#6,'Pset_BuildingElementProxyCommon',$,(#226));
#5288=IFCPROPERTYSET('1CdOZ2M8aRyLevasvDw6jN',#6,'Pset_QuantityTakeOff',$,(#226));
#5289=IFCRELDEFINESBYPROPERTIES('1Lc2KQ01uFrLZ81Jgd$KT8',#6,$,$,(#5286),#5287);
#5290=IFCRELDEFINESBYPROPERTIES('0_qSf72u4kh1z1mn8qMSi2',#6,$,$,(#5286),#5288);
#5291=IFCMAPPEDITEM(#5223,#217);
#5292=IFCSHAPEREPRESENTATION(#15,'Body','MappedRepresentation',(#5291));
#5293=IFCPRODUCTDEFINITIONSHAPE($,$,(#5292));
#5294=IFCCARTESIANPOINT((6462.6364729501292,8533.035406054616,1117.01));
#5295=IFCAXIS2PLACEMENT3D(#5294,#35,#1290);
#5296=IFCLOCALPLACEMENT(#24,#5295);
#5297=IFCBUILDINGELEMENTPROXY('1kkNhPW5XF4BusAPV6zL3a',#6,'Tile:Tile 200x100x75 White 2:493321',$,$,#5296,#5293,'493321',$);
#5298=IFCPROPERTYSET('0oo1LYlqpeK7IiIRpt1Yu_',#6,'Pset_BuildingElementProxyCommon',$,(#226));
#5299=IFCPROPERTYSET('0romGdI4M_HrNBo2lQSkVv',#6,'Pset_QuantityTakeOff',$,(#226));
#5300=IFCRELDEFINESBYPROPERTIES('2g9TGfK37shTswId2n53Gq',#6,$,$,(#5297),#5298);
#5301=IFCRELDEFINESBYPROPERTIES('1RueZy7PmQ4v1ZvbciioOU',#6,$,$,(#5297),#5299);
#5302=IFCMAPPEDITEM(#5223,#217);
#5303=IFCSHAPEREPRESENTATION(#15,'Body','MappedRepresentation',(#5302));
#5304=IFCPRODUCTDEFINITIONSHAPE($,$,(#5303));
#5305=IFCCARTESIANPOINT((6462.6364729501274,8533.035406054616,1318.6099999999951));
#5306=IFCAXIS2PLACEMENT3D(#5305,#35,#1290);
#5307=IFCLOCALPLACEMENT(#24,#5306);
#5308=IFCBUILDINGELEMENTPROXY('1kkNhPW5XF4BusAPV6zL3d',#6,'Tile:Tile 200x100x75 White 2:493322',$,$,#5307,#5304,'493322',$);
#5309=IFCPROPERTYSET('3t56yRjGXZa6wjirUNXkkt',#6,'Pset_BuildingElementProxyCommon',$,(#226));
#5310=IFCPROPERTYSET('2ok2Dgg$_E711e3PuppzOa',#6,'Pset_QuantityTakeOff',$,(#226));
#5311=IFCRELDEFINESBYPROPERTIES('0LhmzcZFM5zfDz3xki4$Fq',#6,$,$,(#5308),#5309);
#5312=IFCRELDEFINESBYPROPERTIES('3eZ7D0rMgleXRAg83phBGb',#6,$,$,(#5308),#5310);
#5313=IFCMAPPEDITEM(#5223,#217);
#5314=IFCSHAPEREPRESENTATION(#15,'Body','MappedRepresentation',(#5313));
#5315=IFCPRODUCTDEFINITIONSHAPE($,$,(#5314));
#5316=IFCCARTESIANPOINT((6462.6364729501265,8533.035406054616,1520.4099999999885));
#5317=IFCAXIS2PLACEMENT3D(#5316,#35,#1290);
#5318=IFCLOCALPLACEMENT(#24,#5317);
#5319=IFCBUILDINGELEMENTPROXY('1kkNhPW5XF4BusAPV6zL3c',#6,'Tile:Tile 200x100x75 White 2:493323',$,$,#5318,#5315,'493323',$);
#5320=IFCPROPERTYSET('2xSi7iSjT_DHLtYnhUpOrb',#6,'Pset_BuildingElementProxyCommon',$,(#226));
#5321=IFCPROPERTYSET('1KyDvXW4znLJvXyvMnLXPb',#6,'Pset_QuantityTakeOff',$,(#226));
#5322=IFCRELDEFINESBYPROPERTIES('3zCk82_wG$8UdEGIWGI2xz',#6,$,$,(#5319),#5320);
#5323=IFCRELDEFINESBYPROPERTIES('1zACSTbidLrv5CiMXO6$Ko',#6,$,$,(#5319),#5321);
#5324=IFCMAPPEDITEM(#5223,#217);
#5325=IFCSHAPEREPRESENTATION(#15,'Body','MappedRepresentation',(#5324));
#5326=IFCPRODUCTDEFINITIONSHAPE($,$,(#5325));
#5327=IFCCARTESIANPOINT((6462.6364729501265,8533.035406054616,1722.2099999999953));
#5328=IFCAXIS2PLACEMENT3D(#5327,#35,#1290);
#5329=IFCLOCALPLACEMENT(#24,#5328);
#5330=IFCBUILDINGELEMENTPROXY('1kkNhPW5XF4BusAPV6zL3X',#6,'Tile:Tile 200x100x75 White 2:493324',$,$,#5329,#5326,'493324',$);
#5331=IFCPROPERTYSET('1$ZmfWzLO5N3HzgJm$I1WZ',#6,'Pset_BuildingElementProxyCommon',$,(#226));
#5332=IFCPROPERTYSET('0nyi7pDuRwM70M4czrY6FI',#6,'Pset_QuantityTakeOff',$,(#226));
#5333=IFCRELDEFINESBYPROPERTIES('1q9lr41acF$ZxTlkARk4fq',#6,$,$,(#5330),#5331);
#5334=IFCRELDEFINESBYPROPERTIES('3TTT2FULdkHACwIJAyPYfx',#6,$,$,(#5330),#5332);
#5335=IFCMAPPEDITEM(#5223,#217);
#5336=IFCSHAPEREPRESENTATION(#15,'Body','MappedRepresentation',(#5335));
#5337=IFCPRODUCTDEFINITIONSHAPE($,$,(#5336));
#5338=IFCCARTESIANPOINT((6462.6364729501292,8533.035406054616,1924.0100000000041));
#5339=IFCAXIS2PLACEMENT3D(#5338,#35,#1290);
#5340=IFCLOCALPLACEMENT(#24,#5339);
#5341=IFCBUILDINGELEMENTPROXY('1kkNhPW5XF4BusAPV6zL3W',#6,'Tile:Tile 200x100x75 White 2:493325',$,$,#5340,#5337,'493325',$);
#5342=IFCPROPERTYSET('3f6hg1F9YZa7GdwZ9l45Hz',#6,'Pset_BuildingElementProxyCommon',$,(#226));
#5343=IFCPROPERTYSET('0KQ2UBzf9OdHNhrjXTnCpe',#6,'Pset_QuantityTakeOff',$,(#226));
#5344=IFCRELDEFINESBYPROPERTIES('2ENR$win27B$VngAdPXYhD',#6,$,$,(#5341),#5342);
#5345=IFCRELDEFINESBYPROPERTIES('2As4qenGSU8sC0cL9liWly',#6,$,$,(#5341),#5343);
#5346=IFCMAPPEDITEM(#5223,#217);
#5347=IFCSHAPEREPRESENTATION(#15,'Body','MappedRepresentation',(#5346));
#5348=IFCPRODUCTDEFINITIONSHAPE($,$,(#5347));
#5349=IFCCARTESIANPOINT((6667.4364729501249,8533.0354060546142,1117.01));
#5350=IFCAXIS2PLACEMENT3D(#5349,#35,#1290);
#5351=IFCLOCALPLACEMENT(#24,#5350);
#5352=IFCBUILDINGELEMENTPROXY('1kkNhPW5XF4BusAPV6zL3Z',#6,'Tile:Tile 200x100x75 White 2:493326',$,$,#5351,#5348,'493326',$);
#5353=IFCPROPERTYSET('0QsW4sCc47LaYrKNhEJmV7',#6,'Pset_BuildingElementProxyCommon',$,(#226));
#5354=IFCPROPERTYSET('0VQAKXi1X2AETD8REHV7qB',#6,'Pset_QuantityTakeOff',$,(#226));
#5355=IFCRELDEFINESBYPROPERTIES('0WcHN3mkUhjwZ_kuRIzz_H',#6,$,$,(#5352),#5353);
#5356=IFCRELDEFINESBYPROPERTIES('0BAJsRbTyL9ZrZH2q3fHJo',#6,$,$,(#5352),#5354);
#5357=IFCMAPPEDITEM(#5223,#217);
#5358=IFCSHAPEREPRESENTATION(#15,'Body','MappedRepresentation',(#5357));
#5359=IFCPRODUCTDEFINITIONSHAPE($,$,(#5358));
#5360=IFCCARTESIANPOINT((6667.4364729501258,8533.0354060546142,1318.609999999996));
#5361=IFCAXIS2PLACEMENT3D(#5360,#35,#1290);
#5362=IFCLOCALPLACEMENT(#24,#5361);
#5363=IFCBUILDINGELEMENTPROXY('1kkNhPW5XF4BusAPV6zL3Y',#6,'Tile:Tile 200x100x75 White 2:493327',$,$,#5362,#5359,'493327',$);
#5364=IFCPROPERTYSET('10egucEdfsykXv8LSe3hmM',#6,'Pset_BuildingElementProxyCommon',$,(#226));
#5365=IFCPROPERTYSET('2HZ3A0bgGN2n2T7ITOiV8l',#6,'Pset_QuantityTakeOff',$,(#226));
#5366=IFCRELDEFINESBYPROPERTIES('3tvwOoU0F4ei083M5ZDBZm',#6,$,$,(#5363),#5364);
#5367=IFCRELDEFINESBYPROPERTIES('1GoSssvldV5964elfgZHeN',#6,$,$,(#5363),#5365);
#5368=IFCMAPPEDITEM(#5223,#217);
#5369=IFCSHAPEREPRESENTATION(#15,'Body','MappedRepresentation',(#5368));
#5370=IFCPRODUCTDEFINITIONSHAPE($,$,(#5369));
#5371=IFCCARTESIANPOINT((6667.4364729501267,8533.0354060546142,1520.4099999999883));
#5372=IFCAXIS2PLACEMENT3D(#5371,#35,#1290);
#5373=IFCLOCALPLACEMENT(#24,#5372);
#5374=IFCBUILDINGELEMENTPROXY('1kkNhPW5XF4BusAPV6zL3z',#6,'Tile:Tile 200x100x75 White 2:493328',$,$,#5373,#5370,'493328',$);
#5375=IFCPROPERTYSET('1f3yLetXrnS9aW6y9$2sM9',#6,'Pset_BuildingElementProxyCommon',$,(#226));
#5376=IFCPROPERTYSET('2YaGOhZheiKUR3GUrDo7It',#6,'Pset_QuantityTakeOff',$,(#226));
#5377=IFCRELDEFINESBYPROPERTIES('3$28zKC$qoYRMFvnHmKx1Q',#6,$,$,(#5374),#5375);
#5378=IFCRELDEFINESBYPROPERTIES('0RGuVrGtSHkHwgFwzP$E4P',#6,$,$,(#5374),#5376);
#5379=IFCMAPPEDITEM(#5223,#217);
#5380=IFCSHAPEREPRESENTATION(#15,'Body','MappedRepresentation',(#5379));
#5381=IFCPRODUCTDEFINITIONSHAPE($,$,(#5380));
#5382=IFCCARTESIANPOINT((6667.4364729501249,8533.035406054616,1722.2099999999953));
#5383=IFCAXIS2PLACEMENT3D(#5382,#35,#1290);
#5384=IFCLOCALPLACEMENT(#24,#5383);
#5385=IFCBUILDINGELEMENTPROXY('1kkNhPW5XF4BusAPV6zL3y',#6,'Tile:Tile 200x100x75 White 2:493329',$,$,#5384,#5381,'493329',$);
#5386=IFCPROPERTYSET('3PnLEdHaGQNSsn1OFyFVv6',#6,'Pset_BuildingElementProxyCommon',$,(#226));
#5387=IFCPROPERTYSET('0OfXL4m7TmYTm3ncPbL8a_',#6,'Pset_QuantityTakeOff',$,(#226));
#5388=IFCRELDEFINESBYPROPERTIES('1HFLOKhDRAKWkb_3oU75tI',#6,$,$,(#5385),#5386);
#5389=IFCRELDEFINESBYPROPERTIES('3VM1CGmti_y7k8IxfQFAWq',#6,$,$,(#5385),#5387);
#5390=IFCMAPPEDITEM(#5223,#217);
#5391=IFCSHAPEREPRESENTATION(#15,'Body','MappedRepresentation',(#5390));
#5392=IFCPRODUCTDEFINITIONSHAPE($,$,(#5391));
#5393=IFCCARTESIANPOINT((6667.4364729501231,8533.0354060546142,1924.0100000000043));
#5394=IFCAXIS2PLACEMENT3D(#5393,#35,#1290);
#5395=IFCLOCALPLACEMENT(#24,#5394);
#5396=IFCBUILDINGELEMENTPROXY('1kkNhPW5XF4BusAPV6zL3$',#6,'Tile:Tile 200x100x75 White 2:493330',$,$,#5395,#5392,'493330',$);
#5397=IFCPROPERTYSET('0$5jBVYH4yBT3$4qCFFctk',#6,'Pset_BuildingElementProxyCommon',$,(#226));
#5398=IFCPROPERTYSET('2fMYPluHyK6h3kXjqizi1g',#6,'Pset_QuantityTakeOff',$,(#226));
#5399=IFCRELDEFINESBYPROPERTIES('2iP1JDnpXWQN3bjv_sLB6L',#6,$,$,(#5396),#5397);
#5400=IFCRELDEFINESBYPROPERTIES('3VRaQkVOPILQtUhIyCpbvQ',#6,$,$,(#5396),#5398);
#5401=IFCMAPPEDITEM(#5223,#217);
#5402=IFCSHAPEREPRESENTATION(#15,'Body','MappedRepresentation',(#5401));
#5403=IFCPRODUCTDEFINITIONSHAPE($,$,(#5402));
#5404=IFCCARTESIANPOINT((6872.236472950126,8533.0354060546124,1117.0099999999982));
#5405=IFCAXIS2PLACEMENT3D(#5404,#35,#1290);
#5406=IFCLOCALPLACEMENT(#24,#5405);
#5407=IFCBUILDINGELEMENTPROXY('1kkNhPW5XF4BusAPV6zL3_',#6,'Tile:Tile 200x100x75 White 2:493331',$,$,#5406,#5403,'493331',$);
#5408=IFCPROPERTYSET('3Ve_35VBaUEBZSpyTzSD69',#6,'Pset_BuildingElementProxyCommon',$,(#226));
#5409=IFCPROPERTYSET('304TkA5yeabDItVWzCJbJC',#6,'Pset_QuantityTakeOff',$,(#226));
#5410=IFCRELDEFINESBYPROPERTIES('3Y0qIF_oHVwQT8flL70gAI',#6,$,$,(#5407),#5408);
#5411=IFCRELDEFINESBYPROPERTIES('1_9uCO3HLKyTNy6giHQJ68',#6,$,$,(#5407),#5409);
#5412=IFCMAPPEDITEM(#5223,#217);
#5413=IFCSHAPEREPRESENTATION(#15,'Body','MappedRepresentation',(#5412));
#5414=IFCPRODUCTDEFINITIONSHAPE($,$,(#5413));
#5415=IFCCARTESIANPOINT((6872.2364729501242,8533.0354060546142,1318.609999999994));
#5416=IFCAXIS2PLACEMENT3D(#5415,#35,#1290);
#5417=IFCLOCALPLACEMENT(#24,#5416);
#5418=IFCBUILDINGELEMENTPROXY('1kkNhPW5XF4BusAPV6zL3v',#6,'Tile:Tile 200x100x75 White 2:493332',$,$,#5417,#5414,'493332',$);
#5419=IFCPROPERTYSET('3SEUscZaR6KxwjtxXAcvpJ',#6,'Pset_BuildingElementProxyCommon',$,(#226));
#5420=IFCPROPERTYSET('2pDO4VTo82c4h4bTFwQsLV',#6,'Pset_QuantityTakeOff',$,(#226));
#5421=IFCRELDEFINESBYPROPERTIES('07YUMhaj477$TP98bg65NZ',#6,$,$,(#5418),#5419);
#5422=IFCRELDEFINESBYPROPERTIES('0ojjIRK2N0o7ePMnXGC2Dj',#6,$,$,(#5418),#5420);
#5423=IFCMAPPEDITEM(#5223,#217);
#5424=IFCSHAPEREPRESENTATION(#15,'Body','MappedRepresentation',(#5423));
#5425=IFCPRODUCTDEFINITIONSHAPE($,$,(#5424));
#5426=IFCCARTESIANPOINT((6872.2364729501223,8533.0354060546142,1520.4099999999878));
#5427=IFCAXIS2PLACEMENT3D(#5426,#35,#1290);
#5428=IFCLOCALPLACEMENT(#24,#5427);
#5429=IFCBUILDINGELEMENTPROXY('1kkNhPW5XF4BusAPV6zL3u',#6,'Tile:Tile 200x100x75 White 2:493333',$,$,#5428,#5425,'493333',$);
#5430=IFCPROPERTYSET('3pI0ZA74zSy1RmQC8t7cMF',#6,'Pset_BuildingElementProxyCommon',$,(#226));
#5431=IFCPROPERTYSET('2ytJHnG6_YCKuVUvOapHu3',#6,'Pset_QuantityTakeOff',$,(#226));
#5432=IFCRELDEFINESBYPROPERTIES('3QVcf0HwgFvCGwN7UpYYJJ',#6,$,$,(#5429),#5430);
#5433=IFCRELDEFINESBYPROPERTIES('18tat3EmPv6g48NoTvliRh',#6,$,$,(#5429),#5431);
#5434=IFCMAPPEDITEM(#5223,#217);
#5435=IFCSHAPEREPRESENTATION(#15,'Body','MappedRepresentation',(#5434));
#5436=IFCPRODUCTDEFINITIONSHAPE($,$,(#5435));
#5437=IFCCARTESIANPOINT((6872.2364729501242,8533.0354060546124,1722.2099999999957));
#5438=IFCAXIS2PLACEMENT3D(#5437,#35,#1290);
#5439=IFCLOCALPLACEMENT(#24,#5438);
#5440=IFCBUILDINGELEMENTPROXY('1kkNhPW5XF4BusAPV6zL3x',#6,'Tile:Tile 200x100x75 White 2:493334',$,$,#5439,#5436,'493334',$);
#5441=IFCPROPERTYSET('3$92EJqC3d9gymgGf00wIe',#6,'Pset_BuildingElementProxyCommon',$,(#226));
#5442=IFCPROPERTYSET('3Nzyv9UT3UODtgPTur7lkh',#6,'Pset_QuantityTakeOff',$,(#226));
#5443=IFCRELDEFINESBYPROPERTIES('1KNVyYIrlGNXQ1KvGtw15q',#6,$,$,(#5440),#5441);
#5444=IFCRELDEFINESBYPROPERTIES('1w8eIMruD0RYq$blkidWlT',#6,$,$,(#5440),#5442);
#5445=IFCMAPPEDITEM(#5223,#217);
#5446=IFCSHAPEREPRESENTATION(#15,'Body','MappedRepresentation',(#5445));
#5447=IFCPRODUCTDEFINITIONSHAPE($,$,(#5446));
#5448=IFCCARTESIANPOINT((6872.2364729501242,8533.0354060546142,1924.0100000000043));
#5449=IFCAXIS2PLACEMENT3D(#5448,#35,#1290);
#5450=IFCLOCALPLACEMENT(#24,#5449);
#5451=IFCBUILDINGELEMENTPROXY('1kkNhPW5XF4BusAPV6zL3w',#6,'Tile:Tile 200x100x75 White 2:493335',$,$,#5450,#5447,'493335',$);
#5452=IFCPROPERTYSET('3LEWPRU6nHHe$f1tPV7WdJ',#6,'Pset_BuildingElementProxyCommon',$,(#226));
#5453=IFCPROPERTYSET('2KUZSBl6IBlbJpDRbkwQ6$',#6,'Pset_QuantityTakeOff',$,(#226));
#5454=IFCRELDEFINESBYPROPERTIES('1$7UWxSUYXOceD3P2Xn1kg',#6,$,$,(#5451),#5452);
#5455=IFCRELDEFINESBYPROPERTIES('02a702uVONPP$iaHh149y9',#6,$,$,(#5451),#5453);
#5456=IFCMAPPEDITEM(#5223,#217);
#5457=IFCSHAPEREPRESENTATION(#15,'Body','MappedRepresentation',(#5456));
#5458=IFCPRODUCTDEFINITIONSHAPE($,$,(#5457));
#5459=IFCCARTESIANPOINT((7077.0364729501234,8533.0354060546124,1117.0099999999975));
#5460=IFCAXIS2PLACEMENT3D(#5459,#35,#1290);
#5461=IFCLOCALPLACEMENT(#24,#5460);
#5462=IFCBUILDINGELEMENTPROXY('1kkNhPW5XF4BusAPV6zL3r',#6,'Tile:Tile 200x100x75 White 2:493336',$,$,#5461,#5458,'493336',$);
#5463=IFCPROPERTYSET('2_rTUaZea4mkiZLWHrpwe4',#6,'Pset_BuildingElementProxyCommon',$,(#226));
#5464=IFCPROPERTYSET('24dXfILPFo_NUGyK1hJgCi',#6,'Pset_QuantityTakeOff',$,(#226));
#5465=IFCRELDEFINESBYPROPERTIES('2GAndCu_n3a5Xv1YmIrJjS',#6,$,$,(#5462),#5463);
#5466=IFCRELDEFINESBYPROPERTIES('10rXwhb2lcA2jHBnw_TrVx',#6,$,$,(#5462),#5464);
#5467=IFCMAPPEDITEM(#5223,#217);
#5468=IFCSHAPEREPRESENTATION(#15,'Body','MappedRepresentation',(#5467));
#5469=IFCPRODUCTDEFINITIONSHAPE($,$,(#5468));
#5470=IFCCARTESIANPOINT((7077.0364729501225,8533.0354060546124,1318.6099999999935));
#5471=IFCAXIS2PLACEMENT3D(#5470,#35,#1290);
#5472=IFCLOCALPLACEMENT(#24,#5471);
#5473=IFCBUILDINGELEMENTPROXY('1kkNhPW5XF4BusAPV6zL3q',#6,'Tile:Tile 200x100x75 White 2:493337',$,$,#5472,#5469,'493337',$);
#5474=IFCPROPERTYSET('12jxQsH7k1wqi7uxSRRZXk',#6,'Pset_BuildingElementProxyCommon',$,(#226));
#5475=IFCPROPERTYSET('1whpTFjPZjOz3zKQLeDpuL',#6,'Pset_QuantityTakeOff',$,(#226));
#5476=IFCRELDEFINESBYPROPERTIES('0XSYSbjiHHlc3crg7CPrtc',#6,$,$,(#5473),#5474);
#5477=IFCRELDEFINESBYPROPERTIES('2LBiuMzCosrXvng6fPf7oW',#6,$,$,(#5473),#5475);
#5478=IFCMAPPEDITEM(#5223,#217);
#5479=IFCSHAPEREPRESENTATION(#15,'Body','MappedRepresentation',(#5478));
#5480=IFCPRODUCTDEFINITIONSHAPE($,$,(#5479));
#5481=IFCCARTESIANPOINT((7077.0364729501271,8533.0354060546124,1520.4099999999871));
#5482=IFCAXIS2PLACEMENT3D(#5481,#35,#1290);
#5483=IFCLOCALPLACEMENT(#24,#5482);
#5484=IFCBUILDINGELEMENTPROXY('1kkNhPW5XF4BusAPV6zL3t',#6,'Tile:Tile 200x100x75 White 2:493338',$,$,#5483,#5480,'493338',$);
#5485=IFCPROPERTYSET('01zLbGhYpDm3VdlHVttoHA',#6,'Pset_BuildingElementProxyCommon',$,(#226));
#5486=IFCPROPERTYSET('1yyJSfU_dZx04VXlsiys5w',#6,'Pset_QuantityTakeOff',$,(#226));
#5487=IFCRELDEFINESBYPROPERTIES('39ubN51T4UpKws1$g5XPJI',#6,$,$,(#5484),#5485);
#5488=IFCRELDEFINESBYPROPERTIES('3UFoU__aaJKT4ClgxTOVbi',#6,$,$,(#5484),#5486);
#5489=IFCMAPPEDITEM(#5223,#217);
#5490=IFCSHAPEREPRESENTATION(#15,'Body','MappedRepresentation',(#5489));
#5491=IFCPRODUCTDEFINITIONSHAPE($,$,(#5490));
#5492=IFCCARTESIANPOINT((7077.0364729501216,8533.0354060546124,1722.2099999999944));
#5493=IFCAXIS2PLACEMENT3D(#5492,#35,#1290);
#5494=IFCLOCALPLACEMENT(#24,#5493);
#5495=IFCBUILDINGELEMENTPROXY('1kkNhPW5XF4BusAPV6zL3s',#6,'Tile:Tile 200x100x75 White 2:493339',$,$,#5494,#5491,'493339',$);
#5496=IFCPROPERTYSET('1cjDNE8wsCyQFiwOZHeY6u',#6,'Pset_BuildingElementProxyCommon',$,(#226));
#5497=IFCPROPERTYSET('3zmgiPIfr6D1VOWKC9aUDh',#6,'Pset_QuantityTakeOff',$,(#226));
#5498=IFCRELDEFINESBYPROPERTIES('3tD50Zj1QOfltMSDGNIqqz',#6,$,$,(#5495),#5496);
#5499=IFCRELDEFINESBYPROPERTIES('0L_6nherhFi4s1hsEEVnKj',#6,$,$,(#5495),#5497);
#5500=IFCMAPPEDITEM(#5223,#217);
#5501=IFCSHAPEREPRESENTATION(#15,'Body','MappedRepresentation',(#5500));
#5502=IFCPRODUCTDEFINITIONSHAPE($,$,(#5501));
#5503=IFCCARTESIANPOINT((7077.0364729501225,8533.0354060546124,1924.010000000002));
#5504=IFCAXIS2PLACEMENT3D(#5503,#35,#1290);
#5505=IFCLOCALPLACEMENT(#24,#5504);
#5506=IFCBUILDINGELEMENTPROXY('1kkNhPW5XF4BusAPV6zL3n',#6,'Tile:Tile 200x100x75 White 2:493340',$,$,#5505,#5502,'493340',$);
#5507=IFCPROPERTYSET('1CGv4tOHLjY__TNS9wO_N_',#6,'Pset_BuildingElementProxyCommon',$,(#226));
#5508=IFCPROPERTYSET('2in1z40sXB34RAIQspCxSL',#6,'Pset_QuantityTakeOff',$,(#226));
#5509=IFCRELDEFINESBYPROPERTIES('2QNJusDDUSh1KbTAatR60A',#6,$,$,(#5506),#5507);
#5510=IFCRELDEFINESBYPROPERTIES('2CMFn3II5G6zT$rHUSVDDq',#6,$,$,(#5506),#5508);
#5511=IFCMAPPEDITEM(#5223,#217);
#5512=IFCSHAPEREPRESENTATION(#15,'Body','MappedRepresentation',(#5511));
#5513=IFCPRODUCTDEFINITIONSHAPE($,$,(#5512));
#5514=IFCCARTESIANPOINT((6360.236472950126,8533.035406054616,1217.7099999999882));
#5515=IFCAXIS2PLACEMENT3D(#5514,#35,#1290);
#5516=IFCLOCALPLACEMENT(#24,#5515);
#5517=IFCBUILDINGELEMENTPROXY('1kkNhPW5XF4BusAPV6zL3m',#6,'Tile:Tile 200x100x75 White 2:493341',$,$,#5516,#5513,'493341',$);
#5518=IFCPROPERTYSET('06Jje3oVNPUBQXB88ZG5px',#6,'Pset_BuildingElementProxyCommon',$,(#226));
#5519=IFCPROPERTYSET('2ZgN8ELRDtmIh5PULGOqLD',#6,'Pset_QuantityTakeOff',$,(#226));
#5520=IFCRELDEFINESBYPROPERTIES('1QkoT6OqAHLwOj7dFlXnwG',#6,$,$,(#5517),#5518);
#5521=IFCRELDEFINESBYPROPERTIES('0VwiHq3m$AjHk2GU4r6waz',#6,$,$,(#5517),#5519);
#5522=IFCMAPPEDITEM(#5223,#217);
#5523=IFCSHAPEREPRESENTATION(#15,'Body','MappedRepresentation',(#5522));
#5524=IFCPRODUCTDEFINITIONSHAPE($,$,(#5523));
#5525=IFCCARTESIANPOINT((6360.236472950126,8533.035406054616,1419.5099999999818));
#5526=IFCAXIS2PLACEMENT3D(#5525,#35,#1290);
#5527=IFCLOCALPLACEMENT(#24,#5526);
#5528=IFCBUILDINGELEMENTPROXY('1kkNhPW5XF4BusAPV6zL3p',#6,'Tile:Tile 200x100x75 White 2:493342',$,$,#5527,#5524,'493342',$);
#5529=IFCPROPERTYSET('2DLJkhEvYh6__7lCYRQ7G2',#6,'Pset_BuildingElementProxyCommon',$,(#226));
#5530=IFCPROPERTYSET('2IiLz4$T1F887gDfY1IWHg',#6,'Pset_QuantityTakeOff',$,(#226));
#5531=IFCRELDEFINESBYPROPERTIES('2h2LhU3xqSK$jD3pbqscAU',#6,$,$,(#5528),#5529);
#5532=IFCRELDEFINESBYPROPERTIES('2hWyJSo1GNWkIwOMrF4lrF',#6,$,$,(#5528),#5530);
#5533=IFCMAPPEDITEM(#5223,#217);
#5534=IFCSHAPEREPRESENTATION(#15,'Body','MappedRepresentation',(#5533));
#5535=IFCPRODUCTDEFINITIONSHAPE($,$,(#5534));
#5536=IFCCARTESIANPOINT((6360.2364729501269,8533.035406054616,1621.3099999999745));
#5537=IFCAXIS2PLACEMENT3D(#5536,#35,#1290);
#5538=IFCLOCALPLACEMENT(#24,#5537);
#5539=IFCBUILDINGELEMENTPROXY('1kkNhPW5XF4BusAPV6zL3o',#6,'Tile:Tile 200x100x75 White 2:493343',$,$,#5538,#5535,'493343',$);
#5540=IFCPROPERTYSET('2dCiCfoqkSVECPB600KtcZ',#6,'Pset_BuildingElementProxyCommon',$,(#226));
#5541=IFCPROPERTYSET('3tfVb3xGVdUqDjpGeQHgjX',#6,'Pset_QuantityTakeOff',$,(#226));
#5542=IFCRELDEFINESBYPROPERTIES('1KdTiZ2MCuZCbYs0y$5_kN',#6,$,$,(#5539),#5540);
#5543=IFCRELDEFINESBYPROPERTIES('1ZRBE4xmhfVniUxHY_doyI',#6,$,$,(#5539),#5541);
#5544=IFCMAPPEDITEM(#5223,#217);
#5545=IFCSHAPEREPRESENTATION(#15,'Body','MappedRepresentation',(#5544));
#5546=IFCPRODUCTDEFINITIONSHAPE($,$,(#5545));
#5547=IFCCARTESIANPOINT((6360.236472950126,8533.035406054616,1823.1099999999669));
#5548=IFCAXIS2PLACEMENT3D(#5547,#35,#1290);
#5549=IFCLOCALPLACEMENT(#24,#5548);
#5550=IFCBUILDINGELEMENTPROXY('1kkNhPW5XF4BusAPV6zL3D',#6,'Tile:Tile 200x100x75 White 2:493344',$,$,#5549,#5546,'493344',$);
#5551=IFCPROPERTYSET('3Kb2f8k8gzzwn567JP$DNL',#6,'Pset_BuildingElementProxyCommon',$,(#226));
#5552=IFCPROPERTYSET('3AbFbr1av_zum0mBYm3pjA',#6,'Pset_QuantityTakeOff',$,(#226));
#5553=IFCRELDEFINESBYPROPERTIES('2JMfIkbwkK1V9vuu7ZxBTN',#6,$,$,(#5550),#5551);
#5554=IFCRELDEFINESBYPROPERTIES('20oKvmgaaMCiaxpk8WiPH7',#6,$,$,(#5550),#5552);
#5555=IFCMAPPEDITEM(#5223,#217);
#5556=IFCSHAPEREPRESENTATION(#15,'Body','MappedRepresentation',(#5555));
#5557=IFCPRODUCTDEFINITIONSHAPE($,$,(#5556));
#5558=IFCCARTESIANPOINT((6565.0364729501271,8533.035406054616,1015.9100000000002));
#5559=IFCAXIS2PLACEMENT3D(#5558,#35,#1290);
#5560=IFCLOCALPLACEMENT(#24,#5559);
#5561=IFCBUILDINGELEMENTPROXY('1kkNhPW5XF4BusAPV6zL3C',#6,'Tile:Tile 200x100x75 White 2:493345',$,$,#5560,#5557,'493345',$);
#5562=IFCPROPERTYSET('0ZB9HZ7cGf$DvFUzvi_f$G',#6,'Pset_BuildingElementProxyCommon',$,(#226));
#5563=IFCPROPERTYSET('1bNygL8O_J8jeAWDfjZu$V',#6,'Pset_QuantityTakeOff',$,(#226));
#5564=IFCRELDEFINESBYPROPERTIES('2jA8Kzjyx83FnUGgNb3d1u',#6,$,$,(#5561),#5562);
#5565=IFCRELDEFINESBYPROPERTIES('1Xzy048Qdumxjtpocg3Bmi',#6,$,$,(#5561),#5563);
#5566=IFCMAPPEDITEM(#5223,#217);
#5567=IFCSHAPEREPRESENTATION(#15,'Body','MappedRepresentation',(#5566));
#5568=IFCPRODUCTDEFINITIONSHAPE($,$,(#5567));
#5569=IFCCARTESIANPOINT((6565.0364729501243,8533.035406054616,1217.7099999999882));
#5570=IFCAXIS2PLACEMENT3D(#5569,#35,#1290);
#5571=IFCLOCALPLACEMENT(#24,#5570);
#5572=IFCBUILDINGELEMENTPROXY('1kkNhPW5XF4BusAPV6zL3F',#6,'Tile:Tile 200x100x75 White 2:493346',$,$,#5571,#5568,'493346',$);
#5573=IFCPROPERTYSET('3ZAYCj7q9YmxSG5_30$zEI',#6,'Pset_BuildingElementProxyCommon',$,(#226));
#5574=IFCPROPERTYSET('3X849kV4BtCKObtoncjOun',#6,'Pset_QuantityTakeOff',$,(#226));
#5575=IFCRELDEFINESBYPROPERTIES('1HEzqG61Dn266UbCOs7Rfd',#6,$,$,(#5572),#5573);
#5576=IFCRELDEFINESBYPROPERTIES('0O0RqX9wDwCu_qiAVTI5I2',#6,$,$,(#5572),#5574);
#5577=IFCMAPPEDITEM(#5223,#217);
#5578=IFCSHAPEREPRESENTATION(#15,'Body','MappedRepresentation',(#5577));
#5579=IFCPRODUCTDEFINITIONSHAPE($,$,(#5578));
#5580=IFCCARTESIANPOINT((6565.0364729501252,8533.0354060546142,1419.5099999999809));
#5581=IFCAXIS2PLACEMENT3D(#5580,#35,#1290);
#5582=IFCLOCALPLACEMENT(#24,#5581);
#5583=IFCBUILDINGELEMENTPROXY('1kkNhPW5XF4BusAPV6zL3E',#6,'Tile:Tile 200x100x75 White 2:493347',$,$,#5582,#5579,'493347',$);
#5584=IFCPROPERTYSET('3c8rb5Zg0pXkRjuRz9Od0u',#6,'Pset_BuildingElementProxyCommon',$,(#226));
#5585=IFCPROPERTYSET('1KvvyGMK2ccXVGQJk3QtIs',#6,'Pset_QuantityTakeOff',$,(#226));
#5586=IFCRELDEFINESBYPROPERTIES('2XSbJ4yBrrja3xlDUqowJQ',#6,$,$,(#5583),#5584);
#5587=IFCRELDEFINESBYPROPERTIES('3yfO3XBKOz8WFFVxszz0K6',#6,$,$,(#5583),#5585);
#5588=IFCMAPPEDITEM(#5223,#217);
#5589=IFCSHAPEREPRESENTATION(#15,'Body','MappedRepresentation',(#5588));
#5590=IFCPRODUCTDEFINITIONSHAPE($,$,(#5589));
#5591=IFCCARTESIANPOINT((6565.036472950128,8533.035406054616,1621.3099999999745));
#5592=IFCAXIS2PLACEMENT3D(#5591,#35,#1290);
#5593=IFCLOCALPLACEMENT(#24,#5592);
#5594=IFCBUILDINGELEMENTPROXY('1kkNhPW5XF4BusAPV6zL39',#6,'Tile:Tile 200x100x75 White 2:493348',$,$,#5593,#5590,'493348',$);
#5595=IFCPROPERTYSET('2vFZtl9rEKxNFOFHIz0FJF',#6,'Pset_BuildingElementProxyCommon',$,(#226));
#5596=IFCPROPERTYSET('3wVnzGrGDmfhm0BaEvOs9p',#6,'Pset_QuantityTakeOff',$,(#226));
#5597=IFCRELDEFINESBYPROPERTIES('1PpL_HMiE_i1unFtK38Kuw',#6,$,$,(#5594),#5595);
#5598=IFCRELDEFINESBYPROPERTIES('1taK9jY_ZjSESw$Vipmw5a',#6,$,$,(#5594),#5596);
#5599=IFCMAPPEDITEM(#5223,#217);
#5600=IFCSHAPEREPRESENTATION(#15,'Body','MappedRepresentation',(#5599));
#5601=IFCPRODUCTDEFINITIONSHAPE($,$,(#5600));
#5602=IFCCARTESIANPOINT((6565.0364729501243,8533.035406054616,1823.1099999999681));
#5603=IFCAXIS2PLACEMENT3D(#5602,#35,#1290);
#5604=IFCLOCALPLACEMENT(#24,#5603);
#5605=IFCBUILDINGELEMENTPROXY('1kkNhPW5XF4BusAPV6zL38',#6,'Tile:Tile 200x100x75 White 2:493349',$,$,#5604,#5601,'493349',$);
#5606=IFCPROPERTYSET('2xL$GLFGCZXTFaj6t0yYyR',#6,'Pset_BuildingElementProxyCommon',$,(#226));
#5607=IFCPROPERTYSET('0rnnQ8c$kZY1Phr97oUAQT',#6,'Pset_QuantityTakeOff',$,(#226));
#5608=IFCRELDEFINESBYPROPERTIES('0UOmbdsUstMAmfPr7PE_Xm',#6,$,$,(#5605),#5606);
#5609=IFCRELDEFINESBYPROPERTIES('3RowFSGAfTC4LFLw68fJ4q',#6,$,$,(#5605),#5607);
#5610=IFCMAPPEDITEM(#5223,#217);
#5611=IFCSHAPEREPRESENTATION(#15,'Body','MappedRepresentation',(#5610));
#5612=IFCPRODUCTDEFINITIONSHAPE($,$,(#5611));
#5613=IFCCARTESIANPOINT((6769.8364729501254,8533.0354060546124,1015.9099999999995));
#5614=IFCAXIS2PLACEMENT3D(#5613,#35,#1290);
#5615=IFCLOCALPLACEMENT(#24,#5614);
#5616=IFCBUILDINGELEMENTPROXY('1kkNhPW5XF4BusAPV6zL3B',#6,'Tile:Tile 200x100x75 White 2:493350',$,$,#5615,#5612,'493350',$);
#5617=IFCPROPERTYSET('20bz9VjMTPWLY1y6AXz67w',#6,'Pset_BuildingElementProxyCommon',$,(#226));
#5618=IFCPROPERTYSET('3KN7wfCH1sWC3U9JzF0T8S',#6,'Pset_QuantityTakeOff',$,(#226));
#5619=IFCRELDEFINESBYPROPERTIES('0ryICM1ADpWNYAih_0xuyH',#6,$,$,(#5616),#5617);
#5620=IFCRELDEFINESBYPROPERTIES('00hfesd5jcGNgVPlEUfvaA',#6,$,$,(#5616),#5618);
#5621=IFCMAPPEDITEM(#5223,#217);
#5622=IFCSHAPEREPRESENTATION(#15,'Body','MappedRepresentation',(#5621));
#5623=IFCPRODUCTDEFINITIONSHAPE($,$,(#5622));
#5624=IFCCARTESIANPOINT((6769.8364729501254,8533.0354060546142,1217.7099999999889));
#5625=IFCAXIS2PLACEMENT3D(#5624,#35,#1290);
#5626=IFCLOCALPLACEMENT(#24,#5625);
#5627=IFCBUILDINGELEMENTPROXY('1kkNhPW5XF4BusAPV6zL3A',#6,'Tile:Tile 200x100x75 White 2:493351',$,$,#5626,#5623,'493351',$);
#5628=IFCPROPERTYSET('12zPZFPP6_IHqwb8hauzND',#6,'Pset_BuildingElementProxyCommon',$,(#226));
#5629=IFCPROPERTYSET('1dZSYeG9pMkWsnBBFDGz$6',#6,'Pset_QuantityTakeOff',$,(#226));
#5630=IFCRELDEFINESBYPROPERTIES('3u3V1zj$Yiu5P$kJd8YM9L',#6,$,$,(#5627),#5628);
#5631=IFCRELDEFINESBYPROPERTIES('2edxDSyBHbkhidKtZTi4QP',#6,$,$,(#5627),#5629);
#5632=IFCMAPPEDITEM(#5223,#217);
#5633=IFCSHAPEREPRESENTATION(#15,'Body','MappedRepresentation',(#5632));
#5634=IFCPRODUCTDEFINITIONSHAPE($,$,(#5633));
#5635=IFCCARTESIANPOINT((6769.8364729501254,8533.0354060546142,1419.5099999999818));
#5636=IFCAXIS2PLACEMENT3D(#5635,#35,#1290);
#5637=IFCLOCALPLACEMENT(#24,#5636);
#5638=IFCBUILDINGELEMENTPROXY('1kkNhPW5XF4BusAPV6zL35',#6,'Tile:Tile 200x100x75 White 2:493352',$,$,#5637,#5634,'493352',$);
#5639=IFCPROPERTYSET('0DyPhBGXNz85MZHYUk$itl',#6,'Pset_BuildingElementProxyCommon',$,(#226));
#5640=IFCPROPERTYSET('2nBRBd1_oFLhc0nkZ7ecNA',#6,'Pset_QuantityTakeOff',$,(#226));
#5641=IFCRELDEFINESBYPROPERTIES('2b2m3wNXX0rfHovf60gXqf',#6,$,$,(#5638),#5639);
#5642=IFCRELDEFINESBYPROPERTIES('1oxEThLgPOhx6O2o5fCAu2',#6,$,$,(#5638),#5640);
#5643=IFCMAPPEDITEM(#5223,#217);
#5644=IFCSHAPEREPRESENTATION(#15,'Body','MappedRepresentation',(#5643));
#5645=IFCPRODUCTDEFINITIONSHAPE($,$,(#5644));
#5646=IFCCARTESIANPOINT((6769.8364729501263,8533.0354060546142,1621.3099999999747));
#5647=IFCAXIS2PLACEMENT3D(#5646,#35,#1290);
#5648=IFCLOCALPLACEMENT(#24,#5647);
#5649=IFCBUILDINGELEMENTPROXY('1kkNhPW5XF4BusAPV6zL34',#6,'Tile:Tile 200x100x75 White 2:493353',$,$,#5648,#5645,'493353',$);
#5650=IFCPROPERTYSET('1I1AoV0p5TsTzwmkQKuuBC',#6,'Pset_BuildingElementProxyCommon',$,(#226));
#5651=IFCPROPERTYSET('0vvgIxdBmfMUNMpHKFON3Z',#6,'Pset_QuantityTakeOff',$,(#226));
#5652=IFCRELDEFINESBYPROPERTIES('1ebsBJvKC2ck9h8PLqgf$W',#6,$,$,(#5649),#5650);
#5653=IFCRELDEFINESBYPROPERTIES('3eSEemiQaVlgfJV5s3XENY',#6,$,$,(#5649),#5651);
#5654=IFCMAPPEDITEM(#5223,#217);
#5655=IFCSHAPEREPRESENTATION(#15,'Body','MappedRepresentation',(#5654));
#5656=IFCPRODUCTDEFINITIONSHAPE($,$,(#5655));
#5657=IFCCARTESIANPOINT((6769.8364729501254,8533.0354060546142,1823.1099999999669));
#5658=IFCAXIS2PLACEMENT3D(#5657,#35,#1290);
#5659=IFCLOCALPLACEMENT(#24,#5658);
#5660=IFCBUILDINGELEMENTPROXY('1kkNhPW5XF4BusAPV6zL37',#6,'Tile:Tile 200x100x75 White 2:493354',$,$,#5659,#5656,'493354',$);
#5661=IFCPROPERTYSET('1O95rBT9ECZWikf$UlzlZF',#6,'Pset_BuildingElementProxyCommon',$,(#226));
#5662=IFCPROPERTYSET('1wOV1mj1hBn3sZQFXyim0z',#6,'Pset_QuantityTakeOff',$,(#226));
#5663=IFCRELDEFINESBYPROPERTIES('3w9pDvuJNnmyFbXtAYzH4X',#6,$,$,(#5660),#5661);
#5664=IFCRELDEFINESBYPROPERTIES('2fMJ79QgomQ0xGHt2c8PAD',#6,$,$,(#5660),#5662);
#5665=IFCMAPPEDITEM(#5223,#217);
#5666=IFCSHAPEREPRESENTATION(#15,'Body','MappedRepresentation',(#5665));
#5667=IFCPRODUCTDEFINITIONSHAPE($,$,(#5666));
#5668=IFCCARTESIANPOINT((6974.6364729501238,8533.0354060546124,1015.9099999999981));
#5669=IFCAXIS2PLACEMENT3D(#5668,#35,#1290);
#5670=IFCLOCALPLACEMENT(#24,#5669);
#5671=IFCBUILDINGELEMENTPROXY('1kkNhPW5XF4BusAPV6zL36',#6,'Tile:Tile 200x100x75 White 2:493355',$,$,#5670,#5667,'493355',$);
#5672=IFCPROPERTYSET('0RsqwJBiAhUhqvDdPBHJAB',#6,'Pset_BuildingElementProxyCommon',$,(#226));
#5673=IFCPROPERTYSET('0gzNvTW0n$aVHVnItAQQ2$',#6,'Pset_QuantityTakeOff',$,(#226));
#5674=IFCRELDEFINESBYPROPERTIES('0H1suAXp_QxW82z2NmOlQN',#6,$,$,(#5671),#5672);
#5675=IFCRELDEFINESBYPROPERTIES('3veDhDrYAtZKS8x_hci08n',#6,$,$,(#5671),#5673);
#5676=IFCMAPPEDITEM(#5223,#217);
#5677=IFCSHAPEREPRESENTATION(#15,'Body','MappedRepresentation',(#5676));
#5678=IFCPRODUCTDEFINITIONSHAPE($,$,(#5677));
#5679=IFCCARTESIANPOINT((6974.6364729501229,8533.0354060546124,1217.709999999988));
#5680=IFCAXIS2PLACEMENT3D(#5679,#35,#1290);
#5681=IFCLOCALPLACEMENT(#24,#5680);
#5682=IFCBUILDINGELEMENTPROXY('1kkNhPW5XF4BusAPV6zL31',#6,'Tile:Tile 200x100x75 White 2:493356',$,$,#5681,#5678,'493356',$);
#5683=IFCPROPERTYSET('1B0auRHhMs6$sFz9M$vtN7',#6,'Pset_BuildingElementProxyCommon',$,(#226));
#5684=IFCPROPERTYSET('1CsnLPUOn5UHtKFgyKcR3b',#6,'Pset_QuantityTakeOff',$,(#226));
#5685=IFCRELDEFINESBYPROPERTIES('2$_xae3XPBXsTh9o2Xj6Oi',#6,$,$,(#5682),#5683);
#5686=IFCRELDEFINESBYPROPERTIES('2naCj8eqMlbY5Apm4Zjgjm',#6,$,$,(#5682),#5684);
#5687=IFCMAPPEDITEM(#5223,#217);
#5688=IFCSHAPEREPRESENTATION(#15,'Body','MappedRepresentation',(#5687));
#5689=IFCPRODUCTDEFINITIONSHAPE($,$,(#5688));
#5690=IFCCARTESIANPOINT((6974.6364729501229,8533.0354060546142,1419.5099999999791));
#5691=IFCAXIS2PLACEMENT3D(#5690,#35,#1290);
#5692=IFCLOCALPLACEMENT(#24,#5691);
#5693=IFCBUILDINGELEMENTPROXY('1kkNhPW5XF4BusAPV6zL30',#6,'Tile:Tile 200x100x75 White 2:493357',$,$,#5692,#5689,'493357',$);
#5694=IFCPROPERTYSET('3tJSwFMTdbPXYy_le3gz2$',#6,'Pset_BuildingElementProxyCommon',$,(#226));
#5695=IFCPROPERTYSET('213KiowKewj2p7hARRz7sS',#6,'Pset_QuantityTakeOff',$,(#226));
#5696=IFCRELDEFINESBYPROPERTIES('3w7QAfJ8bU12uSoVtN6mGa',#6,$,$,(#5693),#5694);
#5697=IFCRELDEFINESBYPROPERTIES('1l48PG2UxtUfsvnzjQln1w',#6,$,$,(#5693),#5695);
#5698=IFCMAPPEDITEM(#5223,#217);
#5699=IFCSHAPEREPRESENTATION(#15,'Body','MappedRepresentation',(#5698));
#5700=IFCPRODUCTDEFINITIONSHAPE($,$,(#5699));
#5701=IFCCARTESIANPOINT((6974.6364729501238,8533.0354060546124,1621.3099999999743));
#5702=IFCAXIS2PLACEMENT3D(#5701,#35,#1290);
#5703=IFCLOCALPLACEMENT(#24,#5702);
#5704=IFCBUILDINGELEMENTPROXY('1kkNhPW5XF4BusAPV6zL33',#6,'Tile:Tile 200x100x75 White 2:493358',$,$,#5703,#5700,'493358',$);
#5705=IFCPROPERTYSET('0CHv0JaCbLBFNxnLZsgQCo',#6,'Pset_BuildingElementProxyCommon',$,(#226));
#5706=IFCPROPERTYSET('2lr_UEfcLgJFzPZxqy8FDB',#6,'Pset_QuantityTakeOff',$,(#226));
#5707=IFCRELDEFINESBYPROPERTIES('1RcL6t7zkIWGnD7C7ebXRW',#6,$,$,(#5704),#5705);
#5708=IFCRELDEFINESBYPROPERTIES('30AFZn_Sf8dcyr$gUNoM22',#6,$,$,(#5704),#5706);
#5709=IFCMAPPEDITEM(#5223,#217);
#5710=IFCSHAPEREPRESENTATION(#15,'Body','MappedRepresentation',(#5709));
#5711=IFCPRODUCTDEFINITIONSHAPE($,$,(#5710));
#5712=IFCCARTESIANPOINT((6974.6364729501238,8533.0354060546124,1823.1099999999649));
#5713=IFCAXIS2PLACEMENT3D(#5712,#35,#1290);
#5714=IFCLOCALPLACEMENT(#24,#5713);
#5715=IFCBUILDINGELEMENTPROXY('1kkNhPW5XF4BusAPV6zL32',#6,'Tile:Tile 200x100x75 White 2:493359',$,$,#5714,#5711,'493359',$);
#5716=IFCPROPERTYSET('0_37n_dfRzwtk7NZ5FApLH',#6,'Pset_BuildingElementProxyCommon',$,(#226));
#5717=IFCPROPERTYSET('1f5Si2L0TtSA1g0KFA4K$0',#6,'Pset_QuantityTakeOff',$,(#226));
#5718=IFCRELDEFINESBYPROPERTIES('0dM75CUjoFS0DGy_tKI8o5',#6,$,$,(#5715),#5716);
#5719=IFCRELDEFINESBYPROPERTIES('3PPB_OMBjUwy1Xs86DQct5',#6,$,$,(#5715),#5717);
#5720=IFCCARTESIANPOINT((-160.67999999999711,-148.20000000002261));
#5721=IFCCARTESIANPOINT((38.919999999995433,-148.20000000002261));
#5722=IFCCARTESIANPOINT((38.919999999995433,-46.200000000016566));
#5723=IFCCARTESIANPOINT((140.4199999999951,-46.200000000016566));
#5724=IFCCARTESIANPOINT((140.41999999999481,187.59999999998658));
#5725=IFCCARTESIANPOINT((41.120000000002513,187.59999999998658));
#5726=IFCCARTESIANPOINT((41.120000000002513,54.600000000025489));
#5727=IFCCARTESIANPOINT((-59.779999999997294,54.600000000025489));
#5728=IFCCARTESIANPOINT((-59.779999999997294,-47.799999999979384));
#5729=IFCCARTESIANPOINT((-160.67999999999711,-47.799999999979384));
#5730=IFCPOLYLINE((#5720,#5721,#5722,#5723,#5724,#5725,#5726,#5727,#5728,#5729,#5720));
#5731=IFCARBITRARYCLOSEDPROFILEDEF(.AREA.,'Tile 350x Red',#5730);
#5732=IFCCARTESIANPOINT((5464.6364729501229,8526.0354060546197,1359.9299999999914));
#5733=IFCAXIS2PLACEMENT3D(#5732,#1707,#1525);
#5734=IFCEXTRUDEDAREASOLID(#5731,#5733,#34,6.9999999999973257);
#5735=IFCSTYLEDITEM(#5734,(#823),$);
#5736=IFCSHAPEREPRESENTATION(#15,'Body','SweptSolid',(#5734));
#5737=IFCAXIS2PLACEMENT3D(#10,$,$);
#5738=IFCREPRESENTATIONMAP(#5737,#5736);
#5739=IFCBUILDINGELEMENTPROXYTYPE('1kkNhPW5XF4BusAPV6zL2i',#6,'Tile 350x Red10:Tile 350x Red',$,$,$,(#5738),'493377',$,.NOTDEFINED.);
#5740=IFCMAPPEDITEM(#5738,#217);
#5741=IFCSHAPEREPRESENTATION(#15,'Body','MappedRepresentation',(#5740));
#5742=IFCPRODUCTDEFINITIONSHAPE($,$,(#5741));
#5743=IFCAXIS2PLACEMENT3D(#10,$,$);
#5744=IFCLOCALPLACEMENT(#24,#5743);
#5745=IFCBUILDINGELEMENTPROXY('1kkNhPW5XF4BusAPV6zL2k',#6,'Tile 350x Red10:Tile 350x Red:493379',$,$,#5744,#5742,'493379',$);
#5746=IFCPROPERTYSET('1bShZvl024qcEVm$LTdlpt',#6,'Pset_BuildingElementProxyCommon',$,(#2754));
#5747=IFCPROPERTYSET('3kg03Tj8n2LCSx5BmU403n',#6,'Pset_QuantityTakeOff',$,(#2754));
#5748=IFCRELDEFINESBYPROPERTIES('3BqHKCfUj_PJIk6xYEK4Kh',#6,$,$,(#5745),#5746);
#5749=IFCRELDEFINESBYPROPERTIES('3ZArFTx$Orut0g3VFeocNi',#6,$,$,(#5745),#5747);
#5750=IFCMAPPEDITEM(#5090,#217);
#5751=IFCSHAPEREPRESENTATION(#15,'Body','MappedRepresentation',(#5750));
#5752=IFCPRODUCTDEFINITIONSHAPE($,$,(#5751));
#5753=IFCCARTESIANPOINT((5920.0164729501403,8533.0354060546179,1117.0100000000018));
#5754=IFCAXIS2PLACEMENT3D(#5753,#35,#1290);
#5755=IFCLOCALPLACEMENT(#24,#5754);
#5756=IFCBUILDINGELEMENTPROXY('1kkNhPW5XF4BusAPV6zL2f',#6,'Tile:Tile 200x100x75 White 2:493380',$,$,#5755,#5752,'493380',$);
#5757=IFCPROPERTYSET('3LbYUyUbiqiCOXccVYlaD1',#6,'Pset_BuildingElementProxyCommon',$,(#226));
#5758=IFCPROPERTYSET('3KKhdyl2uCaZi1oTpyFbnP',#6,'Pset_QuantityTakeOff',$,(#226));
#5759=IFCRELDEFINESBYPROPERTIES('1UPtLsmpmDLNWcPpqjc4kb',#6,$,$,(#5756),#5757);
#5760=IFCRELDEFINESBYPROPERTIES('0PpZVOJFMqmj0EwzqSmWzP',#6,$,$,(#5756),#5758);
#5761=IFCMAPPEDITEM(#5090,#217);
#5762=IFCSHAPEREPRESENTATION(#15,'Body','MappedRepresentation',(#5761));
#5763=IFCPRODUCTDEFINITIONSHAPE($,$,(#5762));
#5764=IFCCARTESIANPOINT((5612.8164729501341,8533.0354060546179,1319.0100000000029));
#5765=IFCAXIS2PLACEMENT3D(#5764,#35,#1290);
#5766=IFCLOCALPLACEMENT(#24,#5765);
#5767=IFCBUILDINGELEMENTPROXY('1kkNhPW5XF4BusAPV6zL2e',#6,'Tile:Tile 200x100x75 White 2:493381',$,$,#5766,#5763,'493381',$);
#5768=IFCPROPERTYSET('0d7JNNnuEaux86TldkcP3L',#6,'Pset_BuildingElementProxyCommon',$,(#226));
#5769=IFCPROPERTYSET('3zfCTzb_3ObNsVZf5yD1fE',#6,'Pset_QuantityTakeOff',$,(#226));
#5770=IFCRELDEFINESBYPROPERTIES('0q3Vs5EM1gaorqV2x1nzt7',#6,$,$,(#5767),#5768);
#5771=IFCRELDEFINESBYPROPERTIES('0Wv1Sv0pxOPg3U1JSV9OHn',#6,$,$,(#5767),#5769);
#5772=IFCMAPPEDITEM(#5090,#217);
#5773=IFCSHAPEREPRESENTATION(#15,'Body','MappedRepresentation',(#5772));
#5774=IFCPRODUCTDEFINITIONSHAPE($,$,(#5773));
#5775=IFCCARTESIANPOINT((5920.0164729501412,8533.035406054616,1319.0100000000011));
#5776=IFCAXIS2PLACEMENT3D(#5775,#35,#1290);
#5777=IFCLOCALPLACEMENT(#24,#5776);
#5778=IFCBUILDINGELEMENTPROXY('1kkNhPW5XF4BusAPV6zL2h',#6,'Tile:Tile 200x100x75 White 2:493382',$,$,#5777,#5774,'493382',$);
#5779=IFCPROPERTYSET('22atPab1PUPka3Xb3j1hQp',#6,'Pset_BuildingElementProxyCommon',$,(#226));
#5780=IFCPROPERTYSET('1e74r1zMTqecVFNvnLTnil',#6,'Pset_QuantityTakeOff',$,(#226));
#5781=IFCRELDEFINESBYPROPERTIES('33uU6TdMTotkzKla6Ic_$5',#6,$,$,(#5778),#5779);
#5782=IFCRELDEFINESBYPROPERTIES('29Z9RvH0_w__bsGGBW9fTx',#6,$,$,(#5778),#5780);
#5783=IFCCARTESIANPOINT((-166.89999999999074,-189.75333333333373));
#5784=IFCCARTESIANPOINT((134.19999999999521,-189.75333333333373));
#5785=IFCCARTESIANPOINT((134.19999999999547,43.68666666665262));
#5786=IFCCARTESIANPOINT((32.699999999996088,43.68666666665262));
#5787=IFCCARTESIANPOINT((32.699999999995818,146.06666666668002));
#5788=IFCCARTESIANPOINT((-166.89999999999074,146.06666666668002));
#5789=IFCPOLYLINE((#5783,#5784,#5785,#5786,#5787,#5788,#5783));
#5790=IFCARBITRARYCLOSEDPROFILEDEF(.AREA.,'Tile 350x Red',#5789);
#5791=IFCCARTESIANPOINT((5965.7031396168031,8526.0354060546179,1353.7099999999896));
#5792=IFCAXIS2PLACEMENT3D(#5791,#1707,#1525);
#5793=IFCEXTRUDEDAREASOLID(#5790,#5792,#34,6.9999999999984084);
#5794=IFCSTYLEDITEM(#5793,(#823),$);
#5795=IFCSHAPEREPRESENTATION(#15,'Body','SweptSolid',(#5793));
#5796=IFCAXIS2PLACEMENT3D(#10,$,$);
#5797=IFCREPRESENTATIONMAP(#5796,#5795);
#5798=IFCBUILDINGELEMENTPROXYTYPE('1kkNhPW5XF4BusAPV6zL2Z',#6,'Tile 350x Red11:Tile 350x Red',$,$,$,(#5797),'493390',$,.NOTDEFINED.);
#5799=IFCMAPPEDITEM(#5797,#217);
#5800=IFCSHAPEREPRESENTATION(#15,'Body','MappedRepresentation',(#5799));
#5801=IFCPRODUCTDEFINITIONSHAPE($,$,(#5800));
#5802=IFCAXIS2PLACEMENT3D(#10,$,$);
#5803=IFCLOCALPLACEMENT(#24,#5802);
#5804=IFCBUILDINGELEMENTPROXY('1kkNhPW5XF4BusAPV6zL2z',#6,'Tile 350x Red11:Tile 350x Red:493392',$,$,#5803,#5801,'493392',$);
#5805=IFCPROPERTYSET('2pkJL2rJazX4Uw0cn3sVg6',#6,'Pset_BuildingElementProxyCommon',$,(#2754));
#5806=IFCPROPERTYSET('0p_O0Ysh2U5k3KoYGO1ZWf',#6,'Pset_QuantityTakeOff',$,(#2754));
#5807=IFCRELDEFINESBYPROPERTIES('0mQoDU1FsfhsZv7h0Q1BO5',#6,$,$,(#5804),#5805);
#5808=IFCRELDEFINESBYPROPERTIES('2vZsvPZZjPn5ZnFOrYUPQ0',#6,$,$,(#5804),#5806);
#5809=IFCCARTESIANPOINT((-175.02499999999623,-135.16999999998791));
#5810=IFCCARTESIANPOINT((-76.125000000004079,-135.16999999998791));
#5811=IFCCARTESIANPOINT((-76.125000000004619,-32.750000000008797));
#5812=IFCCARTESIANPOINT((24.774999999995181,-32.750000000007716));
#5813=IFCCARTESIANPOINT((24.774999999994638,69.649999999998244));
#5814=IFCCARTESIANPOINT((226.3750000000062,69.649999999999324));
#5815=IFCCARTESIANPOINT((226.3750000000062,98.269999999998447));
#5816=IFCCARTESIANPOINT((-175.02499999999623,98.269999999998447));
#5817=IFCPOLYLINE((#5809,#5810,#5811,#5812,#5813,#5814,#5815,#5816,#5809));
#5818=IFCARBITRARYCLOSEDPROFILEDEF(.AREA.,'Tile 350x Red',#5817);
#5819=IFCCARTESIANPOINT((6057.1864729501385,8526.0354060546179,1697.6349999999832));
#5820=IFCAXIS2PLACEMENT3D(#5819,#1707,#34);
#5821=IFCEXTRUDEDAREASOLID(#5818,#5820,#34,6.9999999999994911);
#5822=IFCSTYLEDITEM(#5821,(#823),$);
#5823=IFCSHAPEREPRESENTATION(#15,'Body','SweptSolid',(#5821));
#5824=IFCAXIS2PLACEMENT3D(#10,$,$);
#5825=IFCREPRESENTATIONMAP(#5824,#5823);
#5826=IFCBUILDINGELEMENTPROXYTYPE('1kkNhPW5XF4BusAPV6zL2p',#6,'Tile 350x Red12:Tile 350x Red',$,$,$,(#5825),'493406',$,.NOTDEFINED.);
#5827=IFCMAPPEDITEM(#5825,#217);
#5828=IFCSHAPEREPRESENTATION(#15,'Body','MappedRepresentation',(#5827));
#5829=IFCPRODUCTDEFINITIONSHAPE($,$,(#5828));
#5830=IFCAXIS2PLACEMENT3D(#10,$,$);
#5831=IFCLOCALPLACEMENT(#24,#5830);
#5832=IFCBUILDINGELEMENTPROXY('1kkNhPW5XF4BusAPV6zL2D',#6,'Tile 350x Red12:Tile 350x Red:493408',$,$,#5831,#5829,'493408',$);
#5833=IFCPROPERTYSET('08$QlspbLxsUuAlLjwkha8',#6,'Pset_BuildingElementProxyCommon',$,(#2754));
#5834=IFCPROPERTYSET('0AbEcRJ70BJ8zVtzKbRTYB',#6,'Pset_QuantityTakeOff',$,(#2754));
#5835=IFCRELDEFINESBYPROPERTIES('0JwPNdUw5NjvPgWEZWYarn',#6,$,$,(#5832),#5833);
#5836=IFCRELDEFINESBYPROPERTIES('1Z_E47h1YxagQVEfaosVWQ',#6,$,$,(#5832),#5834);
#5837=IFCCARTESIANPOINT((0.,0.));
#5838=IFCAXIS2PLACEMENT2D(#5837,#193);
#5839=IFCRECTANGLEPROFILEDEF(.AREA.,'Tile 200x100x75 White',#5838,99.000000000000071,100.40000000000001);
#5840=IFCCARTESIANPOINT((-50.199999999993743,-49.500000000008455,-0.));
#5841=IFCAXIS2PLACEMENT3D(#5840,#34,#35);
#5842=IFCEXTRUDEDAREASOLID(#5839,#5841,#34,6.9999999999999973);
#5843=IFCSTYLEDITEM(#5842,(#206),$);
#5844=IFCSHAPEREPRESENTATION(#15,'Body','SweptSolid',(#5842));
#5845=IFCAXIS2PLACEMENT3D(#10,$,$);
#5846=IFCREPRESENTATIONMAP(#5845,#5844);
#5847=IFCBUILDINGELEMENTPROXYTYPE('0qyAVvJzHBtx7qBAcZyof6',#6,'Tile:Tile 200x100x75 White',$,$,$,(#5846),'428000',$,.NOTDEFINED.);
#5848=IFCMAPPEDITEM(#5846,#217);
#5849=IFCSHAPEREPRESENTATION(#15,'Body','MappedRepresentation',(#5848));
#5850=IFCPRODUCTDEFINITIONSHAPE($,$,(#5849));
#5851=IFCCARTESIANPOINT((5715.236472950095,8533.0354060546179,1722.4099999999851));
#5852=IFCAXIS2PLACEMENT3D(#5851,#35,#1290);
#5853=IFCLOCALPLACEMENT(#24,#5852);
#5854=IFCBUILDINGELEMENTPROXY('1kkNhPW5XF4BusAPV6zL24',#6,'Tile:Tile 200x100x75 White:493417',$,$,#5853,#5850,'493417',$);
#5855=IFCPROPERTYSET('2w_ECDWM1rNQuWHWZ8iM8d',#6,'Pset_BuildingElementProxyCommon',$,(#5121));
#5856=IFCPROPERTYSET('0Y1tPomSB7BRvc1lFa9m5S',#6,'Pset_QuantityTakeOff',$,(#5121));
#5857=IFCRELDEFINESBYPROPERTIES('1F7E98UXot4H2iuyt4cff0',#6,$,$,(#5854),#5855);
#5858=IFCRELDEFINESBYPROPERTIES('2eI19hXiqxUtWK$yVN2hSD',#6,$,$,(#5854),#5856);
#5859=IFCMAPPEDITEM(#5846,#217);
#5860=IFCSHAPEREPRESENTATION(#15,'Body','MappedRepresentation',(#5859));
#5861=IFCPRODUCTDEFINITIONSHAPE($,$,(#5860));
#5862=IFCCARTESIANPOINT((5817.6364729501001,8533.0354060546179,1722.5099999999941));
#5863=IFCAXIS2PLACEMENT3D(#5862,#35,#1290);
#5864=IFCLOCALPLACEMENT(#24,#5863);
#5865=IFCBUILDINGELEMENTPROXY('1kkNhPW5XF4BusAPV6zL27',#6,'Tile:Tile 200x100x75 White:493418',$,$,#5864,#5861,'493418',$);
#5866=IFCPROPERTYSET('0E61KGh7Bc1fBOMTxi71XA',#6,'Pset_BuildingElementProxyCommon',$,(#5121));
#5867=IFCPROPERTYSET('2g77ZtSbd2EMtninWqYfrh',#6,'Pset_QuantityTakeOff',$,(#5121));
#5868=IFCRELDEFINESBYPROPERTIES('3vDlOs6FQV1MuPoNM6kqTS',#6,$,$,(#5865),#5866);
#5869=IFCRELDEFINESBYPROPERTIES('0FDyl0_ARgZ0Afw6TozEqG',#6,$,$,(#5865),#5867);
#5870=IFCCARTESIANPOINT((-99.437000973701828,-24.674999999980855));
#5871=IFCCARTESIANPOINT((99.437000973675836,-24.674999999980855));
#5872=IFCCARTESIANPOINT((51.,24.674999999980855));
#5873=IFCCARTESIANPOINT((-51.,24.674999999980855));
#5874=IFCPOLYLINE((#5870,#5871,#5872,#5873,#5870));
#5875=IFCARBITRARYCLOSEDPROFILEDEF(.AREA.,'Tile 350x Red',#5874);
#5876=IFCCARTESIANPOINT((5716.236472950095,8526.0354060546179,1798.7349999999692));
#5877=IFCAXIS2PLACEMENT3D(#5876,#1707,#1290);
#5878=IFCEXTRUDEDAREASOLID(#5875,#5877,#34,6.9999999999984084);
#5879=IFCSTYLEDITEM(#5878,(#206),$);
#5880=IFCSHAPEREPRESENTATION(#15,'Body','SweptSolid',(#5878));
#5881=IFCAXIS2PLACEMENT3D(#10,$,$);
#5882=IFCREPRESENTATIONMAP(#5881,#5880);
#5883=IFCBUILDINGELEMENTPROXYTYPE('1kkNhPW5XF4BusAPV6zL2V',#6,'Tile 350x Red13:Tile 350x Red',$,$,$,(#5882),'493426',$,.NOTDEFINED.);
#5884=IFCMAPPEDITEM(#5882,#217);
#5885=IFCSHAPEREPRESENTATION(#15,'Body','MappedRepresentation',(#5884));
#5886=IFCPRODUCTDEFINITIONSHAPE($,$,(#5885));
#5887=IFCAXIS2PLACEMENT3D(#10,$,$);
#5888=IFCLOCALPLACEMENT(#24,#5887);
#5889=IFCBUILDINGELEMENTPROXY('1kkNhPW5XF4BusAPV6zL2P',#6,'Tile 350x Red13:Tile 350x Red:493428',$,$,#5888,#5886,'493428',$);
#5890=IFCPROPERTYSET('35FlkiuSca1N0mD61oM4wX',#6,'Pset_BuildingElementProxyCommon',$,(#2754));
#5891=IFCPROPERTYSET('3VD6PeGxHRkVSw7tji6AqO',#6,'Pset_QuantityTakeOff',$,(#2754));
#5892=IFCRELDEFINESBYPROPERTIES('2l9StwFaHqzhlHLt43x5rR',#6,$,$,(#5889),#5890);
#5893=IFCRELDEFINESBYPROPERTIES('1UEVQb41l8sAt5Cfy8lTPE',#6,$,$,(#5889),#5891);
#5894=IFCCARTESIANPOINT((0.,0.));
#5895=IFCAXIS2PLACEMENT2D(#5894,#193);
#5896=IFCRECTANGLEPROFILEDEF(.AREA.,'Tile 200x100x75 White',#5895,98.600000000000023,100.40000000000001);
#5897=IFCCARTESIANPOINT((-50.199999999993743,-49.300000000008438,-0.));
#5898=IFCAXIS2PLACEMENT3D(#5897,#34,#35);
#5899=IFCEXTRUDEDAREASOLID(#5896,#5898,#34,6.9999999999999973);
#5900=IFCSTYLEDITEM(#5899,(#206),$);
#5901=IFCSHAPEREPRESENTATION(#15,'Body','SweptSolid',(#5899));
#5902=IFCAXIS2PLACEMENT3D(#10,$,$);
#5903=IFCREPRESENTATIONMAP(#5902,#5901);
#5904=IFCBUILDINGELEMENTPROXYTYPE('1MH_t$ZbL18A53iTg7iWrc',#6,'Tile:Tile 200x100x75 White',$,$,$,(#5903),'428000',$,.NOTDEFINED.);
#5905=IFCMAPPEDITEM(#5903,#217);
#5906=IFCSHAPEREPRESENTATION(#15,'Body','MappedRepresentation',(#5905));
#5907=IFCPRODUCTDEFINITIONSHAPE($,$,(#5906));
#5908=IFCCARTESIANPOINT((5715.236472950095,8533.0354060546179,1924.0100000000036));
#5909=IFCAXIS2PLACEMENT3D(#5908,#35,#1290);
#5910=IFCLOCALPLACEMENT(#24,#5909);
#5911=IFCBUILDINGELEMENTPROXY('1kkNhPW5XF4BusAPV6zL2K',#6,'Tile:Tile 200x100x75 White:493433',$,$,#5910,#5907,'493433',$);
#5912=IFCPROPERTYSET('1ZOwOLgLqG5yg9hLPVF83U',#6,'Pset_BuildingElementProxyCommon',$,(#5121));
#5913=IFCPROPERTYSET('0vsJy9o8ZAaQuWOSbnORA7',#6,'Pset_QuantityTakeOff',$,(#5121));
#5914=IFCRELDEFINESBYPROPERTIES('0M8dQa4_$2Ng43s4uqaLTE',#6,$,$,(#5911),#5912);
#5915=IFCRELDEFINESBYPROPERTIES('0pJmOihxtd42A9sw$_iPw4',#6,$,$,(#5911),#5913);
#5916=IFCMAPPEDITEM(#5903,#217);
#5917=IFCSHAPEREPRESENTATION(#15,'Body','MappedRepresentation',(#5916));
#5918=IFCPRODUCTDEFINITIONSHAPE($,$,(#5917));
#5919=IFCCARTESIANPOINT((5817.6364729501001,8533.0354060546179,1924.0100000000036));
#5920=IFCAXIS2PLACEMENT3D(#5919,#35,#1290);
#5921=IFCLOCALPLACEMENT(#24,#5920);
#5922=IFCBUILDINGELEMENTPROXY('1kkNhPW5XF4BusAPV6zL2N',#6,'Tile:Tile 200x100x75 White:493434',$,$,#5921,#5918,'493434',$);
#5923=IFCPROPERTYSET('1Al6cHXUO97vOpernbI0Tn',#6,'Pset_BuildingElementProxyCommon',$,(#5121));
#5924=IFCPROPERTYSET('2wJVKyVReTQ7cTzWmua3Pi',#6,'Pset_QuantityTakeOff',$,(#5121));
#5925=IFCRELDEFINESBYPROPERTIES('0SC6mkt2$5E_4mAoPi7BUA',#6,$,$,(#5922),#5923);
#5926=IFCRELDEFINESBYPROPERTIES('3xy27pQJOihMIGQnOuR3IG',#6,$,$,(#5922),#5924);
#5927=IFCCARTESIANPOINT((-92.576396400406821,35.879636422053622));
#5928=IFCCARTESIANPOINT((-128.18807867001931,72.162570639214195));
#5929=IFCCARTESIANPOINT((-162.05208340867873,38.925066475082112));
#5930=IFCCARTESIANPOINT((-19.99590122773807,-105.80876199699105));
#5931=IFCCARTESIANPOINT((52.014174180697303,-35.130908042083071));
#5932=IFCCARTESIANPOINT((123.74273954227402,-108.21149993330437));
#5933=IFCCARTESIANPOINT((194.03998857826713,-39.214784229050267));
#5934=IFCCARTESIANPOINT((51.983806397320947,105.51904424302658));
#5935=IFCCARTESIANPOINT((-18.968248991718177,35.879636422053615));
#5936=IFCPOLYLINE((#5927,#5928,#5929,#5930,#5931,#5932,#5933,#5934,#5935,#5927));
#5937=IFCARBITRARYCLOSEDPROFILEDEF(.AREA.,'Tile 350x Red',#5936);
#5938=IFCCARTESIANPOINT((5858.5297381274786,8526.0354060546179,1812.996943338356));
#5939=IFCDIRECTION((0.70047427110911076,-0.,0.71367765518766246));
#5940=IFCAXIS2PLACEMENT3D(#5938,#35,#5939);
#5941=IFCEXTRUDEDAREASOLID(#5937,#5940,#1525,6.9999999999994911);
#5942=IFCSTYLEDITEM(#5941,(#823),$);
#5943=IFCSHAPEREPRESENTATION(#15,'Body','SweptSolid',(#5941));
#5944=IFCAXIS2PLACEMENT3D(#10,$,$);
#5945=IFCREPRESENTATIONMAP(#5944,#5943);
#5946=IFCBUILDINGELEMENTPROXYTYPE('1kkNhPW5XF4BusAPV6zL1l',#6,'Tile 350x Red14:Tile 350x Red',$,$,$,(#5945),'493442',$,.NOTDEFINED.);
#5947=IFCMAPPEDITEM(#5945,#217);
#5948=IFCSHAPEREPRESENTATION(#15,'Body','MappedRepresentation',(#5947));
#5949=IFCPRODUCTDEFINITIONSHAPE($,$,(#5948));
#5950=IFCAXIS2PLACEMENT3D(#10,$,$);
#5951=IFCLOCALPLACEMENT(#24,#5950);
#5952=IFCBUILDINGELEMENTPROXY('1kkNhPW5XF4BusAPV6zL1f',#6,'Tile 350x Red14:Tile 350x Red:493444',$,$,#5951,#5949,'493444',$);
#5953=IFCPROPERTYSET('1jfopc9_5m3pei$ASPQwIU',#6,'Pset_BuildingElementProxyCommon',$,(#2754));
#5954=IFCPROPERTYSET('2ZbOlANBrwLZw7iA81h9vC',#6,'Pset_QuantityTakeOff',$,(#2754));
#5955=IFCRELDEFINESBYPROPERTIES('3x338_cvcxhWDEDkFTKgkO',#6,$,$,(#5952),#5953);
#5956=IFCRELDEFINESBYPROPERTIES('2XX1eg5OA76D1_kCPD0ler',#6,$,$,(#5952),#5954);
#5957=IFCCARTESIANPOINT((120.45387858114144,-3.9075011060754488));
#5958=IFCCARTESIANPOINT((171.29326517734884,-3.9075011060754488));
#5959=IFCCARTESIANPOINT((171.29326517734856,43.542498893931359));
#5960=IFCCARTESIANPOINT((-33.506734822651438,43.542498893931622));
#5961=IFCCARTESIANPOINT((-33.506734822651978,144.44249889393006));
#5962=IFCCARTESIANPOINT((-266.90673482261843,144.4424988939291));
#5963=IFCCARTESIANPOINT((-266.9067348226157,-155.8575011060787));
#5964=IFCCARTESIANPOINT((68.893265177355588,-155.85750110607717));
#5965=IFCCARTESIANPOINT((68.893265177348553,-56.439991151416457));
#5966=IFCPOLYLINE((#5957,#5958,#5959,#5960,#5961,#5962,#5963,#5964,#5965,#5957));
#5967=IFCARBITRARYCLOSEDPROFILEDEF(.AREA.,'Tile 350x Red',#5966);
#5968=IFCCARTESIANPOINT((5543.9432077727388,8526.0354060546179,1768.1524988939118));
#5969=IFCAXIS2PLACEMENT3D(#5968,#1707,#1290);
#5970=IFCEXTRUDEDAREASOLID(#5967,#5969,#34,7.0000000000005747);
#5971=IFCSTYLEDITEM(#5970,(#823),$);
#5972=IFCSHAPEREPRESENTATION(#15,'Body','SweptSolid',(#5970));
#5973=IFCAXIS2PLACEMENT3D(#10,$,$);
#5974=IFCREPRESENTATIONMAP(#5973,#5972);
#5975=IFCBUILDINGELEMENTPROXYTYPE('1kkNhPW5XF4BusAPV6zL1u',#6,'Tile 350x Red15:Tile 350x Red',$,$,$,(#5974),'493461',$,.NOTDEFINED.);
#5976=IFCMAPPEDITEM(#5974,#217);
#5977=IFCSHAPEREPRESENTATION(#15,'Body','MappedRepresentation',(#5976));
#5978=IFCPRODUCTDEFINITIONSHAPE($,$,(#5977));
#5979=IFCAXIS2PLACEMENT3D(#10,$,$);
#5980=IFCLOCALPLACEMENT(#24,#5979);
#5981=IFCBUILDINGELEMENTPROXY('1kkNhPW5XF4BusAPV6zL1w',#6,'Tile 350x Red15:Tile 350x Red:493463',$,$,#5980,#5978,'493463',$);
#5982=IFCPROPERTYSET('0wui6Q$NiCsW1T8LIENgBq',#6,'Pset_BuildingElementProxyCommon',$,(#2754));
#5983=IFCPROPERTYSET('0XSnpJVidODzDDBr2LdBfU',#6,'Pset_QuantityTakeOff',$,(#2754));
#5984=IFCRELDEFINESBYPROPERTIES('0UXvD_P26t1k2Mr$iLeQTt',#6,$,$,(#5981),#5982);
#5985=IFCRELDEFINESBYPROPERTIES('0lapaPJdB7DaazNrRkqTHj',#6,$,$,(#5981),#5983);
#5986=IFCCARTESIANPOINT((-167.63333333333097,-53.199999999972746));
#5987=IFCCARTESIANPOINT((133.26666666666182,-53.199999999972746));
#5988=IFCCARTESIANPOINT((133.26666666666182,77.799999999988813));
#5989=IFCCARTESIANPOINT((34.36666666666941,77.799999999988813));
#5990=IFCCARTESIANPOINT((34.36666666666941,-24.600000000016063));
#5991=IFCCARTESIANPOINT((-167.63333333333068,-24.600000000016063));
#5992=IFCPOLYLINE((#5986,#5987,#5988,#5989,#5990,#5991,#5986));
#5993=IFCARBITRARYCLOSEDPROFILEDEF(.AREA.,'Tile 350x Red',#5992);
#5994=IFCCARTESIANPOINT((5330.2364729501105,8526.0354060546197,1488.4433333333197));
#5995=IFCAXIS2PLACEMENT3D(#5994,#1707,#34);
#5996=IFCEXTRUDEDAREASOLID(#5993,#5995,#34,6.9999999999973257);
#5997=IFCSTYLEDITEM(#5996,(#823),$);
#5998=IFCSHAPEREPRESENTATION(#15,'Body','SweptSolid',(#5996));
#5999=IFCAXIS2PLACEMENT3D(#10,$,$);
#6000=IFCREPRESENTATIONMAP(#5999,#5998);
#6001=IFCBUILDINGELEMENTPROXYTYPE('1kkNhPW5XF4BusAPV6zL18',#6,'Tile 350x Red16:Tile 350x Red',$,$,$,(#6000),'493477',$,.NOTDEFINED.);
#6002=IFCMAPPEDITEM(#6000,#217);
#6003=IFCSHAPEREPRESENTATION(#15,'Body','MappedRepresentation',(#6002));
#6004=IFCPRODUCTDEFINITIONSHAPE($,$,(#6003));
#6005=IFCAXIS2PLACEMENT3D(#10,$,$);
#6006=IFCLOCALPLACEMENT(#24,#6005);
#6007=IFCBUILDINGELEMENTPROXY('1kkNhPW5XF4BusAPV6zL1A',#6,'Tile 350x Red16:Tile 350x Red:493479',$,$,#6006,#6004,'493479',$);
#6008=IFCPROPERTYSET('1hBxIPtglUwLfdQWT_TFBB',#6,'Pset_BuildingElementProxyCommon',$,(#2754));
#6009=IFCPROPERTYSET('3k_cSxpGtm0yWacd9OUtAZ',#6,'Pset_QuantityTakeOff',$,(#2754));
#6010=IFCRELDEFINESBYPROPERTIES('3q5EyCegeKx6Lwp3r7dCmB',#6,$,$,(#6007),#6008);
#6011=IFCRELDEFINESBYPROPERTIES('1s86x3JPZTRI94$1KTc4U3',#6,$,$,(#6007),#6009);
#6012=IFCMAPPEDITEM(#405,#217);
#6013=IFCSHAPEREPRESENTATION(#15,'Body','MappedRepresentation',(#6012));
#6014=IFCPRODUCTDEFINITIONSHAPE($,$,(#6013));
#6015=IFCCARTESIANPOINT((6462.656472950127,8533.035406054616,915.01000000000829));
#6016=IFCAXIS2PLACEMENT3D(#6015,#35,#1290);
#6017=IFCLOCALPLACEMENT(#24,#6016);
#6018=IFCBUILDINGELEMENTPROXY('1kkNhPW5XF4BusAPV6zL1S',#6,'Tile:Tile 200x100x75 White 2:493489',$,$,#6017,#6014,'493489',$);
#6019=IFCPROPERTYSET('3TiTm5NHu4tzUoP4MmI$d8',#6,'Pset_BuildingElementProxyCommon',$,(#226));
#6020=IFCPROPERTYSET('0RRFkFX1J4z55F6kTUurI2',#6,'Pset_QuantityTakeOff',$,(#226));
#6021=IFCRELDEFINESBYPROPERTIES('2quhrHaIGNSgOl2lkBGvI5',#6,$,$,(#6018),#6019);
#6022=IFCRELDEFINESBYPROPERTIES('2JBxcdkoG9Z5hbS6tiFYe$',#6,$,$,(#6018),#6020);
#6023=IFCMAPPEDITEM(#405,#217);
#6024=IFCSHAPEREPRESENTATION(#15,'Body','MappedRepresentation',(#6023));
#6025=IFCPRODUCTDEFINITIONSHAPE($,$,(#6024));
#6026=IFCCARTESIANPOINT((6667.4564729501271,8533.0354060546142,915.01000000000749));
#6027=IFCAXIS2PLACEMENT3D(#6026,#35,#1290);
#6028=IFCLOCALPLACEMENT(#24,#6027);
#6029=IFCBUILDINGELEMENTPROXY('1kkNhPW5XF4BusAPV6zL1V',#6,'Tile:Tile 200x100x75 White 2:493490',$,$,#6028,#6025,'493490',$);
#6030=IFCPROPERTYSET('2l7uGngjV9t$VyuFIe7DkY',#6,'Pset_BuildingElementProxyCommon',$,(#226));
#6031=IFCPROPERTYSET('2pQ4f$NEctdhTKE49vkjfj',#6,'Pset_QuantityTakeOff',$,(#226));
#6032=IFCRELDEFINESBYPROPERTIES('1sHgpfnEYwKLwp65YHQ5hh',#6,$,$,(#6029),#6030);
#6033=IFCRELDEFINESBYPROPERTIES('3RC_f1nY5tiqbVJA25125T',#6,$,$,(#6029),#6031);
#6034=IFCMAPPEDITEM(#405,#217);
#6035=IFCSHAPEREPRESENTATION(#15,'Body','MappedRepresentation',(#6034));
#6036=IFCPRODUCTDEFINITIONSHAPE($,$,(#6035));
#6037=IFCCARTESIANPOINT((6872.2564729501237,8533.0354060546124,915.01000000000511));
#6038=IFCAXIS2PLACEMENT3D(#6037,#35,#1290);
#6039=IFCLOCALPLACEMENT(#24,#6038);
#6040=IFCBUILDINGELEMENTPROXY('1kkNhPW5XF4BusAPV6zL1U',#6,'Tile:Tile 200x100x75 White 2:493491',$,$,#6039,#6036,'493491',$);
#6041=IFCPROPERTYSET('12pC$zIqBf4DxWuf9kDYu2',#6,'Pset_BuildingElementProxyCommon',$,(#226));
#6042=IFCPROPERTYSET('3PzCYPmhjOv6H3uYW0FcbF',#6,'Pset_QuantityTakeOff',$,(#226));
#6043=IFCRELDEFINESBYPROPERTIES('1c4ALxW2xnMf4x7$tbf2N2',#6,$,$,(#6040),#6041);
#6044=IFCRELDEFINESBYPROPERTIES('3CiXxxWXmBykBjr1KEndB8',#6,$,$,(#6040),#6042);
#6045=IFCMAPPEDITEM(#405,#217);
#6046=IFCSHAPEREPRESENTATION(#15,'Body','MappedRepresentation',(#6045));
#6047=IFCPRODUCTDEFINITIONSHAPE($,$,(#6046));
#6048=IFCCARTESIANPOINT((7077.0564729501248,8533.0354060546124,915.01000000000568));
#6049=IFCAXIS2PLACEMENT3D(#6048,#35,#1290);
#6050=IFCLOCALPLACEMENT(#24,#6049);
#6051=IFCBUILDINGELEMENTPROXY('1kkNhPW5XF4BusAPV6zL1P',#6,'Tile:Tile 200x100x75 White 2:493492',$,$,#6050,#6047,'493492',$);
#6052=IFCPROPERTYSET('0$i8QJiOM3UKka0GBkdX1m',#6,'Pset_BuildingElementProxyCommon',$,(#226));
#6053=IFCPROPERTYSET('1aPurqV4pA4Wgc3lQh7O1r',#6,'Pset_QuantityTakeOff',$,(#226));
#6054=IFCRELDEFINESBYPROPERTIES('2VB85zsP$TUC76x5bfkuxT',#6,$,$,(#6051),#6052);
#6055=IFCRELDEFINESBYPROPERTIES('35i5uivuw95SNItQHUQftp',#6,$,$,(#6051),#6053);
#6056=IFCMAPPEDITEM(#405,#217);
#6057=IFCSHAPEREPRESENTATION(#15,'Body','MappedRepresentation',(#6056));
#6058=IFCPRODUCTDEFINITIONSHAPE($,$,(#6057));
#6059=IFCCARTESIANPOINT((6360.236472950126,8533.035406054616,1924.010000000005));
#6060=IFCAXIS2PLACEMENT3D(#6059,#35,#1290);
#6061=IFCLOCALPLACEMENT(#24,#6060);
#6062=IFCBUILDINGELEMENTPROXY('1kkNhPW5XF4BusAPV6zL1O',#6,'Tile:Tile 200x100x75 White 2:493493',$,$,#6061,#6058,'493493',$);
#6063=IFCPROPERTYSET('3IuJpJHHES3XOHIiIIw7xl',#6,'Pset_BuildingElementProxyCommon',$,(#226));
#6064=IFCPROPERTYSET('0N2WZNiq$krA_2WJKGTO8Z',#6,'Pset_QuantityTakeOff',$,(#226));
#6065=IFCRELDEFINESBYPROPERTIES('0oiABs4d9ku$cqwzX75ADD',#6,$,$,(#6062),#6063);
#6066=IFCRELDEFINESBYPROPERTIES('2OpTIOB6w4AYauJgcG6dDl',#6,$,$,(#6062),#6064);
#6067=IFCMAPPEDITEM(#405,#217);
#6068=IFCSHAPEREPRESENTATION(#15,'Body','MappedRepresentation',(#6067));
#6069=IFCPRODUCTDEFINITIONSHAPE($,$,(#6068));
#6070=IFCCARTESIANPOINT((6565.0364729501252,8533.035406054616,1924.0100000000041));
#6071=IFCAXIS2PLACEMENT3D(#6070,#35,#1290);
#6072=IFCLOCALPLACEMENT(#24,#6071);
#6073=IFCBUILDINGELEMENTPROXY('1kkNhPW5XF4BusAPV6zL1R',#6,'Tile:Tile 200x100x75 White 2:493494',$,$,#6072,#6069,'493494',$);
#6074=IFCPROPERTYSET('0Qa4SoB9IVvFDjxGIhirr7',#6,'Pset_BuildingElementProxyCommon',$,(#226));
#6075=IFCPROPERTYSET('0W3cKYikLrFlqTQzfaHLdt',#6,'Pset_QuantityTakeOff',$,(#226));
#6076=IFCRELDEFINESBYPROPERTIES('3YitWc_jPVHxJsZeAP41Mn',#6,$,$,(#6073),#6074);
#6077=IFCRELDEFINESBYPROPERTIES('34nUo5gDN7XTllio$7z6Y$',#6,$,$,(#6073),#6075);
#6078=IFCMAPPEDITEM(#405,#217);
#6079=IFCSHAPEREPRESENTATION(#15,'Body','MappedRepresentation',(#6078));
#6080=IFCPRODUCTDEFINITIONSHAPE($,$,(#6079));
#6081=IFCCARTESIANPOINT((6769.8364729501254,8533.0354060546142,1924.0100000000034));
#6082=IFCAXIS2PLACEMENT3D(#6081,#35,#1290);
#6083=IFCLOCALPLACEMENT(#24,#6082);
#6084=IFCBUILDINGELEMENTPROXY('1kkNhPW5XF4BusAPV6zL1Q',#6,'Tile:Tile 200x100x75 White 2:493495',$,$,#6083,#6080,'493495',$);
#6085=IFCPROPERTYSET('2pa3BObhoRuay$Tmy$LGT9',#6,'Pset_BuildingElementProxyCommon',$,(#226));
#6086=IFCPROPERTYSET('1ceimQiqWcrw2IMaB9RcmN',#6,'Pset_QuantityTakeOff',$,(#226));
#6087=IFCRELDEFINESBYPROPERTIES('251IjaBR7zoudBvSbHkKZ_',#6,$,$,(#6084),#6085);
#6088=IFCRELDEFINESBYPROPERTIES('2LO_KPopFO1oGAMJPp2pjm',#6,$,$,(#6084),#6086);
#6089=IFCMAPPEDITEM(#405,#217);
#6090=IFCSHAPEREPRESENTATION(#15,'Body','MappedRepresentation',(#6089));
#6091=IFCPRODUCTDEFINITIONSHAPE($,$,(#6090));
#6092=IFCCARTESIANPOINT((6974.6364729501238,8533.0354060546124,1924.01));
#6093=IFCAXIS2PLACEMENT3D(#6092,#35,#1290);
#6094=IFCLOCALPLACEMENT(#24,#6093);
#6095=IFCBUILDINGELEMENTPROXY('1kkNhPW5XF4BusAPV6zL1L',#6,'Tile:Tile 200x100x75 White 2:493496',$,$,#6094,#6091,'493496',$);
#6096=IFCPROPERTYSET('2OEb4nMaFNFOgArbSZi_Hn',#6,'Pset_BuildingElementProxyCommon',$,(#226));
#6097=IFCPROPERTYSET('0JdKTdY7IuH9Mw2XzR7cMy',#6,'Pset_QuantityTakeOff',$,(#226));
#6098=IFCRELDEFINESBYPROPERTIES('0QykXk9aNXU$EZiKcjQzxA',#6,$,$,(#6095),#6096);
#6099=IFCRELDEFINESBYPROPERTIES('1F2C5QQk6wK28IzuyEyFGN',#6,$,$,(#6095),#6097);
#6100=IFCCARTESIANPOINT((-99.566666666663522,-44.066666666665313));
#6101=IFCCARTESIANPOINT((100.23333333332842,-44.066666666665313));
#6102=IFCCARTESIANPOINT((100.23333333332855,-12.26666666667254));
#6103=IFCCARTESIANPOINT((-0.66666666666489083,-12.26666666667254));
#6104=IFCCARTESIANPOINT((-0.66666666666502616,56.3333333333346));
#6105=IFCCARTESIANPOINT((-99.566666666663664,56.3333333333346));
#6106=IFCPOLYLINE((#6100,#6101,#6102,#6103,#6104,#6105,#6100));
#6107=IFCARBITRARYCLOSEDPROFILEDEF(.AREA.,'Tile 350x Red',#6106);
#6108=IFCCARTESIANPOINT((6316.1698062834685,8526.0354060546197,916.34333333332927));
#6109=IFCAXIS2PLACEMENT3D(#6108,#1707,#1525);
#6110=IFCEXTRUDEDAREASOLID(#6107,#6109,#34,6.999999999992994);
#6111=IFCSTYLEDITEM(#6110,(#206),$);
#6112=IFCSHAPEREPRESENTATION(#15,'Body','SweptSolid',(#6110));
#6113=IFCAXIS2PLACEMENT3D(#10,$,$);
#6114=IFCREPRESENTATIONMAP(#6113,#6112);
#6115=IFCBUILDINGELEMENTPROXYTYPE('1kkNhPW5XF4BusAPV6zL0i',#6,'Tile 350x Red17:Tile 350x Red',$,$,$,(#6114),'493505',$,.NOTDEFINED.);
#6116=IFCMAPPEDITEM(#6114,#217);
#6117=IFCSHAPEREPRESENTATION(#15,'Body','MappedRepresentation',(#6116));
#6118=IFCPRODUCTDEFINITIONSHAPE($,$,(#6117));
#6119=IFCAXIS2PLACEMENT3D(#10,$,$);
#6120=IFCLOCALPLACEMENT(#24,#6119);
#6121=IFCBUILDINGELEMENTPROXY('1kkNhPW5XF4BusAPV6zL0k',#6,'Tile 350x Red17:Tile 350x Red:493507',$,$,#6120,#6118,'493507',$);
#6122=IFCPROPERTYSET('1NvuSKIY5wFNwT14ieQwoV',#6,'Pset_BuildingElementProxyCommon',$,(#2754));
#6123=IFCPROPERTYSET('2y7pBt77QguD7Oe3O93Of2',#6,'Pset_QuantityTakeOff',$,(#2754));
#6124=IFCRELDEFINESBYPROPERTIES('0OlsXJ7ZAZXXIVDRMcTl3I',#6,$,$,(#6121),#6122);
#6125=IFCRELDEFINESBYPROPERTIES('3iPdpD1708XtLVVB0lOAUK',#6,$,$,(#6121),#6123);
#6126=IFCGROUP('1zzk4Pvb51xAijoPDrx4J5',#6,'Grupo de modelos:Parede B:443114',$,'Grupo de modelos:Parede B');
#6127=IFCGROUP('1kkNhPW5XF4BusAPV6zOmM',#6,'Grupo de modelos:Blue Tiles - Tanque:482299',$,'Grupo de modelos:Blue Tiles - Tanque');
#6128=IFCGROUP('1kkNhPW5XF4BusAPV6zRLD',#6,'Grupo de modelos:Blue Tiles - Parede B:484000',$,'Grupo de modelos:Blue Tiles - Parede B');
#6129=IFCGROUP('1kkNhPW5XF4BusAPV6zRH4',#6,'Grupo de modelos:Green Tiles - Parede B:484265',$,'Grupo de modelos:Green Tiles - Parede B');
#6130=IFCRELASSIGNSTOGROUP('1zzk4Pvb51xAijoP9rx4J5',#6,$,$,(#225,#237,#248,#259,#270,#281,#292,#303,#314,#325,#336,#347,#358,#369,#380,#391,#413,#435,#457,#468,#479,#501,#512,#523,#534,#545,#556,#578,#589,#600,#611,#622,#633,#644,#655,#666,#677,#688,#699,#710,#721,#732,#743,#754,#765,#776,#787,#798,#809,#839,#861,#882,#903,#925,#947,#969,#991,#1013,#1035,#1057,#1079,#1101,#1112,#1123,#1134,#1145,#1156,#1167,#1178,#1189,#1200,#1211,#1222,#1233,#1244,#1266,#1277,#1304,#1325,#1336,#1347,#1358,#1369,#1380,#1391,#1402,#1413,#1424,#1435,#1446,#1457,#1468,#1479,#1490,#1501,#1512,#1538,#1563,#1597,#1763,#2669,#2691,#2702,#2714,#2725),$,#6126);
#6131=IFCRELASSIGNSTOGROUP('1kkNhPW5XF4BusAPR6zOmM',#6,$,$,(#2939,#2962,#2973,#2984,#2995,#3006,#3017,#3039,#3050,#3061,#3072,#3083,#3094,#3105,#3116,#3127,#3138,#3149,#3160,#3171,#3182,#3193,#3204,#3215,#3237,#3259,#3270,#3281,#3292,#3303,#3314,#3336,#3347,#3358,#3369,#3380,#3391,#3402,#3413,#3424),$,#6127);
#6132=IFCRELASSIGNSTOGROUP('1kkNhPW5XF4BusAPR6zRLD',#6,$,$,(#3534,#3545,#3556,#3567,#3578,#3589,#3600,#3611,#3622,#3633,#3644,#3655,#3666,#3677,#3688,#3699,#3710,#3721,#3732,#3743),$,#6128);
#6133=IFCRELASSIGNSTOGROUP('1kkNhPW5XF4BusAPR6zRH4',#6,$,$,(#3774,#3786,#3797,#3808,#3819,#3830,#3841,#3852,#3863,#3874,#3885,#3896,#3907,#3918,#3929,#3940,#3951,#3962,#3973,#3984,#3995,#4006,#4017,#4028,#4050,#4061,#4072,#4083,#4105,#4116,#4127,#4138,#4149,#4160,#4171,#4182,#4193,#4204,#4215,#4226,#4253,#4280,#4306,#4332),$,#6129);
#6134=IFCPROPERTYSINGLEVALUE('AboveGround',$,IFCLOGICAL(.U.),$);
#6135=IFCPROPERTYSET('2QFFSloDKLdASEirlNrsWG',#6,'Pset_BuildingStoreyCommon',$,(#6134));
#6136=IFCRELDEFINESBYPROPERTIES('24vWbHxUvnwTMhwrnGQFQP',#6,$,$,(#25),#6135);
#6137=IFCRELCONTAINEDINSPATIALSTRUCTURE('3Zu5Bv0LOHrPC10066FoQQ',#6,$,$,(#55,#99,#126,#160,#183,#225,#237,#248,#259,#270,#281,#292,#303,#314,#325,#336,#347,#358,#369,#380,#391,#413,#435,#457,#468,#479,#501,#512,#523,#534,#545,#556,#578,#589,#600,#611,#622,#633,#644,#655,#666,#677,#688,#699,#710,#721,#732,#743,#754,#765,#776,#787,#798,#809,#839,#861,#882,#903,#925,#947,#969,#991,#1013,#1035,#1057,#1079,#1101,#1112,#1123,#1134,#1145,#1156,#1167,#1178,#1189,#1200,#1211,#1222,#1233,#1244,#1266,#1277,#1304,#1325,#1336,#1347,#1358,#1369,#1380,#1391,#1402,#1413,#1424,#1435,#1446,#1457,#1468,#1479,#1490,#1501,#1512,#1538,#1563,#1597,#1619,#1641,#1663,#1685,#1717,#1763,#1850,#1882,#1894,#1916,#1928,#1950,#1972,#1995,#2017,#2039,#2061,#2083,#2105,#2127,#2149,#2170,#2181,#2216,#2243,#2270,#2294,#2318,#2343,#2367,#2392,#2427,#2466,#2504,#2542,#2580,#2601,#2622,#2647,#2669,#2691,#2702,#2714,#2725,#2753,#2775,#2907,#2939,#2962,#2973,#2984,#2995,#3006,#3017,#3039,#3050,#3061,#3072,#3083,#3094,#3105,#3116,#3127,#3138,#3149,#3160,#3171,#3182,#3193,#3204,#3215,#3237,#3259,#3270,#3281,#3292,#3303,#3314,#3336,#3347,#3358,#3369,#3380,#3391,#3402,#3413,#3424,#3446,#3468,#3490,#3512,#3534,#3545,#3556,#3567,#3578,#3589,#3600,#3611,#3622,#3633,#3644,#3655,#3666,#3677,#3688,#3699,#3710,#3721,#3732,#3743,#3774,#3786,#3797,#3808,#3819,#3830,#3841,#3852,#3863,#3874,#3885,#3896,#3907,#3918,#3929,#3940,#3951,#3962,#3973,#3984,#3995,#4006,#4017,#4028,#4050,#4061,#4072,#4083,#4105,#4116,#4127,#4138,#4149,#4160,#4171,#4182,#4193,#4204,#4215,#4226,#4253,#4280,#4306,#4332,#4455,#4482,#4509,#4531,#4553,#4564,#4575,#4597,#4619,#4631,#4642,#4653,#4678,#4703,#4728,#4753,#4777,#4802,#4823,#4845,#4867,#4889,#4911,#4933,#4955,#4977,#4988,#4999,#5010,#5032,#5054,#5076,#5098,#5120,#5132,#5143,#5154,#5165,#5176,#5187,#5198,#5209,#5231,#5242,#5253,#5264,#5275,#5286,#5297,#5308,#5319,#5330,#5341,#5352,#5363,#5374,#5385,#5396,#5407,#5418,#5429,#5440,#5451,#5462,#5473,#5484,#5495,#5506,#5517,#5528,#5539,#5550,#5561,#5572,#5583,#5594,#5605,#5616,#5627,#5638,#5649,#5660,#5671,#5682,#5693,#5704,#5715,#5745,#5756,#5767,#5778,#5804,#5832,#5854,#5865,#5889,#5911,#5922,#5952,#5981,#6007,#6018,#6029,#6040,#6051,#6062,#6073,#6084,#6095,#6121),#25);
#6138=IFCPROPERTYSET('2y6jqut2mGsxPM5c1zUPr2',#6,'Pset_BuildingStoreyCommon',$,(#6134));
#6139=IFCRELDEFINESBYPROPERTIES('03h9WtlPXy$ENv9AiS5UZC',#6,$,$,(#29),#6138);
#6140=IFCRELAGGREGATES('3PD14XLVNj2l_DfLGEpy$r',#6,$,$,#18,(#32));
#6141=IFCRELAGGREGATES('0aHQsZ0dSQUL94qQc0zdNV',#6,$,$,#32,(#22));
#6142=IFCRELAGGREGATES('27PCKGLxT4mxtV9cw6mgBW',#6,$,$,#22,(#25,#29));
#6143=IFCPROPERTYSINGLEVALUE('NumberOfStoreys',$,IFCINTEGER(2),$);
#6144=IFCPROPERTYSINGLEVALUE('IsLandmarked',$,IFCLOGICAL(.U.),$);
#6145=IFCPROPERTYSET('3RjAEkAZIsvRyJC4qHqRzg',#6,'Pset_BuildingCommon',$,(#6143,#6144));
#6146=IFCRELDEFINESBYPROPERTIES('2JmMOeTORyO_A6rkjG5pWu',#6,$,$,(#22),#6145);
#6147=IFCRELASSOCIATESMATERIAL('2mguO7$Gs1Y5sDQfeU8mEM',#6,$,$,(#55),#63);
#6148=IFCRELASSOCIATESMATERIAL('3ALAckRufBa26cUV3JZ1t1',#6,$,$,(#99),#100);
#6149=IFCRELASSOCIATESMATERIAL('0rgcV3eUNM8ZTuiB669Q4i',#6,$,$,(#126),#134);
#6150=IFCRELASSOCIATESMATERIAL('3wRpqy4_nxecbEa9NIV7_A',#6,$,$,(#160),#161);
#6151=IFCRELASSOCIATESMATERIAL('1MqJ5qEZIwsksNY2xA1Ruf',#6,$,$,(#183),#184);
#6152=IFCRELASSOCIATESMATERIAL('2WnB0QligEEl07leooGyiH',#6,$,$,(#1717),#1726);
#6153=IFCRELASSOCIATESMATERIAL('2Dg2zTUH4hlqWpCjuM6PCE',#6,$,$,(#64),#62);
#6154=IFCRELASSOCIATESMATERIAL('34cPIN0glNqDXma6W1xqi0',#6,$,$,(#135),#133);
#6155=IFCRELASSOCIATESMATERIAL('0P_CRj7gkrWfAPoNsAP4XJ',#6,$,$,(#211,#225,#237,#248,#259,#270,#281,#292,#303,#314,#325,#336,#347,#358,#369,#380,#391,#406,#413,#428,#435,#450,#457,#468,#479,#494,#501,#512,#523,#534,#545,#556,#571,#578,#589,#600,#611,#622,#633,#644,#655,#666,#677,#688,#699,#710,#721,#732,#743,#754,#765,#776,#787,#798,#809,#1006,#1013,#1028,#1035,#1050,#1057,#1072,#1079,#1094,#1101,#1112,#1123,#1134,#1145,#1156,#1167,#1178,#1189,#1200,#1211,#1222,#1233,#1244,#1259,#1266,#1277,#1298,#1304,#1319,#1325,#1336,#1347,#1358,#1369,#1380,#1391,#1402,#1413,#1424,#1435,#1446,#1457,#1468,#1479,#1490,#1501,#1512,#1532,#1538,#1557,#1563,#5091,#5098,#5113,#5120,#5132,#5143,#5154,#5165,#5176,#5187,#5198,#5209,#5224,#5231,#5242,#5253,#5264,#5275,#5286,#5297,#5308,#5319,#5330,#5341,#5352,#5363,#5374,#5385,#5396,#5407,#5418,#5429,#5440,#5451,#5462,#5473,#5484,#5495,#5506,#5517,#5528,#5539,#5550,#5561,#5572,#5583,#5594,#5605,#5616,#5627,#5638,#5649,#5660,#5671,#5682,#5693,#5704,#5715,#5756,#5767,#5778,#5847,#5854,#5865,#5883,#5889,#5904,#5911,#5922,#6018,#6029,#6040,#6051,#6062,#6073,#6084,#6095,#6115,#6121),#212);
#6156=IFCRELASSOCIATESMATERIAL('247bmwIL1_S$U0u_ze0jOJ',#6,$,$,(#828,#839,#855,#861,#876,#882,#897,#903,#918,#925,#940,#947,#962,#969,#984,#991,#1591,#1597,#1612,#1619,#1634,#1641,#1656,#1663,#1678,#1685,#1909,#1916,#1928,#1943,#1950,#1965,#1972,#1988,#1995,#2010,#2017,#2098,#2105,#2120,#2127,#2142,#2149,#2164,#2170,#2181,#2662,#2669,#2684,#2691,#2702,#2714,#2725,#2747,#2753,#2769,#2775,#3439,#3446,#3461,#3468,#3483,#3490,#3505,#3512,#4524,#4531,#4546,#4553,#4564,#4575,#4590,#4597,#5025,#5032,#5047,#5054,#5069,#5076,#5739,#5745,#5798,#5804,#5826,#5832,#5946,#5952,#5975,#5981,#6001,#6007),#829);
#6157=IFCRELASSOCIATESMATERIAL('33JJh9K0Ob01yKVAuXNiub',#6,$,$,(#1718),#1725);
#6158=IFCRELASSOCIATESMATERIAL('1Bng47sn6Jz5AF_u6YQrxh',#6,$,$,(#1751,#1763,#2236,#2243,#2263,#2270,#2288,#2294,#2312,#2318,#2336,#2343,#2361,#2367,#2385,#2392,#2421,#2427,#2460,#2466,#2498,#2504,#2536,#2542,#2574,#2580,#2640,#2647,#4612,#4619,#4631,#4642,#4653,#4672,#4678,#4697,#4703,#4722,#4728,#4747,#4753,#4771,#4777,#4796,#4802,#4904,#4911,#4926,#4933,#4948,#4955,#4970,#4977,#4988,#4999,#5010),#1752);
#6159=IFCRELASSOCIATESMATERIAL('128Nextwfwrq5ieSlosOZj',#6,$,$,(#1843,#1850),#1844);
#6160=IFCRELASSOCIATESMATERIAL('2iA4uLTegOlPwkYq3aqooK',#6,$,$,(#1870,#1882,#1894,#2032,#2039,#2054,#2061,#2076,#2083,#2595,#2601,#2616,#2622),#1871);
#6161=IFCRELASSOCIATESMATERIAL('0p83W4E3EgWx_8dWtFX$mn',#6,$,$,(#2205,#2216),#2206);
#6162=IFCRELASSOCIATESMATERIAL('2w252YObRpab7qQNzyHqbu',#6,$,$,(#2896,#2907,#4449,#4455,#4476,#4482,#4502,#4509),#2897);
#6163=IFCRELASSOCIATESMATERIAL('2dUm41o_MV8ZHmQUd2U1tN',#6,$,$,(#2927,#2939,#2955,#2962,#2973,#2984,#2995,#3006,#3017,#3032,#3039,#3050,#3061,#3072,#3083,#3094,#3105,#3116,#3127,#3138,#3149,#3160,#3171,#3182,#3193,#3204,#3215,#3230,#3237,#3252,#3259,#3270,#3281,#3292,#3303,#3314,#3329,#3336,#3347,#3358,#3369,#3380,#3391,#3402,#3413,#3424,#3527,#3534,#3545,#3556,#3567,#3578,#3589,#3600,#3611,#3622,#3633,#3644,#3655,#3666,#3677,#3688,#3699,#3710,#3721,#3732,#3743),#2928);
#6164=IFCRELASSOCIATESMATERIAL('2nx1n_wqqP_5oHiQEdAUx0',#6,$,$,(#3762,#3774,#3786,#3797,#3808,#3819,#3830,#3841,#3852,#3863,#3874,#3885,#3896,#3907,#3918,#3929,#3940,#3951,#3962,#3973,#3984,#3995,#4006,#4017,#4028,#4043,#4050,#4061,#4072,#4083,#4098,#4105,#4116,#4127,#4138,#4149,#4160,#4171,#4182,#4193,#4204,#4215,#4226,#4246,#4253,#4274,#4280,#4300,#4306,#4326,#4332,#4817,#4823,#4838,#4845,#4860,#4867,#4882,#4889),#3763);
#6165=IFCRELDEFINESBYTYPE('3sXB9aPonMbfbvLpWf1MQD',#6,$,$,(#55,#99,#160,#183),#64);
#6166=IFCRELDEFINESBYTYPE('1GYUPCgxV3oSWJaKydc59A',#6,$,$,(#126),#135);
#6167=IFCRELDEFINESBYTYPE('1p2w52XeUv$DLKF$4LkSVT',#6,$,$,(#225,#237,#248,#259,#270,#281,#292,#303,#314,#325,#336,#347,#358,#369,#380,#391,#468,#512,#534,#545,#600,#622,#633,#677,#699,#710,#754,#776,#787,#1336,#1347,#1358,#1369,#1380,#1391,#1402,#1413,#1424,#1435,#1446,#1457,#1468,#1479,#1490,#1501),#211);
#6168=IFCRELDEFINESBYTYPE('28nLP8XLDJXNu3pIZyR2LB',#6,$,$,(#413,#6018,#6029,#6040,#6051,#6062,#6073,#6084,#6095),#406);
#6169=IFCRELDEFINESBYTYPE('32xcB1mXpMqkmTe4hunICh',#6,$,$,(#435,#523,#611,#688,#765),#428);
#6170=IFCRELDEFINESBYTYPE('1G3FtognHB0LVgTjZFgUwL',#6,$,$,(#457,#479,#556,#644,#721,#798),#450);
#6171=IFCRELDEFINESBYTYPE('11hRAiY5qb5u73BYYmc9LY',#6,$,$,(#501,#589,#666,#743),#494);
#6172=IFCRELDEFINESBYTYPE('2HhnCu9MqpgTv5iHdImIbO',#6,$,$,(#578,#655,#732,#809),#571);
#6173=IFCRELDEFINESBYTYPE('2HL6IN2lun040tASBNuK6G',#6,$,$,(#839),#828);
#6174=IFCRELDEFINESBYTYPE('2FVgUtDh5xZrxQd_qP_8ra',#6,$,$,(#861),#855);
#6175=IFCRELDEFINESBYTYPE('2DPBmxFW8_tfecS1LP7XTy',#6,$,$,(#882),#876);
#6176=IFCRELDEFINESBYTYPE('138q6F1KIkGDoRzH0ccgex',#6,$,$,(#903),#897);
#6177=IFCRELDEFINESBYTYPE('32yTncOKBbpMnO_p8bKVBZ',#6,$,$,(#925),#918);
#6178=IFCRELDEFINESBYTYPE('0cDYoOmfI2YckqIvdHThYP',#6,$,$,(#947),#940);
#6179=IFCRELDEFINESBYTYPE('0OskWDr1Be84YQdRiCmcmk',#6,$,$,(#969),#962);
#6180=IFCRELDEFINESBYTYPE('2bX6DfVPX6CMbemT_xGY0h',#6,$,$,(#991),#984);
#6181=IFCRELDEFINESBYTYPE('2d4w6OTp7tcc97EGoj65Qn',#6,$,$,(#1013),#1006);
#6182=IFCRELDEFINESBYTYPE('0Kzmd5$fjbUi0TObtiPYve',#6,$,$,(#1035,#1112,#1156,#1200,#1244),#1028);
#6183=IFCRELDEFINESBYTYPE('345eLarf5nLyi1hBGZBl8F',#6,$,$,(#1057,#1123,#1167,#1211),#1050);
#6184=IFCRELDEFINESBYTYPE('3VkcCLhPC9MgB0mDbM5EH5',#6,$,$,(#1079,#1134,#1178,#1222,#1512),#1072);
#6185=IFCRELDEFINESBYTYPE('1cL1LL9jcBieYmJED7AL6r',#6,$,$,(#1101,#1145,#1189,#1233,#1277),#1094);
#6186=IFCRELDEFINESBYTYPE('2BQv2RLc_TasXoLfOmwJWy',#6,$,$,(#1266),#1259);
#6187=IFCRELDEFINESBYTYPE('0LLdi_PJe_wrZ8IgVud4lV',#6,$,$,(#1304),#1298);
#6188=IFCRELDEFINESBYTYPE('3EbC_$8iPry54Znxei7de5',#6,$,$,(#1325),#1319);
#6189=IFCRELDEFINESBYTYPE('2Feb3LbM0ARyyiwKrbBzSS',#6,$,$,(#1538),#1532);
#6190=IFCRELDEFINESBYTYPE('3zzkLpleTievfPm5M2kXrb',#6,$,$,(#1563),#1557);
#6191=IFCRELDEFINESBYTYPE('0ORWxt6KYwU2SfuxrRWCfK',#6,$,$,(#1597),#1591);
#6192=IFCRELDEFINESBYTYPE('0C$HyHDy8gS3bIRUKYxHr1',#6,$,$,(#1619),#1612);
#6193=IFCRELDEFINESBYTYPE('1BguPvvCQ3OvfsiDYPw$4d',#6,$,$,(#1641),#1634);
#6194=IFCRELDEFINESBYTYPE('3pG3pqo8QVRKmMF1heImQd',#6,$,$,(#1663),#1656);
#6195=IFCRELDEFINESBYTYPE('0LL$pizYsZeks4fwAwYC0y',#6,$,$,(#1685),#1678);
#6196=IFCRELDEFINESBYTYPE('09jQvj0jLS1I3pjeb_QPdt',#6,$,$,(#1717),#1718);
#6197=IFCRELDEFINESBYTYPE('3FAN5Cz_ApffnNSKxinrva',#6,$,$,(#1763),#1751);
#6198=IFCRELDEFINESBYTYPE('3rmMZoUZbjoVopMJwfkCr1',#6,$,$,(#1850),#1843);
#6199=IFCRELDEFINESBYTYPE('1jSPj3rIAlXuo5ylgXDAfk',#6,$,$,(#1882,#1894),#1870);
#6200=IFCRELDEFINESBYTYPE('13SgNL7RaXP5VpVD45XbpZ',#6,$,$,(#1916,#1928),#1909);
#6201=IFCRELDEFINESBYTYPE('0NGmFFvsaa9s3dNMy7SPv7',#6,$,$,(#1950),#1943);
#6202=IFCRELDEFINESBYTYPE('0Sp$AJzVLlsThSdHhLD6oc',#6,$,$,(#1972),#1965);
#6203=IFCRELDEFINESBYTYPE('3ixLGG5jjZwcHeJVJdRmPI',#6,$,$,(#1995),#1988);
#6204=IFCRELDEFINESBYTYPE('3NrR33j4XhvgRCF5azlbnT',#6,$,$,(#2017),#2010);
#6205=IFCRELDEFINESBYTYPE('3g3zGlAb8J9dq60eexkaGf',#6,$,$,(#2039),#2032);
#6206=IFCRELDEFINESBYTYPE('3DjgNp78FU_i4NT3BPuvRq',#6,$,$,(#2061),#2054);
#6207=IFCRELDEFINESBYTYPE('0njvEN7m0QfacdXjZL2NjF',#6,$,$,(#2083),#2076);
#6208=IFCRELDEFINESBYTYPE('3gf6ewz6i3o8Bc5SOsa9g7',#6,$,$,(#2105),#2098);
#6209=IFCRELDEFINESBYTYPE('2ukwszM11S8RSVXmOrFVuL',#6,$,$,(#2127),#2120);
#6210=IFCRELDEFINESBYTYPE('05$ahBERsBXB0MNOIAzyVP',#6,$,$,(#2149,#2181),#2142);
#6211=IFCRELDEFINESBYTYPE('0kwzjq_HTv_UlZn_qhZHM5',#6,$,$,(#2170),#2164);
#6212=IFCRELDEFINESBYTYPE('3vbr5AgOdCiLapVDQktFj5',#6,$,$,(#2216),#2205);
#6213=IFCRELDEFINESBYTYPE('1X0XrfrGh01DKMM3xJsss2',#6,$,$,(#2243),#2236);
#6214=IFCRELDEFINESBYTYPE('3VxqodqRQhEEjffHfo9zoS',#6,$,$,(#2270),#2263);
#6215=IFCRELDEFINESBYTYPE('3kQVDI48zLLuKKK4Wp1Zkw',#6,$,$,(#2294),#2288);
#6216=IFCRELDEFINESBYTYPE('3mbGjr7SNi57lga25XaQ3d',#6,$,$,(#2318),#2312);
#6217=IFCRELDEFINESBYTYPE('34yOeiIR7gakfuQAMKTHqu',#6,$,$,(#2343),#2336);
#6218=IFCRELDEFINESBYTYPE('2UTaL5266DlrMD74r1QiK9',#6,$,$,(#2367),#2361);
#6219=IFCRELDEFINESBYTYPE('1EFcnzMQT03b5bvUWvhH3L',#6,$,$,(#2392),#2385);
#6220=IFCRELDEFINESBYTYPE('2L7KTqTgpFVQUqZNasfnWZ',#6,$,$,(#2427),#2421);
#6221=IFCRELDEFINESBYTYPE('2LuXWQimuxPu3jRQPnpSOY',#6,$,$,(#2466),#2460);
#6222=IFCRELDEFINESBYTYPE('3ChZhkAhMeHqi4Du7pyW$r',#6,$,$,(#2504),#2498);
#6223=IFCRELDEFINESBYTYPE('0WpgJy$kM_0l6peen3Z8BM',#6,$,$,(#2542),#2536);
#6224=IFCRELDEFINESBYTYPE('2y3fxXMOSz9otjEsVIinyB',#6,$,$,(#2580),#2574);
#6225=IFCRELDEFINESBYTYPE('3ssMlMZPl7cgevPX_7kprH',#6,$,$,(#2601),#2595);
#6226=IFCRELDEFINESBYTYPE('2TbRWCYc9giZ7$J4FfMMI2',#6,$,$,(#2622),#2616);
#6227=IFCRELDEFINESBYTYPE('1OKAWHZCF8QlhXgtF2iu8H',#6,$,$,(#2647),#2640);
#6228=IFCRELDEFINESBYTYPE('0XtiX0CgGJVQ3PY9XSqY_t',#6,$,$,(#2669,#2725),#2662);
#6229=IFCRELDEFINESBYTYPE('0_yjy50KOXEwELsn6d2AFO',#6,$,$,(#2691,#2702,#2714),#2684);
#6230=IFCRELDEFINESBYTYPE('39PMr0S95WJGHsP0KpcoBs',#6,$,$,(#2753),#2747);
#6231=IFCRELDEFINESBYTYPE('1PKDSZBgWHHtFkycF2g3e5',#6,$,$,(#2775),#2769);
#6232=IFCRELDEFINESBYTYPE('3o9EzMYr12kdzZtKGDW7$N',#6,$,$,(#2907),#2896);
#6233=IFCRELDEFINESBYTYPE('2DI6Z34fGc1g$nzfxr67lr',#6,$,$,(#2939,#3050,#3138,#3347),#2927);
#6234=IFCRELDEFINESBYTYPE('1K_d$0L1LryzyEB9rls4mI',#6,$,$,(#2962,#2973,#2984,#2995,#3006,#3017,#3061,#3072,#3083,#3094,#3105,#3116,#3149,#3160,#3171,#3182,#3193,#3204,#3358,#3369,#3380,#3391,#3402,#3413),#2955);
#6235=IFCRELDEFINESBYTYPE('0xgZVXJBc$ydGFoe9p1kWM',#6,$,$,(#3039,#3127,#3215,#3424),#3032);
#6236=IFCRELDEFINESBYTYPE('1kXPYAlwcf4htiSqVaHKIe',#6,$,$,(#3237),#3230);
#6237=IFCRELDEFINESBYTYPE('2_tnk4MQFasknsmYYiy5cJ',#6,$,$,(#3259,#3270,#3281,#3292,#3303,#3314),#3252);
#6238=IFCRELDEFINESBYTYPE('19Jcfhjcbpq7bfHYkFjd8I',#6,$,$,(#3336),#3329);
#6239=IFCRELDEFINESBYTYPE('2O4Mnm$$yQBizApL6gPtXy',#6,$,$,(#3446),#3439);
#6240=IFCRELDEFINESBYTYPE('1tLS9vYpwVvv0LTn2Z08vN',#6,$,$,(#3468),#3461);
#6241=IFCRELDEFINESBYTYPE('01DyrUXhBzEUOqIQnkxBsh',#6,$,$,(#3490),#3483);
#6242=IFCRELDEFINESBYTYPE('12XY75it$9uRv$ehR3lnii',#6,$,$,(#3512),#3505);
#6243=IFCRELDEFINESBYTYPE('24j1uk3a8zugZgb8piSFar',#6,$,$,(#3534,#3545,#3556,#3567,#3578,#3589,#3600,#3611,#3622,#3633,#3644,#3655,#3666,#3677,#3688,#3699,#3710,#3721,#3732,#3743),#3527);
#6244=IFCRELDEFINESBYTYPE('1OyIA$XS7v98RpvRHU1EEe',#6,$,$,(#3774,#3786,#3797,#3808,#3819,#3830,#3841,#3852,#3863,#3874,#3885,#3896,#3907,#3918,#3929,#3940,#3951,#3962,#3973,#3984,#3995,#4006,#4017,#4028),#3762);
#6245=IFCRELDEFINESBYTYPE('28XONdX_6xqUzN2J9NqJkD',#6,$,$,(#4050,#4061,#4072,#4083),#4043);
#6246=IFCRELDEFINESBYTYPE('33_miPUtRVgDHtHDC0DvdB',#6,$,$,(#4105,#4116,#4127,#4138,#4149,#4160,#4171,#4182,#4193,#4204,#4215,#4226),#4098);
#6247=IFCRELDEFINESBYTYPE('3NqOVlm8CURG7fVTwO2k4k',#6,$,$,(#4253),#4246);
#6248=IFCRELDEFINESBYTYPE('03eSpjxmhifFLqK_gIiZTr',#6,$,$,(#4280),#4274);
#6249=IFCRELDEFINESBYTYPE('0tvc8ATJVRbNkHLhWFjP3v',#6,$,$,(#4306),#4300);
#6250=IFCRELDEFINESBYTYPE('25SSDuIu9a4USxbFfSijkK',#6,$,$,(#4332),#4326);
#6251=IFCRELDEFINESBYTYPE('3gtSn6qFL2tAMhTk0L_572',#6,$,$,(#4455),#4449);
#6252=IFCRELDEFINESBYTYPE('1WNsVUS1Ape5KZsSAZ9Jto',#6,$,$,(#4482),#4476);
#6253=IFCRELDEFINESBYTYPE('2A1_x57z0cQx2EBb65nlrc',#6,$,$,(#4509),#4502);
#6254=IFCRELDEFINESBYTYPE('2WImDcyhJA81ZC1xyCtPAo',#6,$,$,(#4531),#4524);
#6255=IFCRELDEFINESBYTYPE('3YDhQz$gafsZAbUlUJWCnq',#6,$,$,(#4553,#4564,#4575),#4546);
#6256=IFCRELDEFINESBYTYPE('31qOHw5rEuOpWMxdaFGUYb',#6,$,$,(#4597),#4590);
#6257=IFCRELDEFINESBYTYPE('3KBlt_OpwOfCI3QqxbBHJp',#6,$,$,(#4619,#4631,#4642,#4653),#4612);
#6258=IFCRELDEFINESBYTYPE('2cgvpoCr0HH0$7KjGbVv$$',#6,$,$,(#4678),#4672);
#6259=IFCRELDEFINESBYTYPE('3pkaQowdQlLopq8MpThktX',#6,$,$,(#4703),#4697);
#6260=IFCRELDEFINESBYTYPE('2CLWwCsRXQBm0FuPwwLqIc',#6,$,$,(#4728),#4722);
#6261=IFCRELDEFINESBYTYPE('3w5MKQz26J9XEe$4YPkWTV',#6,$,$,(#4753),#4747);
#6262=IFCRELDEFINESBYTYPE('2WwVsiU3MZAL6w7GnnDPRq',#6,$,$,(#4777),#4771);
#6263=IFCRELDEFINESBYTYPE('2dlLuHz4TdWClfhApfuugQ',#6,$,$,(#4802),#4796);
#6264=IFCRELDEFINESBYTYPE('1wHQUmzFpee_gEUJdtJErK',#6,$,$,(#4823),#4817);
#6265=IFCRELDEFINESBYTYPE('30Ejz$aaVi184xbMcu4O_2',#6,$,$,(#4845),#4838);
#6266=IFCRELDEFINESBYTYPE('1rRwHdqRnmhFXHdWUU1GgU',#6,$,$,(#4867),#4860);
#6267=IFCRELDEFINESBYTYPE('2WhwVS6ZePQbO2I6g7X14r',#6,$,$,(#4889),#4882);
#6268=IFCRELDEFINESBYTYPE('3Ag2UB_l92Iheu899wdJVI',#6,$,$,(#4911),#4904);
#6269=IFCRELDEFINESBYTYPE('1tBR9IDu3oJr9ADQZyVkmJ',#6,$,$,(#4933),#4926);
#6270=IFCRELDEFINESBYTYPE('2zkW8SWEn$BykdbAWqmTlA',#6,$,$,(#4955),#4948);
#6271=IFCRELDEFINESBYTYPE('1SrtciWk4rmX4LzE02$H5V',#6,$,$,(#4977,#4988,#4999,#5010),#4970);
#6272=IFCRELDEFINESBYTYPE('21d7FYC0n3UI0Z9TgEyMQ_',#6,$,$,(#5032),#5025);
#6273=IFCRELDEFINESBYTYPE('3vU3XCwQ2jfzvFoeqnHXhe',#6,$,$,(#5054),#5047);
#6274=IFCRELDEFINESBYTYPE('0ssrvn19UKyWkvjQEUubZD',#6,$,$,(#5076),#5069);
#6275=IFCRELDEFINESBYTYPE('1c1$8afAH4ymBYHMS5tO91',#6,$,$,(#5098,#5756,#5767,#5778),#5091);
#6276=IFCRELDEFINESBYTYPE('2ebWOrYnCsnbaX91jwXJKV',#6,$,$,(#5120,#5132,#5143,#5154,#5165,#5176,#5187,#5198,#5209),#5113);
#6277=IFCRELDEFINESBYTYPE('2itSffaAX8jZD19EW3yAyx',#6,$,$,(#5231,#5242,#5253,#5264,#5275,#5286,#5297,#5308,#5319,#5330,#5341,#5352,#5363,#5374,#5385,#5396,#5407,#5418,#5429,#5440,#5451,#5462,#5473,#5484,#5495,#5506,#5517,#5528,#5539,#5550,#5561,#5572,#5583,#5594,#5605,#5616,#5627,#5638,#5649,#5660,#5671,#5682,#5693,#5704,#5715),#5224);
#6278=IFCRELDEFINESBYTYPE('02czg2mfdtGV2DFz$3Hefk',#6,$,$,(#5745),#5739);
#6279=IFCRELDEFINESBYTYPE('0dpYlZNRN3xB06C0QB56nY',#6,$,$,(#5804),#5798);
#6280=IFCRELDEFINESBYTYPE('2xoWO8nAUqDRiNtxhJoyrg',#6,$,$,(#5832),#5826);
#6281=IFCRELDEFINESBYTYPE('3fgs__1nGS7LEM$56O8l_I',#6,$,$,(#5854,#5865),#5847);
#6282=IFCRELDEFINESBYTYPE('2_eiSb09l5BBatLNSeujLX',#6,$,$,(#5889),#5883);
#6283=IFCRELDEFINESBYTYPE('3mBnII5F1yVVyIonO_L$DW',#6,$,$,(#5911,#5922),#5904);
#6284=IFCRELDEFINESBYTYPE('3rULus2C6cnJ$Ngk$TymXx',#6,$,$,(#5952),#5946);
#6285=IFCRELDEFINESBYTYPE('3MhYgpJ9ezFkmn1n7Z2jU$',#6,$,$,(#5981),#5975);
#6286=IFCRELDEFINESBYTYPE('2l2vTVGn$EbRyk_dOmomzF',#6,$,$,(#6007),#6001);
#6287=IFCRELDEFINESBYTYPE('3cVcFHeIVLsk3B33$TVcqE',#6,$,$,(#6121),#6115);
#6288=IFCRELCONNECTSPATHELEMENTS('3mXFoQajgZ6lxRSZVjrelb',#6,'1pxQ0MlwzAiOQ$tXtNokot|1MH_t$ZbL18A53iTg7iZB7','Structural',$,#55,#183,(),(),.ATEND.,.ATSTART.);
#6289=IFCRELCONNECTSPATHELEMENTS('0TfjKdUL628kb2iVsrL4BM',#6,'1pxQ0MlwzAiOQ$tXtNokot|1pxQ0MlwzAiOQ$tXtNokQN','Structural',$,#55,#126,(),(),.ATSTART.,.ATEND.);
#6290=IFCRELCONNECTSPATHELEMENTS('1WTfZ4ELXSLdlmTixlECKi',#6,'1pxQ0MlwzAiOQ$tXtNokot|1pxQ0MlwzAiOQ$tXtNokQG','Structural',$,#55,#160,(),(),.ATSTART.,.ATEND.);
#6291=IFCRELCONNECTSPATHELEMENTS('1X_f23PIbJcgMv1orkaZnF',#6,'1pxQ0MlwzAiOQ$tXtNokfV|1pxQ0MlwzAiOQ$tXtNokQN','Structural',$,#99,#126,(),(),.ATEND.,.ATSTART.);
#6292=IFCRELCONNECTSPATHELEMENTS('2p18dVce3sJp02nyvhXvWY',#6,'1pxQ0MlwzAiOQ$tXtNokfV|1pxQ0MlwzAiOQ$tXtNokQG','Structural',$,#99,#160,(),(),.ATEND.,.ATSTART.);
#6293=IFCRELCONNECTSPATHELEMENTS('2$K3IodVGjQ4Ru1TqfcM7D',#6,'1pxQ0MlwzAiOQ$tXtNokQN|1pxQ0MlwzAiOQ$tXtNokQG','Structural',$,#126,#160,(),(),.ATSTART.,.ATSTART.);
#6294=IFCRELCONNECTSPATHELEMENTS('15r7df7MCCyFp8Egwrriy4',#6,'1pxQ0MlwzAiOQ$tXtNokQN|1pxQ0MlwzAiOQ$tXtNokQG','Structural',$,#126,#160,(),(),.ATEND.,.ATEND.);
#6295=IFCPRESENTATIONLAYERASSIGNMENT('A-WALL-____-OTLN',$,(#41,#54,#90,#98,#113,#125,#151,#159,#174,#182),$);
#6296=IFCPRESENTATIONLAYERASSIGNMENT('A-GENM-____-OTLN',$,(#208,#219,#232,#243,#254,#265,#276,#287,#298,#309,#320,#331,#342,#353,#364,#375,#386,#403,#408,#425,#430,#447,#452,#463,#474,#491,#496,#507,#518,#529,#540,#551,#568,#573,#584,#595,#606,#617,#628,#639,#650,#661,#672,#683,#694,#705,#716,#727,#738,#749,#760,#771,#782,#793,#804,#825,#835,#852,#857,#873,#878,#894,#899,#915,#920,#937,#942,#959,#964,#981,#986,#1003,#1008,#1025,#1030,#1047,#1052,#1069,#1074,#1091,#1096,#1107,#1118,#1129,#1140,#1151,#1162,#1173,#1184,#1195,#1206,#1217,#1228,#1239,#1256,#1261,#1272,#1295,#1300,#1316,#1321,#1331,#1342,#1353,#1364,#1375,#1386,#1397,#1408,#1419,#1430,#1441,#1452,#1463,#1474,#1485,#1496,#1507,#1529,#1534,#1554,#1559,#1588,#1593,#1609,#1614,#1631,#1636,#1653,#1658,#1675,#1680,#1748,#1758,#1840,#1846,#1867,#1877,#1889,#1906,#1911,#1923,#1940,#1945,#1962,#1967,#1985,#1990,#2007,#2012,#2029,#2034,#2051,#2056,#2073,#2078,#2095,#2100,#2117,#2122,#2139,#2144,#2161,#2166,#2176,#2202,#2212,#2233,#2238,#2260,#2265,#2285,#2290,#2309,#2314,#2333,#2338,#2358,#2363,#2382,#2387,#2418,#2423,#2457,#2462,#2495,#2500,#2533,#2538,#2571,#2576,#2592,#2597,#2613,#2618,#2637,#2642,#2659,#2664,#2681,#2686,#2697,#2708,#2720,#2744,#2749,#2766,#2771,#2893,#2903,#2924,#2934,#2952,#2957,#2968,#2979,#2990,#3001,#3012,#3029,#3034,#3045,#3056,#3067,#3078,#3089,#3100,#3111,#3122,#3133,#3144,#3155,#3166,#3177,#3188,#3199,#3210,#3227,#3232,#3249,#3254,#3265,#3276,#3287,#3298,#3309,#3326,#3331,#3342,#3353,#3364,#3375,#3386,#3397,#3408,#3419,#3436,#3441,#3458,#3463,#3480,#3485,#3502,#3507,#3524,#3529,#3540,#3551,#3562,#3573,#3584,#3595,#3606,#3617,#3628,#3639,#3650,#3661,#3672,#3683,#3694,#3705,#3716,#3727,#3738,#3759,#3769,#3781,#3792,#3803,#3814,#3825,#3836,#3847,#3858,#3869,#3880,#3891,#3902,#3913,#3924,#3935,#3946,#3957,#3968,#3979,#3990,#4001,#4012,#4023,#4040,#4045,#4056,#4067,#4078,#4095,#4100,#4111,#4122,#4133,#4144,#4155,#4166,#4177,#4188,#4199,#4210,#4221,#4243,#4248,#4271,#4276,#4297,#4302,#4323,#4328,#4446,#4451,#4473,#4478,#4499,#4504,#4521,#4526,#4543,#4548,#4559,#4570,#4587,#4592,#4609,#4614,#4626,#4637,#4648,#4669,#4674,#4694,#4699,#4719,#4724,#4744,#4749,#4768,#4773,#4793,#4798,#4814,#4819,#4835,#4840,#4857,#4862,#4879,#4884,#4901,#4906,#4923,#4928,#4945,#4950,#4967,#4972,#4983,#4994,#5005,#5022,#5027,#5044,#5049,#5066,#5071,#5088,#5093,#5110,#5115,#5127,#5138,#5149,#5160,#5171,#5182,#5193,#5204,#5221,#5226,#5237,#5248,#5259,#5270,#5281,#5292,#5303,#5314,#5325,#5336,#5347,#5358,#5369,#5380,#5391,#5402,#5413,#5424,#5435,#5446,#5457,#5468,#5479,#5490,#5501,#5512,#5523,#5534,#5545,#5556,#5567,#5578,#5589,#5600,#5611,#5622,#5633,#5644,#5655,#5666,#5677,#5688,#5699,#5710,#5736,#5741,#5751,#5762,#5773,#5795,#5800,#5823,#5828,#5844,#5849,#5860,#5880,#5885,#5901,#5906,#5917,#5943,#5948,#5972,#5977,#5998,#6003,#6013,#6024,#6035,#6046,#6057,#6068,#6079,#6090,#6112,#6117),$);
#6297=IFCPRESENTATIONLAYERASSIGNMENT('A-FLOR-____-OTLN',$,(#1715),$);
#6298=IFCUNITASSIGNMENT((#7,#8,#9,#82,#202));
ENDSEC;

END-ISO-10303-21;