ISO-10303-21;
HEADER;
FILE_DESCRIPTION(('ViewDefinition [CoordinationView_V2.0]','RevitIdentifiers [ContentGUID: 9fdcccda-388f-4c1b-8758-dfe14a836a91, VersionGUID: bc13c382-feac-43d2-a0f7-34124a456237, NumberOfSaves: 94]','CoordinateReference [CoordinateBase: Coordenadas compartilhadas]'),'2;1');
FILE_NAME('Projeto WorldSkills 02.ifc','2026-08-16T12:01:42-03:00',(''),(''),'ODA SDAI 25.12','Autodesk - Revit 26.4.20.9 (PTB) - 26.4.20.9','');
FILE_SCHEMA(('IFC2X3'));
ENDSEC;

DATA;
#1=IFCORGANIZATION($,'Autodesk Revit 2026 (PTB)',$,$,$);
#2=IFCAPPLICATION(#1,'2026','Autodesk Revit 2026 (PTB)','Revit');
#3=IFCPERSON($,'','bruno.bueno8BCWM',$,$,$,$,$);
#4=IFCORGANIZATION($,'','',$,$);
#5=IFCPERSONANDORGANIZATION(#3,#4,$);
#6=IFCOWNERHISTORY(#5,#2,$,.NOCHANGE.,$,$,$,1783978085);
#7=IFCSIUNIT(*,.LENGTHUNIT.,.MILLI.,.METRE.);
#8=IFCSIUNIT(*,.AREAUNIT.,$,.SQUARE_METRE.);
#9=IFCSIUNIT(*,.VOLUMEUNIT.,$,.CUBIC_METRE.);
#10=IFCCARTESIANPOINT((0.,0.,0.));
#11=IFCAXIS2PLACEMENT3D(#10,$,$);
#12=IFCDIRECTION((0.,1.));
#13=IFCGEOMETRICREPRESENTATIONCONTEXT($,'Model',3,0.01,#11,#12);
#14=IFCGEOMETRICREPRESENTATIONSUBCONTEXT('Axis','Model',*,*,*,*,#13,$,.GRAPH_VIEW.,$);
#15=IFCGEOMETRICREPRESENTATIONSUBCONTEXT('Body','Model',*,*,*,*,#13,$,.MODEL_VIEW.,$);
#16=IFCGEOMETRICREPRESENTATIONSUBCONTEXT('Box','Model',*,*,*,*,#13,$,.MODEL_VIEW.,$);
#17=IFCGEOMETRICREPRESENTATIONSUBCONTEXT('FootPrint','Model',*,*,*,*,#13,$,.MODEL_VIEW.,$);
#18=IFCPROJECT('2VtCpQE8zC6uTOt_6rV9LX',#6,'0001',$,$,'Project Name','Project Status',(#13),#9186);
#19=IFCPOSTALADDRESS($,$,$,$,('Enter address here'),$,'','Boston','','MA');
#20=IFCAXIS2PLACEMENT3D(#10,$,$);
#21=IFCLOCALPLACEMENT(#31,#20);
#22=IFCBUILDING('2VtCpQE8zC6uTOt_6rV9LW',#6,'',$,$,#21,$,'',.ELEMENT.,$,$,#19);
#23=IFCAXIS2PLACEMENT3D(#10,$,$);
#24=IFCLOCALPLACEMENT(#21,#23);
#25=IFCBUILDINGSTOREY('3Zu5Bv0LOHrPC10026FoQQ',#6,'Level 1',$,$,#24,$,'Level 1',.ELEMENT.,0.);
#26=IFCCARTESIANPOINT((0.,0.,4000.));
#27=IFCAXIS2PLACEMENT3D(#26,$,$);
#28=IFCLOCALPLACEMENT(#21,#27);
#29=IFCBUILDINGSTOREY('15Z0v90RiHrPC20026FoKR',#6,'Level 2',$,$,#28,$,'Level 2',.ELEMENT.,4000.0000000000005);
#30=IFCAXIS2PLACEMENT3D(#10,$,$);
#31=IFCLOCALPLACEMENT($,#30);
#32=IFCSITE('2VtCpQE8zC6uTOt_6rV9LZ',#6,'Default',$,$,#31,$,$,.ELEMENT.,(42,21,31,181945),(-71,-3,-24,-263305),0.,$,$);
#33=IFCCARTESIANPOINT((7188.4931710057472,8736.0354060546269,-40.));
#34=IFCDIRECTION((0.,0.,1.));
#35=IFCDIRECTION((0.,-1.,0.));
#36=IFCAXIS2PLACEMENT3D(#33,#34,#35);
#37=IFCLOCALPLACEMENT(#24,#36);
#38=IFCCARTESIANPOINT((0.,0.));
#39=IFCCARTESIANPOINT((801.37228836277882,0.));
#40=IFCPOLYLINE((#38,#39));
#41=IFCSHAPEREPRESENTATION(#14,'Axis','Curve2D',(#40));
#42=IFCPRODUCTDEFINITIONSHAPE($,$,(#41,#54));
#43=IFCCARTESIANPOINT((400.68614418138941,4.1211478674085811E-013));
#44=IFCDIRECTION((-1.,0.));
#45=IFCAXIS2PLACEMENT2D(#43,#44);
#46=IFCRECTANGLEPROFILEDEF(.AREA.,$,#45,801.37228836277882,200.);
#47=IFCAXIS2PLACEMENT3D(#10,$,$);
#48=IFCEXTRUDEDAREASOLID(#46,#47,#34,2001.0000000000002);
#49=IFCCOLOURRGB($,0.80392156862745101,0.80392156862745101,0.80392156862745101);
#50=IFCSURFACESTYLERENDERING(#49,0.,$,$,$,$,IFCNORMALISEDRATIOMEASURE(0.5),IFCSPECULAREXPONENT(64.),.NOTDEFINED.);
#51=IFCSURFACESTYLE('Alvenaria de Bloco de Concreto Leve 600x240x200mm',.BOTH.,(#50));
#52=IFCPRESENTATIONSTYLEASSIGNMENT((#51));
#53=IFCSTYLEDITEM(#48,(#52),$);
#54=IFCSHAPEREPRESENTATION(#15,'Body','SweptSolid',(#48));
#55=IFCWALLSTANDARDCASE('1pxQ0MlwzAiOQ$tXtNokot',#6,'Parede b\X\E1sica:Bloco Leve de Concreto - 600x240x200:422819',$,$,#37,#42,'422819');
#56=IFCMATERIAL('Alvenaria de Bloco de Concreto Leve 600x240x200mm');
#57=IFCPRESENTATIONSTYLEASSIGNMENT((#51));
#58=IFCSTYLEDITEM($,(#57),$);
#59=IFCSTYLEDREPRESENTATION(#13,'Style','Material',(#58));
#60=IFCMATERIALDEFINITIONREPRESENTATION($,$,(#59),#56);
#61=IFCMATERIALLAYER(#56,200.,$);
#62=IFCMATERIALLAYERSET((#61),'Parede b\X\E1sica:Bloco Leve de Concreto - 600x240x200');
#63=IFCMATERIALLAYERSETUSAGE(#62,.AXIS2.,.NEGATIVE.,100.);
#64=IFCWALLTYPE('1pxQ0MlwzAiOQ$tXtNoksb',#6,'Parede b\X\E1sica:Bloco Leve de Concreto - 600x240x200',$,$,(#84),$,'422577',$,.STANDARD.);
#65=IFCPROPERTYSINGLEVALUE('Reference',$,IFCIDENTIFIER('Bloco Leve de Concreto - 600x240x200'),$);
#66=IFCPROPERTYSET('2U939kqAFY3foHAxHfYaQ2',#6,'Pset_QuantityTakeOff',$,(#65));
#67=IFCPROPERTYSINGLEVALUE('Reference',$,IFCLABEL('Bloco Leve de Concreto - 600x240x200'),$);
#68=IFCPROPERTYSET('3sCZZvFEJA$h_CnmHZkPjb',#6,'Pset_ReinforcementBarPitchOfWall',$,(#67));
#69=IFCPROPERTYSINGLEVALUE('IsExternal',$,IFCBOOLEAN(.T.),$);
#70=IFCPROPERTYSINGLEVALUE('ExtendToStructure',$,IFCBOOLEAN(.F.),$);
#71=IFCPROPERTYSINGLEVALUE('LoadBearing',$,IFCBOOLEAN(.F.),$);
#72=IFCPROPERTYSET('16GJuYS_POp_RcMtD5gHHi',#6,'Pset_WallCommon',$,(#65,#69,#70,#71));
#73=IFCRELDEFINESBYPROPERTIES('20Pt3$ZmS6DCSdZV0qLYaz',#6,$,$,(#55),#66);
#74=IFCRELDEFINESBYPROPERTIES('3ZRIpelDGD4LqlijcSEd_d',#6,$,$,(#55),#68);
#75=IFCRELDEFINESBYPROPERTIES('0mCJ8mMHZEAlNHLXKJPV0N',#6,$,$,(#55),#72);
#76=IFCSIUNIT(*,.MASSUNIT.,.KILO.,.GRAM.);
#77=IFCDERIVEDUNITELEMENT(#76,1);
#78=IFCSIUNIT(*,.THERMODYNAMICTEMPERATUREUNIT.,$,.KELVIN.);
#79=IFCDERIVEDUNITELEMENT(#78,-1);
#80=IFCSIUNIT(*,.TIMEUNIT.,$,.SECOND.);
#81=IFCDERIVEDUNITELEMENT(#80,-3);
#82=IFCDERIVEDUNIT((#77,#79,#81),.THERMALTRANSMITTANCEUNIT.,$);
#83=IFCPROPERTYSINGLEVALUE('ThermalTransmittance',$,IFCTHERMALTRANSMITTANCEMEASURE(6.5),$);
#84=IFCPROPERTYSET('0f395hauEE2ko3rISVOlYS',#6,'Pset_WallCommon',$,(#83));
#85=IFCCARTESIANPOINT((7238.4931710057344,7934.663117691849,-40.));
#86=IFCAXIS2PLACEMENT3D(#85,#34,#35);
#87=IFCLOCALPLACEMENT(#24,#86);
#88=IFCCARTESIANPOINT((627.,-0.));
#89=IFCPOLYLINE((#38,#88));
#90=IFCSHAPEREPRESENTATION(#14,'Axis','Curve2D',(#89));
#91=IFCPRODUCTDEFINITIONSHAPE($,$,(#90,#102));
#92=IFCCARTESIANPOINT((313.49999999999966,-7.1054273576010019E-015));
#93=IFCAXIS2PLACEMENT2D(#92,#44);
#94=IFCRECTANGLEPROFILEDEF(.AREA.,$,#93,626.99999999999932,99.99999999999892);
#95=IFCAXIS2PLACEMENT3D(#10,$,$);
#96=IFCEXTRUDEDAREASOLID(#94,#95,#34,1719.2100000000003);
#97=IFCCOLOURRGB($,0.70980392156862748,0.70980392156862748,0.70980392156862748);
#98=IFCSURFACESTYLERENDERING(#97,0.,$,$,$,$,IFCNORMALISEDRATIOMEASURE(0.5),IFCSPECULAREXPONENT(64.),.NOTDEFINED.);
#99=IFCSURFACESTYLE('Alvenaria de Bloco de Concreto Leve 600x240x100mm',.BOTH.,(#98));
#100=IFCPRESENTATIONSTYLEASSIGNMENT((#99));
#101=IFCSTYLEDITEM(#96,(#100),$);
#102=IFCSHAPEREPRESENTATION(#15,'Body','SweptSolid',(#96));
#103=IFCWALLSTANDARDCASE('1pxQ0MlwzAiOQ$tXtNokQN',#6,'Parede b\X\E1sica:Bloco Leve de Concreto - 600x240x100:424323',$,$,#87,#91,'424323');
#104=IFCMATERIAL('Alvenaria de Bloco de Concreto Leve 600x240x100mm');
#105=IFCPRESENTATIONSTYLEASSIGNMENT((#99));
#106=IFCSTYLEDITEM($,(#105),$);
#107=IFCSTYLEDREPRESENTATION(#13,'Style','Material',(#106));
#108=IFCMATERIALDEFINITIONREPRESENTATION($,$,(#107),#104);
#109=IFCMATERIALLAYER(#104,100.,$);
#110=IFCMATERIALLAYERSET((#109),'Parede b\X\E1sica:Bloco Leve de Concreto - 600x240x100');
#111=IFCMATERIALLAYERSETUSAGE(#110,.AXIS2.,.NEGATIVE.,50.);
#112=IFCWALLTYPE('1pxQ0MlwzAiOQ$tXtNoksf',#6,'Parede b\X\E1sica:Bloco Leve de Concreto - 600x240x100',$,$,(#122),$,'422589',$,.STANDARD.);
#113=IFCPROPERTYSINGLEVALUE('Reference',$,IFCIDENTIFIER('Bloco Leve de Concreto - 600x240x100'),$);
#114=IFCPROPERTYSET('2Oen$D1_CB0IQYuy$wC91D',#6,'Pset_QuantityTakeOff',$,(#113));
#115=IFCPROPERTYSINGLEVALUE('Reference',$,IFCLABEL('Bloco Leve de Concreto - 600x240x100'),$);
#116=IFCPROPERTYSET('1bokUWRLDd6lgbVyjFxnM8',#6,'Pset_ReinforcementBarPitchOfWall',$,(#115));
#117=IFCPROPERTYSET('1j7YVBur64W1dQsRozugkK',#6,'Pset_WallCommon',$,(#69,#70,#71,#113));
#118=IFCRELDEFINESBYPROPERTIES('1nfRirOyatc_texJYk3vhL',#6,$,$,(#103),#114);
#119=IFCRELDEFINESBYPROPERTIES('1oco6RUKI80Zi5d1A1sUe3',#6,$,$,(#103),#116);
#120=IFCRELDEFINESBYPROPERTIES('0TVDwQ2WNSYRrj6kekZfy_',#6,$,$,(#103),#117);
#121=IFCPROPERTYSINGLEVALUE('ThermalTransmittance',$,IFCTHERMALTRANSMITTANCEMEASURE(13.),$);
#122=IFCPROPERTYSET('2lpDgi6PfL8a$pq9I$X41E',#6,'Pset_WallCommon',$,(#121));
#123=IFCCARTESIANPOINT((7188.4931710057353,7934.6631176918499,1679.21));
#124=IFCAXIS2PLACEMENT3D(#123,#34,#35);
#125=IFCLOCALPLACEMENT(#24,#124);
#126=IFCCARTESIANPOINT((627.,-0.));
#127=IFCPOLYLINE((#38,#126));
#128=IFCSHAPEREPRESENTATION(#14,'Axis','Curve2D',(#127));
#129=IFCPRODUCTDEFINITIONSHAPE($,$,(#128,#136));
#130=IFCCARTESIANPOINT((313.50000000000023,-7.1054273576010019E-015));
#131=IFCAXIS2PLACEMENT2D(#130,#44);
#132=IFCRECTANGLEPROFILEDEF(.AREA.,$,#131,627.00000000000045,200.);
#133=IFCAXIS2PLACEMENT3D(#10,$,$);
#134=IFCEXTRUDEDAREASOLID(#132,#133,#34,281.79000000000025);
#135=IFCSTYLEDITEM(#134,(#52),$);
#136=IFCSHAPEREPRESENTATION(#15,'Body','SweptSolid',(#134));
#137=IFCWALLSTANDARDCASE('1pxQ0MlwzAiOQ$tXtNokQG',#6,'Parede b\X\E1sica:Bloco Leve de Concreto - 600x240x200:424324',$,$,#125,#129,'424324');
#138=IFCMATERIALLAYERSETUSAGE(#62,.AXIS2.,.NEGATIVE.,100.);
#139=IFCPROPERTYSET('10zPhliN_UNgbX9yYbJnRK',#6,'Pset_QuantityTakeOff',$,(#65));
#140=IFCPROPERTYSINGLEVALUE('Reference',$,IFCLABEL('Bloco Leve de Concreto - 600x240x200'),$);
#141=IFCPROPERTYSET('2EEyD6YC$OZ7NtIao_oM0t',#6,'Pset_ReinforcementBarPitchOfWall',$,(#140));
#142=IFCPROPERTYSET('1tjEGLi0K9X45pHKJ2r0c_',#6,'Pset_WallCommon',$,(#65,#69,#70,#71));
#143=IFCRELDEFINESBYPROPERTIES('1Yar4tw4$DDhnDRDebuksI',#6,$,$,(#137),#139);
#144=IFCRELDEFINESBYPROPERTIES('2$WRlI9srR8LirE4BpVRKA',#6,$,$,(#137),#141);
#145=IFCRELDEFINESBYPROPERTIES('0XmXfIuYhTiqLtpDUjvj19',#6,$,$,(#137),#142);
#146=IFCCARTESIANPOINT((5278.4931710057153,8636.0354060546324,-40.));
#147=IFCAXIS2PLACEMENT3D(#146,$,$);
#148=IFCLOCALPLACEMENT(#24,#147);
#149=IFCCARTESIANPOINT((1810.,0.));
#150=IFCPOLYLINE((#38,#149));
#151=IFCSHAPEREPRESENTATION(#14,'Axis','Curve2D',(#150));
#152=IFCPRODUCTDEFINITIONSHAPE($,$,(#151,#159));
#153=IFCCARTESIANPOINT((905.00000000001626,-1.2079226507921703E-013));
#154=IFCAXIS2PLACEMENT2D(#153,#44);
#155=IFCRECTANGLEPROFILEDEF(.AREA.,$,#154,1810.0000000000325,200.);
#156=IFCAXIS2PLACEMENT3D(#10,$,$);
#157=IFCEXTRUDEDAREASOLID(#155,#156,#34,2001.0000000000095);
#158=IFCSTYLEDITEM(#157,(#52),$);
#159=IFCSHAPEREPRESENTATION(#15,'Body','SweptSolid',(#157));
#160=IFCWALLSTANDARDCASE('1MH_t$ZbL18A53iTg7iZB7',#6,'Parede b\X\E1sica:Bloco Leve de Concreto - 600x240x200:435258',$,$,#148,#152,'435258');
#161=IFCMATERIALLAYERSETUSAGE(#62,.AXIS2.,.NEGATIVE.,100.);
#162=IFCPROPERTYSET('3e8mzKDqFr1ISXPWtgnt7V',#6,'Pset_QuantityTakeOff',$,(#65));
#163=IFCPROPERTYSINGLEVALUE('Reference',$,IFCLABEL('Bloco Leve de Concreto - 600x240x200'),$);
#164=IFCPROPERTYSET('3PEkdy2rJYKO2uOH1pbaGr',#6,'Pset_ReinforcementBarPitchOfWall',$,(#163));
#165=IFCPROPERTYSET('0QISoNVj2C0mpoGzNCQfBw',#6,'Pset_WallCommon',$,(#65,#69,#70,#71));
#166=IFCRELDEFINESBYPROPERTIES('0rRi2YB4HEPFFsM63WOfoN',#6,$,$,(#160),#162);
#167=IFCRELDEFINESBYPROPERTIES('2wSYmIf8GvFewPt$M86rbi',#6,$,$,(#160),#164);
#168=IFCRELDEFINESBYPROPERTIES('2jXfvZrvlQqg$llifZZbvQ',#6,$,$,(#160),#165);
#169=IFCCARTESIANPOINT((2.1316282072803006E-014,0.));
#170=IFCDIRECTION((1.,0.));
#171=IFCAXIS2PLACEMENT2D(#169,#170);
#172=IFCRECTANGLEPROFILEDEF(.AREA.,'Tile 200x100x75 White 2',#171,199.80000000000001,100.40000000000001);
#173=IFCCARTESIANPOINT((-50.199999999993743,-99.900000000008419,-0.));
#174=IFCAXIS2PLACEMENT3D(#173,#34,#35);
#175=IFCEXTRUDEDAREASOLID(#172,#174,#34,6.9999999999999973);
#176=IFCSIUNIT(*,.PLANEANGLEUNIT.,$,.RADIAN.);
#177=IFCDIMENSIONALEXPONENTS(0,0,0,0,0,0,0);
#178=IFCMEASUREWITHUNIT(IFCPLANEANGLEMEASURE(0.017453292519943278),#176);
#179=IFCCONVERSIONBASEDUNIT(#177,.PLANEANGLEUNIT.,'DEGREE',#178);
#180=IFCCOLOURRGB($,1.,1.,1.);
#181=IFCSURFACESTYLERENDERING(#180,0.,$,$,$,$,IFCNORMALISEDRATIOMEASURE(0.5),IFCSPECULAREXPONENT(64.),.NOTDEFINED.);
#182=IFCSURFACESTYLE('Tile White',.BOTH.,(#181));
#183=IFCPRESENTATIONSTYLEASSIGNMENT((#182));
#184=IFCSTYLEDITEM(#175,(#183),$);
#185=IFCSHAPEREPRESENTATION(#15,'Body','SweptSolid',(#175));
#186=IFCAXIS2PLACEMENT3D(#10,$,$);
#187=IFCREPRESENTATIONMAP(#186,#185);
#188=IFCBUILDINGELEMENTPROXYTYPE('1MH_t$ZbL18A53iTg7iZoj',#6,'Tile:Tile 200x100x75 White 2',$,$,$,(#187),'431094',$,.NOTDEFINED.);
#189=IFCMATERIAL('Tile White');
#190=IFCPRESENTATIONSTYLEASSIGNMENT((#182));
#191=IFCSTYLEDITEM($,(#190),$);
#192=IFCSTYLEDREPRESENTATION(#13,'Style','Material',(#191));
#193=IFCMATERIALDEFINITIONREPRESENTATION($,$,(#192),#189);
#194=IFCCARTESIANTRANSFORMATIONOPERATOR3D($,$,#10,1.,$);
#195=IFCMAPPEDITEM(#187,#194);
#196=IFCSHAPEREPRESENTATION(#15,'Body','MappedRepresentation',(#195));
#197=IFCPRODUCTDEFINITIONSHAPE($,$,(#196));
#198=IFCCARTESIANPOINT((7086.4931710057408,8433.9105668044667,1924.0100328393739));
#199=IFCDIRECTION((-1.,0.,0.));
#200=IFCAXIS2PLACEMENT3D(#198,#199,#34);
#201=IFCLOCALPLACEMENT(#24,#200);
#202=IFCBUILDINGELEMENTPROXY('1MH_t$ZbL18A53iTg7iZzy',#6,'Tile:Tile 200x100x75 White 2:436609',$,$,#201,#197,'436609',$);
#203=IFCPROPERTYSINGLEVALUE('Reference',$,IFCIDENTIFIER('Tile 200x100x75 White 2'),$);
#204=IFCPROPERTYSET('11Tl73m1mSWwMC91tyWFVm',#6,'Pset_BuildingElementProxyCommon',$,(#203));
#205=IFCPROPERTYSET('1ujqRlP$hwYKufoq8cJG7c',#6,'Pset_QuantityTakeOff',$,(#203));
#206=IFCRELDEFINESBYPROPERTIES('2JE8biGSB_aDaKzMyNL8Oc',#6,$,$,(#202),#204);
#207=IFCRELDEFINESBYPROPERTIES('2QJzTbjh45_K0OXP8_Reth',#6,$,$,(#202),#205);
#208=IFCMAPPEDITEM(#187,#194);
#209=IFCSHAPEREPRESENTATION(#15,'Body','MappedRepresentation',(#208));
#210=IFCPRODUCTDEFINITIONSHAPE($,$,(#209));
#211=IFCCARTESIANPOINT((7086.4931710057399,8232.1105668044675,1924.010032839373));
#212=IFCAXIS2PLACEMENT3D(#211,#199,#34);
#213=IFCLOCALPLACEMENT(#24,#212);
#214=IFCBUILDINGELEMENTPROXY('18mlhNdHLBxuIFFMXYW9vt',#6,'Tile:Tile 200x100x75 White 2:437141',$,$,#213,#210,'437141',$);
#215=IFCPROPERTYSET('31AHvbOtBl8V5sd20Dtop4',#6,'Pset_BuildingElementProxyCommon',$,(#203));
#216=IFCPROPERTYSET('0pqyGQAKuEpxFMF4VRzgv2',#6,'Pset_QuantityTakeOff',$,(#203));
#217=IFCRELDEFINESBYPROPERTIES('2GhvPYEux7GiBEcdXTZjKS',#6,$,$,(#214),#215);
#218=IFCRELDEFINESBYPROPERTIES('0tU1d6idlOP7ia595wams5',#6,$,$,(#214),#216);
#219=IFCMAPPEDITEM(#187,#194);
#220=IFCSHAPEREPRESENTATION(#15,'Body','MappedRepresentation',(#219));
#221=IFCPRODUCTDEFINITIONSHAPE($,$,(#220));
#222=IFCCARTESIANPOINT((7086.4931710057399,8030.3105668044673,1924.0100328393739));
#223=IFCAXIS2PLACEMENT3D(#222,#199,#34);
#224=IFCLOCALPLACEMENT(#24,#223);
#225=IFCBUILDINGELEMENTPROXY('18mlhNdHLBxuIFFMXYW9vA',#6,'Tile:Tile 200x100x75 White 2:437160',$,$,#224,#221,'437160',$);
#226=IFCPROPERTYSET('2PRbVD3W4PJ1_k0w9eRUo6',#6,'Pset_BuildingElementProxyCommon',$,(#203));
#227=IFCPROPERTYSET('25sF6UhHD6Q_I1_kjFHIIc',#6,'Pset_QuantityTakeOff',$,(#203));
#228=IFCRELDEFINESBYPROPERTIES('2Wj2ytPsDOT8QXp11$m2zj',#6,$,$,(#225),#226);
#229=IFCRELDEFINESBYPROPERTIES('3w$575G7zmS4QILlwLMpYd',#6,$,$,(#225),#227);
#230=IFCMAPPEDITEM(#187,#194);
#231=IFCSHAPEREPRESENTATION(#15,'Body','MappedRepresentation',(#230));
#232=IFCPRODUCTDEFINITIONSHAPE($,$,(#231));
#233=IFCCARTESIANPOINT((7086.4931710057399,7828.510566804468,1924.0100328393739));
#234=IFCAXIS2PLACEMENT3D(#233,#199,#34);
#235=IFCLOCALPLACEMENT(#24,#234);
#236=IFCBUILDINGELEMENTPROXY('18mlhNdHLBxuIFFMXYW9v8',#6,'Tile:Tile 200x100x75 White 2:437162',$,$,#235,#232,'437162',$);
#237=IFCPROPERTYSET('11TKLytWJIICnsDdZOtiAV',#6,'Pset_BuildingElementProxyCommon',$,(#203));
#238=IFCPROPERTYSET('2h2Hvwu_ENtqKv$zjrOIg1',#6,'Pset_QuantityTakeOff',$,(#203));
#239=IFCRELDEFINESBYPROPERTIES('1rrzygEcDE7G3dR4ctfg3$',#6,$,$,(#236),#237);
#240=IFCRELDEFINESBYPROPERTIES('3VVMcetA_tsGsKydhbysbL',#6,$,$,(#236),#238);
#241=IFCMAPPEDITEM(#187,#194);
#242=IFCSHAPEREPRESENTATION(#15,'Body','MappedRepresentation',(#241));
#243=IFCPRODUCTDEFINITIONSHAPE($,$,(#242));
#244=IFCCARTESIANPOINT((7086.493171005739,7626.7105668044687,1924.0100328393739));
#245=IFCAXIS2PLACEMENT3D(#244,#199,#34);
#246=IFCLOCALPLACEMENT(#24,#245);
#247=IFCBUILDINGELEMENTPROXY('18mlhNdHLBxuIFFMXYW9vE',#6,'Tile:Tile 200x100x75 White 2:437164',$,$,#246,#243,'437164',$);
#248=IFCPROPERTYSET('1QXHbxUU8Br5UlQ8VmlWaK',#6,'Pset_BuildingElementProxyCommon',$,(#203));
#249=IFCPROPERTYSET('126LRcprvD8TYC9MJhAnmq',#6,'Pset_QuantityTakeOff',$,(#203));
#250=IFCRELDEFINESBYPROPERTIES('3Z2fw3Lpb$BZy_BD0LdBLX',#6,$,$,(#247),#248);
#251=IFCRELDEFINESBYPROPERTIES('1bakbuatmhdKBajO1N4ctc',#6,$,$,(#247),#249);
#252=IFCMAPPEDITEM(#187,#194);
#253=IFCSHAPEREPRESENTATION(#15,'Body','MappedRepresentation',(#252));
#254=IFCPRODUCTDEFINITIONSHAPE($,$,(#253));
#255=IFCCARTESIANPOINT((7086.493171005739,7424.9105668044685,1924.0100328393739));
#256=IFCAXIS2PLACEMENT3D(#255,#199,#34);
#257=IFCLOCALPLACEMENT(#24,#256);
#258=IFCBUILDINGELEMENTPROXY('18mlhNdHLBxuIFFMXYW9vC',#6,'Tile:Tile 200x100x75 White 2:437166',$,$,#257,#254,'437166',$);
#259=IFCPROPERTYSET('1QCTHIODRb8pCTM0CCQ6zH',#6,'Pset_BuildingElementProxyCommon',$,(#203));
#260=IFCPROPERTYSET('0LmoehuksjZVle2tg9iTxi',#6,'Pset_QuantityTakeOff',$,(#203));
#261=IFCRELDEFINESBYPROPERTIES('15lU8aNx_GfbcObY5NPSj7',#6,$,$,(#258),#259);
#262=IFCRELDEFINESBYPROPERTIES('3HsHlGkPYz1SWwliBJW8Df',#6,$,$,(#258),#260);
#263=IFCMAPPEDITEM(#187,#194);
#264=IFCSHAPEREPRESENTATION(#15,'Body','MappedRepresentation',(#263));
#265=IFCPRODUCTDEFINITIONSHAPE($,$,(#264));
#266=IFCCARTESIANPOINT((7086.493171005739,7223.1105668044693,1924.0100328393739));
#267=IFCAXIS2PLACEMENT3D(#266,#199,#34);
#268=IFCLOCALPLACEMENT(#24,#267);
#269=IFCBUILDINGELEMENTPROXY('18mlhNdHLBxuIFFMXYW9vI',#6,'Tile:Tile 200x100x75 White 2:437168',$,$,#268,#265,'437168',$);
#270=IFCPROPERTYSET('2zoFuwuH3D$t5fbl2M$A51',#6,'Pset_BuildingElementProxyCommon',$,(#203));
#271=IFCPROPERTYSET('08NLYg_m0ni8VtR21cgDcx',#6,'Pset_QuantityTakeOff',$,(#203));
#272=IFCRELDEFINESBYPROPERTIES('0EUbo82J4Nh2D3MSSynC5l',#6,$,$,(#269),#270);
#273=IFCRELDEFINESBYPROPERTIES('1upcCCzUK2wJt3zswRRLYd',#6,$,$,(#269),#271);
#274=IFCMAPPEDITEM(#187,#194);
#275=IFCSHAPEREPRESENTATION(#15,'Body','MappedRepresentation',(#274));
#276=IFCPRODUCTDEFINITIONSHAPE($,$,(#275));
#277=IFCCARTESIANPOINT((7086.4931710057381,7021.31056680447,1924.0100328393739));
#278=IFCAXIS2PLACEMENT3D(#277,#199,#34);
#279=IFCLOCALPLACEMENT(#24,#278);
#280=IFCBUILDINGELEMENTPROXY('18mlhNdHLBxuIFFMXYW9vG',#6,'Tile:Tile 200x100x75 White 2:437170',$,$,#279,#276,'437170',$);
#281=IFCPROPERTYSET('1Mw1kg0yrja6kI84dRmINb',#6,'Pset_BuildingElementProxyCommon',$,(#203));
#282=IFCPROPERTYSET('1IoaNUMSfCOYY7O68cH1Q2',#6,'Pset_QuantityTakeOff',$,(#203));
#283=IFCRELDEFINESBYPROPERTIES('0_EkXBKrEFjErRwE0QK298',#6,$,$,(#280),#281);
#284=IFCRELDEFINESBYPROPERTIES('3_nsjLDKUGJfeOJjJQRBQD',#6,$,$,(#280),#282);
#285=IFCMAPPEDITEM(#187,#194);
#286=IFCSHAPEREPRESENTATION(#15,'Body','MappedRepresentation',(#285));
#287=IFCPRODUCTDEFINITIONSHAPE($,$,(#286));
#288=IFCCARTESIANPOINT((7086.4931710057381,6920.4105668044667,1821.6100328393704));
#289=IFCAXIS2PLACEMENT3D(#288,#199,#34);
#290=IFCLOCALPLACEMENT(#24,#289);
#291=IFCBUILDINGELEMENTPROXY('18mlhNdHLBxuIFFMXYW9un',#6,'Tile:Tile 200x100x75 White 2:437203',$,$,#290,#287,'437203',$);
#292=IFCPROPERTYSET('3i0qRJ7$RU_1Wt5QpYIZrt',#6,'Pset_BuildingElementProxyCommon',$,(#203));
#293=IFCPROPERTYSET('13m5eGI4p2$VyeDNob8Vhh',#6,'Pset_QuantityTakeOff',$,(#203));
#294=IFCRELDEFINESBYPROPERTIES('3wmjsxDazyYnY6NoaXctsd',#6,$,$,(#291),#292);
#295=IFCRELDEFINESBYPROPERTIES('3mrufZf0UCDeJ7XvY24pkE',#6,$,$,(#291),#293);
#296=IFCMAPPEDITEM(#187,#194);
#297=IFCSHAPEREPRESENTATION(#15,'Body','MappedRepresentation',(#296));
#298=IFCPRODUCTDEFINITIONSHAPE($,$,(#297));
#299=IFCCARTESIANPOINT((7086.493171005739,7122.210566804466,1821.6100328393709));
#300=IFCAXIS2PLACEMENT3D(#299,#199,#34);
#301=IFCLOCALPLACEMENT(#24,#300);
#302=IFCBUILDINGELEMENTPROXY('18mlhNdHLBxuIFFMXYW9uO',#6,'Tile:Tile 200x100x75 White 2:437242',$,$,#301,#298,'437242',$);
#303=IFCPROPERTYSET('0PQQpC70aFoh06tHIUbcW5',#6,'Pset_BuildingElementProxyCommon',$,(#203));
#304=IFCPROPERTYSET('3arpS9n2tg$PNmeRJYvec1',#6,'Pset_QuantityTakeOff',$,(#203));
#305=IFCRELDEFINESBYPROPERTIES('1t4iwAfNXQsczPwuxjWNIy',#6,$,$,(#302),#303);
#306=IFCRELDEFINESBYPROPERTIES('2mTTaFGFhBLcOR0SOTJrA7',#6,$,$,(#302),#304);
#307=IFCMAPPEDITEM(#187,#194);
#308=IFCSHAPEREPRESENTATION(#15,'Body','MappedRepresentation',(#307));
#309=IFCPRODUCTDEFINITIONSHAPE($,$,(#308));
#310=IFCCARTESIANPOINT((7086.493171005739,7324.0105668044662,1821.6100328393704));
#311=IFCAXIS2PLACEMENT3D(#310,#199,#34);
#312=IFCLOCALPLACEMENT(#24,#311);
#313=IFCBUILDINGELEMENTPROXY('18mlhNdHLBxuIFFMXYW9dg',#6,'Tile:Tile 200x100x75 White 2:437256',$,$,#312,#309,'437256',$);
#314=IFCPROPERTYSET('0Ne0uYClxB6pOKkFWThiWN',#6,'Pset_BuildingElementProxyCommon',$,(#203));
#315=IFCPROPERTYSET('0g_587UCH6Jxagf3LvGEwN',#6,'Pset_QuantityTakeOff',$,(#203));
#316=IFCRELDEFINESBYPROPERTIES('172wmOE6FGQdjHpENkkMv$',#6,$,$,(#313),#314);
#317=IFCRELDEFINESBYPROPERTIES('0PepMMYtpW7JJwNbfPxlfg',#6,$,$,(#313),#315);
#318=IFCMAPPEDITEM(#187,#194);
#319=IFCSHAPEREPRESENTATION(#15,'Body','MappedRepresentation',(#318));
#320=IFCPRODUCTDEFINITIONSHAPE($,$,(#319));
#321=IFCCARTESIANPOINT((7086.493171005739,7525.8105668044655,1821.6100328393704));
#322=IFCAXIS2PLACEMENT3D(#321,#199,#34);
#323=IFCLOCALPLACEMENT(#24,#322);
#324=IFCBUILDINGELEMENTPROXY('18mlhNdHLBxuIFFMXYW9de',#6,'Tile:Tile 200x100x75 White 2:437258',$,$,#323,#320,'437258',$);
#325=IFCPROPERTYSET('0rVcQRNzppz$J3C8cNWZMQ',#6,'Pset_BuildingElementProxyCommon',$,(#203));
#326=IFCPROPERTYSET('2dM9aAJZohoAzcvh53wQbQ',#6,'Pset_QuantityTakeOff',$,(#203));
#327=IFCRELDEFINESBYPROPERTIES('0WfCIlYtoURXad$tLRqY2S',#6,$,$,(#324),#325);
#328=IFCRELDEFINESBYPROPERTIES('3uwKlNJXlord$Z$1Fub$z4',#6,$,$,(#324),#326);
#329=IFCMAPPEDITEM(#187,#194);
#330=IFCSHAPEREPRESENTATION(#15,'Body','MappedRepresentation',(#329));
#331=IFCPRODUCTDEFINITIONSHAPE($,$,(#330));
#332=IFCCARTESIANPOINT((7086.4931710057399,7727.6105668044647,1821.6100328393704));
#333=IFCAXIS2PLACEMENT3D(#332,#199,#34);
#334=IFCLOCALPLACEMENT(#24,#333);
#335=IFCBUILDINGELEMENTPROXY('18mlhNdHLBxuIFFMXYW9dk',#6,'Tile:Tile 200x100x75 White 2:437260',$,$,#334,#331,'437260',$);
#336=IFCPROPERTYSET('39lgOc8XLJcBP_k_2gfx07',#6,'Pset_BuildingElementProxyCommon',$,(#203));
#337=IFCPROPERTYSET('1B6JTIF6NR_HSzv493KXjW',#6,'Pset_QuantityTakeOff',$,(#203));
#338=IFCRELDEFINESBYPROPERTIES('0kah7JeeXohG45qEV5YNIy',#6,$,$,(#335),#336);
#339=IFCRELDEFINESBYPROPERTIES('0ozvwG6zRRl_2eDTGZpj7Q',#6,$,$,(#335),#337);
#340=IFCMAPPEDITEM(#187,#194);
#341=IFCSHAPEREPRESENTATION(#15,'Body','MappedRepresentation',(#340));
#342=IFCPRODUCTDEFINITIONSHAPE($,$,(#341));
#343=IFCCARTESIANPOINT((7086.4931710057399,7929.4105668044649,1821.6100328393704));
#344=IFCAXIS2PLACEMENT3D(#343,#199,#34);
#345=IFCLOCALPLACEMENT(#24,#344);
#346=IFCBUILDINGELEMENTPROXY('18mlhNdHLBxuIFFMXYW9di',#6,'Tile:Tile 200x100x75 White 2:437262',$,$,#345,#342,'437262',$);
#347=IFCPROPERTYSET('19ZQmMwB7lOpJWXs1UN0DH',#6,'Pset_BuildingElementProxyCommon',$,(#203));
#348=IFCPROPERTYSET('1qn0rxzEYtUA0GJa_kyEMU',#6,'Pset_QuantityTakeOff',$,(#203));
#349=IFCRELDEFINESBYPROPERTIES('3qOOY4z96Mpu4F$9dyy1JE',#6,$,$,(#346),#347);
#350=IFCRELDEFINESBYPROPERTIES('0o2QV_GfViDd4hcmIIiVjR',#6,$,$,(#346),#348);
#351=IFCMAPPEDITEM(#187,#194);
#352=IFCSHAPEREPRESENTATION(#15,'Body','MappedRepresentation',(#351));
#353=IFCPRODUCTDEFINITIONSHAPE($,$,(#352));
#354=IFCCARTESIANPOINT((7086.4931710057399,8131.2105668044642,1821.6100328393704));
#355=IFCAXIS2PLACEMENT3D(#354,#199,#34);
#356=IFCLOCALPLACEMENT(#24,#355);
#357=IFCBUILDINGELEMENTPROXY('18mlhNdHLBxuIFFMXYW9do',#6,'Tile:Tile 200x100x75 White 2:437264',$,$,#356,#353,'437264',$);
#358=IFCPROPERTYSET('01IGnMsbPSF$vH1eHy2s49',#6,'Pset_BuildingElementProxyCommon',$,(#203));
#359=IFCPROPERTYSET('0_GKMDcz43vixxV0i2lvfX',#6,'Pset_QuantityTakeOff',$,(#203));
#360=IFCRELDEFINESBYPROPERTIES('2Moe0KAjG$_hqGY5B3ojIC',#6,$,$,(#357),#358);
#361=IFCRELDEFINESBYPROPERTIES('3zPuei_olwxVyZm0Q1Lmaq',#6,$,$,(#357),#359);
#362=IFCMAPPEDITEM(#187,#194);
#363=IFCSHAPEREPRESENTATION(#15,'Body','MappedRepresentation',(#362));
#364=IFCPRODUCTDEFINITIONSHAPE($,$,(#363));
#365=IFCCARTESIANPOINT((7086.4931710057408,8333.0105668044635,1821.6100328393704));
#366=IFCAXIS2PLACEMENT3D(#365,#199,#34);
#367=IFCLOCALPLACEMENT(#24,#366);
#368=IFCBUILDINGELEMENTPROXY('18mlhNdHLBxuIFFMXYW9dm',#6,'Tile:Tile 200x100x75 White 2:437266',$,$,#367,#364,'437266',$);
#369=IFCPROPERTYSET('3PNw__IM_erjwZmW5SyxI0',#6,'Pset_BuildingElementProxyCommon',$,(#203));
#370=IFCPROPERTYSET('0yWXnaWoj6PZJ$U3h69j6e',#6,'Pset_QuantityTakeOff',$,(#203));
#371=IFCRELDEFINESBYPROPERTIES('24Yw_sB42fQjPWVcPkiFGm',#6,$,$,(#368),#369);
#372=IFCRELDEFINESBYPROPERTIES('0$1LXAACBog96rIU$It7gD',#6,$,$,(#368),#370);
#373=IFCCARTESIANPOINT((0.,0.));
#374=IFCAXIS2PLACEMENT2D(#373,#170);
#375=IFCRECTANGLEPROFILEDEF(.AREA.,'Tile 200x100x75 White 2',#374,98.90000000000002,100.40000000000001);
#376=IFCCARTESIANPOINT((-50.199999999993743,-49.450000000008437,-0.));
#377=IFCAXIS2PLACEMENT3D(#376,#34,#35);
#378=IFCEXTRUDEDAREASOLID(#375,#377,#34,6.9999999999999973);
#379=IFCSTYLEDITEM(#378,(#183),$);
#380=IFCSHAPEREPRESENTATION(#15,'Body','SweptSolid',(#378));
#381=IFCAXIS2PLACEMENT3D(#10,$,$);
#382=IFCREPRESENTATIONMAP(#381,#380);
#383=IFCBUILDINGELEMENTPROXYTYPE('1MH_t$ZbL18A53iTg7iWYy',#6,'Tile:Tile 200x100x75 White 2',$,$,$,(#382),'431094',$,.NOTDEFINED.);
#384=IFCMAPPEDITEM(#382,#194);
#385=IFCSHAPEREPRESENTATION(#15,'Body','MappedRepresentation',(#384));
#386=IFCPRODUCTDEFINITIONSHAPE($,$,(#385));
#387=IFCCARTESIANPOINT((7086.4931710057381,6819.5105668044671,1924.0100328393735));
#388=IFCAXIS2PLACEMENT3D(#387,#199,#34);
#389=IFCLOCALPLACEMENT(#24,#388);
#390=IFCBUILDINGELEMENTPROXY('18mlhNdHLBxuIFFMXYW9dR',#6,'Tile:Tile 200x100x75 White 2:437305',$,$,#389,#386,'437305',$);
#391=IFCPROPERTYSET('0G3YeAIa5GOZJeUtWwBlfR',#6,'Pset_BuildingElementProxyCommon',$,(#203));
#392=IFCPROPERTYSET('0TVjiIrv_7jQyx_SbDbc2H',#6,'Pset_QuantityTakeOff',$,(#203));
#393=IFCRELDEFINESBYPROPERTIES('3FsDEWBAeJNOp9_17L32oR',#6,$,$,(#390),#391);
#394=IFCRELDEFINESBYPROPERTIES('1vAczLKQ27KRYUBUYA2Dgx',#6,$,$,(#390),#392);
#395=IFCCARTESIANPOINT((2.1316282072803006E-014,0.));
#396=IFCAXIS2PLACEMENT2D(#395,#170);
#397=IFCRECTANGLEPROFILEDEF(.AREA.,'Tile 200x100x75 White 2',#396,185.60000000000002,100.40000000000001);
#398=IFCCARTESIANPOINT((-50.199999999993743,-92.80000000000841,-0.));
#399=IFCAXIS2PLACEMENT3D(#398,#34,#35);
#400=IFCEXTRUDEDAREASOLID(#397,#399,#34,6.9999999999999973);
#401=IFCSTYLEDITEM(#400,(#183),$);
#402=IFCSHAPEREPRESENTATION(#15,'Body','SweptSolid',(#400));
#403=IFCAXIS2PLACEMENT3D(#10,$,$);
#404=IFCREPRESENTATIONMAP(#403,#402);
#405=IFCBUILDINGELEMENTPROXYTYPE('0r3m9KXTH7dQEHyg3LNa7J',#6,'Tile:Tile 200x100x75 White 2',$,$,$,(#404),'431094',$,.NOTDEFINED.);
#406=IFCMAPPEDITEM(#404,#194);
#407=IFCSHAPEREPRESENTATION(#15,'Body','MappedRepresentation',(#406));
#408=IFCPRODUCTDEFINITIONSHAPE($,$,(#407));
#409=IFCCARTESIANPOINT((7086.4931710057408,8520.6105668044711,1821.6100328393709));
#410=IFCAXIS2PLACEMENT3D(#409,#199,#34);
#411=IFCLOCALPLACEMENT(#24,#410);
#412=IFCBUILDINGELEMENTPROXY('0r3m9KXTH7dQEHyg3LNa1g',#6,'Tile:Tile 200x100x75 White 2:438502',$,$,#411,#408,'438502',$);
#413=IFCPROPERTYSET('04bZhM0goQspsRhta$yhRT',#6,'Pset_BuildingElementProxyCommon',$,(#203));
#414=IFCPROPERTYSET('0t91s7$a71aWLOX95DfZuT',#6,'Pset_QuantityTakeOff',$,(#203));
#415=IFCRELDEFINESBYPROPERTIES('1yKAsz8BXVdL4E4RMxol8X',#6,$,$,(#412),#413);
#416=IFCRELDEFINESBYPROPERTIES('299xTe3nxfgkfl17WOBIZm',#6,$,$,(#412),#414);
#417=IFCCARTESIANPOINT((0.,-1.0658141036401503E-014));
#418=IFCAXIS2PLACEMENT2D(#417,#170);
#419=IFCRECTANGLEPROFILEDEF(.AREA.,'Tile 200x100x75 White 2',#418,84.700000000000045,100.40000000000001);
#420=IFCCARTESIANPOINT((-50.199999999993743,-42.350000000008443,-0.));
#421=IFCAXIS2PLACEMENT3D(#420,#34,#35);
#422=IFCEXTRUDEDAREASOLID(#419,#421,#34,6.9999999999999973);
#423=IFCSTYLEDITEM(#422,(#183),$);
#424=IFCSHAPEREPRESENTATION(#15,'Body','SweptSolid',(#422));
#425=IFCAXIS2PLACEMENT3D(#10,$,$);
#426=IFCREPRESENTATIONMAP(#425,#424);
#427=IFCBUILDINGELEMENTPROXYTYPE('0r3m9KXTH7dQEHyg3LNa52',#6,'Tile:Tile 200x100x75 White 2',$,$,$,(#426),'431094',$,.NOTDEFINED.);
#428=IFCMAPPEDITEM(#426,#194);
#429=IFCSHAPEREPRESENTATION(#15,'Body','MappedRepresentation',(#428));
#430=IFCPRODUCTDEFINITIONSHAPE($,$,(#429));
#431=IFCCARTESIANPOINT((7086.4931710057408,8520.6105668044711,1924.0100328393742));
#432=IFCAXIS2PLACEMENT3D(#431,#199,#34);
#433=IFCLOCALPLACEMENT(#24,#432);
#434=IFCBUILDINGELEMENTPROXY('0r3m9KXTH7dQEHyg3LNa4_',#6,'Tile:Tile 200x100x75 White 2:438706',$,$,#433,#430,'438706',$);
#435=IFCPROPERTYSET('0aoLl24974sfGsEcuHjquQ',#6,'Pset_BuildingElementProxyCommon',$,(#203));
#436=IFCPROPERTYSET('0_t_tOf4Bx94kWCqbHyFD_',#6,'Pset_QuantityTakeOff',$,(#203));
#437=IFCRELDEFINESBYPROPERTIES('0LD09q2THNDm7gIDYg4oLQ',#6,$,$,(#434),#435);
#438=IFCRELDEFINESBYPROPERTIES('3Ql_wHJTIhdau5UX2lXRl8',#6,$,$,(#434),#436);
#439=IFCMAPPEDITEM(#187,#194);
#440=IFCSHAPEREPRESENTATION(#15,'Body','MappedRepresentation',(#439));
#441=IFCPRODUCTDEFINITIONSHAPE($,$,(#440));
#442=IFCCARTESIANPOINT((7086.4931710057408,8433.9105668044667,1719.2100328393713));
#443=IFCAXIS2PLACEMENT3D(#442,#199,#34);
#444=IFCLOCALPLACEMENT(#24,#443);
#445=IFCBUILDINGELEMENTPROXY('0r3m9KXTH7dQEHyg3LNaB7',#6,'Tile:Tile 200x100x75 White 2:438859',$,$,#444,#441,'438859',$);
#446=IFCPROPERTYSET('2miMjCipoSiLDOVYvFBwzu',#6,'Pset_BuildingElementProxyCommon',$,(#203));
#447=IFCPROPERTYSET('3aMxIR3B_ypDtU7lb6Y1H4',#6,'Pset_QuantityTakeOff',$,(#203));
#448=IFCRELDEFINESBYPROPERTIES('3MDc1SXZQSwJgCtPgPsnMq',#6,$,$,(#445),#446);
#449=IFCRELDEFINESBYPROPERTIES('2Q4IL$m4WP6rbrLwTKed2f',#6,$,$,(#445),#447);
#450=IFCMAPPEDITEM(#426,#194);
#451=IFCSHAPEREPRESENTATION(#15,'Body','MappedRepresentation',(#450));
#452=IFCPRODUCTDEFINITIONSHAPE($,$,(#451));
#453=IFCCARTESIANPOINT((7086.4931710057408,8520.6105668044711,1719.2100328393715));
#454=IFCAXIS2PLACEMENT3D(#453,#199,#34);
#455=IFCLOCALPLACEMENT(#24,#454);
#456=IFCBUILDINGELEMENTPROXY('0r3m9KXTH7dQEHyg3LNaB1',#6,'Tile:Tile 200x100x75 White 2:438861',$,$,#455,#452,'438861',$);
#457=IFCPROPERTYSET('3VadqbD3QX8onf$M9vAsMS',#6,'Pset_BuildingElementProxyCommon',$,(#203));
#458=IFCPROPERTYSET('1C8cWQQpvemU37RE4HFWW3',#6,'Pset_QuantityTakeOff',$,(#203));
#459=IFCRELDEFINESBYPROPERTIES('3HauQT9mUlccjS4tfP2shN',#6,$,$,(#456),#457);
#460=IFCRELDEFINESBYPROPERTIES('10FYwKTZWR04lqdZkOKqMC',#6,$,$,(#456),#458);
#461=IFCCARTESIANPOINT((0.,0.));
#462=IFCAXIS2PLACEMENT2D(#461,#170);
#463=IFCRECTANGLEPROFILEDEF(.AREA.,'Tile 200x100x75 White 2',#462,146.60000000000002,100.40000000000001);
#464=IFCCARTESIANPOINT((-50.199999999993743,-73.300000000008438,-0.));
#465=IFCAXIS2PLACEMENT3D(#464,#34,#35);
#466=IFCEXTRUDEDAREASOLID(#463,#465,#34,6.9999999999999973);
#467=IFCSTYLEDITEM(#466,(#183),$);
#468=IFCSHAPEREPRESENTATION(#15,'Body','SweptSolid',(#466));
#469=IFCAXIS2PLACEMENT3D(#10,$,$);
#470=IFCREPRESENTATIONMAP(#469,#468);
#471=IFCBUILDINGELEMENTPROXYTYPE('0r3m9KXTH7dQEHyg3LNa8l',#6,'Tile:Tile 200x100x75 White 2',$,$,$,(#470),'431094',$,.NOTDEFINED.);
#472=IFCMAPPEDITEM(#470,#194);
#473=IFCSHAPEREPRESENTATION(#15,'Body','MappedRepresentation',(#472));
#474=IFCPRODUCTDEFINITIONSHAPE($,$,(#473));
#475=IFCCARTESIANPOINT((7086.4931710057399,8131.2105668044642,1616.8100328393678));
#476=IFCAXIS2PLACEMENT3D(#475,#199,#34);
#477=IFCLOCALPLACEMENT(#24,#476);
#478=IFCBUILDINGELEMENTPROXY('0r3m9KXTH7dQEHyg3LNa8B',#6,'Tile:Tile 200x100x75 White 2:438919',$,$,#477,#474,'438919',$);
#479=IFCPROPERTYSET('2cULfe6zvL7EU3OTjnlk7v',#6,'Pset_BuildingElementProxyCommon',$,(#203));
#480=IFCPROPERTYSET('2mejFX0VrLgMhMki$tGF1V',#6,'Pset_QuantityTakeOff',$,(#203));
#481=IFCRELDEFINESBYPROPERTIES('2ti3MFpr4UN1NK_7t1CrfG',#6,$,$,(#478),#479);
#482=IFCRELDEFINESBYPROPERTIES('32LJk2d4LAvTutV$rlG09P',#6,$,$,(#478),#480);
#483=IFCMAPPEDITEM(#187,#194);
#484=IFCSHAPEREPRESENTATION(#15,'Body','MappedRepresentation',(#483));
#485=IFCPRODUCTDEFINITIONSHAPE($,$,(#484));
#486=IFCCARTESIANPOINT((7086.4931710057408,8333.0105668044635,1616.8100328393678));
#487=IFCAXIS2PLACEMENT3D(#486,#199,#34);
#488=IFCLOCALPLACEMENT(#24,#487);
#489=IFCBUILDINGELEMENTPROXY('0r3m9KXTH7dQEHyg3LNa84',#6,'Tile:Tile 200x100x75 White 2:438920',$,$,#488,#485,'438920',$);
#490=IFCPROPERTYSET('2JDMk_E2SJkZvCLwjGIn1M',#6,'Pset_BuildingElementProxyCommon',$,(#203));
#491=IFCPROPERTYSET('1VQxfVZcBGMlgA9M4xY4J1',#6,'Pset_QuantityTakeOff',$,(#203));
#492=IFCRELDEFINESBYPROPERTIES('0JfRysUhfjK0OFeUwCRGH8',#6,$,$,(#489),#490);
#493=IFCRELDEFINESBYPROPERTIES('0yCxQRom9m84lQSS2zrpXU',#6,$,$,(#489),#491);
#494=IFCMAPPEDITEM(#404,#194);
#495=IFCSHAPEREPRESENTATION(#15,'Body','MappedRepresentation',(#494));
#496=IFCPRODUCTDEFINITIONSHAPE($,$,(#495));
#497=IFCCARTESIANPOINT((7086.4931710057408,8520.6105668044711,1616.8100328393682));
#498=IFCAXIS2PLACEMENT3D(#497,#199,#34);
#499=IFCLOCALPLACEMENT(#24,#498);
#500=IFCBUILDINGELEMENTPROXY('0r3m9KXTH7dQEHyg3LNa85',#6,'Tile:Tile 200x100x75 White 2:438921',$,$,#499,#496,'438921',$);
#501=IFCPROPERTYSET('03cmM0CjvVVwAWcl4qotOo',#6,'Pset_BuildingElementProxyCommon',$,(#203));
#502=IFCPROPERTYSET('3vdQ4xUgHGgOM1PXnuubqM',#6,'Pset_QuantityTakeOff',$,(#203));
#503=IFCRELDEFINESBYPROPERTIES('148gm143s_3SwW87hNmc_B',#6,$,$,(#500),#501);
#504=IFCRELDEFINESBYPROPERTIES('0tfIKYT4qqZOfwPNcEoZ1O',#6,$,$,(#500),#502);
#505=IFCMAPPEDITEM(#187,#194);
#506=IFCSHAPEREPRESENTATION(#15,'Body','MappedRepresentation',(#505));
#507=IFCPRODUCTDEFINITIONSHAPE($,$,(#506));
#508=IFCCARTESIANPOINT((7086.4931710057408,8433.9105668044667,1514.4100328393686));
#509=IFCAXIS2PLACEMENT3D(#508,#199,#34);
#510=IFCLOCALPLACEMENT(#24,#509);
#511=IFCBUILDINGELEMENTPROXY('0r3m9KXTH7dQEHyg3LNa96',#6,'Tile:Tile 200x100x75 White 2:438986',$,$,#510,#507,'438986',$);
#512=IFCPROPERTYSET('0HTbeGjOfbJ4vYjp33zmKY',#6,'Pset_BuildingElementProxyCommon',$,(#203));
#513=IFCPROPERTYSET('2zYKuc$RJvEeHIeOwAL55l',#6,'Pset_QuantityTakeOff',$,(#203));
#514=IFCRELDEFINESBYPROPERTIES('2tAFW2gxgqZwqZwv$TFne9',#6,$,$,(#511),#512);
#515=IFCRELDEFINESBYPROPERTIES('0DAwpaIKnU9ECgXXjbN6Wh',#6,$,$,(#511),#513);
#516=IFCMAPPEDITEM(#187,#194);
#517=IFCSHAPEREPRESENTATION(#15,'Body','MappedRepresentation',(#516));
#518=IFCPRODUCTDEFINITIONSHAPE($,$,(#517));
#519=IFCCARTESIANPOINT((7086.4931710057399,8232.1105668044675,1514.4100328393677));
#520=IFCAXIS2PLACEMENT3D(#519,#199,#34);
#521=IFCLOCALPLACEMENT(#24,#520);
#522=IFCBUILDINGELEMENTPROXY('0r3m9KXTH7dQEHyg3LNa97',#6,'Tile:Tile 200x100x75 White 2:438987',$,$,#521,#518,'438987',$);
#523=IFCPROPERTYSET('0TzZEhXLz$wr0YKMR1D51G',#6,'Pset_BuildingElementProxyCommon',$,(#203));
#524=IFCPROPERTYSET('0Gsnu4L_iYhMGJbHhwMamM',#6,'Pset_QuantityTakeOff',$,(#203));
#525=IFCRELDEFINESBYPROPERTIES('2CfQBgqqM9$5v8O5RBI4IW',#6,$,$,(#522),#523);
#526=IFCRELDEFINESBYPROPERTIES('0_w6QLowOyTUNMGPn44WmL',#6,$,$,(#522),#524);
#527=IFCMAPPEDITEM(#426,#194);
#528=IFCSHAPEREPRESENTATION(#15,'Body','MappedRepresentation',(#527));
#529=IFCPRODUCTDEFINITIONSHAPE($,$,(#528));
#530=IFCCARTESIANPOINT((7086.4931710057408,8520.6105668044711,1514.4100328393688));
#531=IFCAXIS2PLACEMENT3D(#530,#199,#34);
#532=IFCLOCALPLACEMENT(#24,#531);
#533=IFCBUILDINGELEMENTPROXY('0r3m9KXTH7dQEHyg3LNa90',#6,'Tile:Tile 200x100x75 White 2:438988',$,$,#532,#529,'438988',$);
#534=IFCPROPERTYSET('1Mc6i0CLoWeelS0QuVE2DH',#6,'Pset_BuildingElementProxyCommon',$,(#203));
#535=IFCPROPERTYSET('3EeT5K37VPqXrs9PL33wdx',#6,'Pset_QuantityTakeOff',$,(#203));
#536=IFCRELDEFINESBYPROPERTIES('2q4myhp3R2uQg9cSlae4wz',#6,$,$,(#533),#534);
#537=IFCRELDEFINESBYPROPERTIES('3Xc_VC9HKoB$S626oeB5Lh',#6,$,$,(#533),#535);
#538=IFCCARTESIANPOINT((0.,7.1054273576010019E-015));
#539=IFCAXIS2PLACEMENT2D(#538,#170);
#540=IFCRECTANGLEPROFILEDEF(.AREA.,'Tile 200x100x75 White 2',#539,45.700000000000031,100.40000000000001);
#541=IFCCARTESIANPOINT((-50.199999999993743,-22.850000000008443,-0.));
#542=IFCAXIS2PLACEMENT3D(#541,#34,#35);
#543=IFCEXTRUDEDAREASOLID(#540,#542,#34,6.9999999999999973);
#544=IFCSTYLEDITEM(#543,(#183),$);
#545=IFCSHAPEREPRESENTATION(#15,'Body','SweptSolid',(#543));
#546=IFCAXIS2PLACEMENT3D(#10,$,$);
#547=IFCREPRESENTATIONMAP(#546,#545);
#548=IFCBUILDINGELEMENTPROXYTYPE('0r3m9KXTH7dQEHyg3LNaHy',#6,'Tile:Tile 200x100x75 White 2',$,$,$,(#547),'431094',$,.NOTDEFINED.);
#549=IFCMAPPEDITEM(#547,#194);
#550=IFCSHAPEREPRESENTATION(#15,'Body','MappedRepresentation',(#549));
#551=IFCPRODUCTDEFINITIONSHAPE($,$,(#550));
#552=IFCCARTESIANPOINT((7086.4931710057399,8030.3105668044636,1514.4100328393674));
#553=IFCAXIS2PLACEMENT3D(#552,#199,#34);
#554=IFCLOCALPLACEMENT(#24,#553);
#555=IFCBUILDINGELEMENTPROXY('0r3m9KXTH7dQEHyg3LNa9s',#6,'Tile:Tile 200x100x75 White 2:439034',$,$,#554,#551,'439034',$);
#556=IFCPROPERTYSET('3NW7m4VtMyn2yPCJT3aWSF',#6,'Pset_BuildingElementProxyCommon',$,(#203));
#557=IFCPROPERTYSET('0HgDztt9$ZMi3IOj4UaxGu',#6,'Pset_QuantityTakeOff',$,(#203));
#558=IFCRELDEFINESBYPROPERTIES('0zqwa1hrxrPHtn4Fpo4oSO',#6,$,$,(#555),#556);
#559=IFCRELDEFINESBYPROPERTIES('1Qktr2PupYwsq59Y7A1FyC',#6,$,$,(#555),#557);
#560=IFCMAPPEDITEM(#470,#194);
#561=IFCSHAPEREPRESENTATION(#15,'Body','MappedRepresentation',(#560));
#562=IFCPRODUCTDEFINITIONSHAPE($,$,(#561));
#563=IFCCARTESIANPOINT((7086.4931710057399,8131.2105668044642,1412.0100328393651));
#564=IFCAXIS2PLACEMENT3D(#563,#199,#34);
#565=IFCLOCALPLACEMENT(#24,#564);
#566=IFCBUILDINGELEMENTPROXY('0r3m9KXTH7dQEHyg3LNaN1',#6,'Tile:Tile 200x100x75 White 2:439629',$,$,#565,#562,'439629',$);
#567=IFCPROPERTYSET('0grVICtYQEtQFnj6tbAk29',#6,'Pset_BuildingElementProxyCommon',$,(#203));
#568=IFCPROPERTYSET('11rQ6Skje$MVYMAoSLNVjx',#6,'Pset_QuantityTakeOff',$,(#203));
#569=IFCRELDEFINESBYPROPERTIES('13OGKvC1rrw8HcB8IqprD$',#6,$,$,(#566),#567);
#570=IFCRELDEFINESBYPROPERTIES('15tboggH$NckcPZE80mG4e',#6,$,$,(#566),#568);
#571=IFCMAPPEDITEM(#187,#194);
#572=IFCSHAPEREPRESENTATION(#15,'Body','MappedRepresentation',(#571));
#573=IFCPRODUCTDEFINITIONSHAPE($,$,(#572));
#574=IFCCARTESIANPOINT((7086.4931710057408,8333.0105668044635,1412.0100328393651));
#575=IFCAXIS2PLACEMENT3D(#574,#199,#34);
#576=IFCLOCALPLACEMENT(#24,#575);
#577=IFCBUILDINGELEMENTPROXY('0r3m9KXTH7dQEHyg3LNaN2',#6,'Tile:Tile 200x100x75 White 2:439630',$,$,#576,#573,'439630',$);
#578=IFCPROPERTYSET('1dgEmlGlYfbhk_Pcfyzd$h',#6,'Pset_BuildingElementProxyCommon',$,(#203));
#579=IFCPROPERTYSET('3Feyf3BsMr5QMFh$vLZ2RD',#6,'Pset_QuantityTakeOff',$,(#203));
#580=IFCRELDEFINESBYPROPERTIES('0fmV7a2vIlZRmKnI$OTMGP',#6,$,$,(#577),#578);
#581=IFCRELDEFINESBYPROPERTIES('0gf0p8n1OeroGwg3BP5BPc',#6,$,$,(#577),#579);
#582=IFCMAPPEDITEM(#404,#194);
#583=IFCSHAPEREPRESENTATION(#15,'Body','MappedRepresentation',(#582));
#584=IFCPRODUCTDEFINITIONSHAPE($,$,(#583));
#585=IFCCARTESIANPOINT((7086.4931710057408,8520.6105668044711,1412.0100328393655));
#586=IFCAXIS2PLACEMENT3D(#585,#199,#34);
#587=IFCLOCALPLACEMENT(#24,#586);
#588=IFCBUILDINGELEMENTPROXY('0r3m9KXTH7dQEHyg3LNaN3',#6,'Tile:Tile 200x100x75 White 2:439631',$,$,#587,#584,'439631',$);
#589=IFCPROPERTYSET('0oFx1LUVYktbP6y_0lBvYR',#6,'Pset_BuildingElementProxyCommon',$,(#203));
#590=IFCPROPERTYSET('1rURIAzGvrnkHRyfuFZqCx',#6,'Pset_QuantityTakeOff',$,(#203));
#591=IFCRELDEFINESBYPROPERTIES('1LxSAEdQ2Ut_YG4IUGqrK5',#6,$,$,(#588),#589);
#592=IFCRELDEFINESBYPROPERTIES('1_W3KHLieokccBTmRrLuUV',#6,$,$,(#588),#590);
#593=IFCMAPPEDITEM(#187,#194);
#594=IFCSHAPEREPRESENTATION(#15,'Body','MappedRepresentation',(#593));
#595=IFCPRODUCTDEFINITIONSHAPE($,$,(#594));
#596=IFCCARTESIANPOINT((7086.4931710057408,8433.9105668044667,1309.6100328393659));
#597=IFCAXIS2PLACEMENT3D(#596,#199,#34);
#598=IFCLOCALPLACEMENT(#24,#597);
#599=IFCBUILDINGELEMENTPROXY('0r3m9KXTH7dQEHyg3LNaNS',#6,'Tile:Tile 200x100x75 White 2:439632',$,$,#598,#595,'439632',$);
#600=IFCPROPERTYSET('30V8mcs9hFVhUqG_Q1g7R7',#6,'Pset_BuildingElementProxyCommon',$,(#203));
#601=IFCPROPERTYSET('2Uuvpy8LGg1Z6DJeihw$GV',#6,'Pset_QuantityTakeOff',$,(#203));
#602=IFCRELDEFINESBYPROPERTIES('1Py6FtyMRREdvlbRZKosFh',#6,$,$,(#599),#600);
#603=IFCRELDEFINESBYPROPERTIES('10iuYkzyS1M3$DgJjIW9Wj',#6,$,$,(#599),#601);
#604=IFCMAPPEDITEM(#187,#194);
#605=IFCSHAPEREPRESENTATION(#15,'Body','MappedRepresentation',(#604));
#606=IFCPRODUCTDEFINITIONSHAPE($,$,(#605));
#607=IFCCARTESIANPOINT((7086.4931710057399,8232.1105668044675,1309.610032839365));
#608=IFCAXIS2PLACEMENT3D(#607,#199,#34);
#609=IFCLOCALPLACEMENT(#24,#608);
#610=IFCBUILDINGELEMENTPROXY('0r3m9KXTH7dQEHyg3LNaNT',#6,'Tile:Tile 200x100x75 White 2:439633',$,$,#609,#606,'439633',$);
#611=IFCPROPERTYSET('0SenzmRapvB4Sa8uBKJNwJ',#6,'Pset_BuildingElementProxyCommon',$,(#203));
#612=IFCPROPERTYSET('0IkYRar9Bje$dAIupVgmGO',#6,'Pset_QuantityTakeOff',$,(#203));
#613=IFCRELDEFINESBYPROPERTIES('01xOuIf799UsW0$SwultN7',#6,$,$,(#610),#611);
#614=IFCRELDEFINESBYPROPERTIES('3XcAKrG5ufngaSRHItjNQM',#6,$,$,(#610),#612);
#615=IFCMAPPEDITEM(#426,#194);
#616=IFCSHAPEREPRESENTATION(#15,'Body','MappedRepresentation',(#615));
#617=IFCPRODUCTDEFINITIONSHAPE($,$,(#616));
#618=IFCCARTESIANPOINT((7086.4931710057408,8520.6105668044711,1309.6100328393661));
#619=IFCAXIS2PLACEMENT3D(#618,#199,#34);
#620=IFCLOCALPLACEMENT(#24,#619);
#621=IFCBUILDINGELEMENTPROXY('0r3m9KXTH7dQEHyg3LNaNU',#6,'Tile:Tile 200x100x75 White 2:439634',$,$,#620,#617,'439634',$);
#622=IFCPROPERTYSET('1b6YM71heinb0MM59H7JMC',#6,'Pset_BuildingElementProxyCommon',$,(#203));
#623=IFCPROPERTYSET('0ZWzmXfl2JZCl1rcR86q16',#6,'Pset_QuantityTakeOff',$,(#203));
#624=IFCRELDEFINESBYPROPERTIES('0rceeinoJdhthC53nn6xk_',#6,$,$,(#621),#622);
#625=IFCRELDEFINESBYPROPERTIES('3lDuEbk6lPc8t6dBffye10',#6,$,$,(#621),#623);
#626=IFCMAPPEDITEM(#547,#194);
#627=IFCSHAPEREPRESENTATION(#15,'Body','MappedRepresentation',(#626));
#628=IFCPRODUCTDEFINITIONSHAPE($,$,(#627));
#629=IFCCARTESIANPOINT((7086.4931710057399,8030.3105668044636,1309.6100328393647));
#630=IFCAXIS2PLACEMENT3D(#629,#199,#34);
#631=IFCLOCALPLACEMENT(#24,#630);
#632=IFCBUILDINGELEMENTPROXY('0r3m9KXTH7dQEHyg3LNaNV',#6,'Tile:Tile 200x100x75 White 2:439635',$,$,#631,#628,'439635',$);
#633=IFCPROPERTYSET('3fON7KR_OrAxJzEtlgdg5Q',#6,'Pset_BuildingElementProxyCommon',$,(#203));
#634=IFCPROPERTYSET('34NNB5NCf1bfdHBhPUWn4Z',#6,'Pset_QuantityTakeOff',$,(#203));
#635=IFCRELDEFINESBYPROPERTIES('0J99ut0mgDzBsTZvJTR5VR',#6,$,$,(#632),#633);
#636=IFCRELDEFINESBYPROPERTIES('1oD1F8IQG1CJn1v9uKHVM6',#6,$,$,(#632),#634);
#637=IFCMAPPEDITEM(#470,#194);
#638=IFCSHAPEREPRESENTATION(#15,'Body','MappedRepresentation',(#637));
#639=IFCPRODUCTDEFINITIONSHAPE($,$,(#638));
#640=IFCCARTESIANPOINT((7086.4931710057399,8131.2105668044642,1207.2100328393622));
#641=IFCAXIS2PLACEMENT3D(#640,#199,#34);
#642=IFCLOCALPLACEMENT(#24,#641);
#643=IFCBUILDINGELEMENTPROXY('0r3m9KXTH7dQEHyg3LNaNG',#6,'Tile:Tile 200x100x75 White 2:439644',$,$,#642,#639,'439644',$);
#644=IFCPROPERTYSET('1CSzSnhv_ExbZrNNb7SKS_',#6,'Pset_BuildingElementProxyCommon',$,(#203));
#645=IFCPROPERTYSET('1_l9Y9_dFQYbK5GjCwe$G2',#6,'Pset_QuantityTakeOff',$,(#203));
#646=IFCRELDEFINESBYPROPERTIES('3zhZx3$JsBvcXMyEejLoTD',#6,$,$,(#643),#644);
#647=IFCRELDEFINESBYPROPERTIES('369ZNEl6Sjd98e1sthj9xg',#6,$,$,(#643),#645);
#648=IFCMAPPEDITEM(#187,#194);
#649=IFCSHAPEREPRESENTATION(#15,'Body','MappedRepresentation',(#648));
#650=IFCPRODUCTDEFINITIONSHAPE($,$,(#649));
#651=IFCCARTESIANPOINT((7086.4931710057408,8333.0105668044635,1207.2100328393622));
#652=IFCAXIS2PLACEMENT3D(#651,#199,#34);
#653=IFCLOCALPLACEMENT(#24,#652);
#654=IFCBUILDINGELEMENTPROXY('0r3m9KXTH7dQEHyg3LNaNH',#6,'Tile:Tile 200x100x75 White 2:439645',$,$,#653,#650,'439645',$);
#655=IFCPROPERTYSET('0TDZDmRQN2ZxgdFjAQkeOS',#6,'Pset_BuildingElementProxyCommon',$,(#203));
#656=IFCPROPERTYSET('3Xkr$CP_q1_yg1lkt4KpM5',#6,'Pset_QuantityTakeOff',$,(#203));
#657=IFCRELDEFINESBYPROPERTIES('36HJGhzqa3m$DplTug3HXS',#6,$,$,(#654),#655);
#658=IFCRELDEFINESBYPROPERTIES('3OTAaw8$vEu9k30Vw_xPce',#6,$,$,(#654),#656);
#659=IFCMAPPEDITEM(#404,#194);
#660=IFCSHAPEREPRESENTATION(#15,'Body','MappedRepresentation',(#659));
#661=IFCPRODUCTDEFINITIONSHAPE($,$,(#660));
#662=IFCCARTESIANPOINT((7086.4931710057408,8520.6105668044711,1207.2100328393628));
#663=IFCAXIS2PLACEMENT3D(#662,#199,#34);
#664=IFCLOCALPLACEMENT(#24,#663);
#665=IFCBUILDINGELEMENTPROXY('0r3m9KXTH7dQEHyg3LNaNI',#6,'Tile:Tile 200x100x75 White 2:439646',$,$,#664,#661,'439646',$);
#666=IFCPROPERTYSET('1PvuASqgFZDz03VFzVEPxH',#6,'Pset_BuildingElementProxyCommon',$,(#203));
#667=IFCPROPERTYSET('0kz4egubTmsA9ZSPi8jJwv',#6,'Pset_QuantityTakeOff',$,(#203));
#668=IFCRELDEFINESBYPROPERTIES('32CGH69c7KkzfTqDmbLKrA',#6,$,$,(#665),#666);
#669=IFCRELDEFINESBYPROPERTIES('3p0MMxC2JgIhUnBU63VRWO',#6,$,$,(#665),#667);
#670=IFCMAPPEDITEM(#187,#194);
#671=IFCSHAPEREPRESENTATION(#15,'Body','MappedRepresentation',(#670));
#672=IFCPRODUCTDEFINITIONSHAPE($,$,(#671));
#673=IFCCARTESIANPOINT((7086.4931710057408,8433.9105668044667,1104.810032839363));
#674=IFCAXIS2PLACEMENT3D(#673,#199,#34);
#675=IFCLOCALPLACEMENT(#24,#674);
#676=IFCBUILDINGELEMENTPROXY('0r3m9KXTH7dQEHyg3LNaNJ',#6,'Tile:Tile 200x100x75 White 2:439647',$,$,#675,#672,'439647',$);
#677=IFCPROPERTYSET('0dLzLHC8_rZaLM7UhBe7o5',#6,'Pset_BuildingElementProxyCommon',$,(#203));
#678=IFCPROPERTYSET('3PQgX8gvpOCM8yfq37U6lI',#6,'Pset_QuantityTakeOff',$,(#203));
#679=IFCRELDEFINESBYPROPERTIES('2NCWDH8SkXPKj9dy3u0IiA',#6,$,$,(#676),#677);
#680=IFCRELDEFINESBYPROPERTIES('22LgEFE5UOoVZuV_57T3Cv',#6,$,$,(#676),#678);
#681=IFCMAPPEDITEM(#187,#194);
#682=IFCSHAPEREPRESENTATION(#15,'Body','MappedRepresentation',(#681));
#683=IFCPRODUCTDEFINITIONSHAPE($,$,(#682));
#684=IFCCARTESIANPOINT((7086.4931710057399,8232.1105668044675,1104.8100328393623));
#685=IFCAXIS2PLACEMENT3D(#684,#199,#34);
#686=IFCLOCALPLACEMENT(#24,#685);
#687=IFCBUILDINGELEMENTPROXY('0r3m9KXTH7dQEHyg3LNaNi',#6,'Tile:Tile 200x100x75 White 2:439648',$,$,#686,#683,'439648',$);
#688=IFCPROPERTYSET('2S7p2D_v3yBib9xjIuOD7o',#6,'Pset_BuildingElementProxyCommon',$,(#203));
#689=IFCPROPERTYSET('3fZUYKpYOnQ2Lc6GPtTqZM',#6,'Pset_QuantityTakeOff',$,(#203));
#690=IFCRELDEFINESBYPROPERTIES('08hJmPNajOETbNpb7_65yM',#6,$,$,(#687),#688);
#691=IFCRELDEFINESBYPROPERTIES('2lL4Vw1mwzrUgVOtyrUnV6',#6,$,$,(#687),#689);
#692=IFCMAPPEDITEM(#426,#194);
#693=IFCSHAPEREPRESENTATION(#15,'Body','MappedRepresentation',(#692));
#694=IFCPRODUCTDEFINITIONSHAPE($,$,(#693));
#695=IFCCARTESIANPOINT((7086.4931710057408,8520.6105668044711,1104.8100328393634));
#696=IFCAXIS2PLACEMENT3D(#695,#199,#34);
#697=IFCLOCALPLACEMENT(#24,#696);
#698=IFCBUILDINGELEMENTPROXY('0r3m9KXTH7dQEHyg3LNaNj',#6,'Tile:Tile 200x100x75 White 2:439649',$,$,#697,#694,'439649',$);
#699=IFCPROPERTYSET('0VChkHN7xgjT6NfuxrVvTN',#6,'Pset_BuildingElementProxyCommon',$,(#203));
#700=IFCPROPERTYSET('2xeGZTYfKB0blqxI3gtpb8',#6,'Pset_QuantityTakeOff',$,(#203));
#701=IFCRELDEFINESBYPROPERTIES('1anZQHVV4dysmsu$eMx021',#6,$,$,(#698),#699);
#702=IFCRELDEFINESBYPROPERTIES('0yP578SMM2_R83X1VIkHYU',#6,$,$,(#698),#700);
#703=IFCMAPPEDITEM(#547,#194);
#704=IFCSHAPEREPRESENTATION(#15,'Body','MappedRepresentation',(#703));
#705=IFCPRODUCTDEFINITIONSHAPE($,$,(#704));
#706=IFCCARTESIANPOINT((7086.4931710057399,8030.3105668044636,1104.8100328393621));
#707=IFCAXIS2PLACEMENT3D(#706,#199,#34);
#708=IFCLOCALPLACEMENT(#24,#707);
#709=IFCBUILDINGELEMENTPROXY('0r3m9KXTH7dQEHyg3LNaNk',#6,'Tile:Tile 200x100x75 White 2:439650',$,$,#708,#705,'439650',$);
#710=IFCPROPERTYSET('3fNOvDWaHTJ$yidmiIxKPc',#6,'Pset_BuildingElementProxyCommon',$,(#203));
#711=IFCPROPERTYSET('3_T_AQXf2KEs3iUSLFVG_I',#6,'Pset_QuantityTakeOff',$,(#203));
#712=IFCRELDEFINESBYPROPERTIES('24r1_igHUpNoBCW_qk0FPX',#6,$,$,(#709),#710);
#713=IFCRELDEFINESBYPROPERTIES('1brFkzS_leTlqN$YKcPZGa',#6,$,$,(#709),#711);
#714=IFCMAPPEDITEM(#470,#194);
#715=IFCSHAPEREPRESENTATION(#15,'Body','MappedRepresentation',(#714));
#716=IFCPRODUCTDEFINITIONSHAPE($,$,(#715));
#717=IFCCARTESIANPOINT((7086.4931710057399,8131.2105668044642,1002.4100328393596));
#718=IFCAXIS2PLACEMENT3D(#717,#199,#34);
#719=IFCLOCALPLACEMENT(#24,#718);
#720=IFCBUILDINGELEMENTPROXY('0r3m9KXTH7dQEHyg3LNaNd',#6,'Tile:Tile 200x100x75 White 2:439659',$,$,#719,#716,'439659',$);
#721=IFCPROPERTYSET('0qUxGy5ljgrMOMu_V0NcDo',#6,'Pset_BuildingElementProxyCommon',$,(#203));
#722=IFCPROPERTYSET('21XfTKe9xVzocZ4371vpgW',#6,'Pset_QuantityTakeOff',$,(#203));
#723=IFCRELDEFINESBYPROPERTIES('3hRTLbT9_9PSx6UsWY8$su',#6,$,$,(#720),#721);
#724=IFCRELDEFINESBYPROPERTIES('2HZ1YZoUIaAMjYYYDgbP_e',#6,$,$,(#720),#722);
#725=IFCMAPPEDITEM(#187,#194);
#726=IFCSHAPEREPRESENTATION(#15,'Body','MappedRepresentation',(#725));
#727=IFCPRODUCTDEFINITIONSHAPE($,$,(#726));
#728=IFCCARTESIANPOINT((7086.4931710057408,8333.0105668044635,1002.4100328393596));
#729=IFCAXIS2PLACEMENT3D(#728,#199,#34);
#730=IFCLOCALPLACEMENT(#24,#729);
#731=IFCBUILDINGELEMENTPROXY('0r3m9KXTH7dQEHyg3LNaNW',#6,'Tile:Tile 200x100x75 White 2:439660',$,$,#730,#727,'439660',$);
#732=IFCPROPERTYSET('2t1BGqiUGWYg59KS6JXW$0',#6,'Pset_BuildingElementProxyCommon',$,(#203));
#733=IFCPROPERTYSET('0Kd3MkuGdqqN1iWGKJyMed',#6,'Pset_QuantityTakeOff',$,(#203));
#734=IFCRELDEFINESBYPROPERTIES('19RtZUpopzrm2Hh5DRZCPf',#6,$,$,(#731),#732);
#735=IFCRELDEFINESBYPROPERTIES('1qz94ekAn607$M0PuDEiMr',#6,$,$,(#731),#733);
#736=IFCMAPPEDITEM(#404,#194);
#737=IFCSHAPEREPRESENTATION(#15,'Body','MappedRepresentation',(#736));
#738=IFCPRODUCTDEFINITIONSHAPE($,$,(#737));
#739=IFCCARTESIANPOINT((7086.4931710057408,8520.6105668044711,1002.41003283936));
#740=IFCAXIS2PLACEMENT3D(#739,#199,#34);
#741=IFCLOCALPLACEMENT(#24,#740);
#742=IFCBUILDINGELEMENTPROXY('0r3m9KXTH7dQEHyg3LNaNX',#6,'Tile:Tile 200x100x75 White 2:439661',$,$,#741,#738,'439661',$);
#743=IFCPROPERTYSET('0UoJ05a5nX8zz18uLdw_AO',#6,'Pset_BuildingElementProxyCommon',$,(#203));
#744=IFCPROPERTYSET('3vZdz2vHwRdIkasapYP0_B',#6,'Pset_QuantityTakeOff',$,(#203));
#745=IFCRELDEFINESBYPROPERTIES('0PsDJYDb0xE1IXwVTzuq3K',#6,$,$,(#742),#743);
#746=IFCRELDEFINESBYPROPERTIES('0Bj_r2Ve0DDORaNcYLfJtu',#6,$,$,(#742),#744);
#747=IFCMAPPEDITEM(#187,#194);
#748=IFCSHAPEREPRESENTATION(#15,'Body','MappedRepresentation',(#747));
#749=IFCPRODUCTDEFINITIONSHAPE($,$,(#748));
#750=IFCCARTESIANPOINT((7086.4931710057408,8433.9105668044667,900.01003283936041));
#751=IFCAXIS2PLACEMENT3D(#750,#199,#34);
#752=IFCLOCALPLACEMENT(#24,#751);
#753=IFCBUILDINGELEMENTPROXY('0r3m9KXTH7dQEHyg3LNaNY',#6,'Tile:Tile 200x100x75 White 2:439662',$,$,#752,#749,'439662',$);
#754=IFCPROPERTYSET('0U1yCKXBRKGG_D6U71$qB6',#6,'Pset_BuildingElementProxyCommon',$,(#203));
#755=IFCPROPERTYSET('0rG0PPkyJRfN06yFmnVOMu',#6,'Pset_QuantityTakeOff',$,(#203));
#756=IFCRELDEFINESBYPROPERTIES('0DptzcSX4DFGPgb781xhZM',#6,$,$,(#753),#754);
#757=IFCRELDEFINESBYPROPERTIES('2YQ$f$zV1Bcn_7dyZi8tKA',#6,$,$,(#753),#755);
#758=IFCMAPPEDITEM(#187,#194);
#759=IFCSHAPEREPRESENTATION(#15,'Body','MappedRepresentation',(#758));
#760=IFCPRODUCTDEFINITIONSHAPE($,$,(#759));
#761=IFCCARTESIANPOINT((7086.4931710057399,8232.1105668044675,900.0100328393595));
#762=IFCAXIS2PLACEMENT3D(#761,#199,#34);
#763=IFCLOCALPLACEMENT(#24,#762);
#764=IFCBUILDINGELEMENTPROXY('0r3m9KXTH7dQEHyg3LNaNZ',#6,'Tile:Tile 200x100x75 White 2:439663',$,$,#763,#760,'439663',$);
#765=IFCPROPERTYSET('0a_0k7M0aB6zGnGRMP9yJP',#6,'Pset_BuildingElementProxyCommon',$,(#203));
#766=IFCPROPERTYSET('3ckreldBXsAFPhyFcFNqDt',#6,'Pset_QuantityTakeOff',$,(#203));
#767=IFCRELDEFINESBYPROPERTIES('1dh5pRTEC_LS1kFuk3kPSk',#6,$,$,(#764),#765);
#768=IFCRELDEFINESBYPROPERTIES('0BdZle7jYF3ilkWirXRk$r',#6,$,$,(#764),#766);
#769=IFCMAPPEDITEM(#426,#194);
#770=IFCSHAPEREPRESENTATION(#15,'Body','MappedRepresentation',(#769));
#771=IFCPRODUCTDEFINITIONSHAPE($,$,(#770));
#772=IFCCARTESIANPOINT((7086.4931710057408,8520.6105668044711,900.01003283936063));
#773=IFCAXIS2PLACEMENT3D(#772,#199,#34);
#774=IFCLOCALPLACEMENT(#24,#773);
#775=IFCBUILDINGELEMENTPROXY('0r3m9KXTH7dQEHyg3LNaNy',#6,'Tile:Tile 200x100x75 White 2:439664',$,$,#774,#771,'439664',$);
#776=IFCPROPERTYSET('1NaztJzd5Ruax$btojXmdM',#6,'Pset_BuildingElementProxyCommon',$,(#203));
#777=IFCPROPERTYSET('3DPzELSZB0SRMRdFgc9wAm',#6,'Pset_QuantityTakeOff',$,(#203));
#778=IFCRELDEFINESBYPROPERTIES('02lJ7iS6QdsuiSSSY8AoUl',#6,$,$,(#775),#776);
#779=IFCRELDEFINESBYPROPERTIES('0DcV8Z$0QGd$V8tggvTzyy',#6,$,$,(#775),#777);
#780=IFCMAPPEDITEM(#547,#194);
#781=IFCSHAPEREPRESENTATION(#15,'Body','MappedRepresentation',(#780));
#782=IFCPRODUCTDEFINITIONSHAPE($,$,(#781));
#783=IFCCARTESIANPOINT((7086.4931710057399,8030.3105668044636,900.01003283935927));
#784=IFCAXIS2PLACEMENT3D(#783,#199,#34);
#785=IFCLOCALPLACEMENT(#24,#784);
#786=IFCBUILDINGELEMENTPROXY('0r3m9KXTH7dQEHyg3LNaNz',#6,'Tile:Tile 200x100x75 White 2:439665',$,$,#785,#782,'439665',$);
#787=IFCPROPERTYSET('0GJcejrWgi9$c7lmoBvpdD',#6,'Pset_BuildingElementProxyCommon',$,(#203));
#788=IFCPROPERTYSET('0JttYqNMSV5QZyEAqBgL4u',#6,'Pset_QuantityTakeOff',$,(#203));
#789=IFCRELDEFINESBYPROPERTIES('1RuBFvy525MbevmrFVzRYc',#6,$,$,(#786),#787);
#790=IFCRELDEFINESBYPROPERTIES('3Qy774HYmolMxVYH2bzvyB',#6,$,$,(#786),#788);
#791=IFCCARTESIANPOINT((0.,0.));
#792=IFCAXIS2PLACEMENT2D(#791,#170);
#793=IFCRECTANGLEPROFILEDEF(.AREA.,'Tile Red',#792,8.0000000000003464,50.000000000005961);
#794=IFCCARTESIANPOINT((7082.4931710057372,7957.6105668044529,312.52424640174951));
#795=IFCAXIS2PLACEMENT3D(#794,$,$);
#796=IFCEXTRUDEDAREASOLID(#793,#795,#34,450.69999999999987);
#797=IFCCOLOURRGB($,1.,0.,0.);
#798=IFCSURFACESTYLERENDERING(#797,0.,$,$,$,$,IFCNORMALISEDRATIOMEASURE(0.5),IFCSPECULAREXPONENT(64.),.NOTDEFINED.);
#799=IFCSURFACESTYLE('Tile Red',.BOTH.,(#798));
#800=IFCPRESENTATIONSTYLEASSIGNMENT((#799));
#801=IFCSTYLEDITEM(#796,(#800),$);
#802=IFCSHAPEREPRESENTATION(#15,'Body','SweptSolid',(#796));
#803=IFCAXIS2PLACEMENT3D(#10,$,$);
#804=IFCREPRESENTATIONMAP(#803,#802);
#805=IFCBUILDINGELEMENTPROXYTYPE('0r3m9KXTH7dQEHyg3LNaY6',#6,'Tile Red3:Tile Red',$,$,$,(#804),'440330',$,.NOTDEFINED.);
#806=IFCMATERIAL('Tile Red');
#807=IFCPRESENTATIONSTYLEASSIGNMENT((#799));
#808=IFCSTYLEDITEM($,(#807),$);
#809=IFCSTYLEDREPRESENTATION(#13,'Style','Material',(#808));
#810=IFCMATERIALDEFINITIONREPRESENTATION($,$,(#809),#806);
#811=IFCMAPPEDITEM(#804,#194);
#812=IFCSHAPEREPRESENTATION(#15,'Body','MappedRepresentation',(#811));
#813=IFCPRODUCTDEFINITIONSHAPE($,$,(#812));
#814=IFCAXIS2PLACEMENT3D(#10,$,$);
#815=IFCLOCALPLACEMENT(#24,#814);
#816=IFCBUILDINGELEMENTPROXY('0r3m9KXTH7dQEHyg3LNaY0',#6,'Tile Red3:Tile Red:440332',$,$,#815,#813,'440332',$);
#817=IFCPROPERTYSINGLEVALUE('Reference',$,IFCIDENTIFIER('Tile Red'),$);
#818=IFCPROPERTYSET('12XaV9LAasJw9uOm7YoYb9',#6,'Pset_BuildingElementProxyCommon',$,(#817));
#819=IFCPROPERTYSET('0111Nzk6tlfqP33yPgXhhz',#6,'Pset_QuantityTakeOff',$,(#817));
#820=IFCRELDEFINESBYPROPERTIES('2LeeiX21bSwnjpm3zWl1wL',#6,$,$,(#816),#818);
#821=IFCRELDEFINESBYPROPERTIES('28JYpwejlCh8pIHTuvPBUM',#6,$,$,(#816),#819);
#822=IFCCARTESIANPOINT((0.,0.));
#823=IFCAXIS2PLACEMENT2D(#822,#170);
#824=IFCRECTANGLEPROFILEDEF(.AREA.,'Tile Red',#823,8.0000000000003464,50.000000000005961);
#825=IFCCARTESIANPOINT((7082.4931710057372,7957.6105668044529,1217.9242464017502));
#826=IFCAXIS2PLACEMENT3D(#825,$,$);
#827=IFCEXTRUDEDAREASOLID(#824,#826,#34,449.28578643762665);
#828=IFCSTYLEDITEM(#827,(#800),$);
#829=IFCSHAPEREPRESENTATION(#15,'Body','SweptSolid',(#827));
#830=IFCAXIS2PLACEMENT3D(#10,$,$);
#831=IFCREPRESENTATIONMAP(#830,#829);
#832=IFCBUILDINGELEMENTPROXYTYPE('0r3m9KXTH7dQEHyg3LNai9',#6,'Tile Red4:Tile Red',$,$,$,(#831),'441221',$,.NOTDEFINED.);
#833=IFCMAPPEDITEM(#831,#194);
#834=IFCSHAPEREPRESENTATION(#15,'Body','MappedRepresentation',(#833));
#835=IFCPRODUCTDEFINITIONSHAPE($,$,(#834));
#836=IFCAXIS2PLACEMENT3D(#10,$,$);
#837=IFCLOCALPLACEMENT(#24,#836);
#838=IFCBUILDINGELEMENTPROXY('0r3m9KXTH7dQEHyg3LNaiB',#6,'Tile Red4:Tile Red:441223',$,$,#837,#835,'441223',$);
#839=IFCPROPERTYSET('0doFEfPHDIJhwRFQvj1rnR',#6,'Pset_BuildingElementProxyCommon',$,(#817));
#840=IFCPROPERTYSET('10c4$0ptwDOY4A2cNLkB0J',#6,'Pset_QuantityTakeOff',$,(#817));
#841=IFCRELDEFINESBYPROPERTIES('0UMRPY5FvLhJBUdBcrbVbZ',#6,$,$,(#838),#839);
#842=IFCRELDEFINESBYPROPERTIES('3nM0$gVryjO0_089fAwDuA',#6,$,$,(#838),#840);
#843=IFCCARTESIANPOINT((0.,0.));
#844=IFCAXIS2PLACEMENT2D(#843,#170);
#845=IFCRECTANGLEPROFILEDEF(.AREA.,'Tile Red',#844,8.0000000000003464,50.000000000005961);
#846=IFCCARTESIANPOINT((7082.4931710057372,7957.6105668044529,765.22424640175018));
#847=IFCAXIS2PLACEMENT3D(#846,$,$);
#848=IFCEXTRUDEDAREASOLID(#845,#847,#34,450.69999999999959);
#849=IFCSTYLEDITEM(#848,(#800),$);
#850=IFCSHAPEREPRESENTATION(#15,'Body','SweptSolid',(#848));
#851=IFCAXIS2PLACEMENT3D(#10,$,$);
#852=IFCREPRESENTATIONMAP(#851,#850);
#853=IFCBUILDINGELEMENTPROXYTYPE('0r3m9KXTH7dQEHyg3LNajw',#6,'Tile Red5:Tile Red',$,$,$,(#852),'441334',$,.NOTDEFINED.);
#854=IFCMAPPEDITEM(#852,#194);
#855=IFCSHAPEREPRESENTATION(#15,'Body','MappedRepresentation',(#854));
#856=IFCPRODUCTDEFINITIONSHAPE($,$,(#855));
#857=IFCAXIS2PLACEMENT3D(#10,$,$);
#858=IFCLOCALPLACEMENT(#24,#857);
#859=IFCBUILDINGELEMENTPROXY('0r3m9KXTH7dQEHyg3LNajq',#6,'Tile Red5:Tile Red:441336',$,$,#858,#856,'441336',$);
#860=IFCPROPERTYSET('0PBZrTCdhqXoqBwKr4lqto',#6,'Pset_BuildingElementProxyCommon',$,(#817));
#861=IFCPROPERTYSET('2GKMCdMM6XMp2IqI27Z_9j',#6,'Pset_QuantityTakeOff',$,(#817));
#862=IFCRELDEFINESBYPROPERTIES('2n3w95imBaGV0KyRBKRffN',#6,$,$,(#859),#860);
#863=IFCRELDEFINESBYPROPERTIES('323lloXy_BkPMkkgYYS0a9',#6,$,$,(#859),#861);
#864=IFCCARTESIANPOINT((0.,0.));
#865=IFCAXIS2PLACEMENT2D(#864,#170);
#866=IFCRECTANGLEPROFILEDEF(.AREA.,'Tile Red',#865,8.0000000000003464,50.000000000005961);
#867=IFCCARTESIANPOINT((7082.4931710057372,7957.6105668044529,12.993840887915093));
#868=IFCAXIS2PLACEMENT3D(#867,$,$);
#869=IFCEXTRUDEDAREASOLID(#866,#868,#34,297.53040551383447);
#870=IFCSTYLEDITEM(#869,(#800),$);
#871=IFCSHAPEREPRESENTATION(#15,'Body','SweptSolid',(#869));
#872=IFCAXIS2PLACEMENT3D(#10,$,$);
#873=IFCREPRESENTATIONMAP(#872,#871);
#874=IFCBUILDINGELEMENTPROXYTYPE('0r3m9KXTH7dQEHyg3LNaph',#6,'Tile Red6:Tile Red',$,$,$,(#873),'441447',$,.NOTDEFINED.);
#875=IFCMAPPEDITEM(#873,#194);
#876=IFCSHAPEREPRESENTATION(#15,'Body','MappedRepresentation',(#875));
#877=IFCPRODUCTDEFINITIONSHAPE($,$,(#876));
#878=IFCAXIS2PLACEMENT3D(#10,$,$);
#879=IFCLOCALPLACEMENT(#24,#878);
#880=IFCBUILDINGELEMENTPROXY('0r3m9KXTH7dQEHyg3LNapb',#6,'Tile Red6:Tile Red:441449',$,$,#879,#877,'441449',$);
#881=IFCPROPERTYSET('33z9E9P2Kg3cOmchnIkX2V',#6,'Pset_BuildingElementProxyCommon',$,(#817));
#882=IFCPROPERTYSET('0rj4Rfeuv_s1nTSgn91vha',#6,'Pset_QuantityTakeOff',$,(#817));
#883=IFCRELDEFINESBYPROPERTIES('2K6OzykWafBdSiwus_w$yo',#6,$,$,(#880),#881);
#884=IFCRELDEFINESBYPROPERTIES('2LaWnFmxJnd8s8C7ovhlAA',#6,$,$,(#880),#882);
#885=IFCCARTESIANPOINT((0.,0.));
#886=IFCAXIS2PLACEMENT2D(#885,#170);
#887=IFCRECTANGLEPROFILEDEF(.AREA.,'Tile Red',#886,8.0000000000003464,50.000000000005961);
#888=IFCCARTESIANPOINT((7082.4931710057372,7957.6105668044529,312.52424640174951));
#889=IFCAXIS2PLACEMENT3D(#888,$,$);
#890=IFCEXTRUDEDAREASOLID(#887,#889,#34,450.69999999999987);
#891=IFCSTYLEDITEM(#890,(#800),$);
#892=IFCSHAPEREPRESENTATION(#15,'Body','SweptSolid',(#890));
#893=IFCAXIS2PLACEMENT3D(#10,$,$);
#894=IFCREPRESENTATIONMAP(#893,#892);
#895=IFCBUILDINGELEMENTPROXYTYPE('0r3m9KXTH7dQEHyg3LNaqC',#6,'Tile Red7:Tile Red',$,$,$,(#894),'441728',$,.NOTDEFINED.);
#896=IFCMAPPEDITEM(#894,#194);
#897=IFCSHAPEREPRESENTATION(#15,'Body','MappedRepresentation',(#896));
#898=IFCPRODUCTDEFINITIONSHAPE($,$,(#897));
#899=IFCCARTESIANPOINT((-0.,-675.,-0.));
#900=IFCAXIS2PLACEMENT3D(#899,$,$);
#901=IFCLOCALPLACEMENT(#24,#900);
#902=IFCBUILDINGELEMENTPROXY('0r3m9KXTH7dQEHyg3LNaqE',#6,'Tile Red7:Tile Red:441730',$,$,#901,#898,'441730',$);
#903=IFCPROPERTYSET('2qEp2ULSgdcBt3fV_6VTta',#6,'Pset_BuildingElementProxyCommon',$,(#817));
#904=IFCPROPERTYSET('2YWae1Nf36YHi31q$45$kD',#6,'Pset_QuantityTakeOff',$,(#817));
#905=IFCRELDEFINESBYPROPERTIES('1IXP$jWWxuQ9yId8FAoaE1',#6,$,$,(#902),#903);
#906=IFCRELDEFINESBYPROPERTIES('2G2I_pdycx5a7rQQRcny3d',#6,$,$,(#902),#904);
#907=IFCCARTESIANPOINT((0.,0.));
#908=IFCAXIS2PLACEMENT2D(#907,#170);
#909=IFCRECTANGLEPROFILEDEF(.AREA.,'Tile Red',#908,8.0000000000003464,50.000000000005961);
#910=IFCCARTESIANPOINT((7082.4931710057372,7957.6105668044529,1217.9242464017502));
#911=IFCAXIS2PLACEMENT3D(#910,$,$);
#912=IFCEXTRUDEDAREASOLID(#909,#911,#34,449.28578643762665);
#913=IFCSTYLEDITEM(#912,(#800),$);
#914=IFCSHAPEREPRESENTATION(#15,'Body','SweptSolid',(#912));
#915=IFCAXIS2PLACEMENT3D(#10,$,$);
#916=IFCREPRESENTATIONMAP(#915,#914);
#917=IFCBUILDINGELEMENTPROXYTYPE('0r3m9KXTH7dQEHyg3LNaq0',#6,'Tile Red8:Tile Red',$,$,$,(#916),'441740',$,.NOTDEFINED.);
#918=IFCMAPPEDITEM(#916,#194);
#919=IFCSHAPEREPRESENTATION(#15,'Body','MappedRepresentation',(#918));
#920=IFCPRODUCTDEFINITIONSHAPE($,$,(#919));
#921=IFCCARTESIANPOINT((-0.,-675.,-0.));
#922=IFCAXIS2PLACEMENT3D(#921,$,$);
#923=IFCLOCALPLACEMENT(#24,#922);
#924=IFCBUILDINGELEMENTPROXY('0r3m9KXTH7dQEHyg3LNaq2',#6,'Tile Red8:Tile Red:441742',$,$,#923,#920,'441742',$);
#925=IFCPROPERTYSET('0NMn7F7Wx0CoWkFH$T5mEu',#6,'Pset_BuildingElementProxyCommon',$,(#817));
#926=IFCPROPERTYSET('3L$mR1pQjqQijD0830jEuq',#6,'Pset_QuantityTakeOff',$,(#817));
#927=IFCRELDEFINESBYPROPERTIES('0IsjFkfEt05MeZ2$v$QLy6',#6,$,$,(#924),#925);
#928=IFCRELDEFINESBYPROPERTIES('2Rmmc80yIHY0MVRnCXTVYA',#6,$,$,(#924),#926);
#929=IFCCARTESIANPOINT((0.,0.));
#930=IFCAXIS2PLACEMENT2D(#929,#170);
#931=IFCRECTANGLEPROFILEDEF(.AREA.,'Tile Red',#930,8.0000000000003464,50.000000000005961);
#932=IFCCARTESIANPOINT((7082.4931710057372,7957.6105668044529,765.22424640175018));
#933=IFCAXIS2PLACEMENT3D(#932,$,$);
#934=IFCEXTRUDEDAREASOLID(#931,#933,#34,450.69999999999959);
#935=IFCSTYLEDITEM(#934,(#800),$);
#936=IFCSHAPEREPRESENTATION(#15,'Body','SweptSolid',(#934));
#937=IFCAXIS2PLACEMENT3D(#10,$,$);
#938=IFCREPRESENTATIONMAP(#937,#936);
#939=IFCBUILDINGELEMENTPROXYTYPE('0r3m9KXTH7dQEHyg3LNaqK',#6,'Tile Red9:Tile Red',$,$,$,(#938),'441752',$,.NOTDEFINED.);
#940=IFCMAPPEDITEM(#938,#194);
#941=IFCSHAPEREPRESENTATION(#15,'Body','MappedRepresentation',(#940));
#942=IFCPRODUCTDEFINITIONSHAPE($,$,(#941));
#943=IFCCARTESIANPOINT((-0.,-675.,-0.));
#944=IFCAXIS2PLACEMENT3D(#943,$,$);
#945=IFCLOCALPLACEMENT(#24,#944);
#946=IFCBUILDINGELEMENTPROXY('0r3m9KXTH7dQEHyg3LNaqM',#6,'Tile Red9:Tile Red:441754',$,$,#945,#942,'441754',$);
#947=IFCPROPERTYSET('1DW3MhH9E6t3TDzCDkqoHs',#6,'Pset_BuildingElementProxyCommon',$,(#817));
#948=IFCPROPERTYSET('1NC2dSs8voMPwgFgzuCLYx',#6,'Pset_QuantityTakeOff',$,(#817));
#949=IFCRELDEFINESBYPROPERTIES('2lqlmq9yivc5gHpaWYtg8M',#6,$,$,(#946),#947);
#950=IFCRELDEFINESBYPROPERTIES('2Lh3NN5dybY_sW9X78NH4C',#6,$,$,(#946),#948);
#951=IFCCARTESIANPOINT((0.,0.));
#952=IFCAXIS2PLACEMENT2D(#951,#170);
#953=IFCRECTANGLEPROFILEDEF(.AREA.,'Tile Red',#952,8.0000000000003464,50.000000000005961);
#954=IFCCARTESIANPOINT((7082.4931710057372,7957.6105668044529,12.993840887915093));
#955=IFCAXIS2PLACEMENT3D(#954,$,$);
#956=IFCEXTRUDEDAREASOLID(#953,#955,#34,297.53040551383447);
#957=IFCSTYLEDITEM(#956,(#800),$);
#958=IFCSHAPEREPRESENTATION(#15,'Body','SweptSolid',(#956));
#959=IFCAXIS2PLACEMENT3D(#10,$,$);
#960=IFCREPRESENTATIONMAP(#959,#958);
#961=IFCBUILDINGELEMENTPROXYTYPE('0r3m9KXTH7dQEHyg3LNaqe',#6,'Tile Red10:Tile Red',$,$,$,(#960),'441764',$,.NOTDEFINED.);
#962=IFCMAPPEDITEM(#960,#194);
#963=IFCSHAPEREPRESENTATION(#15,'Body','MappedRepresentation',(#962));
#964=IFCPRODUCTDEFINITIONSHAPE($,$,(#963));
#965=IFCCARTESIANPOINT((-0.,-675.,-0.));
#966=IFCAXIS2PLACEMENT3D(#965,$,$);
#967=IFCLOCALPLACEMENT(#24,#966);
#968=IFCBUILDINGELEMENTPROXY('0r3m9KXTH7dQEHyg3LNaqg',#6,'Tile Red10:Tile Red:441766',$,$,#967,#964,'441766',$);
#969=IFCPROPERTYSET('0OHWEyMJtm2Z5SK9xEWyuS',#6,'Pset_BuildingElementProxyCommon',$,(#817));
#970=IFCPROPERTYSET('1S0W3Hs7VT7vBiUaLhgboh',#6,'Pset_QuantityTakeOff',$,(#817));
#971=IFCRELDEFINESBYPROPERTIES('2O1YACiR53tLnajFxCal$R',#6,$,$,(#968),#969);
#972=IFCRELDEFINESBYPROPERTIES('2LGDpdxS_pY1KoAoF_LLCl',#6,$,$,(#968),#970);
#973=IFCCARTESIANPOINT((0.,0.));
#974=IFCAXIS2PLACEMENT2D(#973,#170);
#975=IFCRECTANGLEPROFILEDEF(.AREA.,'Tile 200x100x75 White 2',#974,100.40000000000001,98.90000000000002);
#976=IFCCARTESIANPOINT((-50.199999999993743,49.450000000008437,-0.));
#977=IFCAXIS2PLACEMENT3D(#976,$,$);
#978=IFCEXTRUDEDAREASOLID(#975,#977,#34,6.9999999999999973);
#979=IFCSTYLEDITEM(#978,(#183),$);
#980=IFCSHAPEREPRESENTATION(#15,'Body','SweptSolid',(#978));
#981=IFCAXIS2PLACEMENT3D(#10,$,$);
#982=IFCREPRESENTATIONMAP(#981,#980);
#983=IFCBUILDINGELEMENTPROXYTYPE('1kkNhPW5XF4BusAPV6zO1S',#6,'Tile:Tile 200x100x75 White 2',$,$,$,(#982),'431094',$,.NOTDEFINED.);
#984=IFCMAPPEDITEM(#982,#194);
#985=IFCSHAPEREPRESENTATION(#15,'Body','MappedRepresentation',(#984));
#986=IFCPRODUCTDEFINITIONSHAPE($,$,(#985));
#987=IFCCARTESIANPOINT((7086.4931710057381,6720.6105668044338,1719.2100328393715));
#988=IFCAXIS2PLACEMENT3D(#987,#199,#34);
#989=IFCLOCALPLACEMENT(#24,#988);
#990=IFCBUILDINGELEMENTPROXY('0Yv9is4Cr7Pxvjnh90tUYQ',#6,'Tile:Tile 200x100x75 White 2:442013',$,$,#989,#986,'442013',$);
#991=IFCPROPERTYSET('2ylguizgU8$YMPo1Rj1xCb',#6,'Pset_BuildingElementProxyCommon',$,(#203));
#992=IFCPROPERTYSET('1DwrekwFNeMNNuvv7vr4XV',#6,'Pset_QuantityTakeOff',$,(#203));
#993=IFCRELDEFINESBYPROPERTIES('2p_CD6UYQ6J5a_dmqcntTk',#6,$,$,(#990),#991);
#994=IFCRELDEFINESBYPROPERTIES('2oL79$Fqn9tQjglyNKSJzy',#6,$,$,(#990),#992);
#995=IFCCARTESIANPOINT((0.,1.4210854715202004E-014));
#996=IFCAXIS2PLACEMENT2D(#995,#170);
#997=IFCRECTANGLEPROFILEDEF(.AREA.,'Tile 200x100x75 White 2',#996,100.40000000000001,132.40000000000001);
#998=IFCCARTESIANPOINT((-50.199999999993743,66.20000000000843,-0.));
#999=IFCAXIS2PLACEMENT3D(#998,$,$);
#1000=IFCEXTRUDEDAREASOLID(#997,#999,#34,6.9999999999999973);
#1001=IFCSTYLEDITEM(#1000,(#183),$);
#1002=IFCSHAPEREPRESENTATION(#15,'Body','SweptSolid',(#1000));
#1003=IFCAXIS2PLACEMENT3D(#10,$,$);
#1004=IFCREPRESENTATIONMAP(#1003,#1002);
#1005=IFCBUILDINGELEMENTPROXYTYPE('0Yv9is4Cr7Pxvjnh90tPPD',#6,'Tile:Tile 200x100x75 White 2',$,$,$,(#1004),'431094',$,.NOTDEFINED.);
#1006=IFCMAPPEDITEM(#1004,#194);
#1007=IFCSHAPEREPRESENTATION(#15,'Body','MappedRepresentation',(#1006));
#1008=IFCPRODUCTDEFINITIONSHAPE($,$,(#1007));
#1009=IFCCARTESIANPOINT((7086.493171005739,7124.2105668044424,1616.8100328393678));
#1010=IFCAXIS2PLACEMENT3D(#1009,#199,#34);
#1011=IFCLOCALPLACEMENT(#24,#1010);
#1012=IFCBUILDINGELEMENTPROXY('0Yv9is4Cr7Pxvjnh90tUYP',#6,'Tile:Tile 200x100x75 White 2:442014',$,$,#1011,#1008,'442014',$);
#1013=IFCPROPERTYSET('1$pJTVAkAnnDuRQttbLYea',#6,'Pset_BuildingElementProxyCommon',$,(#203));
#1014=IFCPROPERTYSET('1pdj_MNTcB15vZQ6FaFCLy',#6,'Pset_QuantityTakeOff',$,(#203));
#1015=IFCRELDEFINESBYPROPERTIES('3CI3A6m5xAbpazD$0R0pQ2',#6,$,$,(#1012),#1013);
#1016=IFCRELDEFINESBYPROPERTIES('0oU$XJ0cMj7O5OqYxA6AGn',#6,$,$,(#1012),#1014);
#1017=IFCCARTESIANPOINT((0.,0.));
#1018=IFCAXIS2PLACEMENT2D(#1017,#170);
#1019=IFCRECTANGLEPROFILEDEF(.AREA.,'Tile 200x100x75 White 2',#1018,100.40000000000001,199.80000000000001);
#1020=IFCCARTESIANPOINT((-50.199999999993743,99.900000000008433,-0.));
#1021=IFCAXIS2PLACEMENT3D(#1020,$,$);
#1022=IFCEXTRUDEDAREASOLID(#1019,#1021,#34,6.9999999999999973);
#1023=IFCSTYLEDITEM(#1022,(#183),$);
#1024=IFCSHAPEREPRESENTATION(#15,'Body','SweptSolid',(#1022));
#1025=IFCAXIS2PLACEMENT3D(#10,$,$);
#1026=IFCREPRESENTATIONMAP(#1025,#1024);
#1027=IFCBUILDINGELEMENTPROXYTYPE('1kkNhPW5XF4BusAPV6zO0r',#6,'Tile:Tile 200x100x75 White 2',$,$,$,(#1026),'431094',$,.NOTDEFINED.);
#1028=IFCMAPPEDITEM(#1026,#194);
#1029=IFCSHAPEREPRESENTATION(#15,'Body','MappedRepresentation',(#1028));
#1030=IFCPRODUCTDEFINITIONSHAPE($,$,(#1029));
#1031=IFCCARTESIANPOINT((7086.4931710057381,6720.6105668044365,1616.8100328393682));
#1032=IFCAXIS2PLACEMENT3D(#1031,#199,#34);
#1033=IFCLOCALPLACEMENT(#24,#1032);
#1034=IFCBUILDINGELEMENTPROXY('0Yv9is4Cr7Pxvjnh90tUYd',#6,'Tile:Tile 200x100x75 White 2:442016',$,$,#1033,#1030,'442016',$);
#1035=IFCPROPERTYSET('0NAJe103qj299XzRRXCLDN',#6,'Pset_BuildingElementProxyCommon',$,(#203));
#1036=IFCPROPERTYSET('2BRYVtSppiQGzA99VXpW8q',#6,'Pset_QuantityTakeOff',$,(#203));
#1037=IFCRELDEFINESBYPROPERTIES('3QUS35WrSn4jgP70PJPlht',#6,$,$,(#1034),#1035);
#1038=IFCRELDEFINESBYPROPERTIES('1lzgo8pXYZ6tESGG68py9k',#6,$,$,(#1034),#1036);
#1039=IFCCARTESIANPOINT((0.,0.));
#1040=IFCAXIS2PLACEMENT2D(#1039,#170);
#1041=IFCRECTANGLEPROFILEDEF(.AREA.,'Tile 200x100x75 White 2',#1040,100.40000000000001,98.90000000000002);
#1042=IFCCARTESIANPOINT((-50.199999999993743,49.450000000008437,-0.));
#1043=IFCAXIS2PLACEMENT3D(#1042,$,$);
#1044=IFCEXTRUDEDAREASOLID(#1041,#1043,#34,6.9999999999999973);
#1045=IFCSTYLEDITEM(#1044,(#183),$);
#1046=IFCSHAPEREPRESENTATION(#15,'Body','SweptSolid',(#1044));
#1047=IFCAXIS2PLACEMENT3D(#10,$,$);
#1048=IFCREPRESENTATIONMAP(#1047,#1046);
#1049=IFCBUILDINGELEMENTPROXYTYPE('1kkNhPW5XF4BusAPV6zO0k',#6,'Tile:Tile 200x100x75 White 2',$,$,$,(#1048),'431094',$,.NOTDEFINED.);
#1050=IFCMAPPEDITEM(#1048,#194);
#1051=IFCSHAPEREPRESENTATION(#15,'Body','MappedRepresentation',(#1050));
#1052=IFCPRODUCTDEFINITIONSHAPE($,$,(#1051));
#1053=IFCCARTESIANPOINT((7086.4931710057381,6720.6105668044365,1514.4100328393688));
#1054=IFCAXIS2PLACEMENT3D(#1053,#199,#34);
#1055=IFCLOCALPLACEMENT(#24,#1054);
#1056=IFCBUILDINGELEMENTPROXY('0Yv9is4Cr7Pxvjnh90tUYa',#6,'Tile:Tile 200x100x75 White 2:442019',$,$,#1055,#1052,'442019',$);
#1057=IFCPROPERTYSET('2fZR86E3YOL98IUkEy4gwF',#6,'Pset_BuildingElementProxyCommon',$,(#203));
#1058=IFCPROPERTYSET('0XqYdizQCxyQbhnY9xzqUW',#6,'Pset_QuantityTakeOff',$,(#203));
#1059=IFCRELDEFINESBYPROPERTIES('0X2daBfOGwqiJPmiFpPi_E',#6,$,$,(#1056),#1057);
#1060=IFCRELDEFINESBYPROPERTIES('0$ljMmS2ISH5VIzfIhfSTe',#6,$,$,(#1056),#1058);
#1061=IFCCARTESIANPOINT((0.,0.));
#1062=IFCAXIS2PLACEMENT2D(#1061,#170);
#1063=IFCRECTANGLEPROFILEDEF(.AREA.,'Tile 200x100x75 White 2',#1062,100.40000000000001,31.500000000000014);
#1064=IFCCARTESIANPOINT((-50.199999999993743,15.750000000008432,-0.));
#1065=IFCAXIS2PLACEMENT3D(#1064,$,$);
#1066=IFCEXTRUDEDAREASOLID(#1063,#1065,#34,6.9999999999999973);
#1067=IFCSTYLEDITEM(#1066,(#183),$);
#1068=IFCSHAPEREPRESENTATION(#15,'Body','SweptSolid',(#1066));
#1069=IFCAXIS2PLACEMENT3D(#10,$,$);
#1070=IFCREPRESENTATIONMAP(#1069,#1068);
#1071=IFCBUILDINGELEMENTPROXYTYPE('0Yv9is4Cr7Pxvjnh90tPOW',#6,'Tile:Tile 200x100x75 White 2',$,$,$,(#1070),'431094',$,.NOTDEFINED.);
#1072=IFCMAPPEDITEM(#1070,#194);
#1073=IFCSHAPEREPRESENTATION(#15,'Body','MappedRepresentation',(#1072));
#1074=IFCPRODUCTDEFINITIONSHAPE($,$,(#1073));
#1075=IFCCARTESIANPOINT((7086.493171005739,7225.1105668044429,1514.4100328393674));
#1076=IFCAXIS2PLACEMENT3D(#1075,#199,#34);
#1077=IFCLOCALPLACEMENT(#24,#1076);
#1078=IFCBUILDINGELEMENTPROXY('0Yv9is4Cr7Pxvjnh90tUYZ',#6,'Tile:Tile 200x100x75 White 2:442020',$,$,#1077,#1074,'442020',$);
#1079=IFCPROPERTYSET('1TQ3R0j4A1jkjZ8gJTeqPT',#6,'Pset_BuildingElementProxyCommon',$,(#203));
#1080=IFCPROPERTYSET('32zQSbKuEh$gaBkI3uWFRr',#6,'Pset_QuantityTakeOff',$,(#203));
#1081=IFCRELDEFINESBYPROPERTIES('3ZG6aZC8_XckXaGjv$2nwp',#6,$,$,(#1078),#1079);
#1082=IFCRELDEFINESBYPROPERTIES('07mMTfhGAWzjjvvScZEJyw',#6,$,$,(#1078),#1080);
#1083=IFCMAPPEDITEM(#1004,#194);
#1084=IFCSHAPEREPRESENTATION(#15,'Body','MappedRepresentation',(#1083));
#1085=IFCPRODUCTDEFINITIONSHAPE($,$,(#1084));
#1086=IFCCARTESIANPOINT((7086.493171005739,7124.2105668044424,1412.0100328393651));
#1087=IFCAXIS2PLACEMENT3D(#1086,#199,#34);
#1088=IFCLOCALPLACEMENT(#24,#1087);
#1089=IFCBUILDINGELEMENTPROXY('0Yv9is4Cr7Pxvjnh90tUYY',#6,'Tile:Tile 200x100x75 White 2:442021',$,$,#1088,#1085,'442021',$);
#1090=IFCPROPERTYSET('1XlATvLLucLp$SHiWFC5P5',#6,'Pset_BuildingElementProxyCommon',$,(#203));
#1091=IFCPROPERTYSET('2BwhOu1D8ORxlslhPDFAr4',#6,'Pset_QuantityTakeOff',$,(#203));
#1092=IFCRELDEFINESBYPROPERTIES('1dKeiJ8x_8ex1vxcLoXt86',#6,$,$,(#1089),#1090);
#1093=IFCRELDEFINESBYPROPERTIES('3R5OybJmHsSVgSnummJE$F',#6,$,$,(#1089),#1091);
#1094=IFCMAPPEDITEM(#1026,#194);
#1095=IFCSHAPEREPRESENTATION(#15,'Body','MappedRepresentation',(#1094));
#1096=IFCPRODUCTDEFINITIONSHAPE($,$,(#1095));
#1097=IFCCARTESIANPOINT((7086.4931710057381,6720.6105668044365,1412.0100328393655));
#1098=IFCAXIS2PLACEMENT3D(#1097,#199,#34);
#1099=IFCLOCALPLACEMENT(#24,#1098);
#1100=IFCBUILDINGELEMENTPROXY('0Yv9is4Cr7Pxvjnh90tUYW',#6,'Tile:Tile 200x100x75 White 2:442023',$,$,#1099,#1096,'442023',$);
#1101=IFCPROPERTYSET('2rKpefNrVDeRm8RNesxi3p',#6,'Pset_BuildingElementProxyCommon',$,(#203));
#1102=IFCPROPERTYSET('2i0xx$of7h4PwKihIw21Xw',#6,'Pset_QuantityTakeOff',$,(#203));
#1103=IFCRELDEFINESBYPROPERTIES('1wUtxu0VrTtoZX36rrXwTS',#6,$,$,(#1100),#1101);
#1104=IFCRELDEFINESBYPROPERTIES('1BAwop40T6Lv5en8A5L566',#6,$,$,(#1100),#1102);
#1105=IFCMAPPEDITEM(#1048,#194);
#1106=IFCSHAPEREPRESENTATION(#15,'Body','MappedRepresentation',(#1105));
#1107=IFCPRODUCTDEFINITIONSHAPE($,$,(#1106));
#1108=IFCCARTESIANPOINT((7086.4931710057381,6720.6105668044365,1309.6100328393661));
#1109=IFCAXIS2PLACEMENT3D(#1108,#199,#34);
#1110=IFCLOCALPLACEMENT(#24,#1109);
#1111=IFCBUILDINGELEMENTPROXY('0Yv9is4Cr7Pxvjnh90tUYj',#6,'Tile:Tile 200x100x75 White 2:442026',$,$,#1110,#1107,'442026',$);
#1112=IFCPROPERTYSET('28J9jc0BIPI5ekbzXRZhSw',#6,'Pset_BuildingElementProxyCommon',$,(#203));
#1113=IFCPROPERTYSET('016bet0Sln9_Q9Bfz_fF0o',#6,'Pset_QuantityTakeOff',$,(#203));
#1114=IFCRELDEFINESBYPROPERTIES('3LdlWGYQGDyEMv3g6rlxAt',#6,$,$,(#1111),#1112);
#1115=IFCRELDEFINESBYPROPERTIES('3uXmnR8b1D9eC4DLSRD8Zl',#6,$,$,(#1111),#1113);
#1116=IFCMAPPEDITEM(#1070,#194);
#1117=IFCSHAPEREPRESENTATION(#15,'Body','MappedRepresentation',(#1116));
#1118=IFCPRODUCTDEFINITIONSHAPE($,$,(#1117));
#1119=IFCCARTESIANPOINT((7086.493171005739,7225.1105668044429,1309.6100328393647));
#1120=IFCAXIS2PLACEMENT3D(#1119,#199,#34);
#1121=IFCLOCALPLACEMENT(#24,#1120);
#1122=IFCBUILDINGELEMENTPROXY('0Yv9is4Cr7Pxvjnh90tUYi',#6,'Tile:Tile 200x100x75 White 2:442027',$,$,#1121,#1118,'442027',$);
#1123=IFCPROPERTYSET('2KpzCZqnB4ZvL$juovkp6R',#6,'Pset_BuildingElementProxyCommon',$,(#203));
#1124=IFCPROPERTYSET('2OXdagqRoVEWLRrNs$YI1U',#6,'Pset_QuantityTakeOff',$,(#203));
#1125=IFCRELDEFINESBYPROPERTIES('06Ed6AevHCKubCBzIlVHwp',#6,$,$,(#1122),#1123);
#1126=IFCRELDEFINESBYPROPERTIES('3ckjBTajpxyTFcdU4Nk45Y',#6,$,$,(#1122),#1124);
#1127=IFCMAPPEDITEM(#1004,#194);
#1128=IFCSHAPEREPRESENTATION(#15,'Body','MappedRepresentation',(#1127));
#1129=IFCPRODUCTDEFINITIONSHAPE($,$,(#1128));
#1130=IFCCARTESIANPOINT((7086.493171005739,7124.2105668044424,1207.2100328393622));
#1131=IFCAXIS2PLACEMENT3D(#1130,#199,#34);
#1132=IFCLOCALPLACEMENT(#24,#1131);
#1133=IFCBUILDINGELEMENTPROXY('0Yv9is4Cr7Pxvjnh90tUYh',#6,'Tile:Tile 200x100x75 White 2:442028',$,$,#1132,#1129,'442028',$);
#1134=IFCPROPERTYSET('0tR9iPtQ7nnxyF7pUFsXCA',#6,'Pset_BuildingElementProxyCommon',$,(#203));
#1135=IFCPROPERTYSET('0ywyVlNRAKMuyS$gV7$l33',#6,'Pset_QuantityTakeOff',$,(#203));
#1136=IFCRELDEFINESBYPROPERTIES('3ZJS$Xnv5uHmWWFYiyylsK',#6,$,$,(#1133),#1134);
#1137=IFCRELDEFINESBYPROPERTIES('27WR5zzsPa9f0wnvj0o95l',#6,$,$,(#1133),#1135);
#1138=IFCMAPPEDITEM(#1026,#194);
#1139=IFCSHAPEREPRESENTATION(#15,'Body','MappedRepresentation',(#1138));
#1140=IFCPRODUCTDEFINITIONSHAPE($,$,(#1139));
#1141=IFCCARTESIANPOINT((7086.4931710057381,6720.6105668044365,1207.2100328393628));
#1142=IFCAXIS2PLACEMENT3D(#1141,#199,#34);
#1143=IFCLOCALPLACEMENT(#24,#1142);
#1144=IFCBUILDINGELEMENTPROXY('0Yv9is4Cr7Pxvjnh90tUYf',#6,'Tile:Tile 200x100x75 White 2:442030',$,$,#1143,#1140,'442030',$);
#1145=IFCPROPERTYSET('1RSTOo3oZUNZzU$NL1Y6nh',#6,'Pset_BuildingElementProxyCommon',$,(#203));
#1146=IFCPROPERTYSET('1Gh8K4sFiSDVKqROtRn5JR',#6,'Pset_QuantityTakeOff',$,(#203));
#1147=IFCRELDEFINESBYPROPERTIES('07tUjvBVcPPIj7$YU_vUQ3',#6,$,$,(#1144),#1145);
#1148=IFCRELDEFINESBYPROPERTIES('2o3PwVxKphXpEbw1MrcYMq',#6,$,$,(#1144),#1146);
#1149=IFCMAPPEDITEM(#1048,#194);
#1150=IFCSHAPEREPRESENTATION(#15,'Body','MappedRepresentation',(#1149));
#1151=IFCPRODUCTDEFINITIONSHAPE($,$,(#1150));
#1152=IFCCARTESIANPOINT((7086.4931710057381,6720.6105668044365,1104.8100328393634));
#1153=IFCAXIS2PLACEMENT3D(#1152,#199,#34);
#1154=IFCLOCALPLACEMENT(#24,#1153);
#1155=IFCBUILDINGELEMENTPROXY('0Yv9is4Cr7Pxvjnh90tUYs',#6,'Tile:Tile 200x100x75 White 2:442033',$,$,#1154,#1151,'442033',$);
#1156=IFCPROPERTYSET('3rA6gjV_QZGU$guPHMfn7B',#6,'Pset_BuildingElementProxyCommon',$,(#203));
#1157=IFCPROPERTYSET('2eJsvtE7CBhSnpjDeVG3iS',#6,'Pset_QuantityTakeOff',$,(#203));
#1158=IFCRELDEFINESBYPROPERTIES('3uS30WpCMuqh1F2Mxm4d5F',#6,$,$,(#1155),#1156);
#1159=IFCRELDEFINESBYPROPERTIES('0TUz19_D$VeWRqwe$8SKey',#6,$,$,(#1155),#1157);
#1160=IFCMAPPEDITEM(#1070,#194);
#1161=IFCSHAPEREPRESENTATION(#15,'Body','MappedRepresentation',(#1160));
#1162=IFCPRODUCTDEFINITIONSHAPE($,$,(#1161));
#1163=IFCCARTESIANPOINT((7086.493171005739,7225.1105668044429,1104.8100328393621));
#1164=IFCAXIS2PLACEMENT3D(#1163,#199,#34);
#1165=IFCLOCALPLACEMENT(#24,#1164);
#1166=IFCBUILDINGELEMENTPROXY('0Yv9is4Cr7Pxvjnh90tUYr',#6,'Tile:Tile 200x100x75 White 2:442034',$,$,#1165,#1162,'442034',$);
#1167=IFCPROPERTYSET('2e8BtWsnOoX1lVvdTxn_CK',#6,'Pset_BuildingElementProxyCommon',$,(#203));
#1168=IFCPROPERTYSET('2RKuxGo1_ck2uobl660sRV',#6,'Pset_QuantityTakeOff',$,(#203));
#1169=IFCRELDEFINESBYPROPERTIES('0PNY72zFEbZnLnflZ7cN6i',#6,$,$,(#1166),#1167);
#1170=IFCRELDEFINESBYPROPERTIES('00CVoSeaHcSvhvMzl$Ri8x',#6,$,$,(#1166),#1168);
#1171=IFCMAPPEDITEM(#1004,#194);
#1172=IFCSHAPEREPRESENTATION(#15,'Body','MappedRepresentation',(#1171));
#1173=IFCPRODUCTDEFINITIONSHAPE($,$,(#1172));
#1174=IFCCARTESIANPOINT((7086.493171005739,7124.2105668044424,1002.4100328393596));
#1175=IFCAXIS2PLACEMENT3D(#1174,#199,#34);
#1176=IFCLOCALPLACEMENT(#24,#1175);
#1177=IFCBUILDINGELEMENTPROXY('0Yv9is4Cr7Pxvjnh90tUYq',#6,'Tile:Tile 200x100x75 White 2:442035',$,$,#1176,#1173,'442035',$);
#1178=IFCPROPERTYSET('0qkSVOW3$dKWN4b7g5teLj',#6,'Pset_BuildingElementProxyCommon',$,(#203));
#1179=IFCPROPERTYSET('3VWn2oynkB0$EGC3BNB4y5',#6,'Pset_QuantityTakeOff',$,(#203));
#1180=IFCRELDEFINESBYPROPERTIES('3sjcMDEgJI4m26_F46eoxz',#6,$,$,(#1177),#1178);
#1181=IFCRELDEFINESBYPROPERTIES('1sgOOtalqz4pBmg$dW4T7$',#6,$,$,(#1177),#1179);
#1182=IFCMAPPEDITEM(#1026,#194);
#1183=IFCSHAPEREPRESENTATION(#15,'Body','MappedRepresentation',(#1182));
#1184=IFCPRODUCTDEFINITIONSHAPE($,$,(#1183));
#1185=IFCCARTESIANPOINT((7086.4931710057381,6720.6105668044365,1002.41003283936));
#1186=IFCAXIS2PLACEMENT3D(#1185,#199,#34);
#1187=IFCLOCALPLACEMENT(#24,#1186);
#1188=IFCBUILDINGELEMENTPROXY('0Yv9is4Cr7Pxvjnh90tUYo',#6,'Tile:Tile 200x100x75 White 2:442037',$,$,#1187,#1184,'442037',$);
#1189=IFCPROPERTYSET('2uJP$gtn8KAY6ub8tjF6ma',#6,'Pset_BuildingElementProxyCommon',$,(#203));
#1190=IFCPROPERTYSET('3GPpdW3u6OwbPI8sKG7L2K',#6,'Pset_QuantityTakeOff',$,(#203));
#1191=IFCRELDEFINESBYPROPERTIES('2k29GnzIQcv7MNlvG_KaZW',#6,$,$,(#1188),#1189);
#1192=IFCRELDEFINESBYPROPERTIES('0hm5$P14jIdpOP0CjHWQr2',#6,$,$,(#1188),#1190);
#1193=IFCMAPPEDITEM(#1048,#194);
#1194=IFCSHAPEREPRESENTATION(#15,'Body','MappedRepresentation',(#1193));
#1195=IFCPRODUCTDEFINITIONSHAPE($,$,(#1194));
#1196=IFCCARTESIANPOINT((7086.4931710057381,6720.6105668044365,900.01003283936063));
#1197=IFCAXIS2PLACEMENT3D(#1196,#199,#34);
#1198=IFCLOCALPLACEMENT(#24,#1197);
#1199=IFCBUILDINGELEMENTPROXY('0Yv9is4Cr7Pxvjnh90tUY$',#6,'Tile:Tile 200x100x75 White 2:442040',$,$,#1198,#1195,'442040',$);
#1200=IFCPROPERTYSET('3D5duSwk042YWBRhYWWA4j',#6,'Pset_BuildingElementProxyCommon',$,(#203));
#1201=IFCPROPERTYSET('2wQuZtbGCXk9hmY3hkEl4a',#6,'Pset_QuantityTakeOff',$,(#203));
#1202=IFCRELDEFINESBYPROPERTIES('1qPFZwUMd3jK1gVgmesJf1',#6,$,$,(#1199),#1200);
#1203=IFCRELDEFINESBYPROPERTIES('0P71C8J3JwDd5Ee_8oi1Jl',#6,$,$,(#1199),#1201);
#1204=IFCMAPPEDITEM(#1070,#194);
#1205=IFCSHAPEREPRESENTATION(#15,'Body','MappedRepresentation',(#1204));
#1206=IFCPRODUCTDEFINITIONSHAPE($,$,(#1205));
#1207=IFCCARTESIANPOINT((7086.493171005739,7225.1105668044429,900.01003283935927));
#1208=IFCAXIS2PLACEMENT3D(#1207,#199,#34);
#1209=IFCLOCALPLACEMENT(#24,#1208);
#1210=IFCBUILDINGELEMENTPROXY('0Yv9is4Cr7Pxvjnh90tUY_',#6,'Tile:Tile 200x100x75 White 2:442041',$,$,#1209,#1206,'442041',$);
#1211=IFCPROPERTYSET('3zBNV3xUdEUb4nkqERvIC9',#6,'Pset_BuildingElementProxyCommon',$,(#203));
#1212=IFCPROPERTYSET('3jqk9RnT2SaGOQyo1OYahY',#6,'Pset_QuantityTakeOff',$,(#203));
#1213=IFCRELDEFINESBYPROPERTIES('3YRZXvpMPKlq2i1T2sve5d',#6,$,$,(#1210),#1211);
#1214=IFCRELDEFINESBYPROPERTIES('2hctI09OhsM3d83OIqkyx1',#6,$,$,(#1210),#1212);
#1215=IFCMAPPEDITEM(#1004,#194);
#1216=IFCSHAPEREPRESENTATION(#15,'Body','MappedRepresentation',(#1215));
#1217=IFCPRODUCTDEFINITIONSHAPE($,$,(#1216));
#1218=IFCCARTESIANPOINT((7086.493171005739,7124.2105668044424,797.61003283935679));
#1219=IFCAXIS2PLACEMENT3D(#1218,#199,#34);
#1220=IFCLOCALPLACEMENT(#24,#1219);
#1221=IFCBUILDINGELEMENTPROXY('0Yv9is4Cr7Pxvjnh90tUYz',#6,'Tile:Tile 200x100x75 White 2:442042',$,$,#1220,#1217,'442042',$);
#1222=IFCPROPERTYSET('0X8FXDSZEeyrensPtSofa1',#6,'Pset_BuildingElementProxyCommon',$,(#203));
#1223=IFCPROPERTYSET('3H_w08$rmBLVR1ET$w8huk',#6,'Pset_QuantityTakeOff',$,(#203));
#1224=IFCRELDEFINESBYPROPERTIES('3uwxl2k43Ges19mrNSPSDf',#6,$,$,(#1221),#1222);
#1225=IFCRELDEFINESBYPROPERTIES('1flyMuSkDMWtdF47KYmiSM',#6,$,$,(#1221),#1223);
#1226=IFCCARTESIANPOINT((0.,0.));
#1227=IFCAXIS2PLACEMENT2D(#1226,#170);
#1228=IFCRECTANGLEPROFILEDEF(.AREA.,'Tile 200x100x75 White 2',#1227,100.40000000000001,199.80000000000001);
#1229=IFCCARTESIANPOINT((-50.199999999993743,99.900000000008433,-0.));
#1230=IFCAXIS2PLACEMENT3D(#1229,$,$);
#1231=IFCEXTRUDEDAREASOLID(#1228,#1230,#34,6.9999999999999973);
#1232=IFCSTYLEDITEM(#1231,(#183),$);
#1233=IFCSHAPEREPRESENTATION(#15,'Body','SweptSolid',(#1231));
#1234=IFCAXIS2PLACEMENT3D(#10,$,$);
#1235=IFCREPRESENTATIONMAP(#1234,#1233);
#1236=IFCBUILDINGELEMENTPROXYTYPE('1kkNhPW5XF4BusAPV6zO0a',#6,'Tile:Tile 200x100x75 White 2',$,$,$,(#1235),'431094',$,.NOTDEFINED.);
#1237=IFCMAPPEDITEM(#1235,#194);
#1238=IFCSHAPEREPRESENTATION(#15,'Body','MappedRepresentation',(#1237));
#1239=IFCPRODUCTDEFINITIONSHAPE($,$,(#1238));
#1240=IFCCARTESIANPOINT((7086.4931710057381,6720.6105668044365,797.61003283935736));
#1241=IFCAXIS2PLACEMENT3D(#1240,#199,#34);
#1242=IFCLOCALPLACEMENT(#24,#1241);
#1243=IFCBUILDINGELEMENTPROXY('0Yv9is4Cr7Pxvjnh90tUYx',#6,'Tile:Tile 200x100x75 White 2:442044',$,$,#1242,#1239,'442044',$);
#1244=IFCPROPERTYSET('23MyWmaF4P$OkTu4Tv_Jlz',#6,'Pset_BuildingElementProxyCommon',$,(#203));
#1245=IFCPROPERTYSET('0TRgReTyDuoGNY_GfEEBv$',#6,'Pset_QuantityTakeOff',$,(#203));
#1246=IFCRELDEFINESBYPROPERTIES('3xN3Jh__feM96Sl_Ze4Xk0',#6,$,$,(#1243),#1244);
#1247=IFCRELDEFINESBYPROPERTIES('10RvewLeabfPmp_l1raGa1',#6,$,$,(#1243),#1245);
#1248=IFCMAPPEDITEM(#1070,#194);
#1249=IFCSHAPEREPRESENTATION(#15,'Body','MappedRepresentation',(#1248));
#1250=IFCPRODUCTDEFINITIONSHAPE($,$,(#1249));
#1251=IFCCARTESIANPOINT((7086.493171005739,7225.1105668044429,695.21003283935659));
#1252=IFCAXIS2PLACEMENT3D(#1251,#199,#34);
#1253=IFCLOCALPLACEMENT(#24,#1252);
#1254=IFCBUILDINGELEMENTPROXY('0Yv9is4Cr7Pxvjnh90tUZ7',#6,'Tile:Tile 200x100x75 White 2:442048',$,$,#1253,#1250,'442048',$);
#1255=IFCPROPERTYSET('3$JLxnq99ef1hxQm4R6NjY',#6,'Pset_BuildingElementProxyCommon',$,(#203));
#1256=IFCPROPERTYSET('1Nu9b3vepsGeKZOKY$8zbP',#6,'Pset_QuantityTakeOff',$,(#203));
#1257=IFCRELDEFINESBYPROPERTIES('0A7P6Jklhn6rOfMS9yPxEC',#6,$,$,(#1254),#1255);
#1258=IFCRELDEFINESBYPROPERTIES('2TLgF_PcTixgcWmiArzpCM',#6,$,$,(#1254),#1256);
#1259=IFCCARTESIANPOINT((-68.551558249313345,-60.401899026269646));
#1260=IFCCARTESIANPOINT((8.7257329393204017,-60.401899026269668));
#1261=IFCCARTESIANPOINT((114.24689512117827,35.555514563662022));
#1262=IFCCARTESIANPOINT((46.699337947906862,109.83530670071231));
#1263=IFCCARTESIANPOINT((-101.12040775909178,-24.587023211833909));
#1264=IFCPOLYLINE((#1259,#1260,#1261,#1262,#1263,#1259));
#1265=IFCARBITRARYCLOSEDPROFILEDEF(.AREA.,'Tile Red',#1264);
#1266=IFCCARTESIANPOINT((7078.4931710057372,7131.7560227279446,1668.6518411167451));
#1267=IFCDIRECTION((1.,0.,0.));
#1268=IFCDIRECTION((-0.,-0.73983856710210305,0.67278443399673504));
#1269=IFCAXIS2PLACEMENT3D(#1266,#1267,#1268);
#1270=IFCEXTRUDEDAREASOLID(#1265,#1269,#34,8.0000000000003446);
#1271=IFCSTYLEDITEM(#1270,(#183),$);
#1272=IFCSHAPEREPRESENTATION(#15,'Body','SweptSolid',(#1270));
#1273=IFCAXIS2PLACEMENT3D(#10,$,$);
#1274=IFCREPRESENTATIONMAP(#1273,#1272);
#1275=IFCBUILDINGELEMENTPROXYTYPE('0Yv9is4Cr7Pxvjnh90tUZ1',#6,'Tile Red11:Tile Red',$,$,$,(#1274),'442054',$,.NOTDEFINED.);
#1276=IFCMAPPEDITEM(#1274,#194);
#1277=IFCSHAPEREPRESENTATION(#15,'Body','MappedRepresentation',(#1276));
#1278=IFCPRODUCTDEFINITIONSHAPE($,$,(#1277));
#1279=IFCAXIS2PLACEMENT3D(#10,$,$);
#1280=IFCLOCALPLACEMENT(#24,#1279);
#1281=IFCBUILDINGELEMENTPROXY('0Yv9is4Cr7Pxvjnh90tUZF',#6,'Tile Red11:Tile Red:442056',$,$,#1280,#1278,'442056',$);
#1282=IFCPROPERTYSET('145k_s_HzGiPoLqLBnoBCi',#6,'Pset_BuildingElementProxyCommon',$,(#817));
#1283=IFCPROPERTYSET('1t$$DG$61QJxavKKca57u4',#6,'Pset_QuantityTakeOff',$,(#817));
#1284=IFCRELDEFINESBYPROPERTIES('0xa0hDP7$zUKiBoVCNyWsg',#6,$,$,(#1281),#1282);
#1285=IFCRELDEFINESBYPROPERTIES('3OK5iFkd$pFcNdD2ewBhRw',#6,$,$,(#1281),#1283);
#1286=IFCCARTESIANPOINT((0.,-5.4178883601707639E-013));
#1287=IFCAXIS2PLACEMENT2D(#1286,#170);
#1288=IFCRECTANGLEPROFILEDEF(.AREA.,'Tile Red',#1287,8.0000000000003464,31.500000000000419);
#1289=IFCCARTESIANPOINT((7082.4931710057363,7240.8605668044502,1618.8100328393709));
#1290=IFCAXIS2PLACEMENT3D(#1289,$,$);
#1291=IFCEXTRUDEDAREASOLID(#1288,#1290,#34,48.400000000003075);
#1292=IFCSTYLEDITEM(#1291,(#183),$);
#1293=IFCSHAPEREPRESENTATION(#15,'Body','SweptSolid',(#1291));
#1294=IFCAXIS2PLACEMENT3D(#10,$,$);
#1295=IFCREPRESENTATIONMAP(#1294,#1293);
#1296=IFCBUILDINGELEMENTPROXYTYPE('0Yv9is4Cr7Pxvjnh90tUZK',#6,'Tile Red12:Tile Red',$,$,$,(#1295),'442067',$,.NOTDEFINED.);
#1297=IFCMAPPEDITEM(#1295,#194);
#1298=IFCSHAPEREPRESENTATION(#15,'Body','MappedRepresentation',(#1297));
#1299=IFCPRODUCTDEFINITIONSHAPE($,$,(#1298));
#1300=IFCAXIS2PLACEMENT3D(#10,$,$);
#1301=IFCLOCALPLACEMENT(#24,#1300);
#1302=IFCBUILDINGELEMENTPROXY('0Yv9is4Cr7Pxvjnh90tUZI',#6,'Tile Red12:Tile Red:442069',$,$,#1301,#1299,'442069',$);
#1303=IFCPROPERTYSET('0LnZq3i0KOgvWuhkmeUfvk',#6,'Pset_BuildingElementProxyCommon',$,(#817));
#1304=IFCPROPERTYSET('238v_5zORNECh8wQJrAtf9',#6,'Pset_QuantityTakeOff',$,(#817));
#1305=IFCRELDEFINESBYPROPERTIES('3x$1fZcmXdNbB04QkkbDu8',#6,$,$,(#1302),#1303);
#1306=IFCRELDEFINESBYPROPERTIES('3eO5HLnhHwWDyfR4ny9VOs',#6,$,$,(#1302),#1304);
#1307=IFCMAPPEDITEM(#187,#194);
#1308=IFCSHAPEREPRESENTATION(#15,'Body','MappedRepresentation',(#1307));
#1309=IFCPRODUCTDEFINITIONSHAPE($,$,(#1308));
#1310=IFCCARTESIANPOINT((7086.4931710057381,7021.3105668044391,1719.2100328393717));
#1311=IFCAXIS2PLACEMENT3D(#1310,#199,#34);
#1312=IFCLOCALPLACEMENT(#24,#1311);
#1313=IFCBUILDINGELEMENTPROXY('0Yv9is4Cr7Pxvjnh90tUaW',#6,'Tile:Tile 200x100x75 White 2:442151',$,$,#1312,#1309,'442151',$);
#1314=IFCPROPERTYSET('0pwxuHCAP8E7jvkPspcmRo',#6,'Pset_BuildingElementProxyCommon',$,(#203));
#1315=IFCPROPERTYSET('2xUKm6S5ns5iIunp5sMJBJ',#6,'Pset_QuantityTakeOff',$,(#203));
#1316=IFCRELDEFINESBYPROPERTIES('15aM6WEMwuh1_xbIYPMt8P',#6,$,$,(#1313),#1314);
#1317=IFCRELDEFINESBYPROPERTIES('0vXNLaPWEPjubKVfo2fSnP',#6,$,$,(#1313),#1315);
#1318=IFCMAPPEDITEM(#187,#194);
#1319=IFCSHAPEREPRESENTATION(#15,'Body','MappedRepresentation',(#1318));
#1320=IFCPRODUCTDEFINITIONSHAPE($,$,(#1319));
#1321=IFCCARTESIANPOINT((7086.493171005739,7122.2105668044524,1616.8100328393684));
#1322=IFCAXIS2PLACEMENT3D(#1321,#199,#34);
#1323=IFCLOCALPLACEMENT(#24,#1322);
#1324=IFCBUILDINGELEMENTPROXY('0Yv9is4Cr7Pxvjnh90tUaq',#6,'Tile:Tile 200x100x75 White 2:442163',$,$,#1323,#1320,'442163',$);
#1325=IFCPROPERTYSET('022e_X3BzYRTHY70qbFst6',#6,'Pset_BuildingElementProxyCommon',$,(#203));
#1326=IFCPROPERTYSET('2lIHcA9NrhjtspqLcylTPy',#6,'Pset_QuantityTakeOff',$,(#203));
#1327=IFCRELDEFINESBYPROPERTIES('3sYNA$vzZNDN2P4LQWYMOg',#6,$,$,(#1324),#1325);
#1328=IFCRELDEFINESBYPROPERTIES('3zIfC2cAeG_4Y3GNvrIcJQ',#6,$,$,(#1324),#1326);
#1329=IFCMAPPEDITEM(#187,#194);
#1330=IFCSHAPEREPRESENTATION(#15,'Body','MappedRepresentation',(#1329));
#1331=IFCPRODUCTDEFINITIONSHAPE($,$,(#1330));
#1332=IFCCARTESIANPOINT((7086.4931710057381,7021.3105668044527,1514.410032839369));
#1333=IFCAXIS2PLACEMENT3D(#1332,#199,#34);
#1334=IFCLOCALPLACEMENT(#24,#1333);
#1335=IFCBUILDINGELEMENTPROXY('0Yv9is4Cr7Pxvjnh90tUaw',#6,'Tile:Tile 200x100x75 White 2:442173',$,$,#1334,#1331,'442173',$);
#1336=IFCPROPERTYSET('0XN$QsnM12rHTZolWErRtz',#6,'Pset_BuildingElementProxyCommon',$,(#203));
#1337=IFCPROPERTYSET('0YmYAyL135SSYKV4fHo94E',#6,'Pset_QuantityTakeOff',$,(#203));
#1338=IFCRELDEFINESBYPROPERTIES('0AreobptNd9lBMJts443LR',#6,$,$,(#1335),#1336);
#1339=IFCRELDEFINESBYPROPERTIES('1ZN31KU4XDbahHx8$kCBj6',#6,$,$,(#1335),#1337);
#1340=IFCMAPPEDITEM(#187,#194);
#1341=IFCSHAPEREPRESENTATION(#15,'Body','MappedRepresentation',(#1340));
#1342=IFCPRODUCTDEFINITIONSHAPE($,$,(#1341));
#1343=IFCCARTESIANPOINT((7086.493171005739,7223.110566804452,1514.4100328393695));
#1344=IFCAXIS2PLACEMENT3D(#1343,#199,#34);
#1345=IFCLOCALPLACEMENT(#24,#1344);
#1346=IFCBUILDINGELEMENTPROXY('0Yv9is4Cr7Pxvjnh90tUb0',#6,'Tile:Tile 200x100x75 White 2:442183',$,$,#1345,#1342,'442183',$);
#1347=IFCPROPERTYSET('1sjDAv00MUfKt6Gqoa3L6$',#6,'Pset_BuildingElementProxyCommon',$,(#203));
#1348=IFCPROPERTYSET('1DxXRf7CyIMazmFH3we1DM',#6,'Pset_QuantityTakeOff',$,(#203));
#1349=IFCRELDEFINESBYPROPERTIES('3z_P$ADQRAKeVWNNhVBSpR',#6,$,$,(#1346),#1347);
#1350=IFCRELDEFINESBYPROPERTIES('2FBZYSLyPek10X$05MvZv9',#6,$,$,(#1346),#1348);
#1351=IFCMAPPEDITEM(#187,#194);
#1352=IFCSHAPEREPRESENTATION(#15,'Body','MappedRepresentation',(#1351));
#1353=IFCPRODUCTDEFINITIONSHAPE($,$,(#1352));
#1354=IFCCARTESIANPOINT((7086.493171005739,7122.2105668044524,1412.0100328393657));
#1355=IFCAXIS2PLACEMENT3D(#1354,#199,#34);
#1356=IFCLOCALPLACEMENT(#24,#1355);
#1357=IFCBUILDINGELEMENTPROXY('0Yv9is4Cr7Pxvjnh90tUb8',#6,'Tile:Tile 200x100x75 White 2:442191',$,$,#1356,#1353,'442191',$);
#1358=IFCPROPERTYSET('2ygK1Lxe9kK4TwOcr8J06q',#6,'Pset_BuildingElementProxyCommon',$,(#203));
#1359=IFCPROPERTYSET('1hwYQfcbwbmsGYKamrLUCM',#6,'Pset_QuantityTakeOff',$,(#203));
#1360=IFCRELDEFINESBYPROPERTIES('11eO7tukXRN2v7jYT7vtJ1',#6,$,$,(#1357),#1358);
#1361=IFCRELDEFINESBYPROPERTIES('22UYN77rzxTxNItqygSCf0',#6,$,$,(#1357),#1359);
#1362=IFCMAPPEDITEM(#187,#194);
#1363=IFCSHAPEREPRESENTATION(#15,'Body','MappedRepresentation',(#1362));
#1364=IFCPRODUCTDEFINITIONSHAPE($,$,(#1363));
#1365=IFCCARTESIANPOINT((7086.4931710057381,7021.3105668044527,1309.6100328393663));
#1366=IFCAXIS2PLACEMENT3D(#1365,#199,#34);
#1367=IFCLOCALPLACEMENT(#24,#1366);
#1368=IFCBUILDINGELEMENTPROXY('0Yv9is4Cr7Pxvjnh90tUbU',#6,'Tile:Tile 200x100x75 White 2:442201',$,$,#1367,#1364,'442201',$);
#1369=IFCPROPERTYSET('0wHWVn4yK3k2WJRL4kSWdS',#6,'Pset_BuildingElementProxyCommon',$,(#203));
#1370=IFCPROPERTYSET('2p7AOWLbMrAo_cwsfs0Sri',#6,'Pset_QuantityTakeOff',$,(#203));
#1371=IFCRELDEFINESBYPROPERTIES('11IM$m$odavDLawtn538N7',#6,$,$,(#1368),#1369);
#1372=IFCRELDEFINESBYPROPERTIES('2xDAl37srNjf_g2lkDGDOJ',#6,$,$,(#1368),#1370);
#1373=IFCMAPPEDITEM(#187,#194);
#1374=IFCSHAPEREPRESENTATION(#15,'Body','MappedRepresentation',(#1373));
#1375=IFCPRODUCTDEFINITIONSHAPE($,$,(#1374));
#1376=IFCCARTESIANPOINT((7086.493171005739,7223.110566804452,1309.6100328393668));
#1377=IFCAXIS2PLACEMENT3D(#1376,#199,#34);
#1378=IFCLOCALPLACEMENT(#24,#1377);
#1379=IFCBUILDINGELEMENTPROXY('0Yv9is4Cr7Pxvjnh90tUbc',#6,'Tile:Tile 200x100x75 White 2:442209',$,$,#1378,#1375,'442209',$);
#1380=IFCPROPERTYSET('0pJo69F5UnVHkNDaJSE6Q1',#6,'Pset_BuildingElementProxyCommon',$,(#203));
#1381=IFCPROPERTYSET('0bVK$00rw5uV2DvzYn623S',#6,'Pset_QuantityTakeOff',$,(#203));
#1382=IFCRELDEFINESBYPROPERTIES('19leeoABQgkkKq_Q6LrMcj',#6,$,$,(#1379),#1380);
#1383=IFCRELDEFINESBYPROPERTIES('2vfYW5APGxmWdHUwILRQfo',#6,$,$,(#1379),#1381);
#1384=IFCMAPPEDITEM(#187,#194);
#1385=IFCSHAPEREPRESENTATION(#15,'Body','MappedRepresentation',(#1384));
#1386=IFCPRODUCTDEFINITIONSHAPE($,$,(#1385));
#1387=IFCCARTESIANPOINT((7086.493171005739,7122.2105668044524,1207.2100328393631));
#1388=IFCAXIS2PLACEMENT3D(#1387,#199,#34);
#1389=IFCLOCALPLACEMENT(#24,#1388);
#1390=IFCBUILDINGELEMENTPROXY('0Yv9is4Cr7Pxvjnh90tUbk',#6,'Tile:Tile 200x100x75 White 2:442217',$,$,#1389,#1386,'442217',$);
#1391=IFCPROPERTYSET('3uInAMFmDKcafcJwCNXsDn',#6,'Pset_BuildingElementProxyCommon',$,(#203));
#1392=IFCPROPERTYSET('1SkjKtrDHtYmTsBZnH$3Y5',#6,'Pset_QuantityTakeOff',$,(#203));
#1393=IFCRELDEFINESBYPROPERTIES('1ahXU5n$z1nvkLHmJoLdal',#6,$,$,(#1390),#1391);
#1394=IFCRELDEFINESBYPROPERTIES('2XiE_thzP_XNXx67j07wIZ',#6,$,$,(#1390),#1392);
#1395=IFCMAPPEDITEM(#187,#194);
#1396=IFCSHAPEREPRESENTATION(#15,'Body','MappedRepresentation',(#1395));
#1397=IFCPRODUCTDEFINITIONSHAPE($,$,(#1396));
#1398=IFCCARTESIANPOINT((7086.4931710057381,7021.3105668044527,1104.8100328393637));
#1399=IFCAXIS2PLACEMENT3D(#1398,#199,#34);
#1400=IFCLOCALPLACEMENT(#24,#1399);
#1401=IFCBUILDINGELEMENTPROXY('0Yv9is4Cr7Pxvjnh90tUcO',#6,'Tile:Tile 200x100x75 White 2:442271',$,$,#1400,#1397,'442271',$);
#1402=IFCPROPERTYSET('1ADCzsO4hqK8ar9RWe0iP5',#6,'Pset_BuildingElementProxyCommon',$,(#203));
#1403=IFCPROPERTYSET('2IGWdLS2fw2F1SHaATvuZ1',#6,'Pset_QuantityTakeOff',$,(#203));
#1404=IFCRELDEFINESBYPROPERTIES('1qIEN7xV4J730K97$z7E43',#6,$,$,(#1401),#1402);
#1405=IFCRELDEFINESBYPROPERTIES('08JfvjTa4qSn6SOomYbG2w',#6,$,$,(#1401),#1403);
#1406=IFCMAPPEDITEM(#187,#194);
#1407=IFCSHAPEREPRESENTATION(#15,'Body','MappedRepresentation',(#1406));
#1408=IFCPRODUCTDEFINITIONSHAPE($,$,(#1407));
#1409=IFCCARTESIANPOINT((7086.493171005739,7223.110566804452,1104.8100328393643));
#1410=IFCAXIS2PLACEMENT3D(#1409,#199,#34);
#1411=IFCLOCALPLACEMENT(#24,#1410);
#1412=IFCBUILDINGELEMENTPROXY('0Yv9is4Cr7Pxvjnh90tUcd',#6,'Tile:Tile 200x100x75 White 2:442272',$,$,#1411,#1408,'442272',$);
#1413=IFCPROPERTYSET('3hC8ahuVPE6AGB189IHKVY',#6,'Pset_BuildingElementProxyCommon',$,(#203));
#1414=IFCPROPERTYSET('1r4LzKlbS01vjtaHRkyuF$',#6,'Pset_QuantityTakeOff',$,(#203));
#1415=IFCRELDEFINESBYPROPERTIES('09ugbCOfOoFAPrWowgBu1c',#6,$,$,(#1412),#1413);
#1416=IFCRELDEFINESBYPROPERTIES('3E45gEVbvScVqVMqCFMldD',#6,$,$,(#1412),#1414);
#1417=IFCMAPPEDITEM(#187,#194);
#1418=IFCSHAPEREPRESENTATION(#15,'Body','MappedRepresentation',(#1417));
#1419=IFCPRODUCTDEFINITIONSHAPE($,$,(#1418));
#1420=IFCCARTESIANPOINT((7086.493171005739,7122.2105668044524,1002.4100328393605));
#1421=IFCAXIS2PLACEMENT3D(#1420,#199,#34);
#1422=IFCLOCALPLACEMENT(#24,#1421);
#1423=IFCBUILDINGELEMENTPROXY('0Yv9is4Cr7Pxvjnh90tUcc',#6,'Tile:Tile 200x100x75 White 2:442273',$,$,#1422,#1419,'442273',$);
#1424=IFCPROPERTYSET('1BOkeXWIcDf5ADva874ntP',#6,'Pset_BuildingElementProxyCommon',$,(#203));
#1425=IFCPROPERTYSET('0$Xcj1GnaTfB084J8jCFSd',#6,'Pset_QuantityTakeOff',$,(#203));
#1426=IFCRELDEFINESBYPROPERTIES('0b14uQ5juyvK028hYyXVxA',#6,$,$,(#1423),#1424);
#1427=IFCRELDEFINESBYPROPERTIES('2ZOV3ra2pf2P61T6NzT9pk',#6,$,$,(#1423),#1425);
#1428=IFCMAPPEDITEM(#187,#194);
#1429=IFCSHAPEREPRESENTATION(#15,'Body','MappedRepresentation',(#1428));
#1430=IFCPRODUCTDEFINITIONSHAPE($,$,(#1429));
#1431=IFCCARTESIANPOINT((7086.4931710057381,7021.3105668044527,900.01003283936109));
#1432=IFCAXIS2PLACEMENT3D(#1431,#199,#34);
#1433=IFCLOCALPLACEMENT(#24,#1432);
#1434=IFCBUILDINGELEMENTPROXY('0Yv9is4Cr7Pxvjnh90tUci',#6,'Tile:Tile 200x100x75 White 2:442283',$,$,#1433,#1430,'442283',$);
#1435=IFCPROPERTYSET('3ZSCkyFVAKdaTHR7HMgyHx',#6,'Pset_BuildingElementProxyCommon',$,(#203));
#1436=IFCPROPERTYSET('0SA17eL1zJRvFcnoumVbHU',#6,'Pset_QuantityTakeOff',$,(#203));
#1437=IFCRELDEFINESBYPROPERTIES('0lX8D$SfB6IzrWYCT6z6f9',#6,$,$,(#1434),#1435);
#1438=IFCRELDEFINESBYPROPERTIES('21dYKZpwpD405WYTAeaMu9',#6,$,$,(#1434),#1436);
#1439=IFCMAPPEDITEM(#187,#194);
#1440=IFCSHAPEREPRESENTATION(#15,'Body','MappedRepresentation',(#1439));
#1441=IFCPRODUCTDEFINITIONSHAPE($,$,(#1440));
#1442=IFCCARTESIANPOINT((7086.493171005739,7223.110566804452,900.01003283936154));
#1443=IFCAXIS2PLACEMENT3D(#1442,#199,#34);
#1444=IFCLOCALPLACEMENT(#24,#1443);
#1445=IFCBUILDINGELEMENTPROXY('0Yv9is4Cr7Pxvjnh90tUch',#6,'Tile:Tile 200x100x75 White 2:442284',$,$,#1444,#1441,'442284',$);
#1446=IFCPROPERTYSET('0zmOoAjB81Ls7kFFr7vMtu',#6,'Pset_BuildingElementProxyCommon',$,(#203));
#1447=IFCPROPERTYSET('2pyAiJ4acUiAwtj9xzdgoO',#6,'Pset_QuantityTakeOff',$,(#203));
#1448=IFCRELDEFINESBYPROPERTIES('0A8HVm3fV8Nr2lLSsLUwrk',#6,$,$,(#1445),#1446);
#1449=IFCRELDEFINESBYPROPERTIES('2Aw4RmNk4$OlPkX8QJEwso',#6,$,$,(#1445),#1447);
#1450=IFCMAPPEDITEM(#187,#194);
#1451=IFCSHAPEREPRESENTATION(#15,'Body','MappedRepresentation',(#1450));
#1452=IFCPRODUCTDEFINITIONSHAPE($,$,(#1451));
#1453=IFCCARTESIANPOINT((7086.493171005739,7122.2105668044524,797.61003283935781));
#1454=IFCAXIS2PLACEMENT3D(#1453,#199,#34);
#1455=IFCLOCALPLACEMENT(#24,#1454);
#1456=IFCBUILDINGELEMENTPROXY('0Yv9is4Cr7Pxvjnh90tUcg',#6,'Tile:Tile 200x100x75 White 2:442285',$,$,#1455,#1452,'442285',$);
#1457=IFCPROPERTYSET('1_$iiRGkx0XCSsVWoVMsIR',#6,'Pset_BuildingElementProxyCommon',$,(#203));
#1458=IFCPROPERTYSET('0tZfdZzC_PG8lPPur6Sq6M',#6,'Pset_QuantityTakeOff',$,(#203));
#1459=IFCRELDEFINESBYPROPERTIES('0iDTJ$a2s5gk1bgiMY7MKs',#6,$,$,(#1456),#1457);
#1460=IFCRELDEFINESBYPROPERTIES('1ROo5B$dB5vUsPTkyf2KVh',#6,$,$,(#1456),#1458);
#1461=IFCMAPPEDITEM(#187,#194);
#1462=IFCSHAPEREPRESENTATION(#15,'Body','MappedRepresentation',(#1461));
#1463=IFCPRODUCTDEFINITIONSHAPE($,$,(#1462));
#1464=IFCCARTESIANPOINT((7086.4931710057381,7021.3105668044527,695.21003283935829));
#1465=IFCAXIS2PLACEMENT3D(#1464,#199,#34);
#1466=IFCLOCALPLACEMENT(#24,#1465);
#1467=IFCBUILDINGELEMENTPROXY('0Yv9is4Cr7Pxvjnh90tUco',#6,'Tile:Tile 200x100x75 White 2:442293',$,$,#1466,#1463,'442293',$);
#1468=IFCPROPERTYSET('3GZIa9Hp6y9NBMYeciLhyz',#6,'Pset_BuildingElementProxyCommon',$,(#203));
#1469=IFCPROPERTYSET('3MHUfoS5hjO1I6b8w5dYOa',#6,'Pset_QuantityTakeOff',$,(#203));
#1470=IFCRELDEFINESBYPROPERTIES('089U7E_E33EsfXUWcwBUHf',#6,$,$,(#1467),#1468);
#1471=IFCRELDEFINESBYPROPERTIES('1YhbZbFOJBw0vZYq1oMxpm',#6,$,$,(#1467),#1469);
#1472=IFCMAPPEDITEM(#187,#194);
#1473=IFCSHAPEREPRESENTATION(#15,'Body','MappedRepresentation',(#1472));
#1474=IFCPRODUCTDEFINITIONSHAPE($,$,(#1473));
#1475=IFCCARTESIANPOINT((7086.493171005739,7223.110566804452,695.21003283935886));
#1476=IFCAXIS2PLACEMENT3D(#1475,#199,#34);
#1477=IFCLOCALPLACEMENT(#24,#1476);
#1478=IFCBUILDINGELEMENTPROXY('0Yv9is4Cr7Pxvjnh90tUcn',#6,'Tile:Tile 200x100x75 White 2:442294',$,$,#1477,#1474,'442294',$);
#1479=IFCPROPERTYSET('3eSvunNNcqIEyknVaXoifi',#6,'Pset_BuildingElementProxyCommon',$,(#203));
#1480=IFCPROPERTYSET('1Z82LU4vwzQoHhZ0DV8Lvv',#6,'Pset_QuantityTakeOff',$,(#203));
#1481=IFCRELDEFINESBYPROPERTIES('3YLiCQNUj5JGZlakF9FtQF',#6,$,$,(#1478),#1479);
#1482=IFCRELDEFINESBYPROPERTIES('0G2NUU1GPqbrGWofjVs7iW',#6,$,$,(#1478),#1480);
#1483=IFCMAPPEDITEM(#1048,#194);
#1484=IFCSHAPEREPRESENTATION(#15,'Body','MappedRepresentation',(#1483));
#1485=IFCPRODUCTDEFINITIONSHAPE($,$,(#1484));
#1486=IFCCARTESIANPOINT((7086.4931710057381,6720.6105668044365,695.21003283935772));
#1487=IFCAXIS2PLACEMENT3D(#1486,#199,#34);
#1488=IFCLOCALPLACEMENT(#24,#1487);
#1489=IFCBUILDINGELEMENTPROXY('0Yv9is4Cr7Pxvjnh90tPHW',#6,'Tile:Tile 200x100x75 White 2:442983',$,$,#1488,#1485,'442983',$);
#1490=IFCPROPERTYSET('0Y64Br2dUzN4GPszvi_Zyv',#6,'Pset_BuildingElementProxyCommon',$,(#203));
#1491=IFCPROPERTYSET('0LR99cd1klGEWzSS3omi30',#6,'Pset_QuantityTakeOff',$,(#203));
#1492=IFCRELDEFINESBYPROPERTIES('1FIaB7iEws8c$t66F0oMMW',#6,$,$,(#1489),#1490);
#1493=IFCRELDEFINESBYPROPERTIES('14tfdkiBNAedC1i87woR3f',#6,$,$,(#1489),#1491);
#1494=IFCCARTESIANPOINT((-8.8976369435694718,-88.514544076510717));
#1495=IFCCARTESIANPOINT((52.424409235891851,-88.514544076510717));
#1496=IFCCARTESIANPOINT((52.424409235891851,111.28545592349583));
#1497=IFCCARTESIANPOINT((-47.975590764106983,111.28545592349583));
#1498=IFCCARTESIANPOINT((-47.975590764106983,-45.541823693968077));
#1499=IFCPOLYLINE((#1494,#1495,#1496,#1497,#1498,#1494));
#1500=IFCARBITRARYCLOSEDPROFILEDEF(.AREA.,'Tile Red',#1499);
#1501=IFCCARTESIANPOINT((7078.4931710057381,8120.8251108809627,1671.2344420752659));
#1502=IFCDIRECTION((0.,0.,-1.));
#1503=IFCAXIS2PLACEMENT3D(#1501,#1267,#1502);
#1504=IFCEXTRUDEDAREASOLID(#1500,#1503,#34,8.0000000000003428);
#1505=IFCSTYLEDITEM(#1504,(#183),$);
#1506=IFCSHAPEREPRESENTATION(#15,'Body','SweptSolid',(#1504));
#1507=IFCAXIS2PLACEMENT3D(#10,$,$);
#1508=IFCREPRESENTATIONMAP(#1507,#1506);
#1509=IFCBUILDINGELEMENTPROXYTYPE('1zzk4Pvb51xAijoPDrx4Cb',#6,'Tile Red13:Tile Red',$,$,$,(#1508),'443658',$,.NOTDEFINED.);
#1510=IFCMAPPEDITEM(#1508,#194);
#1511=IFCSHAPEREPRESENTATION(#15,'Body','MappedRepresentation',(#1510));
#1512=IFCPRODUCTDEFINITIONSHAPE($,$,(#1511));
#1513=IFCAXIS2PLACEMENT3D(#10,$,$);
#1514=IFCLOCALPLACEMENT(#24,#1513);
#1515=IFCBUILDINGELEMENTPROXY('1zzk4Pvb51xAijoPDrx4CZ',#6,'Tile Red13:Tile Red:443660',$,$,#1514,#1512,'443660',$);
#1516=IFCPROPERTYSET('1HQ3UOw5PQFe8ukyrYEHcn',#6,'Pset_BuildingElementProxyCommon',$,(#817));
#1517=IFCPROPERTYSET('2UGdd8Wvn0Kgto__NIUi45',#6,'Pset_QuantityTakeOff',$,(#817));
#1518=IFCRELDEFINESBYPROPERTIES('2jkbnBV0xkC5U7GHKb6yi1',#6,$,$,(#1515),#1516);
#1519=IFCRELDEFINESBYPROPERTIES('0BCQxYF0zsPEpmNkr4ciM3',#6,$,$,(#1515),#1517);
#1520=IFCCARTESIANPOINT((-31.26066262201871,-20.721988502214028));
#1521=IFCCARTESIANPOINT((28.242650488067074,-20.721988502214028));
#1522=IFCCARTESIANPOINT((17.139337377984635,-8.5120459911328492));
#1523=IFCCARTESIANPOINT((17.139337377984361,24.978011497783161));
#1524=IFCCARTESIANPOINT((-31.26066262201871,24.978011497783161));
#1525=IFCPOLYLINE((#1520,#1521,#1522,#1523,#1524,#1520));
#1526=IFCARBITRARYCLOSEDPROFILEDEF(.AREA.,'Tile Red',#1525);
#1527=IFCCARTESIANPOINT((7078.4931710057372,8009.5885783022386,1650.0706954613888));
#1528=IFCAXIS2PLACEMENT3D(#1527,#1267,#34);
#1529=IFCEXTRUDEDAREASOLID(#1526,#1528,#34,8.0000000000003464);
#1530=IFCSTYLEDITEM(#1529,(#183),$);
#1531=IFCSHAPEREPRESENTATION(#15,'Body','SweptSolid',(#1529));
#1532=IFCAXIS2PLACEMENT3D(#10,$,$);
#1533=IFCREPRESENTATIONMAP(#1532,#1531);
#1534=IFCBUILDINGELEMENTPROXYTYPE('1zzk4Pvb51xAijoPDrx4Cu',#6,'Tile Red14:Tile Red',$,$,$,(#1533),'443671',$,.NOTDEFINED.);
#1535=IFCMAPPEDITEM(#1533,#194);
#1536=IFCSHAPEREPRESENTATION(#15,'Body','MappedRepresentation',(#1535));
#1537=IFCPRODUCTDEFINITIONSHAPE($,$,(#1536));
#1538=IFCAXIS2PLACEMENT3D(#10,$,$);
#1539=IFCLOCALPLACEMENT(#24,#1538);
#1540=IFCBUILDINGELEMENTPROXY('1zzk4Pvb51xAijoPDrx4Cs',#6,'Tile Red14:Tile Red:443673',$,$,#1539,#1537,'443673',$);
#1541=IFCPROPERTYSET('1ExVFFbthsKrciiwLFX6dJ',#6,'Pset_BuildingElementProxyCommon',$,(#817));
#1542=IFCPROPERTYSET('25KRDsNPgDHEBDTR41q54q',#6,'Pset_QuantityTakeOff',$,(#817));
#1543=IFCRELDEFINESBYPROPERTIES('2IoK9p$19zb9t_XfVkwt4z',#6,$,$,(#1540),#1541);
#1544=IFCRELDEFINESBYPROPERTIES('0EAqcvXdNNwafC2qoHy262',#6,$,$,(#1540),#1542);
#1545=IFCCARTESIANPOINT((-239.09583242634852,-25.));
#1546=IFCCARTESIANPOINT((211.6041675736443,-25.));
#1547=IFCCARTESIANPOINT((211.6041675736443,25.));
#1548=IFCCARTESIANPOINT((-184.11250272094011,25.));
#1549=IFCPOLYLINE((#1545,#1546,#1547,#1548,#1545));
#1550=IFCARBITRARYCLOSEDPROFILEDEF(.AREA.,'Tile Red',#1549);
#1551=IFCCARTESIANPOINT((7078.4931710057372,7833.2147343781035,1694.2100328393767));
#1552=IFCAXIS2PLACEMENT3D(#1551,#1267,#35);
#1553=IFCEXTRUDEDAREASOLID(#1550,#1552,#34,8.0000000000003428);
#1554=IFCCARTESIANPOINT((-211.60416757364646,-25.));
#1555=IFCCARTESIANPOINT((239.09583242635503,-25.));
#1556=IFCCARTESIANPOINT((184.11250272093793,25.));
#1557=IFCCARTESIANPOINT((-211.60416757364646,25.));
#1558=IFCPOLYLINE((#1554,#1555,#1556,#1557,#1554));
#1559=IFCARBITRARYCLOSEDPROFILEDEF(.AREA.,'Tile Red',#1558);
#1560=IFCCARTESIANPOINT((7078.4931710057372,7408.0063992308123,1694.2100328393767));
#1561=IFCAXIS2PLACEMENT3D(#1560,#1267,#35);
#1562=IFCEXTRUDEDAREASOLID(#1559,#1561,#34,8.0000000000003428);
#1563=IFCSTYLEDITEM(#1553,(#800),$);
#1564=IFCSTYLEDITEM(#1562,(#800),$);
#1565=IFCSHAPEREPRESENTATION(#15,'Body','SweptSolid',(#1553,#1562));
#1566=IFCAXIS2PLACEMENT3D(#10,$,$);
#1567=IFCREPRESENTATIONMAP(#1566,#1565);
#1568=IFCBUILDINGELEMENTPROXYTYPE('1zzk4Pvb51xAijoPDrx4DH',#6,'Tile Red1:Tile Red',$,$,$,(#1567),'443774',$,.NOTDEFINED.);
#1569=IFCMAPPEDITEM(#1567,#194);
#1570=IFCSHAPEREPRESENTATION(#15,'Body','MappedRepresentation',(#1569));
#1571=IFCPRODUCTDEFINITIONSHAPE($,$,(#1570));
#1572=IFCAXIS2PLACEMENT3D(#10,$,$);
#1573=IFCLOCALPLACEMENT(#24,#1572);
#1574=IFCBUILDINGELEMENTPROXY('1zzk4Pvb51xAijoPDrx4El',#6,'Tile Red1:Tile Red:443776',$,$,#1573,#1571,'443776',$);
#1575=IFCPROPERTYSET('3YVKAQquvyS1$06tR2Rfrm',#6,'Pset_BuildingElementProxyCommon',$,(#817));
#1576=IFCPROPERTYSET('16Tb5AVwvZlOWhxrAebxSt',#6,'Pset_QuantityTakeOff',$,(#817));
#1577=IFCRELDEFINESBYPROPERTIES('0ftz2zrIL_gquZznPA98MD',#6,$,$,(#1574),#1575);
#1578=IFCRELDEFINESBYPROPERTIES('12su5vK0acrWHS7EfhPq$z',#6,$,$,(#1574),#1576);
#1579=IFCCARTESIANPOINT((0.,-5.4001247917767614E-013));
#1580=IFCAXIS2PLACEMENT2D(#1579,#170);
#1581=IFCRECTANGLEPROFILEDEF(.AREA.,'Tile Red',#1580,8.0000000000003464,89.999999999993619);
#1582=IFCCARTESIANPOINT((7133.4931710057399,7313.663117691849,0.));
#1583=IFCAXIS2PLACEMENT3D(#1582,#34,#35);
#1584=IFCEXTRUDEDAREASOLID(#1581,#1583,#34,297.53040551383447);
#1585=IFCSTYLEDITEM(#1584,(#800),$);
#1586=IFCSHAPEREPRESENTATION(#15,'Body','SweptSolid',(#1584));
#1587=IFCAXIS2PLACEMENT3D(#10,$,$);
#1588=IFCREPRESENTATIONMAP(#1587,#1586);
#1589=IFCBUILDINGELEMENTPROXYTYPE('3GUFSmSNL8GObqngIdQhm8',#6,'Tile Red17:Tile Red',$,$,$,(#1588),'450398',$,.NOTDEFINED.);
#1590=IFCMAPPEDITEM(#1588,#194);
#1591=IFCSHAPEREPRESENTATION(#15,'Body','MappedRepresentation',(#1590));
#1592=IFCPRODUCTDEFINITIONSHAPE($,$,(#1591));
#1593=IFCCARTESIANPOINT((0.,-1.09375,13.010000000011498));
#1594=IFCAXIS2PLACEMENT3D(#1593,$,$);
#1595=IFCLOCALPLACEMENT(#24,#1594);
#1596=IFCBUILDINGELEMENTPROXY('3GUFSmSNL8GObqngIdQhms',#6,'Tile Red17:Tile Red:450400',$,$,#1595,#1592,'450400',$);
#1597=IFCPROPERTYSET('3ysOuwVzTrldGeoAiMgotb',#6,'Pset_BuildingElementProxyCommon',$,(#817));
#1598=IFCPROPERTYSET('1IJxxyAe9c8PzK7M5tyJ9B',#6,'Pset_QuantityTakeOff',$,(#817));
#1599=IFCRELDEFINESBYPROPERTIES('2LQcX9KUFHtxxpOEvbNnyf',#6,$,$,(#1596),#1597);
#1600=IFCRELDEFINESBYPROPERTIES('3G3mC4J1Bkcik_CbgpKqJC',#6,$,$,(#1596),#1598);
#1601=IFCCARTESIANPOINT((0.,5.4001247917767614E-013));
#1602=IFCAXIS2PLACEMENT2D(#1601,#170);
#1603=IFCRECTANGLEPROFILEDEF(.AREA.,'Tile Red',#1602,8.0000000000003464,89.999999999993619);
#1604=IFCCARTESIANPOINT((7133.4931710057399,7313.663117691849,299.51421356236921));
#1605=IFCAXIS2PLACEMENT3D(#1604,#34,#35);
#1606=IFCEXTRUDEDAREASOLID(#1603,#1605,#34,450.69999999999987);
#1607=IFCSTYLEDITEM(#1606,(#800),$);
#1608=IFCSHAPEREPRESENTATION(#15,'Body','SweptSolid',(#1606));
#1609=IFCAXIS2PLACEMENT3D(#10,$,$);
#1610=IFCREPRESENTATIONMAP(#1609,#1608);
#1611=IFCBUILDINGELEMENTPROXYTYPE('3GUFSmSNL8GObqngIdQhmw',#6,'Tile Red18:Tile Red',$,$,$,(#1610),'450412',$,.NOTDEFINED.);
#1612=IFCMAPPEDITEM(#1610,#194);
#1613=IFCSHAPEREPRESENTATION(#15,'Body','MappedRepresentation',(#1612));
#1614=IFCPRODUCTDEFINITIONSHAPE($,$,(#1613));
#1615=IFCCARTESIANPOINT((0.,-1.09375,13.010000000011498));
#1616=IFCAXIS2PLACEMENT3D(#1615,$,$);
#1617=IFCLOCALPLACEMENT(#24,#1616);
#1618=IFCBUILDINGELEMENTPROXY('3GUFSmSNL8GObqngIdQhmu',#6,'Tile Red18:Tile Red:450414',$,$,#1617,#1614,'450414',$);
#1619=IFCPROPERTYSET('2B7fglwyj05t3OR_lqRTyr',#6,'Pset_BuildingElementProxyCommon',$,(#817));
#1620=IFCPROPERTYSET('14aye6iX6T37HR7BeHBgsk',#6,'Pset_QuantityTakeOff',$,(#817));
#1621=IFCRELDEFINESBYPROPERTIES('33qUwPKDydBsCoDsZyTeVN',#6,$,$,(#1618),#1619);
#1622=IFCRELDEFINESBYPROPERTIES('0IOhrNinlUuqQ6isOztQP3',#6,$,$,(#1618),#1620);
#1623=IFCCARTESIANPOINT((0.,-5.4001247917767614E-013));
#1624=IFCAXIS2PLACEMENT2D(#1623,#170);
#1625=IFCRECTANGLEPROFILEDEF(.AREA.,'Tile Red',#1624,8.0000000000003464,89.999999999993619);
#1626=IFCCARTESIANPOINT((7133.4931710057381,7313.663117691849,752.21421356236976));
#1627=IFCAXIS2PLACEMENT3D(#1626,#34,#35);
#1628=IFCEXTRUDEDAREASOLID(#1625,#1627,#34,450.69999999999999);
#1629=IFCSTYLEDITEM(#1628,(#800),$);
#1630=IFCSHAPEREPRESENTATION(#15,'Body','SweptSolid',(#1628));
#1631=IFCAXIS2PLACEMENT3D(#10,$,$);
#1632=IFCREPRESENTATIONMAP(#1631,#1630);
#1633=IFCBUILDINGELEMENTPROXYTYPE('3GUFSmSNL8GObqngIdQhmi',#6,'Tile Red19:Tile Red',$,$,$,(#1632),'450426',$,.NOTDEFINED.);
#1634=IFCMAPPEDITEM(#1632,#194);
#1635=IFCSHAPEREPRESENTATION(#15,'Body','MappedRepresentation',(#1634));
#1636=IFCPRODUCTDEFINITIONSHAPE($,$,(#1635));
#1637=IFCCARTESIANPOINT((0.,-1.09375,13.010000000011498));
#1638=IFCAXIS2PLACEMENT3D(#1637,$,$);
#1639=IFCLOCALPLACEMENT(#24,#1638);
#1640=IFCBUILDINGELEMENTPROXY('3GUFSmSNL8GObqngIdQhmg',#6,'Tile Red19:Tile Red:450428',$,$,#1639,#1636,'450428',$);
#1641=IFCPROPERTYSET('1YE5$WdfLqsU6KR5RYdVyS',#6,'Pset_BuildingElementProxyCommon',$,(#817));
#1642=IFCPROPERTYSET('1oHzaDlKd0MNH2vahinqid',#6,'Pset_QuantityTakeOff',$,(#817));
#1643=IFCRELDEFINESBYPROPERTIES('1JH8tTmognBaNJ04x6ZGB4',#6,$,$,(#1640),#1641);
#1644=IFCRELDEFINESBYPROPERTIES('3XrGymnRyg4Nfx_8eQFzyX',#6,$,$,(#1640),#1642);
#1645=IFCCARTESIANPOINT((0.,-5.4001247917767614E-013));
#1646=IFCAXIS2PLACEMENT2D(#1645,#170);
#1647=IFCRECTANGLEPROFILEDEF(.AREA.,'Tile Red',#1646,8.0000000000003464,89.999999999993619);
#1648=IFCCARTESIANPOINT((7133.493171005739,7313.663117691849,1204.9142135623697));
#1649=IFCAXIS2PLACEMENT3D(#1648,#34,#35);
#1650=IFCEXTRUDEDAREASOLID(#1647,#1649,#34,449.28578643762665);
#1651=IFCSTYLEDITEM(#1650,(#800),$);
#1652=IFCSHAPEREPRESENTATION(#15,'Body','SweptSolid',(#1650));
#1653=IFCAXIS2PLACEMENT3D(#10,$,$);
#1654=IFCREPRESENTATIONMAP(#1653,#1652);
#1655=IFCBUILDINGELEMENTPROXYTYPE('3GUFSmSNL8GObqngIdQhpU',#6,'Tile Red20:Tile Red',$,$,$,(#1654),'450440',$,.NOTDEFINED.);
#1656=IFCMAPPEDITEM(#1654,#194);
#1657=IFCSHAPEREPRESENTATION(#15,'Body','MappedRepresentation',(#1656));
#1658=IFCPRODUCTDEFINITIONSHAPE($,$,(#1657));
#1659=IFCCARTESIANPOINT((0.,-1.09375,13.010000000011498));
#1660=IFCAXIS2PLACEMENT3D(#1659,$,$);
#1661=IFCLOCALPLACEMENT(#24,#1660);
#1662=IFCBUILDINGELEMENTPROXY('3GUFSmSNL8GObqngIdQhpS',#6,'Tile Red20:Tile Red:450442',$,$,#1661,#1658,'450442',$);
#1663=IFCPROPERTYSET('32vh1I9nJIFuTq91BdPvqu',#6,'Pset_BuildingElementProxyCommon',$,(#817));
#1664=IFCPROPERTYSET('0bCQ8MKXiwtw8AFBF5RBtG',#6,'Pset_QuantityTakeOff',$,(#817));
#1665=IFCRELDEFINESBYPROPERTIES('3$jqYHMXXFwZXxicajit76',#6,$,$,(#1662),#1663);
#1666=IFCRELDEFINESBYPROPERTIES('3SeQzzhS4kbdSRnCvYA9sf',#6,$,$,(#1662),#1664);
#1667=IFCAXIS2PLACEMENT3D(#10,$,$);
#1668=IFCLOCALPLACEMENT(#24,#1667);
#1669=IFCCARTESIANPOINT((-735.43795193954691,-1248.7998004375697));
#1670=IFCCARTESIANPOINT((777.56204806045355,-1248.7998004375697));
#1671=IFCCARTESIANPOINT((777.56204806045355,-351.40003991249881));
#1672=IFCCARTESIANPOINT((-122.43795193951837,-351.40003991249881));
#1673=IFCCARTESIANPOINT((-122.43795193950103,-203.40003991250106));
#1674=IFCCARTESIANPOINT((350.56204806045963,-203.40003991250541));
#1675=IFCCARTESIANPOINT((350.56204806046071,567.19996008752514));
#1676=IFCCARTESIANPOINT((176.18975969767362,567.19996008752514));
#1677=IFCCARTESIANPOINT((176.18975969767362,669.19996008751821));
#1678=IFCCARTESIANPOINT((-446.43795193952809,669.19996008751718));
#1679=IFCCARTESIANPOINT((-446.43795193952809,567.19996008752628));
#1680=IFCCARTESIANPOINT((-735.43795193954463,567.19996008752628));
#1681=IFCPOLYLINE((#1669,#1670,#1671,#1672,#1673,#1674,#1675,#1676,#1677,#1678,#1679,#1680,#1669));
#1682=IFCARBITRARYCLOSEDPROFILEDEF(.AREA.,$,#1681);
#1683=IFCCARTESIANPOINT((6519.2932109182157,7758.4733579941749,0.));
#1684=IFCDIRECTION((0.,1.,0.));
#1685=IFCAXIS2PLACEMENT3D(#1683,#1502,#1684);
#1686=IFCEXTRUDEDAREASOLID(#1682,#1685,#34,40.);
#1687=IFCSTYLEDITEM(#1686,(#52),$);
#1688=IFCSHAPEREPRESENTATION(#15,'Body','SweptSolid',(#1686));
#1689=IFCPRODUCTDEFINITIONSHAPE($,$,(#1688));
#1690=IFCSLAB('3GUFSmSNL8GObqngIdQhoX',#6,'Piso:Contrapiso:450551',$,$,#1668,#1689,'450551',.FLOOR.);
#1691=IFCSLABTYPE('0M6hQCpNzAvBYgMRcSSaVq',#6,'Piso:Contrapiso',$,$,(#1706),$,'421432',$,.FLOOR.);
#1692=IFCMATERIALLAYER(#56,40.,$);
#1693=IFCMATERIALLAYERSET((#1692),'Piso:Contrapiso');
#1694=IFCMATERIALLAYERSETUSAGE(#1693,.AXIS3.,.POSITIVE.,0.);
#1695=IFCPROPERTYSINGLEVALUE('Reference',$,IFCIDENTIFIER('Contrapiso'),$);
#1696=IFCPROPERTYSET('3z1vJqK8Oy0GYe3YkaYxkM',#6,'Pset_QuantityTakeOff',$,(#1695));
#1697=IFCPROPERTYSINGLEVALUE('Reference',$,IFCLABEL('Contrapiso'),$);
#1698=IFCPROPERTYSET('3r9coWkmDT7MxOykLJAuj5',#6,'Pset_ReinforcementBarPitchOfSlab',$,(#1697));
#1699=IFCPROPERTYSINGLEVALUE('IsExternal',$,IFCBOOLEAN(.F.),$);
#1700=IFCPROPERTYSINGLEVALUE('PitchAngle',$,IFCPLANEANGLEMEASURE(0.),$);
#1701=IFCPROPERTYSET('2V8OJ10pjEi$ZZLoouNsEA',#6,'Pset_SlabCommon',$,(#71,#1695,#1699,#1700));
#1702=IFCRELDEFINESBYPROPERTIES('2bKanCAgX2ROUM1S_LZwbx',#6,$,$,(#1690),#1696);
#1703=IFCRELDEFINESBYPROPERTIES('1u9l$NCAPT8422cP4E5pK5',#6,$,$,(#1690),#1698);
#1704=IFCRELDEFINESBYPROPERTIES('2OPrdcXYD_6oNkm004V$jO',#6,$,$,(#1690),#1701);
#1705=IFCPROPERTYSINGLEVALUE('ThermalTransmittance',$,IFCTHERMALTRANSMITTANCEMEASURE(32.5),$);
#1706=IFCPROPERTYSET('3$Tdoo5$Lt9QaCXywtAF7h',#6,'Pset_SlabCommon',$,(#1705));
#1707=IFCCARTESIANPOINT((-2.8421709430404007E-014,0.));
#1708=IFCAXIS2PLACEMENT2D(#1707,#170);
#1709=IFCRECTANGLEPROFILEDEF(.AREA.,'Tile 597x597 Gray',#1708,534.,587.80000000000007);
#1710=IFCCARTESIANPOINT((-267.,-293.90000000000839,-0.));
#1711=IFCAXIS2PLACEMENT3D(#1710,#34,#199);
#1712=IFCEXTRUDEDAREASOLID(#1709,#1711,#34,7.9999999999999973);
#1713=IFCCOLOURRGB($,0.54509803921568623,0.54509803921568623,0.54509803921568623);
#1714=IFCSURFACESTYLERENDERING(#1713,0.,$,$,$,$,IFCNORMALISEDRATIOMEASURE(0.5),IFCSPECULAREXPONENT(64.),.NOTDEFINED.);
#1715=IFCSURFACESTYLE('Tile Gray',.BOTH.,(#1714));
#1716=IFCPRESENTATIONSTYLEASSIGNMENT((#1715));
#1717=IFCSTYLEDITEM(#1712,(#1716),$);
#1718=IFCSHAPEREPRESENTATION(#15,'Body','SweptSolid',(#1712));
#1719=IFCAXIS2PLACEMENT3D(#10,$,$);
#1720=IFCREPRESENTATIONMAP(#1719,#1718);
#1721=IFCBUILDINGELEMENTPROXYTYPE('1kkNhPW5XF4BusAPV6zRh0',#6,'Tile:Tile 597x597 Gray',$,$,$,(#1720),'361596',$,.NOTDEFINED.);
#1722=IFCMATERIAL('Tile Gray');
#1723=IFCPRESENTATIONSTYLEASSIGNMENT((#1715));
#1724=IFCSTYLEDITEM($,(#1723),$);
#1725=IFCSTYLEDREPRESENTATION(#13,'Style','Material',(#1724));
#1726=IFCMATERIALDEFINITIONREPRESENTATION($,$,(#1725),#1722);
#1727=IFCMAPPEDITEM(#1720,#194);
#1728=IFCSHAPEREPRESENTATION(#15,'Body','MappedRepresentation',(#1727));
#1729=IFCPRODUCTDEFINITIONSHAPE($,$,(#1728));
#1730=IFCCARTESIANPOINT((7086.4931710057381,6722.6105668044693,592.81003283937241));
#1731=IFCAXIS2PLACEMENT3D(#1730,#199,#35);
#1732=IFCLOCALPLACEMENT(#24,#1731);
#1733=IFCBUILDINGELEMENTPROXY('2K3ZkqEXH14Pr_cbC5EWL$',#6,'Tile:Tile 597x597 Gray:457463',$,$,#1732,#1729,'457463',$);
#1734=IFCPROPERTYSINGLEVALUE('Reference',$,IFCIDENTIFIER('Tile 597x597 Gray'),$);
#1735=IFCPROPERTYSET('0IbVabwB2W$ToP8_M4A8Ja',#6,'Pset_BuildingElementProxyCommon',$,(#1734));
#1736=IFCPROPERTYSET('3aHP4CtEP93G1xzOqwTz36',#6,'Pset_QuantityTakeOff',$,(#1734));
#1737=IFCRELDEFINESBYPROPERTIES('291RhdbYHmtjPNK08wBSnw',#6,$,$,(#1733),#1735);
#1738=IFCRELDEFINESBYPROPERTIES('1EQhhH9kZziRLkM8NcGXqC',#6,$,$,(#1733),#1736);
#1739=IFCCARTESIANPOINT((0.,5.4001247917767614E-013));
#1740=IFCAXIS2PLACEMENT2D(#1739,#170);
#1741=IFCRECTANGLEPROFILEDEF(.AREA.,'Tanque',#1740,902.37228836277973,147.99999999999991);
#1742=IFCCARTESIANPOINT((6242.893171005745,8084.8492618732389,-40.));
#1743=IFCAXIS2PLACEMENT3D(#1742,#34,#35);
#1744=IFCEXTRUDEDAREASOLID(#1741,#1743,#34,947.70999999999685);
#1745=IFCCARTESIANPOINT((-5.4001247917767614E-013,-1.0800249583553523E-012));
#1746=IFCAXIS2PLACEMENT2D(#1745,#170);
#1747=IFCRECTANGLEPROFILEDEF(.AREA.,'Tanque',#1746,417.00000000000159,771.60000000000002);
#1748=IFCCARTESIANPOINT((6702.693171005747,8312.163117691749,-40.));
#1749=IFCAXIS2PLACEMENT3D(#1748,#34,#35);
#1750=IFCEXTRUDEDAREASOLID(#1747,#1749,#34,577.92948933292951);
#1751=IFCSHAPEREPRESENTATION(#15,'Body','SweptSolid',(#1744,#1750));
#1752=IFCAXIS2PLACEMENT3D(#10,$,$);
#1753=IFCREPRESENTATIONMAP(#1752,#1751);
#1754=IFCBUILDINGELEMENTPROXYTYPE('2K3ZkqEXH14Pr_cbC5EWCU',#6,'Tanque:Tanque',$,$,$,(#1753),'457878',$,.NOTDEFINED.);
#1755=IFCMATERIAL('<Unnamed>');
#1756=IFCMAPPEDITEM(#1753,#194);
#1757=IFCSHAPEREPRESENTATION(#15,'Body','MappedRepresentation',(#1756));
#1758=IFCPRODUCTDEFINITIONSHAPE($,$,(#1757));
#1759=IFCAXIS2PLACEMENT3D(#10,$,$);
#1760=IFCLOCALPLACEMENT(#24,#1759);
#1761=IFCBUILDINGELEMENTPROXY('2K3ZkqEXH14Pr_cbC5EWCG',#6,'Tanque:Tanque:457880',$,$,#1760,#1758,'457880',$);
#1762=IFCPROPERTYSINGLEVALUE('Reference',$,IFCIDENTIFIER('Tanque'),$);
#1763=IFCPROPERTYSET('0Q9f3ySGuL660NICneGnqF',#6,'Pset_BuildingElementProxyCommon',$,(#1762));
#1764=IFCPROPERTYSET('0ZXAxTdSN4ZYbQ1GQVCOS6',#6,'Pset_QuantityTakeOff',$,(#1762));
#1765=IFCRELDEFINESBYPROPERTIES('2zcorNJ16sJMwiFAlKuN1e',#6,$,$,(#1761),#1763);
#1766=IFCRELDEFINESBYPROPERTIES('2PsaaDZ9C_CbsGk7VCBmiJ',#6,$,$,(#1761),#1764);
#1767=IFCCARTESIANPOINT((0.,0.));
#1768=IFCAXIS2PLACEMENT2D(#1767,#170);
#1769=IFCRECTANGLEPROFILEDEF(.AREA.,'Tile 450,700 x 300,500 x 95 Red',#1768,450.69999999999999,288.50000000000006);
#1770=IFCCARTESIANPOINT((-144.24999999999375,225.35000000000844,-0.));
#1771=IFCAXIS2PLACEMENT3D(#1770,#34,#1684);
#1772=IFCEXTRUDEDAREASOLID(#1769,#1771,#34,6.9999999999999973);
#1773=IFCSTYLEDITEM(#1772,(#800),$);
#1774=IFCSHAPEREPRESENTATION(#15,'Body','SweptSolid',(#1772));
#1775=IFCAXIS2PLACEMENT3D(#10,$,$);
#1776=IFCREPRESENTATIONMAP(#1775,#1774);
#1777=IFCBUILDINGELEMENTPROXYTYPE('1O4vQJzvjC0Q7_VustB7M0',#6,'Tile:Tile 450,700 x 300,500 x 95 Red',$,$,$,(#1776),'427296',$,.NOTDEFINED.);
#1778=IFCMAPPEDITEM(#1776,#194);
#1779=IFCSHAPEREPRESENTATION(#15,'Body','MappedRepresentation',(#1778));
#1780=IFCPRODUCTDEFINITIONSHAPE($,$,(#1779));
#1781=IFCCARTESIANPOINT((6166.8931710057468,7632.663117691859,13.009999999990413));
#1782=IFCAXIS2PLACEMENT3D(#1781,#199,#35);
#1783=IFCLOCALPLACEMENT(#24,#1782);
#1784=IFCBUILDINGELEMENTPROXY('0ZqRNsBqv5aPUTYwZjIbr_',#6,'Tile:Tile 450,700 x 300,500 x 95 Red:462820',$,$,#1783,#1780,'462820',$);
#1785=IFCPROPERTYSINGLEVALUE('Reference',$,IFCIDENTIFIER('Tile 450,700 x 300,500 x 95 Red'),$);
#1786=IFCPROPERTYSET('2XWyXnM0lAX7b15AebEORy',#6,'Pset_BuildingElementProxyCommon',$,(#1785));
#1787=IFCPROPERTYSET('3tgbDTTJSqX7I3NAXs1a7e',#6,'Pset_QuantityTakeOff',$,(#1785));
#1788=IFCRELDEFINESBYPROPERTIES('2o7iA8rWyYrD4UxxxxyJT2',#6,$,$,(#1784),#1786);
#1789=IFCRELDEFINESBYPROPERTIES('0xkfHScmc1ijl$CCH872uG',#6,$,$,(#1784),#1787);
#1790=IFCCARTESIANPOINT((0.,1.4210854715202004E-014));
#1791=IFCAXIS2PLACEMENT2D(#1790,#170);
#1792=IFCRECTANGLEPROFILEDEF(.AREA.,'Tile 450,700 x 300,500 x 95 Red',#1791,300.5,450.69999999999993);
#1793=IFCCARTESIANPOINT((-150.24999999999375,225.35000000000844,-0.));
#1794=IFCAXIS2PLACEMENT3D(#1793,$,$);
#1795=IFCEXTRUDEDAREASOLID(#1792,#1794,#34,6.9999999999999973);
#1796=IFCSTYLEDITEM(#1795,(#800),$);
#1797=IFCSHAPEREPRESENTATION(#15,'Body','SweptSolid',(#1795));
#1798=IFCAXIS2PLACEMENT3D(#10,$,$);
#1799=IFCREPRESENTATIONMAP(#1798,#1797);
#1800=IFCBUILDINGELEMENTPROXYTYPE('1O4vQJzvjC0Q7_VustB7SX',#6,'Tile:Tile 450,700 x 300,500 x 95 Red',$,$,$,(#1799),'427296',$,.NOTDEFINED.);
#1801=IFCMAPPEDITEM(#1799,#194);
#1802=IFCSHAPEREPRESENTATION(#15,'Body','MappedRepresentation',(#1801));
#1803=IFCPRODUCTDEFINITIONSHAPE($,$,(#1802));
#1804=IFCCARTESIANPOINT((6166.8931710057468,7923.163117691859,13.00999999999075));
#1805=IFCAXIS2PLACEMENT3D(#1804,#199,#35);
#1806=IFCLOCALPLACEMENT(#24,#1805);
#1807=IFCBUILDINGELEMENTPROXY('1O4vQJzvjC0Q7_VustB7KL',#6,'Tile:Tile 450,700 x 300,500 x 95 Red:464352',$,$,#1806,#1803,'464352',$);
#1808=IFCPROPERTYSET('1o053$RGYm_9pdBjm98Ctx',#6,'Pset_BuildingElementProxyCommon',$,(#1785));
#1809=IFCPROPERTYSET('3sY7IY6FIxttyf1Zai7v7$',#6,'Pset_QuantityTakeOff',$,(#1785));
#1810=IFCRELDEFINESBYPROPERTIES('3jiHMaGL6JgOwO50zpjo0$',#6,$,$,(#1807),#1808);
#1811=IFCRELDEFINESBYPROPERTIES('3hIcE11AaYgSsidHHLAm_4',#6,$,$,(#1807),#1809);
#1812=IFCMAPPEDITEM(#1799,#194);
#1813=IFCSHAPEREPRESENTATION(#15,'Body','MappedRepresentation',(#1812));
#1814=IFCPRODUCTDEFINITIONSHAPE($,$,(#1813));
#1815=IFCCARTESIANPOINT((6166.8931710057468,8225.6631176918581,13.009999999991699));
#1816=IFCAXIS2PLACEMENT3D(#1815,#199,#35);
#1817=IFCLOCALPLACEMENT(#24,#1816);
#1818=IFCBUILDINGELEMENTPROXY('1O4vQJzvjC0Q7_VustB7Zb',#6,'Tile:Tile 450,700 x 300,500 x 95 Red:464912',$,$,#1817,#1814,'464912',$);
#1819=IFCPROPERTYSET('3DsxydUsOCNyBKGFTXkZTL',#6,'Pset_BuildingElementProxyCommon',$,(#1785));
#1820=IFCPROPERTYSET('3y44uHhajhAJwjbL7M2W2O',#6,'Pset_QuantityTakeOff',$,(#1785));
#1821=IFCRELDEFINESBYPROPERTIES('1QQR7nKGHQ_F7DLjm4hiHY',#6,$,$,(#1818),#1819);
#1822=IFCRELDEFINESBYPROPERTIES('2VE0MZszif_sAQ$T73ja4a',#6,$,$,(#1818),#1820);
#1823=IFCCARTESIANPOINT((-7.1054273576010019E-015,0.));
#1824=IFCAXIS2PLACEMENT2D(#1823,#170);
#1825=IFCRECTANGLEPROFILEDEF(.AREA.,'Tile 450,700 x 300,500 x 95 Yellow',#1824,150.5,297.);
#1826=IFCCARTESIANPOINT((-75.249999999993761,-148.50000000000844,-0.));
#1827=IFCAXIS2PLACEMENT3D(#1826,#34,#199);
#1828=IFCEXTRUDEDAREASOLID(#1825,#1827,#34,7.9999999999999973);
#1829=IFCCOLOURRGB($,1.,1.,0.);
#1830=IFCSURFACESTYLERENDERING(#1829,0.,$,$,$,$,IFCNORMALISEDRATIOMEASURE(0.5),IFCSPECULAREXPONENT(64.),.NOTDEFINED.);
#1831=IFCSURFACESTYLE('Tile Yellow',.BOTH.,(#1830));
#1832=IFCPRESENTATIONSTYLEASSIGNMENT((#1831));
#1833=IFCSTYLEDITEM(#1828,(#1832),$);
#1834=IFCSHAPEREPRESENTATION(#15,'Body','SweptSolid',(#1828));
#1835=IFCAXIS2PLACEMENT3D(#10,$,$);
#1836=IFCREPRESENTATIONMAP(#1835,#1834);
#1837=IFCBUILDINGELEMENTPROXYTYPE('0LTDyIvC5DtPgxFIQIxVQj',#6,'Tile:Tile 450,700 x 300,500 x 95 Yellow',$,$,$,(#1836),'475685',$,.NOTDEFINED.);
#1838=IFCMATERIAL('Tile Yellow');
#1839=IFCPRESENTATIONSTYLEASSIGNMENT((#1831));
#1840=IFCSTYLEDITEM($,(#1839),$);
#1841=IFCSTYLEDREPRESENTATION(#13,'Style','Material',(#1840));
#1842=IFCMATERIALDEFINITIONREPRESENTATION($,$,(#1841),#1838);
#1843=IFCMAPPEDITEM(#1836,#194);
#1844=IFCSHAPEREPRESENTATION(#15,'Body','MappedRepresentation',(#1843));
#1845=IFCPRODUCTDEFINITIONSHAPE($,$,(#1844));
#1846=IFCCARTESIANPOINT((6318.5806710057377,8522.5068676918454,907.70999999999697));
#1847=IFCAXIS2PLACEMENT3D(#1846,$,$);
#1848=IFCLOCALPLACEMENT(#24,#1847);
#1849=IFCBUILDINGELEMENTPROXY('1E63lbwxj4Vu80SSnmvaZb',#6,'Tile:Tile 450,700 x 300,500 x 95 Yellow:465312',$,$,#1848,#1845,'465312',$);
#1850=IFCPROPERTYSINGLEVALUE('Reference',$,IFCIDENTIFIER('Tile 450,700 x 300,500 x 95 Yellow'),$);
#1851=IFCPROPERTYSET('0OjtLWukZS4Z_PvPTMGPka',#6,'Pset_BuildingElementProxyCommon',$,(#1850));
#1852=IFCPROPERTYSET('3nyuihO0s$ArnSs_2SbXxT',#6,'Pset_QuantityTakeOff',$,(#1850));
#1853=IFCRELDEFINESBYPROPERTIES('3A_Z$PY5Kp_Xo7T1DcBo0d',#6,$,$,(#1849),#1851);
#1854=IFCRELDEFINESBYPROPERTIES('3MbS28_qtCKrEqQkLjY6B2',#6,$,$,(#1849),#1852);
#1855=IFCCARTESIANPOINT((0.,0.));
#1856=IFCAXIS2PLACEMENT2D(#1855,#170);
#1857=IFCRECTANGLEPROFILEDEF(.AREA.,'Tile 450,700 x 300,500 x 95 Yellow',#1856,150.5,288.5);
#1858=IFCCARTESIANPOINT((-75.249999999993747,-144.25000000000844,-0.));
#1859=IFCAXIS2PLACEMENT3D(#1858,#34,#199);
#1860=IFCEXTRUDEDAREASOLID(#1857,#1859,#34,7.9999999999999973);
#1861=IFCSTYLEDITEM(#1860,(#1832),$);
#1862=IFCSHAPEREPRESENTATION(#15,'Body','SweptSolid',(#1860));
#1863=IFCAXIS2PLACEMENT3D(#10,$,$);
#1864=IFCREPRESENTATIONMAP(#1863,#1862);
#1865=IFCBUILDINGELEMENTPROXYTYPE('0LTDyIvC5DtPgxFIQIxVH9',#6,'Tile:Tile 450,700 x 300,500 x 95 Yellow',$,$,$,(#1864),'475685',$,.NOTDEFINED.);
#1866=IFCMAPPEDITEM(#1864,#194);
#1867=IFCSHAPEREPRESENTATION(#15,'Body','MappedRepresentation',(#1866));
#1868=IFCPRODUCTDEFINITIONSHAPE($,$,(#1867));
#1869=IFCCARTESIANPOINT((6318.5025460057386,7921.1631176918499,907.70999999999697));
#1870=IFCAXIS2PLACEMENT3D(#1869,$,$);
#1871=IFCLOCALPLACEMENT(#24,#1870);
#1872=IFCBUILDINGELEMENTPROXY('1E63lbwxj4Vu80SSnmvahj',#6,'Tile:Tile 450,700 x 300,500 x 95 Yellow:465832',$,$,#1871,#1868,'465832',$);
#1873=IFCPROPERTYSET('3pkt3sP2O8IuJOJacnOnuE',#6,'Pset_BuildingElementProxyCommon',$,(#1850));
#1874=IFCPROPERTYSET('1RDF5m_NyUVLtbhnCv1A08',#6,'Pset_QuantityTakeOff',$,(#1850));
#1875=IFCRELDEFINESBYPROPERTIES('2Tc7Pciz_ycmBP2Iyn8IMD',#6,$,$,(#1872),#1873);
#1876=IFCRELDEFINESBYPROPERTIES('2c2I0hlvXOf3AHmDX5ChVO',#6,$,$,(#1872),#1874);
#1877=IFCCARTESIANPOINT((0.,0.));
#1878=IFCAXIS2PLACEMENT2D(#1877,#170);
#1879=IFCRECTANGLEPROFILEDEF(.AREA.,'Tile 450,700 x 300,500 x 95 Red',#1878,100.00000000000003,298.99999999999994);
#1880=IFCCARTESIANPOINT((-50.,-149.50000000000844,-0.));
#1881=IFCAXIS2PLACEMENT3D(#1880,#34,#199);
#1882=IFCEXTRUDEDAREASOLID(#1879,#1881,#34,6.9999999999999973);
#1883=IFCSTYLEDITEM(#1882,(#800),$);
#1884=IFCSHAPEREPRESENTATION(#15,'Body','SweptSolid',(#1882));
#1885=IFCAXIS2PLACEMENT3D(#10,$,$);
#1886=IFCREPRESENTATIONMAP(#1885,#1884);
#1887=IFCBUILDINGELEMENTPROXYTYPE('1E63lbwxj4Vu80SSnmvd5f',#6,'Tile:Tile 450,700 x 300,500 x 95 Red',$,$,$,(#1886),'427296',$,.NOTDEFINED.);
#1888=IFCMAPPEDITEM(#1886,#194);
#1889=IFCSHAPEREPRESENTATION(#15,'Body','MappedRepresentation',(#1888));
#1890=IFCPRODUCTDEFINITIONSHAPE($,$,(#1889));
#1891=IFCCARTESIANPOINT((7177.4931710057317,7920.66311769186,7.9985361410442142));
#1892=IFCAXIS2PLACEMENT3D(#1891,$,$);
#1893=IFCLOCALPLACEMENT(#24,#1892);
#1894=IFCBUILDINGELEMENTPROXY('1E63lbwxj4Vu80SSnmvayc',#6,'Tile:Tile 450,700 x 300,500 x 95 Red:466531',$,$,#1893,#1890,'466531',$);
#1895=IFCPROPERTYSET('2U7eJP$q6OxC03dqYGgUO4',#6,'Pset_BuildingElementProxyCommon',$,(#1785));
#1896=IFCPROPERTYSET('3FFzeARRreaByrez2an$xC',#6,'Pset_QuantityTakeOff',$,(#1785));
#1897=IFCRELDEFINESBYPROPERTIES('1aK1FlMorQR$JAf2Vn5unb',#6,$,$,(#1894),#1895);
#1898=IFCRELDEFINESBYPROPERTIES('246s1KNvGeOCiC1PTXO$Hj',#6,$,$,(#1894),#1896);
#1899=IFCCARTESIANPOINT((1.0658141036401503E-014,0.));
#1900=IFCAXIS2PLACEMENT2D(#1899,#170);
#1901=IFCRECTANGLEPROFILEDEF(.AREA.,'Tile 450,700 x 300,500 x 95 Red',#1900,100.00000000000003,300.99999999999989);
#1902=IFCCARTESIANPOINT((-50.,-150.50000000000844,-0.));
#1903=IFCAXIS2PLACEMENT3D(#1902,#34,#199);
#1904=IFCEXTRUDEDAREASOLID(#1901,#1903,#34,6.9999999999999973);
#1905=IFCSTYLEDITEM(#1904,(#800),$);
#1906=IFCSHAPEREPRESENTATION(#15,'Body','SweptSolid',(#1904));
#1907=IFCAXIS2PLACEMENT3D(#10,$,$);
#1908=IFCREPRESENTATIONMAP(#1907,#1906);
#1909=IFCBUILDINGELEMENTPROXYTYPE('1E63lbwxj4Vu80SSnmvd7F',#6,'Tile:Tile 450,700 x 300,500 x 95 Red',$,$,$,(#1908),'427296',$,.NOTDEFINED.);
#1910=IFCMAPPEDITEM(#1908,#194);
#1911=IFCSHAPEREPRESENTATION(#15,'Body','MappedRepresentation',(#1910));
#1912=IFCPRODUCTDEFINITIONSHAPE($,$,(#1911));
#1913=IFCCARTESIANPOINT((7177.493171005729,7619.6631176918545,7.9985361410442142));
#1914=IFCAXIS2PLACEMENT3D(#1913,$,$);
#1915=IFCLOCALPLACEMENT(#24,#1914);
#1916=IFCBUILDINGELEMENTPROXY('1E63lbwxj4Vu80SSnmvd4H',#6,'Tile:Tile 450,700 x 300,500 x 95 Red:467028',$,$,#1915,#1912,'467028',$);
#1917=IFCPROPERTYSET('1q5p4GceRyXGZBYv4dTG3T',#6,'Pset_BuildingElementProxyCommon',$,(#1785));
#1918=IFCPROPERTYSET('12QSfbbifYh0ubFSCumSu$',#6,'Pset_QuantityTakeOff',$,(#1785));
#1919=IFCRELDEFINESBYPROPERTIES('26hfdHMftvfVHE$YPTe2OS',#6,$,$,(#1916),#1917);
#1920=IFCRELDEFINESBYPROPERTIES('3Axa6yyncAIVoZ1r7ECT2w',#6,$,$,(#1916),#1918);
#1921=IFCCARTESIANPOINT((-83.211999982111976,-3.5000000000083156));
#1922=IFCCARTESIANPOINT((76.574068947614279,-3.5000000000083324));
#1923=IFCCARTESIANPOINT((83.211999982119849,3.5000000000172409));
#1924=IFCCARTESIANPOINT((-76.5740689476238,3.4999999999979736));
#1925=IFCPOLYLINE((#1921,#1922,#1923,#1924,#1921));
#1926=IFCARBITRARYCLOSEDPROFILEDEF(.AREA.,'Gray Tile',#1925);
#1927=IFCCARTESIANPOINT((6704.6931710057506,8044.4602779639299,550.12770864967592));
#1928=IFCDIRECTION((-0.,-0.68809158300920947,0.72562385117351291));
#1929=IFCAXIS2PLACEMENT3D(#1927,#1267,#1928);
#1930=IFCEXTRUDEDAREASOLID(#1926,#1929,#34,371.79999999999012);
#1931=IFCSTYLEDITEM(#1930,(#1716),$);
#1932=IFCSHAPEREPRESENTATION(#15,'Body','SweptSolid',(#1930));
#1933=IFCAXIS2PLACEMENT3D(#10,$,$);
#1934=IFCREPRESENTATIONMAP(#1933,#1932);
#1935=IFCBUILDINGELEMENTPROXYTYPE('1prwuuYvTDYwb_qq8gB8IO',#6,'Gray Tile:Gray Tile',$,$,$,(#1934),'470079',$,.NOTDEFINED.);
#1936=IFCMAPPEDITEM(#1934,#194);
#1937=IFCSHAPEREPRESENTATION(#15,'Body','MappedRepresentation',(#1936));
#1938=IFCPRODUCTDEFINITIONSHAPE($,$,(#1937));
#1939=IFCCARTESIANPOINT((0.,0.,12.954615540028668));
#1940=IFCAXIS2PLACEMENT3D(#1939,$,$);
#1941=IFCLOCALPLACEMENT(#24,#1940);
#1942=IFCBUILDINGELEMENTPROXY('1prwuuYvTDYwb_qq8gB8Jc',#6,'Gray Tile:Gray Tile:470081',$,$,#1941,#1938,'470081',$);
#1943=IFCPROPERTYSINGLEVALUE('Reference',$,IFCIDENTIFIER('Gray Tile'),$);
#1944=IFCPROPERTYSET('0xiNIYMuQsiplkyfRr$r3B',#6,'Pset_BuildingElementProxyCommon',$,(#1943));
#1945=IFCPROPERTYSET('0vmc1VU6DSL$F3D7HM8R7g',#6,'Pset_QuantityTakeOff',$,(#1943));
#1946=IFCRELDEFINESBYPROPERTIES('3BMViaE08A6NiJH2sXdpLH',#6,$,$,(#1942),#1944);
#1947=IFCRELDEFINESBYPROPERTIES('1I4DObJG7ZpKeZhUWouFB6',#6,$,$,(#1942),#1945);
#1948=IFCCARTESIANPOINT((-83.250185950810106,-3.5000000000080536));
#1949=IFCCARTESIANPOINT((76.612254916313418,-3.5000000000080451));
#1950=IFCCARTESIANPOINT((83.250185950819585,3.5000000000184506));
#1951=IFCCARTESIANPOINT((-76.612254916321376,3.4999999999991664));
#1952=IFCPOLYLINE((#1948,#1949,#1950,#1951,#1948));
#1953=IFCARBITRARYCLOSEDPROFILEDEF(.AREA.,'Gray Tile',#1952);
#1954=IFCCARTESIANPOINT((6327.8931710057568,8039.2160343167843,555.65800195030488));
#1955=IFCDIRECTION((-0.,-0.68809158300920836,0.7256238511735138));
#1956=IFCAXIS2PLACEMENT3D(#1954,#1267,#1955);
#1957=IFCEXTRUDEDAREASOLID(#1953,#1956,#34,374.79999999999495);
#1958=IFCSTYLEDITEM(#1957,(#1716),$);
#1959=IFCSHAPEREPRESENTATION(#15,'Body','SweptSolid',(#1957));
#1960=IFCAXIS2PLACEMENT3D(#10,$,$);
#1961=IFCREPRESENTATIONMAP(#1960,#1959);
#1962=IFCBUILDINGELEMENTPROXYTYPE('1prwuuYvTDYwb_qq8gB8QK',#6,'Gray Tile1:Gray Tile',$,$,$,(#1961),'470579',$,.NOTDEFINED.);
#1963=IFCMAPPEDITEM(#1961,#194);
#1964=IFCSHAPEREPRESENTATION(#15,'Body','MappedRepresentation',(#1963));
#1965=IFCPRODUCTDEFINITIONSHAPE($,$,(#1964));
#1966=IFCCARTESIANPOINT((0.,5.2179682034965511,7.4520308890676059));
#1967=IFCAXIS2PLACEMENT3D(#1966,$,$);
#1968=IFCLOCALPLACEMENT(#24,#1967);
#1969=IFCBUILDINGELEMENTPROXY('1prwuuYvTDYwb_qq8gB8QI',#6,'Gray Tile1:Gray Tile:470581',$,$,#1968,#1965,'470581',$);
#1970=IFCPROPERTYSET('3fgHfOzaRMaArf4LP612si',#6,'Pset_BuildingElementProxyCommon',$,(#1943));
#1971=IFCPROPERTYSET('0lNmmHvquLC0IpeV4J7bqZ',#6,'Pset_QuantityTakeOff',$,(#1943));
#1972=IFCRELDEFINESBYPROPERTIES('1Sp4e7JCZp6d1iLuahhmmS',#6,$,$,(#1969),#1970);
#1973=IFCRELDEFINESBYPROPERTIES('2WdxPAMbZiNWtyrRYVWJIq',#6,$,$,(#1969),#1971);
#1974=IFCCARTESIANPOINT((-3.5000000000086442,-94.042893218807706));
#1975=IFCCARTESIANPOINT((3.4999999999832676,-94.042893218807706));
#1976=IFCCARTESIANPOINT((3.5000000000148703,90.542893218804295));
#1977=IFCCARTESIANPOINT((-3.4999999999938254,97.542893218810974));
#1978=IFCPOLYLINE((#1974,#1975,#1976,#1977,#1974));
#1979=IFCARBITRARYCLOSEDPROFILEDEF(.AREA.,'Gray Tile',#1978);
#1980=IFCCARTESIANPOINT((6704.6931710057506,7988.1105668044574,716.15292605818092));
#1981=IFCAXIS2PLACEMENT3D(#1980,#1267,#1684);
#1982=IFCEXTRUDEDAREASOLID(#1979,#1981,#34,373.7999999999908);
#1983=IFCSTYLEDITEM(#1982,(#1716),$);
#1984=IFCSHAPEREPRESENTATION(#15,'Body','SweptSolid',(#1982));
#1985=IFCAXIS2PLACEMENT3D(#10,$,$);
#1986=IFCREPRESENTATIONMAP(#1985,#1984);
#1987=IFCBUILDINGELEMENTPROXYTYPE('1prwuuYvTDYwb_qq8gB8P8',#6,'Gray Tile2:Gray Tile',$,$,$,(#1986),'470767',$,.NOTDEFINED.);
#1988=IFCMAPPEDITEM(#1986,#194);
#1989=IFCSHAPEREPRESENTATION(#15,'Body','MappedRepresentation',(#1988));
#1990=IFCPRODUCTDEFINITIONSHAPE($,$,(#1989));
#1991=IFCAXIS2PLACEMENT3D(#10,$,$);
#1992=IFCLOCALPLACEMENT(#24,#1991);
#1993=IFCBUILDINGELEMENTPROXY('1prwuuYvTDYwb_qq8gB8PM',#6,'Gray Tile2:Gray Tile:470769',$,$,#1992,#1990,'470769',$);
#1994=IFCPROPERTYSET('11n6FSc42cBb5V5kmgzK97',#6,'Pset_BuildingElementProxyCommon',$,(#1943));
#1995=IFCPROPERTYSET('3J3ajDGgvbLRqHGqcndmd7',#6,'Pset_QuantityTakeOff',$,(#1943));
#1996=IFCRELDEFINESBYPROPERTIES('11n6xCBPsaHb96QF37ZzR5',#6,$,$,(#1993),#1994);
#1997=IFCRELDEFINESBYPROPERTIES('0GDvT_IuYMHQ729zZkflz3',#6,$,$,(#1993),#1995);
#1998=IFCCARTESIANPOINT((-3.5000000000075611,-94.042893218807976));
#1999=IFCCARTESIANPOINT((3.4999999999843503,-94.042893218807976));
#2000=IFCCARTESIANPOINT((3.5000000000159535,90.542893218804579));
#2001=IFCCARTESIANPOINT((-3.4999999999927427,97.542893218811244));
#2002=IFCPOLYLINE((#1998,#1999,#2000,#2001,#1998));
#2003=IFCARBITRARYCLOSEDPROFILEDEF(.AREA.,'Gray Tile',#2002);
#2004=IFCCARTESIANPOINT((6328.6999312164417,7988.1105668044574,716.15292605818115));
#2005=IFCAXIS2PLACEMENT3D(#2004,#1267,#1684);
#2006=IFCEXTRUDEDAREASOLID(#2003,#2005,#34,373.9932397893096);
#2007=IFCSTYLEDITEM(#2006,(#1716),$);
#2008=IFCSHAPEREPRESENTATION(#15,'Body','SweptSolid',(#2006));
#2009=IFCAXIS2PLACEMENT3D(#10,$,$);
#2010=IFCREPRESENTATIONMAP(#2009,#2008);
#2011=IFCBUILDINGELEMENTPROXYTYPE('1prwuuYvTDYwb_qq8gB8TS',#6,'Gray Tile3:Gray Tile',$,$,$,(#2010),'471035',$,.NOTDEFINED.);
#2012=IFCMAPPEDITEM(#2010,#194);
#2013=IFCSHAPEREPRESENTATION(#15,'Body','MappedRepresentation',(#2012));
#2014=IFCPRODUCTDEFINITIONSHAPE($,$,(#2013));
#2015=IFCAXIS2PLACEMENT3D(#10,$,$);
#2016=IFCLOCALPLACEMENT(#24,#2015);
#2017=IFCBUILDINGELEMENTPROXY('1prwuuYvTDYwb_qq8gB8TQ',#6,'Gray Tile3:Gray Tile:471037',$,$,#2016,#2014,'471037',$);
#2018=IFCPROPERTYSET('3NKANnUKI__veuB3Mb3zB1',#6,'Pset_BuildingElementProxyCommon',$,(#1943));
#2019=IFCPROPERTYSET('1_t01$iBGhWbrNZn94eUcf',#6,'Pset_QuantityTakeOff',$,(#1943));
#2020=IFCRELDEFINESBYPROPERTIES('03RA5DYhTLBkapQw_EihbB',#6,$,$,(#2017),#2018);
#2021=IFCRELDEFINESBYPROPERTIES('1QiV9JKY_Oy7cRrVzEFNWT',#6,$,$,(#2017),#2019);
#2022=IFCCARTESIANPOINT((-265.54289321880321,-3.5000000000000266));
#2023=IFCCARTESIANPOINT((269.0428932187981,-3.5000000000000027));
#2024=IFCCARTESIANPOINT((262.04289321880833,3.5000000000000226));
#2025=IFCCARTESIANPOINT((-265.54289321880321,3.5000000000000062));
#2026=IFCPOLYLINE((#2022,#2023,#2024,#2025,#2022));
#2027=IFCARBITRARYCLOSEDPROFILEDEF(.AREA.,'Gray Tile',#2026);
#2028=IFCCARTESIANPOINT((6975.4931710057408,8255.1202244729466,798.60000000000844));
#2029=IFCAXIS2PLACEMENT3D(#2028,#1267,#35);
#2030=IFCEXTRUDEDAREASOLID(#2027,#2029,#34,100.00000000000651);
#2031=IFCSTYLEDITEM(#2030,(#1716),$);
#2032=IFCSHAPEREPRESENTATION(#15,'Body','SweptSolid',(#2030));
#2033=IFCAXIS2PLACEMENT3D(#10,$,$);
#2034=IFCREPRESENTATIONMAP(#2033,#2032);
#2035=IFCBUILDINGELEMENTPROXYTYPE('05wfFLeuPBEv3bvVNYYoAV',#6,'Gray Tile4:Gray Tile',$,$,$,(#2034),'472207',$,.NOTDEFINED.);
#2036=IFCMAPPEDITEM(#2034,#194);
#2037=IFCSHAPEREPRESENTATION(#15,'Body','MappedRepresentation',(#2036));
#2038=IFCPRODUCTDEFINITIONSHAPE($,$,(#2037));
#2039=IFCCARTESIANPOINT((0.,0.,13.010032839364651));
#2040=IFCAXIS2PLACEMENT3D(#2039,$,$);
#2041=IFCLOCALPLACEMENT(#24,#2040);
#2042=IFCBUILDINGELEMENTPROXY('05wfFLeuPBEv3bvVNYYoA1',#6,'Gray Tile4:Gray Tile:472209',$,$,#2041,#2038,'472209',$);
#2043=IFCPROPERTYSET('3JcBZ7SrOTFVOri$t8nlaF',#6,'Pset_BuildingElementProxyCommon',$,(#1943));
#2044=IFCPROPERTYSET('3_LVZmgPOK_Nn23j_6xXEF',#6,'Pset_QuantityTakeOff',$,(#1943));
#2045=IFCRELDEFINESBYPROPERTIES('3uznL7$boilVCLD7gt7YFt',#6,$,$,(#2042),#2043);
#2046=IFCRELDEFINESBYPROPERTIES('0CqYjQCRoZxKhTmdwpQhi8',#6,$,$,(#2042),#2044);
#2047=IFCCARTESIANPOINT((-265.54289321880321,-3.4999999999998663));
#2048=IFCCARTESIANPOINT((269.04289321879702,-3.4999999999998943));
#2049=IFCCARTESIANPOINT((262.04289321880833,3.4999999999994587));
#2050=IFCCARTESIANPOINT((-265.54289321880321,3.4999999999998961));
#2051=IFCPOLYLINE((#2047,#2048,#2049,#2050,#2047));
#2052=IFCARBITRARYCLOSEDPROFILEDEF(.AREA.,'Gray Tile',#2051);
#2053=IFCCARTESIANPOINT((6329.893171005715,8255.1202244729484,811.61003283937305));
#2054=IFCAXIS2PLACEMENT3D(#2053,#1267,#35);
#2055=IFCEXTRUDEDAREASOLID(#2052,#2054,#34,100.00000000000651);
#2056=IFCSTYLEDITEM(#2055,(#1716),$);
#2057=IFCSHAPEREPRESENTATION(#15,'Body','SweptSolid',(#2055));
#2058=IFCAXIS2PLACEMENT3D(#10,$,$);
#2059=IFCREPRESENTATIONMAP(#2058,#2057);
#2060=IFCBUILDINGELEMENTPROXYTYPE('05wfFLeuPBEv3bvVNYYo2d',#6,'Gray Tile5:Gray Tile',$,$,$,(#2059),'472759',$,.NOTDEFINED.);
#2061=IFCMAPPEDITEM(#2059,#194);
#2062=IFCSHAPEREPRESENTATION(#15,'Body','MappedRepresentation',(#2061));
#2063=IFCPRODUCTDEFINITIONSHAPE($,$,(#2062));
#2064=IFCAXIS2PLACEMENT3D(#10,$,$);
#2065=IFCLOCALPLACEMENT(#24,#2064);
#2066=IFCBUILDINGELEMENTPROXY('05wfFLeuPBEv3bvVNYYo2f',#6,'Gray Tile5:Gray Tile:472761',$,$,#2065,#2063,'472761',$);
#2067=IFCPROPERTYSET('2xxxb5EoYIp4GTpbE4m7J2',#6,'Pset_BuildingElementProxyCommon',$,(#1943));
#2068=IFCPROPERTYSET('2rWiRK$86BcAz_oN0IN2_o',#6,'Pset_QuantityTakeOff',$,(#1943));
#2069=IFCRELDEFINESBYPROPERTIES('1d8oOlwI698wLvw_s9aCST',#6,$,$,(#2066),#2067);
#2070=IFCRELDEFINESBYPROPERTIES('1gEm2V1BbrI89wF5$MW$ny',#6,$,$,(#2066),#2068);
#2071=IFCCARTESIANPOINT((-48.750000000001904,-3.4999999999999472));
#2072=IFCCARTESIANPOINT((52.249999999996795,-3.4999999999999458));
#2073=IFCCARTESIANPOINT((45.250000000007027,3.5000000000000777));
#2074=IFCCARTESIANPOINT((-48.750000000001918,3.5000000000000857));
#2075=IFCPOLYLINE((#2071,#2072,#2073,#2074,#2071));
#2076=IFCARBITRARYCLOSEDPROFILEDEF(.AREA.,'Gray Tile',#2075);
#2077=IFCCARTESIANPOINT((6431.8931710057395,8038.327331254146,798.60000000000878));
#2078=IFCAXIS2PLACEMENT3D(#2077,#1267,#35);
#2079=IFCEXTRUDEDAREASOLID(#2076,#2078,#34,541.60000000000139);
#2080=IFCSTYLEDITEM(#2079,(#1716),$);
#2081=IFCSHAPEREPRESENTATION(#15,'Body','SweptSolid',(#2079));
#2082=IFCAXIS2PLACEMENT3D(#10,$,$);
#2083=IFCREPRESENTATIONMAP(#2082,#2081);
#2084=IFCBUILDINGELEMENTPROXYTYPE('05wfFLeuPBEv3bvVNYYo6k',#6,'Gray Tile6:Gray Tile',$,$,$,(#2083),'473022',$,.NOTDEFINED.);
#2085=IFCMAPPEDITEM(#2083,#194);
#2086=IFCSHAPEREPRESENTATION(#15,'Body','MappedRepresentation',(#2085));
#2087=IFCPRODUCTDEFINITIONSHAPE($,$,(#2086));
#2088=IFCCARTESIANPOINT((0.,0.,13.010032839364651));
#2089=IFCAXIS2PLACEMENT3D(#2088,$,$);
#2090=IFCLOCALPLACEMENT(#24,#2089);
#2091=IFCBUILDINGELEMENTPROXY('05wfFLeuPBEv3bvVNYYo7G',#6,'Gray Tile6:Gray Tile:473024',$,$,#2090,#2087,'473024',$);
#2092=IFCPROPERTYSET('0Rt_QV6H0PtWzYsQwdCVdc',#6,'Pset_BuildingElementProxyCommon',$,(#1943));
#2093=IFCPROPERTYSET('3_ZkDyB8nfLFQCHceMh8ky',#6,'Pset_QuantityTakeOff',$,(#1943));
#2094=IFCRELDEFINESBYPROPERTIES('1ECgC3qxByORy7YFA6CX25',#6,$,$,(#2091),#2092);
#2095=IFCRELDEFINESBYPROPERTIES('07a0ukhcad81h3cV4_84m8',#6,$,$,(#2091),#2093);
#2096=IFCCARTESIANPOINT((-74.,-270.80011973748071));
#2097=IFCCARTESIANPOINT((74.,-270.80011973748071));
#2098=IFCCARTESIANPOINT((74.,270.80011973748179));
#2099=IFCCARTESIANPOINT((-74.,270.80011973748179));
#2100=IFCPOLYLINE((#2096,#2097,#2098,#2099,#2096));
#2101=IFCCARTESIANPOINT((-1.0004615657162503,0.26312476555267494));
#2102=IFCAXIS2PLACEMENT2D(#2101,#44);
#2103=IFCCIRCLE(#2102,19.000000000004345);
#2104=IFCTRIMMEDCURVE(#2103,(IFCPARAMETERVALUE(359.99999999999989)),(IFCPARAMETERVALUE(180.00000000000009)),.T.,.PARAMETER.);
#2105=IFCCOMPOSITECURVESEGMENT(.CONTINUOUS.,.F.,#2104);
#2106=IFCCARTESIANPOINT((-1.0004615657162503,0.26312476555267494));
#2107=IFCAXIS2PLACEMENT2D(#2106,#44);
#2108=IFCCIRCLE(#2107,19.000000000004345);
#2109=IFCTRIMMEDCURVE(#2108,(IFCPARAMETERVALUE(180.00000000000009)),(IFCPARAMETERVALUE(359.99999999999989)),.T.,.PARAMETER.);
#2110=IFCCOMPOSITECURVESEGMENT(.CONTINUOUS.,.F.,#2109);
#2111=IFCCOMPOSITECURVE((#2105,#2110),.F.);
#2112=IFCARBITRARYPROFILEDEFWITHVOIDS(.AREA.,'Gray Tile',#2100,(#2111));
#2113=IFCCARTESIANPOINT((6702.693290743222,8446.6631176917508,808.11003283937305));
#2114=IFCAXIS2PLACEMENT3D(#2113,#34,#1684);
#2115=IFCEXTRUDEDAREASOLID(#2112,#2114,#34,7.0000000000000329);
#2116=IFCSTYLEDITEM(#2115,(#1716),$);
#2117=IFCSHAPEREPRESENTATION(#15,'Body','SweptSolid',(#2115));
#2118=IFCAXIS2PLACEMENT3D(#10,$,$);
#2119=IFCREPRESENTATIONMAP(#2118,#2117);
#2120=IFCBUILDINGELEMENTPROXYTYPE('05wfFLeuPBEv3bvVNYYo_D',#6,'Gray Tile7:Gray Tile',$,$,$,(#2119),'473501',$,.NOTDEFINED.);
#2121=IFCMAPPEDITEM(#2119,#194);
#2122=IFCSHAPEREPRESENTATION(#15,'Body','MappedRepresentation',(#2121));
#2123=IFCPRODUCTDEFINITIONSHAPE($,$,(#2122));
#2124=IFCAXIS2PLACEMENT3D(#10,$,$);
#2125=IFCLOCALPLACEMENT(#24,#2124);
#2126=IFCBUILDINGELEMENTPROXY('05wfFLeuPBEv3bvVNYYo_F',#6,'Gray Tile7:Gray Tile:473503',$,$,#2125,#2123,'473503',$);
#2127=IFCPROPERTYSET('38OCnZQ_1NGxd4_IAjjg3m',#6,'Pset_BuildingElementProxyCommon',$,(#1943));
#2128=IFCPROPERTYSET('3ZuGzL_ybxsaFThMMhhiVD',#6,'Pset_QuantityTakeOff',$,(#1943));
#2129=IFCRELDEFINESBYPROPERTIES('1CvxSdYVjZsQjBIVqwTYgC',#6,$,$,(#2126),#2127);
#2130=IFCRELDEFINESBYPROPERTIES('03I0fx69t_AP6kyPsiOLj3',#6,$,$,(#2126),#2128);
#2131=IFCCARTESIANPOINT((-267.17746866008207,52.836180142535113));
#2132=IFCCARTESIANPOINT((232.66807895898313,-140.8823591801816));
#2133=IFCPOLYLINE((#2131,#2132));
#2134=IFCCOMPOSITECURVESEGMENT(.CONTINUOUS.,.T.,#2133);
#2135=IFCCARTESIANPOINT((232.66807895898313,-140.8823591801816));
#2136=IFCCARTESIANPOINT((39.964272761985484,35.209998895109571));
#2137=IFCPOLYLINE((#2135,#2136));
#2138=IFCCOMPOSITECURVESEGMENT(.CONTINUOUS.,.T.,#2137);
#2139=IFCCARTESIANPOINT((21.029367692864369,53.749669065398642));
#2140=IFCDIRECTION((-0.99940568882175285,-0.034471280108846258));
#2141=IFCAXIS2PLACEMENT2D(#2139,#2140);
#2142=IFCCIRCLE(#2141,26.499999999995342);
#2143=IFCTRIMMEDCURVE(#2142,(IFCPARAMETERVALUE(1.0177774980683264E-013)),(IFCPARAMETERVALUE(133.6288115156845)),.T.,.PARAMETER.);
#2144=IFCCOMPOSITECURVESEGMENT(.CONTINUOUS.,.F.,#2143);
#2145=IFCCARTESIANPOINT((-5.4548830608872088,52.836180142535227));
#2146=IFCCARTESIANPOINT((-267.17746866008207,52.836180142535113));
#2147=IFCPOLYLINE((#2145,#2146));
#2148=IFCCOMPOSITECURVESEGMENT(.CONTINUOUS.,.T.,#2147);
#2149=IFCCOMPOSITECURVE((#2134,#2138,#2144,#2148),.F.);
#2150=IFCARBITRARYCLOSEDPROFILEDEF(.AREA.,'Gray Tile',#2149);
#2151=IFCCARTESIANPOINT((6702.8767519905396,8323.3796698761362,808.11003283937328));
#2152=IFCDIRECTION((0.93242362170359316,-0.36136711207462496,-0.));
#2153=IFCAXIS2PLACEMENT3D(#2151,#1502,#2152);
#2154=IFCEXTRUDEDAREASOLID(#2150,#2153,#1502,6.999999999999762);
#2155=IFCSTYLEDITEM(#2154,(#1716),$);
#2156=IFCSHAPEREPRESENTATION(#15,'Body','SweptSolid',(#2154));
#2157=IFCAXIS2PLACEMENT3D(#10,$,$);
#2158=IFCREPRESENTATIONMAP(#2157,#2156);
#2159=IFCBUILDINGELEMENTPROXYTYPE('05wfFLeuPBEv3bvVNYYoqe',#6,'Gray Tile8:Gray Tile',$,$,$,(#2158),'473912',$,.NOTDEFINED.);
#2160=IFCMAPPEDITEM(#2158,#194);
#2161=IFCSHAPEREPRESENTATION(#15,'Body','MappedRepresentation',(#2160));
#2162=IFCPRODUCTDEFINITIONSHAPE($,$,(#2161));
#2163=IFCAXIS2PLACEMENT3D(#10,$,$);
#2164=IFCLOCALPLACEMENT(#24,#2163);
#2165=IFCBUILDINGELEMENTPROXY('05wfFLeuPBEv3bvVNYYoqg',#6,'Gray Tile8:Gray Tile:473914',$,$,#2164,#2162,'473914',$);
#2166=IFCPROPERTYSET('1t5hJU$0cLRiDb0uyMXqEx',#6,'Pset_BuildingElementProxyCommon',$,(#1943));
#2167=IFCPROPERTYSET('3sgl_ejwwYg8CTJHrMo344',#6,'Pset_QuantityTakeOff',$,(#1943));
#2168=IFCRELDEFINESBYPROPERTIES('014KBeJeIWOlt1GP2bZf3Z',#6,$,$,(#2165),#2166);
#2169=IFCRELDEFINESBYPROPERTIES('0SI9U7$hbH6x_IWI1od8Yi',#6,$,$,(#2165),#2167);
#2170=IFCCARTESIANPOINT((-29.585736257109048,-78.771254135993004));
#2171=IFCCARTESIANPOINT((265.94875931923769,-90.192141200180487));
#2172=IFCPOLYLINE((#2170,#2171));
#2173=IFCCOMPOSITECURVESEGMENT(.CONTINUOUS.,.T.,#2172);
#2174=IFCCARTESIANPOINT((265.94875931923769,-90.192141200180487));
#2175=IFCCARTESIANPOINT((-171.67525985180683,222.67255258058316));
#2176=IFCPOLYLINE((#2174,#2175));
#2177=IFCCOMPOSITECURVESEGMENT(.CONTINUOUS.,.T.,#2176);
#2178=IFCCARTESIANPOINT((-171.67525985180683,222.67255258058316));
#2179=IFCCARTESIANPOINT((-64.687763210321833,-53.709157244409639));
#2180=IFCPOLYLINE((#2178,#2179));
#2181=IFCCOMPOSITECURVESEGMENT(.CONTINUOUS.,.T.,#2180);
#2182=IFCCARTESIANPOINT((-56.083650456006261,-78.771254135994013));
#2183=IFCAXIS2PLACEMENT2D(#2182,#170);
#2184=IFCCIRCLE(#2183,26.49791419889646);
#2185=IFCTRIMMEDCURVE(#2184,(IFCPARAMETERVALUE(6.6155537374441214E-013)),(IFCPARAMETERVALUE(108.9479492832028)),.T.,.PARAMETER.);
#2186=IFCCOMPOSITECURVESEGMENT(.CONTINUOUS.,.F.,#2185);
#2187=IFCCOMPOSITECURVE((#2173,#2177,#2181,#2186),.F.);
#2188=IFCARBITRARYCLOSEDPROFILEDEF(.AREA.,'Gray Tile',#2187);
#2189=IFCCARTESIANPOINT((6702.8735628584873,8168.9626019970947,808.11003283937328));
#2190=IFCDIRECTION((0.81349064547092409,-0.58157799969677282,0.));
#2191=IFCAXIS2PLACEMENT3D(#2189,#1502,#2190);
#2192=IFCEXTRUDEDAREASOLID(#2188,#2191,#1502,7.0000000000000284);
#2193=IFCSTYLEDITEM(#2192,(#1716),$);
#2194=IFCSHAPEREPRESENTATION(#15,'Body','SweptSolid',(#2192));
#2195=IFCAXIS2PLACEMENT3D(#10,$,$);
#2196=IFCREPRESENTATIONMAP(#2195,#2194);
#2197=IFCBUILDINGELEMENTPROXYTYPE('05wfFLeuPBEv3bvVNYYosl',#6,'Gray Tile9:Gray Tile',$,$,$,(#2196),'474047',$,.NOTDEFINED.);
#2198=IFCMAPPEDITEM(#2196,#194);
#2199=IFCSHAPEREPRESENTATION(#15,'Body','MappedRepresentation',(#2198));
#2200=IFCPRODUCTDEFINITIONSHAPE($,$,(#2199));
#2201=IFCAXIS2PLACEMENT3D(#10,$,$);
#2202=IFCLOCALPLACEMENT(#24,#2201);
#2203=IFCBUILDINGELEMENTPROXY('05wfFLeuPBEv3bvVNYYotH',#6,'Gray Tile9:Gray Tile:474049',$,$,#2202,#2200,'474049',$);
#2204=IFCPROPERTYSET('3p4VxGb7_IHZ10g6YGer3a',#6,'Pset_BuildingElementProxyCommon',$,(#1943));
#2205=IFCPROPERTYSET('2P7_exoH6FPpatT8W0uEfJ',#6,'Pset_QuantityTakeOff',$,(#1943));
#2206=IFCRELDEFINESBYPROPERTIES('2yR0SHBecQ9nuRLpBSPKIx',#6,$,$,(#2203),#2204);
#2207=IFCRELDEFINESBYPROPERTIES('1SZT4L25P8J3JwELeGR9Zh',#6,$,$,(#2203),#2205);
#2208=IFCCARTESIANPOINT((-123.43716267535918,-123.64939549261354));
#2209=IFCCARTESIANPOINT((157.29431030978586,-123.64939549261331));
#2210=IFCPOLYLINE((#2208,#2209));
#2211=IFCCOMPOSITECURVESEGMENT(.CONTINUOUS.,.T.,#2210);
#2212=IFCCARTESIANPOINT((157.29431030978586,-123.64939549261331));
#2213=IFCCARTESIANPOINT((-5.7763257014421487,124.85518211365486));
#2214=IFCPOLYLINE((#2212,#2213));
#2215=IFCCOMPOSITECURVESEGMENT(.CONTINUOUS.,.T.,#2214);
#2216=IFCCARTESIANPOINT((-19.507596585301723,147.50262234388319));
#2217=IFCDIRECTION((0.51845495402085362,-0.8551049413090368));
#2218=IFCAXIS2PLACEMENT2D(#2216,#2217);
#2219=IFCCIRCLE(#2218,26.48498346360978);
#2220=IFCTRIMMEDCURVE(#2219,(IFCPARAMETERVALUE(309.88441393403752)),(IFCPARAMETERVALUE(1.119555247875159E-012)),.T.,.PARAMETER.);
#2221=IFCCOMPOSITECURVESEGMENT(.CONTINUOUS.,.F.,#2220);
#2222=IFCCARTESIANPOINT((-28.080821932987263,122.44360887157197));
#2223=IFCCARTESIANPOINT((-123.43716267535918,-123.64939549261354));
#2224=IFCPOLYLINE((#2222,#2223));
#2225=IFCCOMPOSITECURVESEGMENT(.CONTINUOUS.,.T.,#2224);
#2226=IFCCOMPOSITECURVE((#2211,#2215,#2221,#2225),.F.);
#2227=IFCARBITRARYCLOSEDPROFILEDEF(.AREA.,'Gray Tile',#2226);
#2228=IFCCARTESIANPOINT((6555.5425664983459,8246.1535085356827,808.11003283937328));
#2229=IFCAXIS2PLACEMENT3D(#2228,#34,#35);
#2230=IFCEXTRUDEDAREASOLID(#2227,#2229,#34,6.9999999999998979);
#2231=IFCSTYLEDITEM(#2230,(#1716),$);
#2232=IFCSHAPEREPRESENTATION(#15,'Body','SweptSolid',(#2230));
#2233=IFCAXIS2PLACEMENT3D(#10,$,$);
#2234=IFCREPRESENTATIONMAP(#2233,#2232);
#2235=IFCBUILDINGELEMENTPROXYTYPE('05wfFLeuPBEv3bvVNYYotk',#6,'Gray Tile10:Gray Tile',$,$,$,(#2234),'474110',$,.NOTDEFINED.);
#2236=IFCMAPPEDITEM(#2234,#194);
#2237=IFCSHAPEREPRESENTATION(#15,'Body','MappedRepresentation',(#2236));
#2238=IFCPRODUCTDEFINITIONSHAPE($,$,(#2237));
#2239=IFCAXIS2PLACEMENT3D(#10,$,$);
#2240=IFCLOCALPLACEMENT(#24,#2239);
#2241=IFCBUILDINGELEMENTPROXY('05wfFLeuPBEv3bvVNYYoeG',#6,'Gray Tile10:Gray Tile:474112',$,$,#2240,#2238,'474112',$);
#2242=IFCPROPERTYSET('2QgbO52ucGfda89qAB3AI3',#6,'Pset_BuildingElementProxyCommon',$,(#1943));
#2243=IFCPROPERTYSET('2eXMPzVagQ3yQWmundR23Z',#6,'Pset_QuantityTakeOff',$,(#1943));
#2244=IFCRELDEFINESBYPROPERTIES('0dSk_jHFJatFecOwosWMpN',#6,$,$,(#2241),#2242);
#2245=IFCRELDEFINESBYPROPERTIES('3mLKFbDJac0F0x1tUjcnJb',#6,$,$,(#2241),#2243);
#2246=IFCCARTESIANPOINT((-157.2921235731834,-123.28723020259683));
#2247=IFCCARTESIANPOINT((123.43798491954691,-123.28723020259679));
#2248=IFCPOLYLINE((#2246,#2247));
#2249=IFCCOMPOSITECURVESEGMENT(.CONTINUOUS.,.T.,#2248);
#2250=IFCCARTESIANPOINT((123.43798491954691,-123.28723020259679));
#2251=IFCCARTESIANPOINT((28.104744439460514,122.07679571519739));
#2252=IFCPOLYLINE((#2250,#2251));
#2253=IFCCOMPOSITECURVESEGMENT(.CONTINUOUS.,.T.,#2252);
#2254=IFCCARTESIANPOINT((19.510582992541472,147.14451178634982));
#2255=IFCDIRECTION((0.32430797912820708,-0.94595154985472618));
#2256=IFCAXIS2PLACEMENT2D(#2254,#2255);
#2257=IFCCIRCLE(#2256,26.499999999992923);
#2258=IFCTRIMMEDCURVE(#2257,(IFCPARAMETERVALUE(309.79169790404575)),(IFCPARAMETERVALUE(359.99999999999915)),.T.,.PARAMETER.);
#2259=IFCCOMPOSITECURVESEGMENT(.CONTINUOUS.,.F.,#2258);
#2260=IFCCARTESIANPOINT((5.7493942141750738,124.49766468999259));
#2261=IFCCARTESIANPOINT((-157.2921235731834,-123.28723020259683));
#2262=IFCPOLYLINE((#2260,#2261));
#2263=IFCCOMPOSITECURVESEGMENT(.CONTINUOUS.,.T.,#2262);
#2264=IFCCOMPOSITECURVE((#2249,#2253,#2259,#2263),.F.);
#2265=IFCARBITRARYCLOSEDPROFILEDEF(.AREA.,'Gray Tile',#2264);
#2266=IFCCARTESIANPOINT((6850.2061802780891,8246.1523039163221,808.11003283937328));
#2267=IFCAXIS2PLACEMENT3D(#2266,#34,#1684);
#2268=IFCEXTRUDEDAREASOLID(#2265,#2267,#34,6.9999999999998979);
#2269=IFCSTYLEDITEM(#2268,(#1716),$);
#2270=IFCSHAPEREPRESENTATION(#15,'Body','SweptSolid',(#2268));
#2271=IFCAXIS2PLACEMENT3D(#10,$,$);
#2272=IFCREPRESENTATIONMAP(#2271,#2270);
#2273=IFCBUILDINGELEMENTPROXYTYPE('05wfFLeuPBEv3bvVNYYofG',#6,'Gray Tile11:Gray Tile',$,$,$,(#2272),'474176',$,.NOTDEFINED.);
#2274=IFCMAPPEDITEM(#2272,#194);
#2275=IFCSHAPEREPRESENTATION(#15,'Body','MappedRepresentation',(#2274));
#2276=IFCPRODUCTDEFINITIONSHAPE($,$,(#2275));
#2277=IFCAXIS2PLACEMENT3D(#10,$,$);
#2278=IFCLOCALPLACEMENT(#24,#2277);
#2279=IFCBUILDINGELEMENTPROXY('05wfFLeuPBEv3bvVNYYofI',#6,'Gray Tile11:Gray Tile:474178',$,$,#2278,#2276,'474178',$);
#2280=IFCPROPERTYSET('1khHtoFwj4ZsqWQbOtB8r3',#6,'Pset_BuildingElementProxyCommon',$,(#1943));
#2281=IFCPROPERTYSET('0EEZLYmYOVD116YMv$QJRK',#6,'Pset_QuantityTakeOff',$,(#1943));
#2282=IFCRELDEFINESBYPROPERTIES('20mh4eYK5gWqc6VCPyjvmT',#6,$,$,(#2279),#2280);
#2283=IFCRELDEFINESBYPROPERTIES('2LPcFZozqV05JdV9WmAI0N',#6,$,$,(#2279),#2281);
#2284=IFCCARTESIANPOINT((0.,0.));
#2285=IFCAXIS2PLACEMENT2D(#2284,#170);
#2286=IFCCIRCLEPROFILEDEF(.AREA.,'Gray Tile',#2285,17.0000000000048);
#2287=IFCCARTESIANPOINT((6702.4301659776693,8445.6626561260346,808.11003283937305));
#2288=IFCAXIS2PLACEMENT3D(#2287,#34,#35);
#2289=IFCEXTRUDEDAREASOLID(#2286,#2288,#34,7.0000000000000329);
#2290=IFCSTYLEDITEM(#2289,(#1832),$);
#2291=IFCSHAPEREPRESENTATION(#15,'Body','SweptSolid',(#2289));
#2292=IFCAXIS2PLACEMENT3D(#10,$,$);
#2293=IFCREPRESENTATIONMAP(#2292,#2291);
#2294=IFCBUILDINGELEMENTPROXYTYPE('05wfFLeuPBEv3bvVNYYoiF',#6,'Gray Tile12:Gray Tile',$,$,$,(#2293),'474399',$,.NOTDEFINED.);
#2295=IFCMAPPEDITEM(#2293,#194);
#2296=IFCSHAPEREPRESENTATION(#15,'Body','MappedRepresentation',(#2295));
#2297=IFCPRODUCTDEFINITIONSHAPE($,$,(#2296));
#2298=IFCAXIS2PLACEMENT3D(#10,$,$);
#2299=IFCLOCALPLACEMENT(#24,#2298);
#2300=IFCBUILDINGELEMENTPROXY('05wfFLeuPBEv3bvVNYYoin',#6,'Gray Tile12:Gray Tile:474401',$,$,#2299,#2297,'474401',$);
#2301=IFCPROPERTYSET('19tod0oqSfCfLH_95XuT9_',#6,'Pset_BuildingElementProxyCommon',$,(#1943));
#2302=IFCPROPERTYSET('38gG0G6ElYlF2P7crKmbAt',#6,'Pset_QuantityTakeOff',$,(#1943));
#2303=IFCRELDEFINESBYPROPERTIES('1_LDJynZz8to9EBbhllzun',#6,$,$,(#2300),#2301);
#2304=IFCRELDEFINESBYPROPERTIES('3zhe2LxFfswcDemtVbD0$k',#6,$,$,(#2300),#2302);
#2305=IFCCARTESIANPOINT((0.,0.));
#2306=IFCAXIS2PLACEMENT2D(#2305,#170);
#2307=IFCCIRCLEPROFILEDEF(.AREA.,'Gray Tile',#2306,24.499999999994429);
#2308=IFCCARTESIANPOINT((6703.061668491724,8265.6628869088836,808.11003283937328));
#2309=IFCAXIS2PLACEMENT3D(#2308,#34,#35);
#2310=IFCEXTRUDEDAREASOLID(#2307,#2309,#34,6.999999999999762);
#2311=IFCSTYLEDITEM(#2310,(#1832),$);
#2312=IFCSHAPEREPRESENTATION(#15,'Body','SweptSolid',(#2310));
#2313=IFCAXIS2PLACEMENT3D(#10,$,$);
#2314=IFCREPRESENTATIONMAP(#2313,#2312);
#2315=IFCBUILDINGELEMENTPROXYTYPE('05wfFLeuPBEv3bvVNYYoj6',#6,'Gray Tile13:Gray Tile',$,$,$,(#2314),'474454',$,.NOTDEFINED.);
#2316=IFCMAPPEDITEM(#2314,#194);
#2317=IFCSHAPEREPRESENTATION(#15,'Body','MappedRepresentation',(#2316));
#2318=IFCPRODUCTDEFINITIONSHAPE($,$,(#2317));
#2319=IFCAXIS2PLACEMENT3D(#10,$,$);
#2320=IFCLOCALPLACEMENT(#24,#2319);
#2321=IFCBUILDINGELEMENTPROXY('05wfFLeuPBEv3bvVNYYoj8',#6,'Gray Tile13:Gray Tile:474456',$,$,#2320,#2318,'474456',$);
#2322=IFCPROPERTYSET('1nzS1BFv0dkO$uIXHAUybi',#6,'Pset_BuildingElementProxyCommon',$,(#1943));
#2323=IFCPROPERTYSET('08IePbfmKgaPaZEgviUGiw',#6,'Pset_QuantityTakeOff',$,(#1943));
#2324=IFCRELDEFINESBYPROPERTIES('2E4QbXcPRK3qObeJRhbg5D',#6,$,$,(#2321),#2322);
#2325=IFCRELDEFINESBYPROPERTIES('3pySzGOOhIg734JhRW1bJB',#6,$,$,(#2321),#2323);
#2326=IFCCARTESIANPOINT((-54.500000000000604,-274.59508488088409));
#2327=IFCCARTESIANPOINT((54.500000000000604,-274.59508488088409));
#2328=IFCCARTESIANPOINT((54.500000000000604,217.12235760815668));
#2329=IFCCARTESIANPOINT((-54.500000000000604,332.06781215361138));
#2330=IFCPOLYLINE((#2326,#2327,#2328,#2329,#2326));
#2331=IFCARBITRARYCLOSEDPROFILEDEF(.AREA.,'Tile Red',#2330);
#2332=IFCCARTESIANPOINT((7078.4931710057381,8039.1631176917508,274.57889292941906));
#2333=IFCAXIS2PLACEMENT3D(#2332,#1267,#1684);
#2334=IFCEXTRUDEDAREASOLID(#2331,#2333,#34,8.0000000000003464);
#2335=IFCSTYLEDITEM(#2334,(#1716),$);
#2336=IFCSHAPEREPRESENTATION(#15,'Body','SweptSolid',(#2334));
#2337=IFCAXIS2PLACEMENT3D(#10,$,$);
#2338=IFCREPRESENTATIONMAP(#2337,#2336);
#2339=IFCBUILDINGELEMENTPROXYTYPE('05wfFLeuPBEv3bvVNYYrSB',#6,'Tile Red21:Tile Red',$,$,$,(#2338),'475419',$,.NOTDEFINED.);
#2340=IFCMAPPEDITEM(#2338,#194);
#2341=IFCSHAPEREPRESENTATION(#15,'Body','MappedRepresentation',(#2340));
#2342=IFCPRODUCTDEFINITIONSHAPE($,$,(#2341));
#2343=IFCCARTESIANPOINT((0.,-0.052550887299958049,13.007166427329098));
#2344=IFCAXIS2PLACEMENT3D(#2343,$,$);
#2345=IFCLOCALPLACEMENT(#24,#2344);
#2346=IFCBUILDINGELEMENTPROXY('05wfFLeuPBEv3bvVNYYrSD',#6,'Tile Red21:Tile Red:475421',$,$,#2345,#2342,'475421',$);
#2347=IFCPROPERTYSET('2sVlecZlZx2SoqE0SG8vV7',#6,'Pset_BuildingElementProxyCommon',$,(#817));
#2348=IFCPROPERTYSET('0sncvJEKMJbNtbeWotkws0',#6,'Pset_QuantityTakeOff',$,(#817));
#2349=IFCRELDEFINESBYPROPERTIES('265oJ17TFHN0DTJkyo7a3Q',#6,$,$,(#2346),#2347);
#2350=IFCRELDEFINESBYPROPERTIES('3zYy7hUbmA3GKTqpZ7s6TQ',#6,$,$,(#2346),#2348);
#2351=IFCCARTESIANPOINT((3.5527136788005009E-015,0.));
#2352=IFCAXIS2PLACEMENT2D(#2351,#170);
#2353=IFCRECTANGLEPROFILEDEF(.AREA.,'Tile 100.4x100.4 Blue',#2352,65.599999999999994,100.40000000000001);
#2354=IFCCARTESIANPOINT((-32.799999999993737,-50.200000000008423,-0.));
#2355=IFCAXIS2PLACEMENT3D(#2354,#34,#199);
#2356=IFCEXTRUDEDAREASOLID(#2353,#2355,#34,6.9999999999999973);
#2357=IFCCOLOURRGB($,0.,0.,0.792156862745098);
#2358=IFCSURFACESTYLERENDERING(#2357,0.,$,$,$,$,IFCNORMALISEDRATIOMEASURE(0.5),IFCSPECULAREXPONENT(64.),.NOTDEFINED.);
#2359=IFCSURFACESTYLE('Tile Blue',.BOTH.,(#2358));
#2360=IFCPRESENTATIONSTYLEASSIGNMENT((#2359));
#2361=IFCSTYLEDITEM(#2356,(#2360),$);
#2362=IFCSHAPEREPRESENTATION(#15,'Body','SweptSolid',(#2356));
#2363=IFCAXIS2PLACEMENT3D(#10,$,$);
#2364=IFCREPRESENTATIONMAP(#2363,#2362);
#2365=IFCBUILDINGELEMENTPROXYTYPE('37d3LVb_fA4QWxYfi$tEz6',#6,'Tile:Tile 100.4x100.4 Blue',$,$,$,(#2364),'445708',$,.NOTDEFINED.);
#2366=IFCMATERIAL('Tile Blue');
#2367=IFCPRESENTATIONSTYLEASSIGNMENT((#2359));
#2368=IFCSTYLEDITEM($,(#2367),$);
#2369=IFCSTYLEDREPRESENTATION(#13,'Style','Material',(#2368));
#2370=IFCMATERIALDEFINITIONREPRESENTATION($,$,(#2369),#2366);
#2371=IFCMAPPEDITEM(#2364,#194);
#2372=IFCSHAPEREPRESENTATION(#15,'Body','MappedRepresentation',(#2371));
#2373=IFCPRODUCTDEFINITIONSHAPE($,$,(#2372));
#2374=IFCCARTESIANPOINT((6329.8931710057595,8101.6079210224925,402.71125530553684));
#2375=IFCAXIS2PLACEMENT3D(#2374,#35,#199);
#2376=IFCLOCALPLACEMENT(#24,#2375);
#2377=IFCBUILDINGELEMENTPROXY('1kkNhPW5XF4BusAPV6zOmy',#6,'Tile:Tile 100.4x100.4 Blue:482257',$,$,#2376,#2373,'482257',$);
#2378=IFCPROPERTYSINGLEVALUE('Reference',$,IFCIDENTIFIER('Tile 100.4x100.4 Blue'),$);
#2379=IFCPROPERTYSET('2QkRhzP4AVzXiYcGnmHYqA',#6,'Pset_BuildingElementProxyCommon',$,(#2378));
#2380=IFCPROPERTYSET('1ANtUUUjeSqn7Fu_w5sYTY',#6,'Pset_QuantityTakeOff',$,(#2378));
#2381=IFCRELDEFINESBYPROPERTIES('2wdkGhEcVhS_SSBxTBS4RX',#6,$,$,(#2377),#2379);
#2382=IFCRELDEFINESBYPROPERTIES('356S06GMywZdU3_FtOjXq2',#6,$,$,(#2377),#2380);
#2383=IFCCARTESIANPOINT((0.,0.));
#2384=IFCAXIS2PLACEMENT2D(#2383,#170);
#2385=IFCRECTANGLEPROFILEDEF(.AREA.,'Tile 100.4x100.4 Blue',#2384,100.40000000000001,100.40000000000001);
#2386=IFCCARTESIANPOINT((-50.199999999993743,-50.200000000008423,-0.));
#2387=IFCAXIS2PLACEMENT3D(#2386,#34,#35);
#2388=IFCEXTRUDEDAREASOLID(#2385,#2387,#34,6.9999999999999973);
#2389=IFCSTYLEDITEM(#2388,(#2360),$);
#2390=IFCSHAPEREPRESENTATION(#15,'Body','SweptSolid',(#2388));
#2391=IFCAXIS2PLACEMENT3D(#10,$,$);
#2392=IFCREPRESENTATIONMAP(#2391,#2390);
#2393=IFCBUILDINGELEMENTPROXYTYPE('37d3LVb_fA4QWxYfi$tEyA',#6,'Tile:Tile 100.4x100.4 Blue',$,$,$,(#2392),'445708',$,.NOTDEFINED.);
#2394=IFCMAPPEDITEM(#2392,#194);
#2395=IFCSHAPEREPRESENTATION(#15,'Body','MappedRepresentation',(#2394));
#2396=IFCPRODUCTDEFINITIONSHAPE($,$,(#2395));
#2397=IFCCARTESIANPOINT((6397.493171005759,8101.6079210224925,402.71125530553667));
#2398=IFCAXIS2PLACEMENT3D(#2397,#35,#199);
#2399=IFCLOCALPLACEMENT(#24,#2398);
#2400=IFCBUILDINGELEMENTPROXY('1kkNhPW5XF4BusAPV6zOm$',#6,'Tile:Tile 100.4x100.4 Blue:482258',$,$,#2399,#2396,'482258',$);
#2401=IFCPROPERTYSET('0$4BcotwnedNTJltZcYKXs',#6,'Pset_BuildingElementProxyCommon',$,(#2378));
#2402=IFCPROPERTYSET('0dkCtRqMXVbvBcRHHdxra7',#6,'Pset_QuantityTakeOff',$,(#2378));
#2403=IFCRELDEFINESBYPROPERTIES('1PhAZcSAB7Oorr$CtftC3T',#6,$,$,(#2400),#2401);
#2404=IFCRELDEFINESBYPROPERTIES('2cy1Uk9$dojPxBxeDCfrJh',#6,$,$,(#2400),#2402);
#2405=IFCMAPPEDITEM(#2392,#194);
#2406=IFCSHAPEREPRESENTATION(#15,'Body','MappedRepresentation',(#2405));
#2407=IFCPRODUCTDEFINITIONSHAPE($,$,(#2406));
#2408=IFCCARTESIANPOINT((6499.8931710057586,8101.6079210224925,402.71125530553627));
#2409=IFCAXIS2PLACEMENT3D(#2408,#35,#199);
#2410=IFCLOCALPLACEMENT(#24,#2409);
#2411=IFCBUILDINGELEMENTPROXY('1kkNhPW5XF4BusAPV6zOm_',#6,'Tile:Tile 100.4x100.4 Blue:482259',$,$,#2410,#2407,'482259',$);
#2412=IFCPROPERTYSET('3zSM9u6fMmM1I7i2P9GIpT',#6,'Pset_BuildingElementProxyCommon',$,(#2378));
#2413=IFCPROPERTYSET('3ywpwyrn6mldSSSzTvBJH1',#6,'Pset_QuantityTakeOff',$,(#2378));
#2414=IFCRELDEFINESBYPROPERTIES('1Yt96fvLZAzlh$lDl8JLY3',#6,$,$,(#2411),#2412);
#2415=IFCRELDEFINESBYPROPERTIES('3PtK80lGn3St6IkZGkgVB5',#6,$,$,(#2411),#2413);
#2416=IFCMAPPEDITEM(#2392,#194);
#2417=IFCSHAPEREPRESENTATION(#15,'Body','MappedRepresentation',(#2416));
#2418=IFCPRODUCTDEFINITIONSHAPE($,$,(#2417));
#2419=IFCCARTESIANPOINT((6602.2931710057583,8101.6079210224925,402.71125530553667));
#2420=IFCAXIS2PLACEMENT3D(#2419,#35,#199);
#2421=IFCLOCALPLACEMENT(#24,#2420);
#2422=IFCBUILDINGELEMENTPROXY('1kkNhPW5XF4BusAPV6zOmv',#6,'Tile:Tile 100.4x100.4 Blue:482260',$,$,#2421,#2418,'482260',$);
#2423=IFCPROPERTYSET('0F_C9TjeLH786qBr_GZzdB',#6,'Pset_BuildingElementProxyCommon',$,(#2378));
#2424=IFCPROPERTYSET('1pw_prMgXhsH$UQAUarAKe',#6,'Pset_QuantityTakeOff',$,(#2378));
#2425=IFCRELDEFINESBYPROPERTIES('1L0JAzeZ4BCYacMP8rGCSy',#6,$,$,(#2422),#2423);
#2426=IFCRELDEFINESBYPROPERTIES('03m7rDPRkez7bLY8id3qiX',#6,$,$,(#2422),#2424);
#2427=IFCMAPPEDITEM(#2392,#194);
#2428=IFCSHAPEREPRESENTATION(#15,'Body','MappedRepresentation',(#2427));
#2429=IFCPRODUCTDEFINITIONSHAPE($,$,(#2428));
#2430=IFCCARTESIANPOINT((6704.693171005757,8101.6079210224925,402.71125530553667));
#2431=IFCAXIS2PLACEMENT3D(#2430,#35,#199);
#2432=IFCLOCALPLACEMENT(#24,#2431);
#2433=IFCBUILDINGELEMENTPROXY('1kkNhPW5XF4BusAPV6zOmu',#6,'Tile:Tile 100.4x100.4 Blue:482261',$,$,#2432,#2429,'482261',$);
#2434=IFCPROPERTYSET('2h9_blqUKqnjjGDoP3f9RO',#6,'Pset_BuildingElementProxyCommon',$,(#2378));
#2435=IFCPROPERTYSET('3$KVX9iKqggOqswW4aGCUX',#6,'Pset_QuantityTakeOff',$,(#2378));
#2436=IFCRELDEFINESBYPROPERTIES('3FkIG7G5KUhsCADj5F_zt4',#6,$,$,(#2433),#2434);
#2437=IFCRELDEFINESBYPROPERTIES('37Brqx5o7dWeoAqyACpugd',#6,$,$,(#2433),#2435);
#2438=IFCMAPPEDITEM(#2392,#194);
#2439=IFCSHAPEREPRESENTATION(#15,'Body','MappedRepresentation',(#2438));
#2440=IFCPRODUCTDEFINITIONSHAPE($,$,(#2439));
#2441=IFCCARTESIANPOINT((6807.0931710057566,8101.6079210224925,402.71125530553667));
#2442=IFCAXIS2PLACEMENT3D(#2441,#35,#199);
#2443=IFCLOCALPLACEMENT(#24,#2442);
#2444=IFCBUILDINGELEMENTPROXY('1kkNhPW5XF4BusAPV6zOmx',#6,'Tile:Tile 100.4x100.4 Blue:482262',$,$,#2443,#2440,'482262',$);
#2445=IFCPROPERTYSET('2HqXIb3m4uEc49XrYYR66x',#6,'Pset_BuildingElementProxyCommon',$,(#2378));
#2446=IFCPROPERTYSET('0ueHneVabfATebG0vS5yxR',#6,'Pset_QuantityTakeOff',$,(#2378));
#2447=IFCRELDEFINESBYPROPERTIES('2LTAOr5J3rG5rsyc5MF69i',#6,$,$,(#2444),#2445);
#2448=IFCRELDEFINESBYPROPERTIES('2XGB71Pto0X6jXxKgDoEsR',#6,$,$,(#2444),#2446);
#2449=IFCMAPPEDITEM(#2392,#194);
#2450=IFCSHAPEREPRESENTATION(#15,'Body','MappedRepresentation',(#2449));
#2451=IFCPRODUCTDEFINITIONSHAPE($,$,(#2450));
#2452=IFCCARTESIANPOINT((6909.4931710057563,8101.6079210224925,402.71125530553667));
#2453=IFCAXIS2PLACEMENT3D(#2452,#35,#199);
#2454=IFCLOCALPLACEMENT(#24,#2453);
#2455=IFCBUILDINGELEMENTPROXY('1kkNhPW5XF4BusAPV6zOmw',#6,'Tile:Tile 100.4x100.4 Blue:482263',$,$,#2454,#2451,'482263',$);
#2456=IFCPROPERTYSET('1ZrTw_GpQENLxO65v0psAd',#6,'Pset_BuildingElementProxyCommon',$,(#2378));
#2457=IFCPROPERTYSET('0YUn11LfS$FjHUAeAmSc95',#6,'Pset_QuantityTakeOff',$,(#2378));
#2458=IFCRELDEFINESBYPROPERTIES('2aV2mB3WMIFOv6PpvcgSva',#6,$,$,(#2455),#2456);
#2459=IFCRELDEFINESBYPROPERTIES('26R77TrYKv2a1q88j0uIiq',#6,$,$,(#2455),#2457);
#2460=IFCCARTESIANPOINT((0.,0.));
#2461=IFCAXIS2PLACEMENT2D(#2460,#170);
#2462=IFCRECTANGLEPROFILEDEF(.AREA.,'Tile 100.4x100.4 Blue',#2461,66.600000000000009,100.40000000000001);
#2463=IFCCARTESIANPOINT((-33.299999999993744,-50.200000000008423,-0.));
#2464=IFCAXIS2PLACEMENT3D(#2463,#34,#199);
#2465=IFCEXTRUDEDAREASOLID(#2462,#2464,#34,6.9999999999999973);
#2466=IFCSTYLEDITEM(#2465,(#2360),$);
#2467=IFCSHAPEREPRESENTATION(#15,'Body','SweptSolid',(#2465));
#2468=IFCAXIS2PLACEMENT3D(#10,$,$);
#2469=IFCREPRESENTATIONMAP(#2468,#2467);
#2470=IFCBUILDINGELEMENTPROXYTYPE('37d3LVb_fA4QWxYfi$tEw$',#6,'Tile:Tile 100.4x100.4 Blue',$,$,$,(#2469),'445708',$,.NOTDEFINED.);
#2471=IFCMAPPEDITEM(#2469,#194);
#2472=IFCSHAPEREPRESENTATION(#15,'Body','MappedRepresentation',(#2471));
#2473=IFCPRODUCTDEFINITIONSHAPE($,$,(#2472));
#2474=IFCCARTESIANPOINT((7011.8931710057586,8101.6079210224925,402.71125530553462));
#2475=IFCAXIS2PLACEMENT3D(#2474,#35,#199);
#2476=IFCLOCALPLACEMENT(#24,#2475);
#2477=IFCBUILDINGELEMENTPROXY('1kkNhPW5XF4BusAPV6zOmr',#6,'Tile:Tile 100.4x100.4 Blue:482264',$,$,#2476,#2473,'482264',$);
#2478=IFCPROPERTYSET('0aLu4s9NfKdKB6pwjfcN_B',#6,'Pset_BuildingElementProxyCommon',$,(#2378));
#2479=IFCPROPERTYSET('00X99JEE0p1D8L7$U4jAoV',#6,'Pset_QuantityTakeOff',$,(#2378));
#2480=IFCRELDEFINESBYPROPERTIES('1vpqXv5jS6T6x2C8BOehz_',#6,$,$,(#2477),#2478);
#2481=IFCRELDEFINESBYPROPERTIES('1W1RMpb9WVMFevYRm7Ggto',#6,$,$,(#2477),#2479);
#2482=IFCMAPPEDITEM(#2364,#194);
#2483=IFCSHAPEREPRESENTATION(#15,'Body','MappedRepresentation',(#2482));
#2484=IFCPRODUCTDEFINITIONSHAPE($,$,(#2483));
#2485=IFCCARTESIANPOINT((6329.8931710057595,8101.6079210224925,300.31125530553686));
#2486=IFCAXIS2PLACEMENT3D(#2485,#35,#199);
#2487=IFCLOCALPLACEMENT(#24,#2486);
#2488=IFCBUILDINGELEMENTPROXY('1kkNhPW5XF4BusAPV6zOmq',#6,'Tile:Tile 100.4x100.4 Blue:482265',$,$,#2487,#2484,'482265',$);
#2489=IFCPROPERTYSET('30hMR_yyv9$90ruqCRVTpS',#6,'Pset_BuildingElementProxyCommon',$,(#2378));
#2490=IFCPROPERTYSET('0cqlyWqjtCj$efLFh_w9np',#6,'Pset_QuantityTakeOff',$,(#2378));
#2491=IFCRELDEFINESBYPROPERTIES('2CfYc$Tti_lP4ByodH4BOn',#6,$,$,(#2488),#2489);
#2492=IFCRELDEFINESBYPROPERTIES('3xG4HuK$uAfrcbZSLP26A_',#6,$,$,(#2488),#2490);
#2493=IFCMAPPEDITEM(#2392,#194);
#2494=IFCSHAPEREPRESENTATION(#15,'Body','MappedRepresentation',(#2493));
#2495=IFCPRODUCTDEFINITIONSHAPE($,$,(#2494));
#2496=IFCCARTESIANPOINT((6397.493171005759,8101.6079210224925,300.31125530553663));
#2497=IFCAXIS2PLACEMENT3D(#2496,#35,#199);
#2498=IFCLOCALPLACEMENT(#24,#2497);
#2499=IFCBUILDINGELEMENTPROXY('1kkNhPW5XF4BusAPV6zOmt',#6,'Tile:Tile 100.4x100.4 Blue:482266',$,$,#2498,#2495,'482266',$);
#2500=IFCPROPERTYSET('1PfXvc2C6NBJ1WKsuEEwzj',#6,'Pset_BuildingElementProxyCommon',$,(#2378));
#2501=IFCPROPERTYSET('0LEVw06gU0Y7maUjRdj9O1',#6,'Pset_QuantityTakeOff',$,(#2378));
#2502=IFCRELDEFINESBYPROPERTIES('3UqC0ubshbmYrDFL$j9u0h',#6,$,$,(#2499),#2500);
#2503=IFCRELDEFINESBYPROPERTIES('0NGrg54zFI2Zo0v8q$vIsY',#6,$,$,(#2499),#2501);
#2504=IFCMAPPEDITEM(#2392,#194);
#2505=IFCSHAPEREPRESENTATION(#15,'Body','MappedRepresentation',(#2504));
#2506=IFCPRODUCTDEFINITIONSHAPE($,$,(#2505));
#2507=IFCCARTESIANPOINT((6499.8931710057586,8101.6079210224925,300.31125530553629));
#2508=IFCAXIS2PLACEMENT3D(#2507,#35,#199);
#2509=IFCLOCALPLACEMENT(#24,#2508);
#2510=IFCBUILDINGELEMENTPROXY('1kkNhPW5XF4BusAPV6zOms',#6,'Tile:Tile 100.4x100.4 Blue:482267',$,$,#2509,#2506,'482267',$);
#2511=IFCPROPERTYSET('00PgyeRMuNDh$BfI62atD0',#6,'Pset_BuildingElementProxyCommon',$,(#2378));
#2512=IFCPROPERTYSET('1Gog9Z6_SP0m9zwLBBrhuw',#6,'Pset_QuantityTakeOff',$,(#2378));
#2513=IFCRELDEFINESBYPROPERTIES('0RbzSWVqByoSPsi5Zj1zIj',#6,$,$,(#2510),#2511);
#2514=IFCRELDEFINESBYPROPERTIES('2CgNL1ty$7vPN9cHa36Y2N',#6,$,$,(#2510),#2512);
#2515=IFCMAPPEDITEM(#2392,#194);
#2516=IFCSHAPEREPRESENTATION(#15,'Body','MappedRepresentation',(#2515));
#2517=IFCPRODUCTDEFINITIONSHAPE($,$,(#2516));
#2518=IFCCARTESIANPOINT((6602.2931710057583,8101.6079210224925,300.31125530553663));
#2519=IFCAXIS2PLACEMENT3D(#2518,#35,#199);
#2520=IFCLOCALPLACEMENT(#24,#2519);
#2521=IFCBUILDINGELEMENTPROXY('1kkNhPW5XF4BusAPV6zOmn',#6,'Tile:Tile 100.4x100.4 Blue:482268',$,$,#2520,#2517,'482268',$);
#2522=IFCPROPERTYSET('1hw$EItA0vWg6iA8BeFRMQ',#6,'Pset_BuildingElementProxyCommon',$,(#2378));
#2523=IFCPROPERTYSET('2fs96bSyU2S_Tmhh5BP0AE',#6,'Pset_QuantityTakeOff',$,(#2378));
#2524=IFCRELDEFINESBYPROPERTIES('3to4RppWRuejsNZIkTt_PH',#6,$,$,(#2521),#2522);
#2525=IFCRELDEFINESBYPROPERTIES('0tvQL6NLeNNaeYpMlB2qXX',#6,$,$,(#2521),#2523);
#2526=IFCMAPPEDITEM(#2392,#194);
#2527=IFCSHAPEREPRESENTATION(#15,'Body','MappedRepresentation',(#2526));
#2528=IFCPRODUCTDEFINITIONSHAPE($,$,(#2527));
#2529=IFCCARTESIANPOINT((6704.693171005757,8101.6079210224925,300.31125530553663));
#2530=IFCAXIS2PLACEMENT3D(#2529,#35,#199);
#2531=IFCLOCALPLACEMENT(#24,#2530);
#2532=IFCBUILDINGELEMENTPROXY('1kkNhPW5XF4BusAPV6zOmm',#6,'Tile:Tile 100.4x100.4 Blue:482269',$,$,#2531,#2528,'482269',$);
#2533=IFCPROPERTYSET('2qNL3Av8YgAJJ8dBMcaGX5',#6,'Pset_BuildingElementProxyCommon',$,(#2378));
#2534=IFCPROPERTYSET('2axpk00$GxIWShw3QB6jOC',#6,'Pset_QuantityTakeOff',$,(#2378));
#2535=IFCRELDEFINESBYPROPERTIES('0EGl2An37VR7_ILta5L2D7',#6,$,$,(#2532),#2533);
#2536=IFCRELDEFINESBYPROPERTIES('3CMWVVawfqrm04S54vciAr',#6,$,$,(#2532),#2534);
#2537=IFCMAPPEDITEM(#2392,#194);
#2538=IFCSHAPEREPRESENTATION(#15,'Body','MappedRepresentation',(#2537));
#2539=IFCPRODUCTDEFINITIONSHAPE($,$,(#2538));
#2540=IFCCARTESIANPOINT((6807.0931710057566,8101.6079210224925,300.31125530553663));
#2541=IFCAXIS2PLACEMENT3D(#2540,#35,#199);
#2542=IFCLOCALPLACEMENT(#24,#2541);
#2543=IFCBUILDINGELEMENTPROXY('1kkNhPW5XF4BusAPV6zOmp',#6,'Tile:Tile 100.4x100.4 Blue:482270',$,$,#2542,#2539,'482270',$);
#2544=IFCPROPERTYSET('3OZCfZjhaaCARUEGrWPCEl',#6,'Pset_BuildingElementProxyCommon',$,(#2378));
#2545=IFCPROPERTYSET('23nZfTImtkN8lnuX$f1Y0U',#6,'Pset_QuantityTakeOff',$,(#2378));
#2546=IFCRELDEFINESBYPROPERTIES('300ASQaQPGGN6MVu1mtNPV',#6,$,$,(#2543),#2544);
#2547=IFCRELDEFINESBYPROPERTIES('06UuXI$hoFiXow1uFp97VB',#6,$,$,(#2543),#2545);
#2548=IFCMAPPEDITEM(#2392,#194);
#2549=IFCSHAPEREPRESENTATION(#15,'Body','MappedRepresentation',(#2548));
#2550=IFCPRODUCTDEFINITIONSHAPE($,$,(#2549));
#2551=IFCCARTESIANPOINT((6909.4931710057563,8101.6079210224925,300.31125530553663));
#2552=IFCAXIS2PLACEMENT3D(#2551,#35,#199);
#2553=IFCLOCALPLACEMENT(#24,#2552);
#2554=IFCBUILDINGELEMENTPROXY('1kkNhPW5XF4BusAPV6zOmo',#6,'Tile:Tile 100.4x100.4 Blue:482271',$,$,#2553,#2550,'482271',$);
#2555=IFCPROPERTYSET('0WrDMM3kvwGYZ7wFuRvCi5',#6,'Pset_BuildingElementProxyCommon',$,(#2378));
#2556=IFCPROPERTYSET('30aS0CbHLiuQPX1diCUsBc',#6,'Pset_QuantityTakeOff',$,(#2378));
#2557=IFCRELDEFINESBYPROPERTIES('2bq5koqkz_skTZ4kkhNMas',#6,$,$,(#2554),#2555);
#2558=IFCRELDEFINESBYPROPERTIES('2DZGE3Q1xN4FgL0wQqzlCK',#6,$,$,(#2554),#2556);
#2559=IFCMAPPEDITEM(#2469,#194);
#2560=IFCSHAPEREPRESENTATION(#15,'Body','MappedRepresentation',(#2559));
#2561=IFCPRODUCTDEFINITIONSHAPE($,$,(#2560));
#2562=IFCCARTESIANPOINT((7011.8931710057586,8101.6079210224925,300.3112553055347));
#2563=IFCAXIS2PLACEMENT3D(#2562,#35,#199);
#2564=IFCLOCALPLACEMENT(#24,#2563);
#2565=IFCBUILDINGELEMENTPROXY('1kkNhPW5XF4BusAPV6zOmD',#6,'Tile:Tile 100.4x100.4 Blue:482272',$,$,#2564,#2561,'482272',$);
#2566=IFCPROPERTYSET('14PZFIe9xiPvuEUIMlq_XV',#6,'Pset_BuildingElementProxyCommon',$,(#2378));
#2567=IFCPROPERTYSET('0OATTtxPuREhWNAAswDw5R',#6,'Pset_QuantityTakeOff',$,(#2378));
#2568=IFCRELDEFINESBYPROPERTIES('21ePi2msnOpDGeNHcdcls5',#6,$,$,(#2565),#2566);
#2569=IFCRELDEFINESBYPROPERTIES('3eMJgNo9uGzmFb0GeSo074',#6,$,$,(#2565),#2567);
#2570=IFCMAPPEDITEM(#2364,#194);
#2571=IFCSHAPEREPRESENTATION(#15,'Body','MappedRepresentation',(#2570));
#2572=IFCPRODUCTDEFINITIONSHAPE($,$,(#2571));
#2573=IFCCARTESIANPOINT((6329.8931710057595,8101.6079210224925,95.511255305536878));
#2574=IFCAXIS2PLACEMENT3D(#2573,#35,#199);
#2575=IFCLOCALPLACEMENT(#24,#2574);
#2576=IFCBUILDINGELEMENTPROXY('1kkNhPW5XF4BusAPV6zOmC',#6,'Tile:Tile 100.4x100.4 Blue:482273',$,$,#2575,#2572,'482273',$);
#2577=IFCPROPERTYSET('0l5MZ5MufGGB6JU57pJ$D6',#6,'Pset_BuildingElementProxyCommon',$,(#2378));
#2578=IFCPROPERTYSET('14pPQ8JuT9fhJUD_smnaD5',#6,'Pset_QuantityTakeOff',$,(#2378));
#2579=IFCRELDEFINESBYPROPERTIES('11nwCmRPUZKraYCajEgzFf',#6,$,$,(#2576),#2577);
#2580=IFCRELDEFINESBYPROPERTIES('1FS_uRzo8xtW$q0Y7$NiDB',#6,$,$,(#2576),#2578);
#2581=IFCMAPPEDITEM(#2392,#194);
#2582=IFCSHAPEREPRESENTATION(#15,'Body','MappedRepresentation',(#2581));
#2583=IFCPRODUCTDEFINITIONSHAPE($,$,(#2582));
#2584=IFCCARTESIANPOINT((6397.493171005759,8101.6079210224925,95.511255305536665));
#2585=IFCAXIS2PLACEMENT3D(#2584,#35,#199);
#2586=IFCLOCALPLACEMENT(#24,#2585);
#2587=IFCBUILDINGELEMENTPROXY('1kkNhPW5XF4BusAPV6zOmF',#6,'Tile:Tile 100.4x100.4 Blue:482274',$,$,#2586,#2583,'482274',$);
#2588=IFCPROPERTYSET('09e8Dq6JQCNRM15V0ZnMl9',#6,'Pset_BuildingElementProxyCommon',$,(#2378));
#2589=IFCPROPERTYSET('1ayKBvxeA5WHkZIXnZBNHq',#6,'Pset_QuantityTakeOff',$,(#2378));
#2590=IFCRELDEFINESBYPROPERTIES('1tjqTbasLjbY4p_7IAV4ZL',#6,$,$,(#2587),#2588);
#2591=IFCRELDEFINESBYPROPERTIES('2FOMvtsSB6Nino20z$yigB',#6,$,$,(#2587),#2589);
#2592=IFCMAPPEDITEM(#2392,#194);
#2593=IFCSHAPEREPRESENTATION(#15,'Body','MappedRepresentation',(#2592));
#2594=IFCPRODUCTDEFINITIONSHAPE($,$,(#2593));
#2595=IFCCARTESIANPOINT((6499.8931710057586,8101.6079210224925,95.511255305536324));
#2596=IFCAXIS2PLACEMENT3D(#2595,#35,#199);
#2597=IFCLOCALPLACEMENT(#24,#2596);
#2598=IFCBUILDINGELEMENTPROXY('1kkNhPW5XF4BusAPV6zOmE',#6,'Tile:Tile 100.4x100.4 Blue:482275',$,$,#2597,#2594,'482275',$);
#2599=IFCPROPERTYSET('0bS8PcdkwaDpxRD2isOtxz',#6,'Pset_BuildingElementProxyCommon',$,(#2378));
#2600=IFCPROPERTYSET('1JVmhsDRKN9qivTjSXHC0a',#6,'Pset_QuantityTakeOff',$,(#2378));
#2601=IFCRELDEFINESBYPROPERTIES('2oWgWHHbbogS3bEylqlQJW',#6,$,$,(#2598),#2599);
#2602=IFCRELDEFINESBYPROPERTIES('3bWezJsTON2RFxWq3aVyHP',#6,$,$,(#2598),#2600);
#2603=IFCMAPPEDITEM(#2392,#194);
#2604=IFCSHAPEREPRESENTATION(#15,'Body','MappedRepresentation',(#2603));
#2605=IFCPRODUCTDEFINITIONSHAPE($,$,(#2604));
#2606=IFCCARTESIANPOINT((6602.2931710057583,8101.6079210224925,95.511255305536665));
#2607=IFCAXIS2PLACEMENT3D(#2606,#35,#199);
#2608=IFCLOCALPLACEMENT(#24,#2607);
#2609=IFCBUILDINGELEMENTPROXY('1kkNhPW5XF4BusAPV6zOm9',#6,'Tile:Tile 100.4x100.4 Blue:482276',$,$,#2608,#2605,'482276',$);
#2610=IFCPROPERTYSET('3QopBMDmWLXUElxlFkDUcE',#6,'Pset_BuildingElementProxyCommon',$,(#2378));
#2611=IFCPROPERTYSET('0hK3oi$D6g5t23DZBPVCfA',#6,'Pset_QuantityTakeOff',$,(#2378));
#2612=IFCRELDEFINESBYPROPERTIES('0c8r9srOJUiLXsGOWszDEz',#6,$,$,(#2609),#2610);
#2613=IFCRELDEFINESBYPROPERTIES('3OQ5E3XFVepi5f2QE5mQ3U',#6,$,$,(#2609),#2611);
#2614=IFCMAPPEDITEM(#2392,#194);
#2615=IFCSHAPEREPRESENTATION(#15,'Body','MappedRepresentation',(#2614));
#2616=IFCPRODUCTDEFINITIONSHAPE($,$,(#2615));
#2617=IFCCARTESIANPOINT((6704.693171005757,8101.6079210224925,95.511255305536665));
#2618=IFCAXIS2PLACEMENT3D(#2617,#35,#199);
#2619=IFCLOCALPLACEMENT(#24,#2618);
#2620=IFCBUILDINGELEMENTPROXY('1kkNhPW5XF4BusAPV6zOm8',#6,'Tile:Tile 100.4x100.4 Blue:482277',$,$,#2619,#2616,'482277',$);
#2621=IFCPROPERTYSET('1yXV8VR9vy6Y2DZQkXJAvH',#6,'Pset_BuildingElementProxyCommon',$,(#2378));
#2622=IFCPROPERTYSET('3AzTxIxnI5715409wIuGCX',#6,'Pset_QuantityTakeOff',$,(#2378));
#2623=IFCRELDEFINESBYPROPERTIES('1Q4d9gj52fxkIrtPQcf3zy',#6,$,$,(#2620),#2621);
#2624=IFCRELDEFINESBYPROPERTIES('0wvupATB5$D7GfsreCk9l$',#6,$,$,(#2620),#2622);
#2625=IFCMAPPEDITEM(#2392,#194);
#2626=IFCSHAPEREPRESENTATION(#15,'Body','MappedRepresentation',(#2625));
#2627=IFCPRODUCTDEFINITIONSHAPE($,$,(#2626));
#2628=IFCCARTESIANPOINT((6807.0931710057566,8101.6079210224925,95.511255305536665));
#2629=IFCAXIS2PLACEMENT3D(#2628,#35,#199);
#2630=IFCLOCALPLACEMENT(#24,#2629);
#2631=IFCBUILDINGELEMENTPROXY('1kkNhPW5XF4BusAPV6zOmB',#6,'Tile:Tile 100.4x100.4 Blue:482278',$,$,#2630,#2627,'482278',$);
#2632=IFCPROPERTYSET('3vt5OcnOaHQ$gpXZwnHRIu',#6,'Pset_BuildingElementProxyCommon',$,(#2378));
#2633=IFCPROPERTYSET('3T3cmT4RR7yOSFXuAmAfkn',#6,'Pset_QuantityTakeOff',$,(#2378));
#2634=IFCRELDEFINESBYPROPERTIES('22F8GPmotdAERadDLg880P',#6,$,$,(#2631),#2632);
#2635=IFCRELDEFINESBYPROPERTIES('0Efd17YSNzI6jVYvj0aVDF',#6,$,$,(#2631),#2633);
#2636=IFCMAPPEDITEM(#2392,#194);
#2637=IFCSHAPEREPRESENTATION(#15,'Body','MappedRepresentation',(#2636));
#2638=IFCPRODUCTDEFINITIONSHAPE($,$,(#2637));
#2639=IFCCARTESIANPOINT((6909.4931710057563,8101.6079210224925,95.511255305536665));
#2640=IFCAXIS2PLACEMENT3D(#2639,#35,#199);
#2641=IFCLOCALPLACEMENT(#24,#2640);
#2642=IFCBUILDINGELEMENTPROXY('1kkNhPW5XF4BusAPV6zOmA',#6,'Tile:Tile 100.4x100.4 Blue:482279',$,$,#2641,#2638,'482279',$);
#2643=IFCPROPERTYSET('0EYIui9kWHKeTW_l10bNPi',#6,'Pset_BuildingElementProxyCommon',$,(#2378));
#2644=IFCPROPERTYSET('3g51QEup2rQ$DsyxpTvDVD',#6,'Pset_QuantityTakeOff',$,(#2378));
#2645=IFCRELDEFINESBYPROPERTIES('3LEGJbCkhrpsu30VJ7ovNR',#6,$,$,(#2642),#2643);
#2646=IFCRELDEFINESBYPROPERTIES('1Aq8Zt1x9nJ_n7w1XheJJm',#6,$,$,(#2642),#2644);
#2647=IFCMAPPEDITEM(#2469,#194);
#2648=IFCSHAPEREPRESENTATION(#15,'Body','MappedRepresentation',(#2647));
#2649=IFCPRODUCTDEFINITIONSHAPE($,$,(#2648));
#2650=IFCCARTESIANPOINT((7011.8931710057586,8101.6079210224925,95.511255305534704));
#2651=IFCAXIS2PLACEMENT3D(#2650,#35,#199);
#2652=IFCLOCALPLACEMENT(#24,#2651);
#2653=IFCBUILDINGELEMENTPROXY('1kkNhPW5XF4BusAPV6zOm5',#6,'Tile:Tile 100.4x100.4 Blue:482280',$,$,#2652,#2649,'482280',$);
#2654=IFCPROPERTYSET('3bC0fNJz9JIxWDl837d72w',#6,'Pset_BuildingElementProxyCommon',$,(#2378));
#2655=IFCPROPERTYSET('2VzPl9tSOquoIuLY1Q4SAt',#6,'Pset_QuantityTakeOff',$,(#2378));
#2656=IFCRELDEFINESBYPROPERTIES('3qJWlIa4g29vT78jo52dL7',#6,$,$,(#2653),#2654);
#2657=IFCRELDEFINESBYPROPERTIES('2FJ9P31kJuZVis8i3hm6cn',#6,$,$,(#2653),#2655);
#2658=IFCCARTESIANPOINT((3.5527136788005009E-015,0.));
#2659=IFCAXIS2PLACEMENT2D(#2658,#170);
#2660=IFCRECTANGLEPROFILEDEF(.AREA.,'Tile 100.4x100.4 Blue',#2659,65.599999999999994,80.5);
#2661=IFCCARTESIANPOINT((-32.799999999993737,-40.250000000008427,-0.));
#2662=IFCAXIS2PLACEMENT3D(#2661,#34,#199);
#2663=IFCEXTRUDEDAREASOLID(#2660,#2662,#34,6.9999999999999973);
#2664=IFCSTYLEDITEM(#2663,(#2360),$);
#2665=IFCSHAPEREPRESENTATION(#15,'Body','SweptSolid',(#2663));
#2666=IFCAXIS2PLACEMENT3D(#10,$,$);
#2667=IFCREPRESENTATIONMAP(#2666,#2665);
#2668=IFCBUILDINGELEMENTPROXYTYPE('1prwuuYvTDYwb_qq8gB88a',#6,'Tile:Tile 100.4x100.4 Blue',$,$,$,(#2667),'445708',$,.NOTDEFINED.);
#2669=IFCMAPPEDITEM(#2667,#194);
#2670=IFCSHAPEREPRESENTATION(#15,'Body','MappedRepresentation',(#2669));
#2671=IFCPRODUCTDEFINITIONSHAPE($,$,(#2670));
#2672=IFCCARTESIANPOINT((6329.8931710057595,8101.6079210224925,13.011255305536908));
#2673=IFCAXIS2PLACEMENT3D(#2672,#35,#199);
#2674=IFCLOCALPLACEMENT(#24,#2673);
#2675=IFCBUILDINGELEMENTPROXY('1kkNhPW5XF4BusAPV6zOm7',#6,'Tile:Tile 100.4x100.4 Blue:482282',$,$,#2674,#2671,'482282',$);
#2676=IFCPROPERTYSET('2k1KEvci9ok38M1k9R$hE$',#6,'Pset_BuildingElementProxyCommon',$,(#2378));
#2677=IFCPROPERTYSET('1xpavuou2HeDVQIcbFDms1',#6,'Pset_QuantityTakeOff',$,(#2378));
#2678=IFCRELDEFINESBYPROPERTIES('0Q$HZtrfDUB2NAMAIZSvxc',#6,$,$,(#2675),#2676);
#2679=IFCRELDEFINESBYPROPERTIES('1iAm44y7iLBwJHVtPlnPJR',#6,$,$,(#2675),#2677);
#2680=IFCCARTESIANPOINT((0.,0.));
#2681=IFCAXIS2PLACEMENT2D(#2680,#170);
#2682=IFCRECTANGLEPROFILEDEF(.AREA.,'Tile 100.4x100.4 Blue',#2681,80.5,100.40000000000001);
#2683=IFCCARTESIANPOINT((-50.199999999993743,-40.250000000008427,-0.));
#2684=IFCAXIS2PLACEMENT3D(#2683,#34,#35);
#2685=IFCEXTRUDEDAREASOLID(#2682,#2684,#34,6.9999999999999973);
#2686=IFCSTYLEDITEM(#2685,(#2360),$);
#2687=IFCSHAPEREPRESENTATION(#15,'Body','SweptSolid',(#2685));
#2688=IFCAXIS2PLACEMENT3D(#10,$,$);
#2689=IFCREPRESENTATIONMAP(#2688,#2687);
#2690=IFCBUILDINGELEMENTPROXYTYPE('1prwuuYvTDYwb_qq8gB8BY',#6,'Tile:Tile 100.4x100.4 Blue',$,$,$,(#2689),'445708',$,.NOTDEFINED.);
#2691=IFCMAPPEDITEM(#2689,#194);
#2692=IFCSHAPEREPRESENTATION(#15,'Body','MappedRepresentation',(#2691));
#2693=IFCPRODUCTDEFINITIONSHAPE($,$,(#2692));
#2694=IFCCARTESIANPOINT((6397.493171005759,8101.6079210224925,13.011255305536706));
#2695=IFCAXIS2PLACEMENT3D(#2694,#35,#199);
#2696=IFCLOCALPLACEMENT(#24,#2695);
#2697=IFCBUILDINGELEMENTPROXY('1kkNhPW5XF4BusAPV6zOm6',#6,'Tile:Tile 100.4x100.4 Blue:482283',$,$,#2696,#2693,'482283',$);
#2698=IFCPROPERTYSET('3guEXKrulht3ZDlp_GbgxN',#6,'Pset_BuildingElementProxyCommon',$,(#2378));
#2699=IFCPROPERTYSET('03LAYcUMUeDU$sMZbhsnyh',#6,'Pset_QuantityTakeOff',$,(#2378));
#2700=IFCRELDEFINESBYPROPERTIES('0CLMErakipOMim5YBbCw_m',#6,$,$,(#2697),#2698);
#2701=IFCRELDEFINESBYPROPERTIES('1c7SYSsq8Qj727QBfs7_vV',#6,$,$,(#2697),#2699);
#2702=IFCMAPPEDITEM(#2689,#194);
#2703=IFCSHAPEREPRESENTATION(#15,'Body','MappedRepresentation',(#2702));
#2704=IFCPRODUCTDEFINITIONSHAPE($,$,(#2703));
#2705=IFCCARTESIANPOINT((6499.8931710057586,8101.6079210224925,13.011255305536368));
#2706=IFCAXIS2PLACEMENT3D(#2705,#35,#199);
#2707=IFCLOCALPLACEMENT(#24,#2706);
#2708=IFCBUILDINGELEMENTPROXY('1kkNhPW5XF4BusAPV6zOm1',#6,'Tile:Tile 100.4x100.4 Blue:482284',$,$,#2707,#2704,'482284',$);
#2709=IFCPROPERTYSET('3rJE7$_iIZrY$wxW2VT7RX',#6,'Pset_BuildingElementProxyCommon',$,(#2378));
#2710=IFCPROPERTYSET('3GXNmsf03NamisgcW7_9hj',#6,'Pset_QuantityTakeOff',$,(#2378));
#2711=IFCRELDEFINESBYPROPERTIES('3$1w6c51KoA8LWLNSQi0ua',#6,$,$,(#2708),#2709);
#2712=IFCRELDEFINESBYPROPERTIES('1KfRjRBI8ofEMSq8wh$t03',#6,$,$,(#2708),#2710);
#2713=IFCMAPPEDITEM(#2689,#194);
#2714=IFCSHAPEREPRESENTATION(#15,'Body','MappedRepresentation',(#2713));
#2715=IFCPRODUCTDEFINITIONSHAPE($,$,(#2714));
#2716=IFCCARTESIANPOINT((6602.2931710057583,8101.6079210224925,13.011255305536706));
#2717=IFCAXIS2PLACEMENT3D(#2716,#35,#199);
#2718=IFCLOCALPLACEMENT(#24,#2717);
#2719=IFCBUILDINGELEMENTPROXY('1kkNhPW5XF4BusAPV6zOm0',#6,'Tile:Tile 100.4x100.4 Blue:482285',$,$,#2718,#2715,'482285',$);
#2720=IFCPROPERTYSET('3FlBdcUon$kQ6IBebayEXq',#6,'Pset_BuildingElementProxyCommon',$,(#2378));
#2721=IFCPROPERTYSET('1UEXJmEdjJevvL_0tO_zxu',#6,'Pset_QuantityTakeOff',$,(#2378));
#2722=IFCRELDEFINESBYPROPERTIES('1OZ$Hi48EQLFFp$ZIA8nKi',#6,$,$,(#2719),#2720);
#2723=IFCRELDEFINESBYPROPERTIES('1DJqL8TBkb3LFkzEQTTIFC',#6,$,$,(#2719),#2721);
#2724=IFCMAPPEDITEM(#2689,#194);
#2725=IFCSHAPEREPRESENTATION(#15,'Body','MappedRepresentation',(#2724));
#2726=IFCPRODUCTDEFINITIONSHAPE($,$,(#2725));
#2727=IFCCARTESIANPOINT((6704.693171005757,8101.6079210224925,13.011255305536706));
#2728=IFCAXIS2PLACEMENT3D(#2727,#35,#199);
#2729=IFCLOCALPLACEMENT(#24,#2728);
#2730=IFCBUILDINGELEMENTPROXY('1kkNhPW5XF4BusAPV6zOm3',#6,'Tile:Tile 100.4x100.4 Blue:482286',$,$,#2729,#2726,'482286',$);
#2731=IFCPROPERTYSET('1GW9JpA61$QecE0e3ebzTO',#6,'Pset_BuildingElementProxyCommon',$,(#2378));
#2732=IFCPROPERTYSET('1t72Er59RJ1yNvM0vJlyd9',#6,'Pset_QuantityTakeOff',$,(#2378));
#2733=IFCRELDEFINESBYPROPERTIES('0ImzuH5yhovE5bqRYQJlAt',#6,$,$,(#2730),#2731);
#2734=IFCRELDEFINESBYPROPERTIES('2GlBjy$BkgABAzaX3SWem2',#6,$,$,(#2730),#2732);
#2735=IFCMAPPEDITEM(#2689,#194);
#2736=IFCSHAPEREPRESENTATION(#15,'Body','MappedRepresentation',(#2735));
#2737=IFCPRODUCTDEFINITIONSHAPE($,$,(#2736));
#2738=IFCCARTESIANPOINT((6807.0931710057566,8101.6079210224925,13.011255305536706));
#2739=IFCAXIS2PLACEMENT3D(#2738,#35,#199);
#2740=IFCLOCALPLACEMENT(#24,#2739);
#2741=IFCBUILDINGELEMENTPROXY('1kkNhPW5XF4BusAPV6zOm2',#6,'Tile:Tile 100.4x100.4 Blue:482287',$,$,#2740,#2737,'482287',$);
#2742=IFCPROPERTYSET('1gqn_5uqemoFEuTs54LSbv',#6,'Pset_BuildingElementProxyCommon',$,(#2378));
#2743=IFCPROPERTYSET('1nh91GM5KfAFGR42oooog$',#6,'Pset_QuantityTakeOff',$,(#2378));
#2744=IFCRELDEFINESBYPROPERTIES('1G1ZxLI2oancHcP1j7SCDE',#6,$,$,(#2741),#2742);
#2745=IFCRELDEFINESBYPROPERTIES('3j3I_ZhB7jvByPfuk$J75I',#6,$,$,(#2741),#2743);
#2746=IFCMAPPEDITEM(#2689,#194);
#2747=IFCSHAPEREPRESENTATION(#15,'Body','MappedRepresentation',(#2746));
#2748=IFCPRODUCTDEFINITIONSHAPE($,$,(#2747));
#2749=IFCCARTESIANPOINT((6909.4931710057563,8101.6079210224925,13.011255305536706));
#2750=IFCAXIS2PLACEMENT3D(#2749,#35,#199);
#2751=IFCLOCALPLACEMENT(#24,#2750);
#2752=IFCBUILDINGELEMENTPROXY('1kkNhPW5XF4BusAPV6zOmT',#6,'Tile:Tile 100.4x100.4 Blue:482288',$,$,#2751,#2748,'482288',$);
#2753=IFCPROPERTYSET('2_6YMXYNVi8e1umwar_w5F',#6,'Pset_BuildingElementProxyCommon',$,(#2378));
#2754=IFCPROPERTYSET('3Xkt8Jm9TdWXbElk9d1ZDh',#6,'Pset_QuantityTakeOff',$,(#2378));
#2755=IFCRELDEFINESBYPROPERTIES('3HieTigKAN8IFkH6lcAJDs',#6,$,$,(#2752),#2753);
#2756=IFCRELDEFINESBYPROPERTIES('3cGOt8eeDaX4a0zM4slsOp',#6,$,$,(#2752),#2754);
#2757=IFCCARTESIANPOINT((0.,0.));
#2758=IFCAXIS2PLACEMENT2D(#2757,#170);
#2759=IFCRECTANGLEPROFILEDEF(.AREA.,'Tile 100.4x100.4 Blue',#2758,66.600000000000009,80.5);
#2760=IFCCARTESIANPOINT((-33.299999999993744,-40.250000000008427,-0.));
#2761=IFCAXIS2PLACEMENT3D(#2760,#34,#199);
#2762=IFCEXTRUDEDAREASOLID(#2759,#2761,#34,6.9999999999999973);
#2763=IFCSTYLEDITEM(#2762,(#2360),$);
#2764=IFCSHAPEREPRESENTATION(#15,'Body','SweptSolid',(#2762));
#2765=IFCAXIS2PLACEMENT3D(#10,$,$);
#2766=IFCREPRESENTATIONMAP(#2765,#2764);
#2767=IFCBUILDINGELEMENTPROXYTYPE('1prwuuYvTDYwb_qq8gB8BX',#6,'Tile:Tile 100.4x100.4 Blue',$,$,$,(#2766),'445708',$,.NOTDEFINED.);
#2768=IFCMAPPEDITEM(#2766,#194);
#2769=IFCSHAPEREPRESENTATION(#15,'Body','MappedRepresentation',(#2768));
#2770=IFCPRODUCTDEFINITIONSHAPE($,$,(#2769));
#2771=IFCCARTESIANPOINT((7011.8931710057586,8101.6079210224925,13.011255305534743));
#2772=IFCAXIS2PLACEMENT3D(#2771,#35,#199);
#2773=IFCLOCALPLACEMENT(#24,#2772);
#2774=IFCBUILDINGELEMENTPROXY('1kkNhPW5XF4BusAPV6zOmS',#6,'Tile:Tile 100.4x100.4 Blue:482289',$,$,#2773,#2770,'482289',$);
#2775=IFCPROPERTYSET('3RKQcb1molRTzvd$JNN4yx',#6,'Pset_BuildingElementProxyCommon',$,(#2378));
#2776=IFCPROPERTYSET('0eAeXTyVPD2WG1Cb6g5has',#6,'Pset_QuantityTakeOff',$,(#2378));
#2777=IFCRELDEFINESBYPROPERTIES('36yNlaKnNO9OF$11bCQJ2h',#6,$,$,(#2774),#2775);
#2778=IFCRELDEFINESBYPROPERTIES('3hNfThXYV_oMhbnpWpxZDo',#6,$,$,(#2774),#2776);
#2779=IFCMAPPEDITEM(#2364,#194);
#2780=IFCSHAPEREPRESENTATION(#15,'Body','MappedRepresentation',(#2779));
#2781=IFCPRODUCTDEFINITIONSHAPE($,$,(#2780));
#2782=IFCCARTESIANPOINT((6329.8931710057595,8101.6079210224925,197.91125530553688));
#2783=IFCAXIS2PLACEMENT3D(#2782,#35,#199);
#2784=IFCLOCALPLACEMENT(#24,#2783);
#2785=IFCBUILDINGELEMENTPROXY('1kkNhPW5XF4BusAPV6zOmU',#6,'Tile:Tile 100.4x100.4 Blue:482291',$,$,#2784,#2781,'482291',$);
#2786=IFCPROPERTYSET('0CxOc0ItYNoSWU7WeAEFg$',#6,'Pset_BuildingElementProxyCommon',$,(#2378));
#2787=IFCPROPERTYSET('229zBgtnBN5b35S4ozwUie',#6,'Pset_QuantityTakeOff',$,(#2378));
#2788=IFCRELDEFINESBYPROPERTIES('1sr9dnvIY1yZedfYVlyFND',#6,$,$,(#2785),#2786);
#2789=IFCRELDEFINESBYPROPERTIES('1QDucNibFnm1ZJXgiPHKu4',#6,$,$,(#2785),#2787);
#2790=IFCMAPPEDITEM(#2392,#194);
#2791=IFCSHAPEREPRESENTATION(#15,'Body','MappedRepresentation',(#2790));
#2792=IFCPRODUCTDEFINITIONSHAPE($,$,(#2791));
#2793=IFCCARTESIANPOINT((6397.493171005759,8101.6079210224925,197.91125530553668));
#2794=IFCAXIS2PLACEMENT3D(#2793,#35,#199);
#2795=IFCLOCALPLACEMENT(#24,#2794);
#2796=IFCBUILDINGELEMENTPROXY('1kkNhPW5XF4BusAPV6zOmP',#6,'Tile:Tile 100.4x100.4 Blue:482292',$,$,#2795,#2792,'482292',$);
#2797=IFCPROPERTYSET('2I5sU9$UzQOS3dsv1K9Vfn',#6,'Pset_BuildingElementProxyCommon',$,(#2378));
#2798=IFCPROPERTYSET('1Mdk_Sme88lCkzwhLxUAC0',#6,'Pset_QuantityTakeOff',$,(#2378));
#2799=IFCRELDEFINESBYPROPERTIES('2DX6SgwZtkuBsue0F7WJ30',#6,$,$,(#2796),#2797);
#2800=IFCRELDEFINESBYPROPERTIES('0C2aGHzHCDG30HooA2doa7',#6,$,$,(#2796),#2798);
#2801=IFCMAPPEDITEM(#2392,#194);
#2802=IFCSHAPEREPRESENTATION(#15,'Body','MappedRepresentation',(#2801));
#2803=IFCPRODUCTDEFINITIONSHAPE($,$,(#2802));
#2804=IFCCARTESIANPOINT((6499.8931710057586,8101.6079210224925,197.91125530553634));
#2805=IFCAXIS2PLACEMENT3D(#2804,#35,#199);
#2806=IFCLOCALPLACEMENT(#24,#2805);
#2807=IFCBUILDINGELEMENTPROXY('1kkNhPW5XF4BusAPV6zOmO',#6,'Tile:Tile 100.4x100.4 Blue:482293',$,$,#2806,#2803,'482293',$);
#2808=IFCPROPERTYSET('3xRYe_ToHQ0wCnASjwx2G0',#6,'Pset_BuildingElementProxyCommon',$,(#2378));
#2809=IFCPROPERTYSET('2YusrNwrB0rlBl100fgLpF',#6,'Pset_QuantityTakeOff',$,(#2378));
#2810=IFCRELDEFINESBYPROPERTIES('0FX$ShWMEiSc8sz3akXzB6',#6,$,$,(#2807),#2808);
#2811=IFCRELDEFINESBYPROPERTIES('3BRmOZROD2m2Id4P$lzfsb',#6,$,$,(#2807),#2809);
#2812=IFCMAPPEDITEM(#2392,#194);
#2813=IFCSHAPEREPRESENTATION(#15,'Body','MappedRepresentation',(#2812));
#2814=IFCPRODUCTDEFINITIONSHAPE($,$,(#2813));
#2815=IFCCARTESIANPOINT((6602.2931710057583,8101.6079210224925,197.91125530553668));
#2816=IFCAXIS2PLACEMENT3D(#2815,#35,#199);
#2817=IFCLOCALPLACEMENT(#24,#2816);
#2818=IFCBUILDINGELEMENTPROXY('1kkNhPW5XF4BusAPV6zOmR',#6,'Tile:Tile 100.4x100.4 Blue:482294',$,$,#2817,#2814,'482294',$);
#2819=IFCPROPERTYSET('1DeO_pZK21ok198lYbVR5D',#6,'Pset_BuildingElementProxyCommon',$,(#2378));
#2820=IFCPROPERTYSET('1jbSVMyJlMBuzA3mWTZ29J',#6,'Pset_QuantityTakeOff',$,(#2378));
#2821=IFCRELDEFINESBYPROPERTIES('0lOiL3fwF2PKLIKoIe_aDt',#6,$,$,(#2818),#2819);
#2822=IFCRELDEFINESBYPROPERTIES('2tGsWk1kDU1kXMOGrjEhI_',#6,$,$,(#2818),#2820);
#2823=IFCMAPPEDITEM(#2392,#194);
#2824=IFCSHAPEREPRESENTATION(#15,'Body','MappedRepresentation',(#2823));
#2825=IFCPRODUCTDEFINITIONSHAPE($,$,(#2824));
#2826=IFCCARTESIANPOINT((6704.693171005757,8101.6079210224925,197.91125530553668));
#2827=IFCAXIS2PLACEMENT3D(#2826,#35,#199);
#2828=IFCLOCALPLACEMENT(#24,#2827);
#2829=IFCBUILDINGELEMENTPROXY('1kkNhPW5XF4BusAPV6zOmQ',#6,'Tile:Tile 100.4x100.4 Blue:482295',$,$,#2828,#2825,'482295',$);
#2830=IFCPROPERTYSET('1cuXwfKfmdL8Bb2$Ns4jyB',#6,'Pset_BuildingElementProxyCommon',$,(#2378));
#2831=IFCPROPERTYSET('2MsF6gBdeJrZdM_BAN_bHT',#6,'Pset_QuantityTakeOff',$,(#2378));
#2832=IFCRELDEFINESBYPROPERTIES('0xHlW8ooT78UvWEVSuBse1',#6,$,$,(#2829),#2830);
#2833=IFCRELDEFINESBYPROPERTIES('2hf76a_MXLjlommr6T7sUa',#6,$,$,(#2829),#2831);
#2834=IFCMAPPEDITEM(#2392,#194);
#2835=IFCSHAPEREPRESENTATION(#15,'Body','MappedRepresentation',(#2834));
#2836=IFCPRODUCTDEFINITIONSHAPE($,$,(#2835));
#2837=IFCCARTESIANPOINT((6807.0931710057566,8101.6079210224925,197.91125530553668));
#2838=IFCAXIS2PLACEMENT3D(#2837,#35,#199);
#2839=IFCLOCALPLACEMENT(#24,#2838);
#2840=IFCBUILDINGELEMENTPROXY('1kkNhPW5XF4BusAPV6zOmL',#6,'Tile:Tile 100.4x100.4 Blue:482296',$,$,#2839,#2836,'482296',$);
#2841=IFCPROPERTYSET('3Q9fwjITurNEZmvS9xj0cL',#6,'Pset_BuildingElementProxyCommon',$,(#2378));
#2842=IFCPROPERTYSET('3nCwNcQRgLefVhN1VHZUWr',#6,'Pset_QuantityTakeOff',$,(#2378));
#2843=IFCRELDEFINESBYPROPERTIES('3sBOoJ9I_HNBhq2HHcQ5Eo',#6,$,$,(#2840),#2841);
#2844=IFCRELDEFINESBYPROPERTIES('2LVV6EgC2us1_yziEetEU1',#6,$,$,(#2840),#2842);
#2845=IFCMAPPEDITEM(#2392,#194);
#2846=IFCSHAPEREPRESENTATION(#15,'Body','MappedRepresentation',(#2845));
#2847=IFCPRODUCTDEFINITIONSHAPE($,$,(#2846));
#2848=IFCCARTESIANPOINT((6909.4931710057563,8101.6079210224925,197.91125530553668));
#2849=IFCAXIS2PLACEMENT3D(#2848,#35,#199);
#2850=IFCLOCALPLACEMENT(#24,#2849);
#2851=IFCBUILDINGELEMENTPROXY('1kkNhPW5XF4BusAPV6zOmK',#6,'Tile:Tile 100.4x100.4 Blue:482297',$,$,#2850,#2847,'482297',$);
#2852=IFCPROPERTYSET('3wcPfDH3g3WAJ9D27apPuc',#6,'Pset_BuildingElementProxyCommon',$,(#2378));
#2853=IFCPROPERTYSET('2B_F14tR5tc9JT8uFALnYe',#6,'Pset_QuantityTakeOff',$,(#2378));
#2854=IFCRELDEFINESBYPROPERTIES('0_7h3DBs$buM85kNSs9K8n',#6,$,$,(#2851),#2852);
#2855=IFCRELDEFINESBYPROPERTIES('3AIv226pJiCrSq3XLcNlZ7',#6,$,$,(#2851),#2853);
#2856=IFCMAPPEDITEM(#2469,#194);
#2857=IFCSHAPEREPRESENTATION(#15,'Body','MappedRepresentation',(#2856));
#2858=IFCPRODUCTDEFINITIONSHAPE($,$,(#2857));
#2859=IFCCARTESIANPOINT((7011.8931710057586,8101.6079210224925,197.9112553055347));
#2860=IFCAXIS2PLACEMENT3D(#2859,#35,#199);
#2861=IFCLOCALPLACEMENT(#24,#2860);
#2862=IFCBUILDINGELEMENTPROXY('1kkNhPW5XF4BusAPV6zOmN',#6,'Tile:Tile 100.4x100.4 Blue:482298',$,$,#2861,#2858,'482298',$);
#2863=IFCPROPERTYSET('2mjnR3LtmfMMDzYGZjj3$j',#6,'Pset_BuildingElementProxyCommon',$,(#2378));
#2864=IFCPROPERTYSET('1hFE55n4HZHZn0uWLFVSeV',#6,'Pset_QuantityTakeOff',$,(#2378));
#2865=IFCRELDEFINESBYPROPERTIES('2FlPMJbT7DHK6kkcwC5i4e',#6,$,$,(#2862),#2863);
#2866=IFCRELDEFINESBYPROPERTIES('1IW9yPlUP0qI_FuAe6bAfM',#6,$,$,(#2862),#2864);
#2867=IFCCARTESIANPOINT((5.4156679141215136E-013,0.));
#2868=IFCAXIS2PLACEMENT2D(#2867,#170);
#2869=IFCRECTANGLEPROFILEDEF(.AREA.,'Tile Red',#2868,6.999999999999492,91.000000000607372);
#2870=IFCCARTESIANPOINT((7132.9931710054334,7929.163117691849,-0.));
#2871=IFCAXIS2PLACEMENT3D(#2870,#34,#1684);
#2872=IFCEXTRUDEDAREASOLID(#2869,#2871,#34,297.53040551383447);
#2873=IFCSTYLEDITEM(#2872,(#800),$);
#2874=IFCSHAPEREPRESENTATION(#15,'Body','SweptSolid',(#2872));
#2875=IFCAXIS2PLACEMENT3D(#10,$,$);
#2876=IFCREPRESENTATIONMAP(#2875,#2874);
#2877=IFCBUILDINGELEMENTPROXYTYPE('1kkNhPW5XF4BusAPV6zOae',#6,'Tile Red22:Tile Red',$,$,$,(#2876),'483013',$,.NOTDEFINED.);
#2878=IFCMAPPEDITEM(#2876,#194);
#2879=IFCSHAPEREPRESENTATION(#15,'Body','MappedRepresentation',(#2878));
#2880=IFCPRODUCTDEFINITIONSHAPE($,$,(#2879));
#2881=IFCCARTESIANPOINT((-2.,-0.12500000000495937,12.993808048548404));
#2882=IFCAXIS2PLACEMENT3D(#2881,$,$);
#2883=IFCLOCALPLACEMENT(#24,#2882);
#2884=IFCBUILDINGELEMENTPROXY('1kkNhPW5XF4BusAPV6zOag',#6,'Tile Red22:Tile Red:483015',$,$,#2883,#2880,'483015',$);
#2885=IFCPROPERTYSET('0HnzZfK9eOe91h429X4JAS',#6,'Pset_BuildingElementProxyCommon',$,(#817));
#2886=IFCPROPERTYSET('3Sw8QEj7HYI9l3xFAE4g3I',#6,'Pset_QuantityTakeOff',$,(#817));
#2887=IFCRELDEFINESBYPROPERTIES('2Ojmj9uxsNYJSblnFjrt8b',#6,$,$,(#2884),#2885);
#2888=IFCRELDEFINESBYPROPERTIES('2CfRjDOYk7X42dtZAFPP1c',#6,$,$,(#2884),#2886);
#2889=IFCCARTESIANPOINT((5.4156679141215136E-013,5.4356519285647664E-013));
#2890=IFCAXIS2PLACEMENT2D(#2889,#170);
#2891=IFCRECTANGLEPROFILEDEF(.AREA.,'Tile Red',#2890,6.999999999999492,91.000000000608452);
#2892=IFCCARTESIANPOINT((7132.9931710054334,7929.163117691849,1.9838080485347258));
#2893=IFCAXIS2PLACEMENT3D(#2892,#34,#1684);
#2894=IFCEXTRUDEDAREASOLID(#2891,#2893,#34,450.69999999999987);
#2895=IFCSTYLEDITEM(#2894,(#800),$);
#2896=IFCSHAPEREPRESENTATION(#15,'Body','SweptSolid',(#2894));
#2897=IFCAXIS2PLACEMENT3D(#10,$,$);
#2898=IFCREPRESENTATIONMAP(#2897,#2896);
#2899=IFCBUILDINGELEMENTPROXYTYPE('1kkNhPW5XF4BusAPV6zOa_',#6,'Tile Red23:Tile Red',$,$,$,(#2898),'483027',$,.NOTDEFINED.);
#2900=IFCMAPPEDITEM(#2898,#194);
#2901=IFCSHAPEREPRESENTATION(#15,'Body','MappedRepresentation',(#2900));
#2902=IFCPRODUCTDEFINITIONSHAPE($,$,(#2901));
#2903=IFCCARTESIANPOINT((-2.,-0.12500000000495937,310.54040551384816));
#2904=IFCAXIS2PLACEMENT3D(#2903,$,$);
#2905=IFCLOCALPLACEMENT(#24,#2904);
#2906=IFCBUILDINGELEMENTPROXY('1kkNhPW5XF4BusAPV6zOau',#6,'Tile Red23:Tile Red:483029',$,$,#2905,#2902,'483029',$);
#2907=IFCPROPERTYSET('3fYzimsLicfDEYP0ihc5g7',#6,'Pset_BuildingElementProxyCommon',$,(#817));
#2908=IFCPROPERTYSET('1P3zHXPRaBRoeL1omFs8Wf',#6,'Pset_QuantityTakeOff',$,(#817));
#2909=IFCRELDEFINESBYPROPERTIES('2mzlOrlKb5HTiqpEFB9$Kt',#6,$,$,(#2906),#2907);
#2910=IFCRELDEFINESBYPROPERTIES('3GSYCLCRr0a9hcspK_6NCD',#6,$,$,(#2906),#2908);
#2911=IFCCARTESIANPOINT((5.4156679141215136E-013,0.));
#2912=IFCAXIS2PLACEMENT2D(#2911,#170);
#2913=IFCRECTANGLEPROFILEDEF(.AREA.,'Tile Red',#2912,6.999999999999492,91.000000000605212);
#2914=IFCCARTESIANPOINT((7132.9931710054343,7929.163117691849,9.6838080485354112));
#2915=IFCAXIS2PLACEMENT3D(#2914,#34,#1684);
#2916=IFCEXTRUDEDAREASOLID(#2913,#2915,#34,450.69999999999999);
#2917=IFCSTYLEDITEM(#2916,(#800),$);
#2918=IFCSHAPEREPRESENTATION(#15,'Body','SweptSolid',(#2916));
#2919=IFCAXIS2PLACEMENT3D(#10,$,$);
#2920=IFCREPRESENTATIONMAP(#2919,#2918);
#2921=IFCBUILDINGELEMENTPROXYTYPE('1kkNhPW5XF4BusAPV6zOaC',#6,'Tile Red24:Tile Red',$,$,$,(#2920),'483041',$,.NOTDEFINED.);
#2922=IFCMAPPEDITEM(#2920,#194);
#2923=IFCSHAPEREPRESENTATION(#15,'Body','MappedRepresentation',(#2922));
#2924=IFCPRODUCTDEFINITIONSHAPE($,$,(#2923));
#2925=IFCCARTESIANPOINT((-2.,-0.12500000000495937,755.54040551384799));
#2926=IFCAXIS2PLACEMENT3D(#2925,$,$);
#2927=IFCLOCALPLACEMENT(#24,#2926);
#2928=IFCBUILDINGELEMENTPROXY('1kkNhPW5XF4BusAPV6zOaE',#6,'Tile Red24:Tile Red:483043',$,$,#2927,#2924,'483043',$);
#2929=IFCPROPERTYSET('2Wz9ufshMqXss883yJaZ17',#6,'Pset_BuildingElementProxyCommon',$,(#817));
#2930=IFCPROPERTYSET('2uCYrjouaIozQSwbShs6oG',#6,'Pset_QuantityTakeOff',$,(#817));
#2931=IFCRELDEFINESBYPROPERTIES('0DZ5roLjkxImu4UTcx6DQ7',#6,$,$,(#2928),#2929);
#2932=IFCRELDEFINESBYPROPERTIES('2pNO8ZOXTcpKa0wYHGARV6',#6,$,$,(#2928),#2930);
#2933=IFCCARTESIANPOINT((5.4156679141215136E-013,5.4001247917767614E-013));
#2934=IFCAXIS2PLACEMENT2D(#2933,#170);
#2935=IFCRECTANGLEPROFILEDEF(.AREA.,'Tile Red',#2934,6.999999999999492,91.000000000606292);
#2936=IFCCARTESIANPOINT((7132.9931710054343,7929.163117691849,22.383808048535368));
#2937=IFCAXIS2PLACEMENT3D(#2936,#34,#1684);
#2938=IFCEXTRUDEDAREASOLID(#2935,#2937,#34,449.28578643762665);
#2939=IFCSTYLEDITEM(#2938,(#800),$);
#2940=IFCSHAPEREPRESENTATION(#15,'Body','SweptSolid',(#2938));
#2941=IFCAXIS2PLACEMENT3D(#10,$,$);
#2942=IFCREPRESENTATIONMAP(#2941,#2940);
#2943=IFCBUILDINGELEMENTPROXYTYPE('1kkNhPW5XF4BusAPV6zOa2',#6,'Tile Red25:Tile Red',$,$,$,(#2942),'483055',$,.NOTDEFINED.);
#2944=IFCMAPPEDITEM(#2942,#194);
#2945=IFCSHAPEREPRESENTATION(#15,'Body','MappedRepresentation',(#2944));
#2946=IFCPRODUCTDEFINITIONSHAPE($,$,(#2945));
#2947=IFCCARTESIANPOINT((-2.,-0.12500000000495937,1195.5404055138481));
#2948=IFCAXIS2PLACEMENT3D(#2947,$,$);
#2949=IFCLOCALPLACEMENT(#24,#2948);
#2950=IFCBUILDINGELEMENTPROXY('1kkNhPW5XF4BusAPV6zOaS',#6,'Tile Red25:Tile Red:483057',$,$,#2949,#2946,'483057',$);
#2951=IFCPROPERTYSET('1JUkOfgxHDrdlDAlT_rr_e',#6,'Pset_BuildingElementProxyCommon',$,(#817));
#2952=IFCPROPERTYSET('1V0PI2$eNPP70EXshmJEnc',#6,'Pset_QuantityTakeOff',$,(#817));
#2953=IFCRELDEFINESBYPROPERTIES('0hlzvQNxaAV8jm5CJp4m2Q',#6,$,$,(#2950),#2951);
#2954=IFCRELDEFINESBYPROPERTIES('012Jpbz4d1ELJV569_xf4K',#6,$,$,(#2950),#2952);
#2955=IFCCARTESIANPOINT((0.,0.));
#2956=IFCAXIS2PLACEMENT2D(#2955,#170);
#2957=IFCRECTANGLEPROFILEDEF(.AREA.,'Tile 100.4x100.4 Blue',#2956,100.40000000000001,100.40000000000001);
#2958=IFCCARTESIANPOINT((-50.199999999993743,-50.200000000008423,-0.));
#2959=IFCAXIS2PLACEMENT3D(#2958,#34,#35);
#2960=IFCEXTRUDEDAREASOLID(#2957,#2959,#34,6.9999999999999973);
#2961=IFCSTYLEDITEM(#2960,(#2360),$);
#2962=IFCSHAPEREPRESENTATION(#15,'Body','SweptSolid',(#2960));
#2963=IFCAXIS2PLACEMENT3D(#10,$,$);
#2964=IFCREPRESENTATIONMAP(#2963,#2962);
#2965=IFCBUILDINGELEMENTPROXYTYPE('1zzk4Pvb51xAijoPDrx4iZ',#6,'Tile:Tile 100.4x100.4 Blue',$,$,$,(#2964),'445708',$,.NOTDEFINED.);
#2966=IFCMAPPEDITEM(#2964,#194);
#2967=IFCSHAPEREPRESENTATION(#15,'Body','MappedRepresentation',(#2966));
#2968=IFCPRODUCTDEFINITIONSHAPE($,$,(#2967));
#2969=IFCCARTESIANPOINT((7184.4931710057399,7722.0631176918378,147.46000000000106));
#2970=IFCAXIS2PLACEMENT3D(#2969,#199,#1684);
#2971=IFCLOCALPLACEMENT(#24,#2970);
#2972=IFCBUILDINGELEMENTPROXY('1kkNhPW5XF4BusAPV6zRLc',#6,'Tile:Tile 100.4x100.4 Blue:483979',$,$,#2971,#2968,'483979',$);
#2973=IFCPROPERTYSET('0PDZ1dg0zgXYnOG6QsBUnh',#6,'Pset_BuildingElementProxyCommon',$,(#2378));
#2974=IFCPROPERTYSET('2As9$9yigGIJSHJHp0w5zr',#6,'Pset_QuantityTakeOff',$,(#2378));
#2975=IFCRELDEFINESBYPROPERTIES('2d$vsEpZdVpKByau7Rd1_z',#6,$,$,(#2972),#2973);
#2976=IFCRELDEFINESBYPROPERTIES('03gpcN$CKVo4ET_PqdB7vH',#6,$,$,(#2972),#2974);
#2977=IFCMAPPEDITEM(#2964,#194);
#2978=IFCSHAPEREPRESENTATION(#15,'Body','MappedRepresentation',(#2977));
#2979=IFCPRODUCTDEFINITIONSHAPE($,$,(#2978));
#2980=IFCCARTESIANPOINT((7184.493171005739,7619.6631176918299,147.46000000000072));
#2981=IFCAXIS2PLACEMENT3D(#2980,#199,#1684);
#2982=IFCLOCALPLACEMENT(#24,#2981);
#2983=IFCBUILDINGELEMENTPROXY('1kkNhPW5XF4BusAPV6zRLX',#6,'Tile:Tile 100.4x100.4 Blue:483980',$,$,#2982,#2979,'483980',$);
#2984=IFCPROPERTYSET('3LQCos1BLbAp4JsxG_UiYl',#6,'Pset_BuildingElementProxyCommon',$,(#2378));
#2985=IFCPROPERTYSET('1jE2nqw9DYw1YEA4TEfEXK',#6,'Pset_QuantityTakeOff',$,(#2378));
#2986=IFCRELDEFINESBYPROPERTIES('0GYGtQOcrFo7T2FXz$ZWoc',#6,$,$,(#2983),#2984);
#2987=IFCRELDEFINESBYPROPERTIES('2_reFBlKH1prhwhNCr1EwB',#6,$,$,(#2983),#2985);
#2988=IFCMAPPEDITEM(#2964,#194);
#2989=IFCSHAPEREPRESENTATION(#15,'Body','MappedRepresentation',(#2988));
#2990=IFCPRODUCTDEFINITIONSHAPE($,$,(#2989));
#2991=IFCCARTESIANPOINT((7184.4931710057399,7722.0631176918378,249.85999999999788));
#2992=IFCAXIS2PLACEMENT3D(#2991,#199,#1684);
#2993=IFCLOCALPLACEMENT(#24,#2992);
#2994=IFCBUILDINGELEMENTPROXY('1kkNhPW5XF4BusAPV6zRLW',#6,'Tile:Tile 100.4x100.4 Blue:483981',$,$,#2993,#2990,'483981',$);
#2995=IFCPROPERTYSET('1ST0x7S1EEAbsUMwtmQTkA',#6,'Pset_BuildingElementProxyCommon',$,(#2378));
#2996=IFCPROPERTYSET('0A6z4A5djvq$D4brVyXJu5',#6,'Pset_QuantityTakeOff',$,(#2378));
#2997=IFCRELDEFINESBYPROPERTIES('35smwC1TFhQvfSWqDc1hsa',#6,$,$,(#2994),#2995);
#2998=IFCRELDEFINESBYPROPERTIES('0JuvdZzNqpfqqL_mIZH0p$',#6,$,$,(#2994),#2996);
#2999=IFCMAPPEDITEM(#2964,#194);
#3000=IFCSHAPEREPRESENTATION(#15,'Body','MappedRepresentation',(#2999));
#3001=IFCPRODUCTDEFINITIONSHAPE($,$,(#3000));
#3002=IFCCARTESIANPOINT((7184.493171005739,7619.6631176918299,249.85999999999754));
#3003=IFCAXIS2PLACEMENT3D(#3002,#199,#1684);
#3004=IFCLOCALPLACEMENT(#24,#3003);
#3005=IFCBUILDINGELEMENTPROXY('1kkNhPW5XF4BusAPV6zRLZ',#6,'Tile:Tile 100.4x100.4 Blue:483982',$,$,#3004,#3001,'483982',$);
#3006=IFCPROPERTYSET('09ZE3HQczPz7$$VRnj3C4C',#6,'Pset_BuildingElementProxyCommon',$,(#2378));
#3007=IFCPROPERTYSET('0GziwyqNCdA1t7HYGS4_PL',#6,'Pset_QuantityTakeOff',$,(#2378));
#3008=IFCRELDEFINESBYPROPERTIES('1G_XUDlrUy8RqXyKZs9p9r',#6,$,$,(#3005),#3006);
#3009=IFCRELDEFINESBYPROPERTIES('1i8VM_9IezvQFxZyHQo$we',#6,$,$,(#3005),#3007);
#3010=IFCMAPPEDITEM(#2964,#194);
#3011=IFCSHAPEREPRESENTATION(#15,'Body','MappedRepresentation',(#3010));
#3012=IFCPRODUCTDEFINITIONSHAPE($,$,(#3011));
#3013=IFCCARTESIANPOINT((7184.4931710057399,7722.0631176918378,352.2599999999947));
#3014=IFCAXIS2PLACEMENT3D(#3013,#199,#1684);
#3015=IFCLOCALPLACEMENT(#24,#3014);
#3016=IFCBUILDINGELEMENTPROXY('1kkNhPW5XF4BusAPV6zRLY',#6,'Tile:Tile 100.4x100.4 Blue:483983',$,$,#3015,#3012,'483983',$);
#3017=IFCPROPERTYSET('2tG1HeSuKSU_hC7N_hf_tg',#6,'Pset_BuildingElementProxyCommon',$,(#2378));
#3018=IFCPROPERTYSET('0cmqje$N1nJQ_EWzMCbOMt',#6,'Pset_QuantityTakeOff',$,(#2378));
#3019=IFCRELDEFINESBYPROPERTIES('2u3Yul3HlqkM51byZ9EKj$',#6,$,$,(#3016),#3017);
#3020=IFCRELDEFINESBYPROPERTIES('0o9Sjys3hViWggRchsT81Q',#6,$,$,(#3016),#3018);
#3021=IFCMAPPEDITEM(#2964,#194);
#3022=IFCSHAPEREPRESENTATION(#15,'Body','MappedRepresentation',(#3021));
#3023=IFCPRODUCTDEFINITIONSHAPE($,$,(#3022));
#3024=IFCCARTESIANPOINT((7184.493171005739,7619.6631176918299,352.25999999999436));
#3025=IFCAXIS2PLACEMENT3D(#3024,#199,#1684);
#3026=IFCLOCALPLACEMENT(#24,#3025);
#3027=IFCBUILDINGELEMENTPROXY('1kkNhPW5XF4BusAPV6zRLz',#6,'Tile:Tile 100.4x100.4 Blue:483984',$,$,#3026,#3023,'483984',$);
#3028=IFCPROPERTYSET('2CK7B9zPaJriIIHeFSwZCW',#6,'Pset_BuildingElementProxyCommon',$,(#2378));
#3029=IFCPROPERTYSET('0L1hF1zFENNGQnjhMcgcWI',#6,'Pset_QuantityTakeOff',$,(#2378));
#3030=IFCRELDEFINESBYPROPERTIES('0jDsTgN53IS_pEltyVIeO9',#6,$,$,(#3027),#3028);
#3031=IFCRELDEFINESBYPROPERTIES('22Ki5xWI2gq2HTkHZz_jbh',#6,$,$,(#3027),#3029);
#3032=IFCMAPPEDITEM(#2964,#194);
#3033=IFCSHAPEREPRESENTATION(#15,'Body','MappedRepresentation',(#3032));
#3034=IFCPRODUCTDEFINITIONSHAPE($,$,(#3033));
#3035=IFCCARTESIANPOINT((7184.4931710057399,7722.0631176918378,454.6599999999915));
#3036=IFCAXIS2PLACEMENT3D(#3035,#199,#1684);
#3037=IFCLOCALPLACEMENT(#24,#3036);
#3038=IFCBUILDINGELEMENTPROXY('1kkNhPW5XF4BusAPV6zRLy',#6,'Tile:Tile 100.4x100.4 Blue:483985',$,$,#3037,#3034,'483985',$);
#3039=IFCPROPERTYSET('1Kkp3mn_0fpxEPe72zkdJ0',#6,'Pset_BuildingElementProxyCommon',$,(#2378));
#3040=IFCPROPERTYSET('3a7jcqAPzOxKca_kqjlELG',#6,'Pset_QuantityTakeOff',$,(#2378));
#3041=IFCRELDEFINESBYPROPERTIES('0SN5BZNSY89UDXwyc0DPe6',#6,$,$,(#3038),#3039);
#3042=IFCRELDEFINESBYPROPERTIES('2nbzxVUfpHb$brCj0zD9fU',#6,$,$,(#3038),#3040);
#3043=IFCMAPPEDITEM(#2964,#194);
#3044=IFCSHAPEREPRESENTATION(#15,'Body','MappedRepresentation',(#3043));
#3045=IFCPRODUCTDEFINITIONSHAPE($,$,(#3044));
#3046=IFCCARTESIANPOINT((7184.493171005739,7619.6631176918299,454.65999999999116));
#3047=IFCAXIS2PLACEMENT3D(#3046,#199,#1684);
#3048=IFCLOCALPLACEMENT(#24,#3047);
#3049=IFCBUILDINGELEMENTPROXY('1kkNhPW5XF4BusAPV6zRL$',#6,'Tile:Tile 100.4x100.4 Blue:483986',$,$,#3048,#3045,'483986',$);
#3050=IFCPROPERTYSET('0mGQh6LyuSniW_jGGo5oDD',#6,'Pset_BuildingElementProxyCommon',$,(#2378));
#3051=IFCPROPERTYSET('3lU55FSVXcjA_oJ8IPS4Im',#6,'Pset_QuantityTakeOff',$,(#2378));
#3052=IFCRELDEFINESBYPROPERTIES('0GUTOWf6tFvtPJ5Gkk6OxT',#6,$,$,(#3049),#3050);
#3053=IFCRELDEFINESBYPROPERTIES('2hrFyWJoNOi2suC5c4isWa',#6,$,$,(#3049),#3051);
#3054=IFCMAPPEDITEM(#2964,#194);
#3055=IFCSHAPEREPRESENTATION(#15,'Body','MappedRepresentation',(#3054));
#3056=IFCPRODUCTDEFINITIONSHAPE($,$,(#3055));
#3057=IFCCARTESIANPOINT((7184.4931710057399,7722.0631176918378,557.05999999998835));
#3058=IFCAXIS2PLACEMENT3D(#3057,#199,#1684);
#3059=IFCLOCALPLACEMENT(#24,#3058);
#3060=IFCBUILDINGELEMENTPROXY('1kkNhPW5XF4BusAPV6zRL_',#6,'Tile:Tile 100.4x100.4 Blue:483987',$,$,#3059,#3056,'483987',$);
#3061=IFCPROPERTYSET('1fOIE5zvHAIT6$0s$VoQxr',#6,'Pset_BuildingElementProxyCommon',$,(#2378));
#3062=IFCPROPERTYSET('2OA3YEijFPXjgZTe2sd9uA',#6,'Pset_QuantityTakeOff',$,(#2378));
#3063=IFCRELDEFINESBYPROPERTIES('1qfZfEUIGV3NnT8OywWQrj',#6,$,$,(#3060),#3061);
#3064=IFCRELDEFINESBYPROPERTIES('02gGjv3g0NdNnX6CJxxENj',#6,$,$,(#3060),#3062);
#3065=IFCMAPPEDITEM(#2964,#194);
#3066=IFCSHAPEREPRESENTATION(#15,'Body','MappedRepresentation',(#3065));
#3067=IFCPRODUCTDEFINITIONSHAPE($,$,(#3066));
#3068=IFCCARTESIANPOINT((7184.493171005739,7619.6631176918299,557.05999999998801));
#3069=IFCAXIS2PLACEMENT3D(#3068,#199,#1684);
#3070=IFCLOCALPLACEMENT(#24,#3069);
#3071=IFCBUILDINGELEMENTPROXY('1kkNhPW5XF4BusAPV6zRLv',#6,'Tile:Tile 100.4x100.4 Blue:483988',$,$,#3070,#3067,'483988',$);
#3072=IFCPROPERTYSET('0qm_YaVYvppzFDPtjfT5gg',#6,'Pset_BuildingElementProxyCommon',$,(#2378));
#3073=IFCPROPERTYSET('3tJ6qocuYcqauVzv1$Jm62',#6,'Pset_QuantityTakeOff',$,(#2378));
#3074=IFCRELDEFINESBYPROPERTIES('2wSXNTjM_j7ZDI1JDKmDIs',#6,$,$,(#3071),#3072);
#3075=IFCRELDEFINESBYPROPERTIES('0bZOnZLhI7LU5Fvqyt4n2c',#6,$,$,(#3071),#3073);
#3076=IFCMAPPEDITEM(#2964,#194);
#3077=IFCSHAPEREPRESENTATION(#15,'Body','MappedRepresentation',(#3076));
#3078=IFCPRODUCTDEFINITIONSHAPE($,$,(#3077));
#3079=IFCCARTESIANPOINT((7184.4931710057399,7722.0631176918369,998.960000000018));
#3080=IFCAXIS2PLACEMENT3D(#3079,#199,#1684);
#3081=IFCLOCALPLACEMENT(#24,#3080);
#3082=IFCBUILDINGELEMENTPROXY('1kkNhPW5XF4BusAPV6zRLu',#6,'Tile:Tile 100.4x100.4 Blue:483989',$,$,#3081,#3078,'483989',$);
#3083=IFCPROPERTYSET('2HKJwQKivTV2oUJPipxA$K',#6,'Pset_BuildingElementProxyCommon',$,(#2378));
#3084=IFCPROPERTYSET('2_8SckAqYPYg30bHIdsOYt',#6,'Pset_QuantityTakeOff',$,(#2378));
#3085=IFCRELDEFINESBYPROPERTIES('1SjLVyiaTpU5qZ0Z1YsrK$',#6,$,$,(#3082),#3083);
#3086=IFCRELDEFINESBYPROPERTIES('1Hsw5e0ffIkuABDVnLA_Ml',#6,$,$,(#3082),#3084);
#3087=IFCMAPPEDITEM(#2964,#194);
#3088=IFCSHAPEREPRESENTATION(#15,'Body','MappedRepresentation',(#3087));
#3089=IFCPRODUCTDEFINITIONSHAPE($,$,(#3088));
#3090=IFCCARTESIANPOINT((7184.493171005739,7619.6631176918281,998.96000000001777));
#3091=IFCAXIS2PLACEMENT3D(#3090,#199,#1684);
#3092=IFCLOCALPLACEMENT(#24,#3091);
#3093=IFCBUILDINGELEMENTPROXY('1kkNhPW5XF4BusAPV6zRLx',#6,'Tile:Tile 100.4x100.4 Blue:483990',$,$,#3092,#3089,'483990',$);
#3094=IFCPROPERTYSET('1niQAbDJKfDnR7YL_zbhBE',#6,'Pset_BuildingElementProxyCommon',$,(#2378));
#3095=IFCPROPERTYSET('35mTA376Vziu6XuhkEr34t',#6,'Pset_QuantityTakeOff',$,(#2378));
#3096=IFCRELDEFINESBYPROPERTIES('2vA63jGut5hzviYjupNmQi',#6,$,$,(#3093),#3094);
#3097=IFCRELDEFINESBYPROPERTIES('2dDy3O1S8LTkjZEnoXJ0Wc',#6,$,$,(#3093),#3095);
#3098=IFCMAPPEDITEM(#2964,#194);
#3099=IFCSHAPEREPRESENTATION(#15,'Body','MappedRepresentation',(#3098));
#3100=IFCPRODUCTDEFINITIONSHAPE($,$,(#3099));
#3101=IFCCARTESIANPOINT((7184.4931710057399,7722.0631176918369,1101.3600000000147));
#3102=IFCAXIS2PLACEMENT3D(#3101,#199,#1684);
#3103=IFCLOCALPLACEMENT(#24,#3102);
#3104=IFCBUILDINGELEMENTPROXY('1kkNhPW5XF4BusAPV6zRLw',#6,'Tile:Tile 100.4x100.4 Blue:483991',$,$,#3103,#3100,'483991',$);
#3105=IFCPROPERTYSET('1jidjxqMpgF7HrmFCY83ng',#6,'Pset_BuildingElementProxyCommon',$,(#2378));
#3106=IFCPROPERTYSET('1Et$Lp3OoMFEmSSOH69lrz',#6,'Pset_QuantityTakeOff',$,(#2378));
#3107=IFCRELDEFINESBYPROPERTIES('0ZyKkpsfFLHicT4fn7CBlz',#6,$,$,(#3104),#3105);
#3108=IFCRELDEFINESBYPROPERTIES('1F6GVBVZGL31mVpnp2WOYV',#6,$,$,(#3104),#3106);
#3109=IFCMAPPEDITEM(#2964,#194);
#3110=IFCSHAPEREPRESENTATION(#15,'Body','MappedRepresentation',(#3109));
#3111=IFCPRODUCTDEFINITIONSHAPE($,$,(#3110));
#3112=IFCCARTESIANPOINT((7184.493171005739,7619.6631176918281,1101.3600000000145));
#3113=IFCAXIS2PLACEMENT3D(#3112,#199,#1684);
#3114=IFCLOCALPLACEMENT(#24,#3113);
#3115=IFCBUILDINGELEMENTPROXY('1kkNhPW5XF4BusAPV6zRLr',#6,'Tile:Tile 100.4x100.4 Blue:483992',$,$,#3114,#3111,'483992',$);
#3116=IFCPROPERTYSET('3cNQqbsYwRIIZT7IFJqovA',#6,'Pset_BuildingElementProxyCommon',$,(#2378));
#3117=IFCPROPERTYSET('18UuqQp28ozZN31pbNBErK',#6,'Pset_QuantityTakeOff',$,(#2378));
#3118=IFCRELDEFINESBYPROPERTIES('2JelkyTQoSLDXg77Sea5s_',#6,$,$,(#3115),#3116);
#3119=IFCRELDEFINESBYPROPERTIES('2_DHxM_M4KEAMvJ2rfk6hD',#6,$,$,(#3115),#3117);
#3120=IFCMAPPEDITEM(#2964,#194);
#3121=IFCSHAPEREPRESENTATION(#15,'Body','MappedRepresentation',(#3120));
#3122=IFCPRODUCTDEFINITIONSHAPE($,$,(#3121));
#3123=IFCCARTESIANPOINT((7184.4931710057399,7722.0631176918369,1203.7600000000116));
#3124=IFCAXIS2PLACEMENT3D(#3123,#199,#1684);
#3125=IFCLOCALPLACEMENT(#24,#3124);
#3126=IFCBUILDINGELEMENTPROXY('1kkNhPW5XF4BusAPV6zRLq',#6,'Tile:Tile 100.4x100.4 Blue:483993',$,$,#3125,#3122,'483993',$);
#3127=IFCPROPERTYSET('1i5hcmEDj_gpVopAxJp18x',#6,'Pset_BuildingElementProxyCommon',$,(#2378));
#3128=IFCPROPERTYSET('2fVo6GFD6Nm1k6fmm82ZYX',#6,'Pset_QuantityTakeOff',$,(#2378));
#3129=IFCRELDEFINESBYPROPERTIES('1qSWOzUPjHpJzGpuO0AxDJ',#6,$,$,(#3126),#3127);
#3130=IFCRELDEFINESBYPROPERTIES('0OHvCTjwFB3cMS9OSOkBcu',#6,$,$,(#3126),#3128);
#3131=IFCMAPPEDITEM(#2964,#194);
#3132=IFCSHAPEREPRESENTATION(#15,'Body','MappedRepresentation',(#3131));
#3133=IFCPRODUCTDEFINITIONSHAPE($,$,(#3132));
#3134=IFCCARTESIANPOINT((7184.493171005739,7619.6631176918281,1203.7600000000111));
#3135=IFCAXIS2PLACEMENT3D(#3134,#199,#1684);
#3136=IFCLOCALPLACEMENT(#24,#3135);
#3137=IFCBUILDINGELEMENTPROXY('1kkNhPW5XF4BusAPV6zRLt',#6,'Tile:Tile 100.4x100.4 Blue:483994',$,$,#3136,#3133,'483994',$);
#3138=IFCPROPERTYSET('1tALC_RJbm3Dd7wSm2T8ZO',#6,'Pset_BuildingElementProxyCommon',$,(#2378));
#3139=IFCPROPERTYSET('3opgriAS3lNbFdPWAFn5Tw',#6,'Pset_QuantityTakeOff',$,(#2378));
#3140=IFCRELDEFINESBYPROPERTIES('0UuSZPoHzHixhNH6eJnkPX',#6,$,$,(#3137),#3138);
#3141=IFCRELDEFINESBYPROPERTIES('1_ZN3MGWWXKWaT2FHWtxNB',#6,$,$,(#3137),#3139);
#3142=IFCMAPPEDITEM(#2964,#194);
#3143=IFCSHAPEREPRESENTATION(#15,'Body','MappedRepresentation',(#3142));
#3144=IFCPRODUCTDEFINITIONSHAPE($,$,(#3143));
#3145=IFCCARTESIANPOINT((7184.4931710057399,7722.0631176918369,1306.1600000000085));
#3146=IFCAXIS2PLACEMENT3D(#3145,#199,#1684);
#3147=IFCLOCALPLACEMENT(#24,#3146);
#3148=IFCBUILDINGELEMENTPROXY('1kkNhPW5XF4BusAPV6zRLs',#6,'Tile:Tile 100.4x100.4 Blue:483995',$,$,#3147,#3144,'483995',$);
#3149=IFCPROPERTYSET('3moO2qF7vaiuRirXIIHkRF',#6,'Pset_BuildingElementProxyCommon',$,(#2378));
#3150=IFCPROPERTYSET('1DMqKN17NxjU3BGDbFH1Xo',#6,'Pset_QuantityTakeOff',$,(#2378));
#3151=IFCRELDEFINESBYPROPERTIES('2XbGq3DmGAtnRNqsrkYJ90',#6,$,$,(#3148),#3149);
#3152=IFCRELDEFINESBYPROPERTIES('3Kd4bb$CknGHW3cJ45Rezn',#6,$,$,(#3148),#3150);
#3153=IFCMAPPEDITEM(#2964,#194);
#3154=IFCSHAPEREPRESENTATION(#15,'Body','MappedRepresentation',(#3153));
#3155=IFCPRODUCTDEFINITIONSHAPE($,$,(#3154));
#3156=IFCCARTESIANPOINT((7184.493171005739,7619.6631176918281,1306.160000000008));
#3157=IFCAXIS2PLACEMENT3D(#3156,#199,#1684);
#3158=IFCLOCALPLACEMENT(#24,#3157);
#3159=IFCBUILDINGELEMENTPROXY('1kkNhPW5XF4BusAPV6zRLn',#6,'Tile:Tile 100.4x100.4 Blue:483996',$,$,#3158,#3155,'483996',$);
#3160=IFCPROPERTYSET('2sCAzcaSzYTPvhmHF3hrmy',#6,'Pset_BuildingElementProxyCommon',$,(#2378));
#3161=IFCPROPERTYSET('3d7waSvZxcqIkOV_TOsDJH',#6,'Pset_QuantityTakeOff',$,(#2378));
#3162=IFCRELDEFINESBYPROPERTIES('2Hsc2AH09sIeD8OhCB6AQN',#6,$,$,(#3159),#3160);
#3163=IFCRELDEFINESBYPROPERTIES('1rbHmC6pS6sxPl1AZrXs2g',#6,$,$,(#3159),#3161);
#3164=IFCMAPPEDITEM(#2964,#194);
#3165=IFCSHAPEREPRESENTATION(#15,'Body','MappedRepresentation',(#3164));
#3166=IFCPRODUCTDEFINITIONSHAPE($,$,(#3165));
#3167=IFCCARTESIANPOINT((7184.4931710057399,7722.0631176918369,1408.5600000000054));
#3168=IFCAXIS2PLACEMENT3D(#3167,#199,#1684);
#3169=IFCLOCALPLACEMENT(#24,#3168);
#3170=IFCBUILDINGELEMENTPROXY('1kkNhPW5XF4BusAPV6zRLm',#6,'Tile:Tile 100.4x100.4 Blue:483997',$,$,#3169,#3166,'483997',$);
#3171=IFCPROPERTYSET('25HKO88beumjLHUj1g43HE',#6,'Pset_BuildingElementProxyCommon',$,(#2378));
#3172=IFCPROPERTYSET('1Avlrh4hvPrNQoGDCx_Umo',#6,'Pset_QuantityTakeOff',$,(#2378));
#3173=IFCRELDEFINESBYPROPERTIES('03MPlQ1Y_bkyMbPrHXVme8',#6,$,$,(#3170),#3171);
#3174=IFCRELDEFINESBYPROPERTIES('1S29a8juNC8BQKZBxUX1FC',#6,$,$,(#3170),#3172);
#3175=IFCMAPPEDITEM(#2964,#194);
#3176=IFCSHAPEREPRESENTATION(#15,'Body','MappedRepresentation',(#3175));
#3177=IFCPRODUCTDEFINITIONSHAPE($,$,(#3176));
#3178=IFCCARTESIANPOINT((7184.493171005739,7619.6631176918281,1408.5600000000049));
#3179=IFCAXIS2PLACEMENT3D(#3178,#199,#1684);
#3180=IFCLOCALPLACEMENT(#24,#3179);
#3181=IFCBUILDINGELEMENTPROXY('1kkNhPW5XF4BusAPV6zRLp',#6,'Tile:Tile 100.4x100.4 Blue:483998',$,$,#3180,#3177,'483998',$);
#3182=IFCPROPERTYSET('0jvt$8FOno2_y79xwQgCnV',#6,'Pset_BuildingElementProxyCommon',$,(#2378));
#3183=IFCPROPERTYSET('0AdAzrvuTV3VWaS0UCzR3O',#6,'Pset_QuantityTakeOff',$,(#2378));
#3184=IFCRELDEFINESBYPROPERTIES('0UjE8mzhbgVlc$f69q0ktL',#6,$,$,(#3181),#3182);
#3185=IFCRELDEFINESBYPROPERTIES('2j9e1vaXnvcRBUouDfPmlE',#6,$,$,(#3181),#3183);
#3186=IFCCARTESIANPOINT((0.,0.));
#3187=IFCAXIS2PLACEMENT2D(#3186,#170);
#3188=IFCRECTANGLEPROFILEDEF(.AREA.,'Tile 149.5x149.5 Green',#3187,149.5,149.5);
#3189=IFCCARTESIANPOINT((-74.749999999993747,-74.750000000008427,-0.));
#3190=IFCAXIS2PLACEMENT3D(#3189,#34,#35);
#3191=IFCEXTRUDEDAREASOLID(#3188,#3190,#34,6.9999999999999973);
#3192=IFCCOLOURRGB($,0.,0.50196078431372548,0.);
#3193=IFCSURFACESTYLERENDERING(#3192,0.,$,$,$,$,IFCNORMALISEDRATIOMEASURE(0.5),IFCSPECULAREXPONENT(64.),.NOTDEFINED.);
#3194=IFCSURFACESTYLE('Tile Green',.BOTH.,(#3193));
#3195=IFCPRESENTATIONSTYLEASSIGNMENT((#3194));
#3196=IFCSTYLEDITEM(#3191,(#3195),$);
#3197=IFCSHAPEREPRESENTATION(#15,'Body','SweptSolid',(#3191));
#3198=IFCAXIS2PLACEMENT3D(#10,$,$);
#3199=IFCREPRESENTATIONMAP(#3198,#3197);
#3200=IFCBUILDINGELEMENTPROXYTYPE('1zzk4Pvb51xAijoPDrx43M',#6,'Tile:Tile 149.5x149.5 Green',$,$,$,(#3199),'444153',$,.NOTDEFINED.);
#3201=IFCMATERIAL('Tile Green');
#3202=IFCPRESENTATIONSTYLEASSIGNMENT((#3194));
#3203=IFCSTYLEDITEM($,(#3202),$);
#3204=IFCSTYLEDREPRESENTATION(#13,'Style','Material',(#3203));
#3205=IFCMATERIALDEFINITIONREPRESENTATION($,$,(#3204),#3201);
#3206=IFCMAPPEDITEM(#3199,#194);
#3207=IFCSHAPEREPRESENTATION(#15,'Body','MappedRepresentation',(#3206));
#3208=IFCPRODUCTDEFINITIONSHAPE($,$,(#3207));
#3209=IFCCARTESIANPOINT((7184.4931710057399,7922.6631176918527,1660.4600000000087));
#3210=IFCAXIS2PLACEMENT3D(#3209,#199,#34);
#3211=IFCLOCALPLACEMENT(#24,#3210);
#3212=IFCBUILDINGELEMENTPROXY('1kkNhPW5XF4BusAPV6zRIf',#6,'Tile:Tile 149.5x149.5 Green:484164',$,$,#3211,#3208,'484164',$);
#3213=IFCPROPERTYSINGLEVALUE('Reference',$,IFCIDENTIFIER('Tile 149.5x149.5 Green'),$);
#3214=IFCPROPERTYSET('3hgZWKbG07BKalHqFZMT7c',#6,'Pset_BuildingElementProxyCommon',$,(#3213));
#3215=IFCPROPERTYSET('0KgyuR3oYgPimPn9KBaw6h',#6,'Pset_QuantityTakeOff',$,(#3213));
#3216=IFCRELDEFINESBYPROPERTIES('07N2PQqxv10tGLfPHURTd9',#6,$,$,(#3212),#3214);
#3217=IFCRELDEFINESBYPROPERTIES('2GZRtJePN$aWCxKntUMSrZ',#6,$,$,(#3212),#3215);
#3218=IFCMAPPEDITEM(#3199,#194);
#3219=IFCSHAPEREPRESENTATION(#15,'Body','MappedRepresentation',(#3218));
#3220=IFCPRODUCTDEFINITIONSHAPE($,$,(#3219));
#3221=IFCCARTESIANPOINT((7184.4931710057399,7771.1631176918527,1660.4600000000082));
#3222=IFCAXIS2PLACEMENT3D(#3221,#199,#34);
#3223=IFCLOCALPLACEMENT(#24,#3222);
#3224=IFCBUILDINGELEMENTPROXY('1kkNhPW5XF4BusAPV6zRIe',#6,'Tile:Tile 149.5x149.5 Green:484165',$,$,#3223,#3220,'484165',$);
#3225=IFCPROPERTYSET('1899R9i$ampLq3iOH7Tlr5',#6,'Pset_BuildingElementProxyCommon',$,(#3213));
#3226=IFCPROPERTYSET('0tVBQeeP$U69h518G2Ey21',#6,'Pset_QuantityTakeOff',$,(#3213));
#3227=IFCRELDEFINESBYPROPERTIES('2t0nGjMGMjOOcXaWAFa5n5',#6,$,$,(#3224),#3225);
#3228=IFCRELDEFINESBYPROPERTIES('2PBUp2XZVLN3x$rF1tnGtP',#6,$,$,(#3224),#3226);
#3229=IFCMAPPEDITEM(#3199,#194);
#3230=IFCSHAPEREPRESENTATION(#15,'Body','MappedRepresentation',(#3229));
#3231=IFCPRODUCTDEFINITIONSHAPE($,$,(#3230));
#3232=IFCCARTESIANPOINT((7184.493171005739,7619.6631176918527,1660.4600000000055));
#3233=IFCAXIS2PLACEMENT3D(#3232,#199,#34);
#3234=IFCLOCALPLACEMENT(#24,#3233);
#3235=IFCBUILDINGELEMENTPROXY('1kkNhPW5XF4BusAPV6zRIh',#6,'Tile:Tile 149.5x149.5 Green:484166',$,$,#3234,#3231,'484166',$);
#3236=IFCPROPERTYSET('0nBzpIiuzoKIbbU8Zf$JH5',#6,'Pset_BuildingElementProxyCommon',$,(#3213));
#3237=IFCPROPERTYSET('1MQauktnI921dhM0p4nnIM',#6,'Pset_QuantityTakeOff',$,(#3213));
#3238=IFCRELDEFINESBYPROPERTIES('0pX3NxeGkqRB6$3kq$1laF',#6,$,$,(#3235),#3236);
#3239=IFCRELDEFINESBYPROPERTIES('2nH8Y49Trv8MhpxFTDSAmV',#6,$,$,(#3235),#3237);
#3240=IFCMAPPEDITEM(#3199,#194);
#3241=IFCSHAPEREPRESENTATION(#15,'Body','MappedRepresentation',(#3240));
#3242=IFCPRODUCTDEFINITIONSHAPE($,$,(#3241));
#3243=IFCCARTESIANPOINT((7184.493171005739,7468.1631176918518,1660.4600000000082));
#3244=IFCAXIS2PLACEMENT3D(#3243,#199,#34);
#3245=IFCLOCALPLACEMENT(#24,#3244);
#3246=IFCBUILDINGELEMENTPROXY('1kkNhPW5XF4BusAPV6zRIg',#6,'Tile:Tile 149.5x149.5 Green:484167',$,$,#3245,#3242,'484167',$);
#3247=IFCPROPERTYSET('3Qcu3HzBKyZExBmKv0vbJg',#6,'Pset_BuildingElementProxyCommon',$,(#3213));
#3248=IFCPROPERTYSET('2cWEW4hdv9NoWyKVyDjW95',#6,'Pset_QuantityTakeOff',$,(#3213));
#3249=IFCRELDEFINESBYPROPERTIES('2sgOJRcDv1Fsd3q4vlOQfl',#6,$,$,(#3246),#3247);
#3250=IFCRELDEFINESBYPROPERTIES('00W6NOk_4Fyrk$hchaqDkP',#6,$,$,(#3246),#3248);
#3251=IFCMAPPEDITEM(#3199,#194);
#3252=IFCSHAPEREPRESENTATION(#15,'Body','MappedRepresentation',(#3251));
#3253=IFCPRODUCTDEFINITIONSHAPE($,$,(#3252));
#3254=IFCCARTESIANPOINT((7184.4931710057399,7922.6631176918545,1508.9600000000087));
#3255=IFCAXIS2PLACEMENT3D(#3254,#199,#34);
#3256=IFCLOCALPLACEMENT(#24,#3255);
#3257=IFCBUILDINGELEMENTPROXY('1kkNhPW5XF4BusAPV6zRIb',#6,'Tile:Tile 149.5x149.5 Green:484168',$,$,#3256,#3253,'484168',$);
#3258=IFCPROPERTYSET('08rPyAIlrAtwu9yEkPFJYN',#6,'Pset_BuildingElementProxyCommon',$,(#3213));
#3259=IFCPROPERTYSET('1zhEXn1Sn3CooZUFm1pmwA',#6,'Pset_QuantityTakeOff',$,(#3213));
#3260=IFCRELDEFINESBYPROPERTIES('1VJjZ2NSmLB5TUYTrjM4Q7',#6,$,$,(#3257),#3258);
#3261=IFCRELDEFINESBYPROPERTIES('3kY1GDbuQzFp4wliS3zz5b',#6,$,$,(#3257),#3259);
#3262=IFCMAPPEDITEM(#3199,#194);
#3263=IFCSHAPEREPRESENTATION(#15,'Body','MappedRepresentation',(#3262));
#3264=IFCPRODUCTDEFINITIONSHAPE($,$,(#3263));
#3265=IFCCARTESIANPOINT((7184.493171005739,7468.1631176918545,1508.9600000000082));
#3266=IFCAXIS2PLACEMENT3D(#3265,#199,#34);
#3267=IFCLOCALPLACEMENT(#24,#3266);
#3268=IFCBUILDINGELEMENTPROXY('1kkNhPW5XF4BusAPV6zRIa',#6,'Tile:Tile 149.5x149.5 Green:484169',$,$,#3267,#3264,'484169',$);
#3269=IFCPROPERTYSET('2odJZ3sE6yMqN5qVItfoY_',#6,'Pset_BuildingElementProxyCommon',$,(#3213));
#3270=IFCPROPERTYSET('0NEVk7A6C7zP9nQMwpUevm',#6,'Pset_QuantityTakeOff',$,(#3213));
#3271=IFCRELDEFINESBYPROPERTIES('1Elb63QlPTTeMM9k4A55J5',#6,$,$,(#3268),#3269);
#3272=IFCRELDEFINESBYPROPERTIES('3btUhuAiMYIzP3zgtBi5To',#6,$,$,(#3268),#3270);
#3273=IFCMAPPEDITEM(#3199,#194);
#3274=IFCSHAPEREPRESENTATION(#15,'Body','MappedRepresentation',(#3273));
#3275=IFCPRODUCTDEFINITIONSHAPE($,$,(#3274));
#3276=IFCCARTESIANPOINT((7184.4931710057399,7922.6631176918527,1357.4600000000087));
#3277=IFCAXIS2PLACEMENT3D(#3276,#199,#34);
#3278=IFCLOCALPLACEMENT(#24,#3277);
#3279=IFCBUILDINGELEMENTPROXY('1kkNhPW5XF4BusAPV6zRId',#6,'Tile:Tile 149.5x149.5 Green:484170',$,$,#3278,#3275,'484170',$);
#3280=IFCPROPERTYSET('39z1j1ZJgjBqR$Uv8TntM8',#6,'Pset_BuildingElementProxyCommon',$,(#3213));
#3281=IFCPROPERTYSET('1YbeL9tHRBb_HVHrvvf6_M',#6,'Pset_QuantityTakeOff',$,(#3213));
#3282=IFCRELDEFINESBYPROPERTIES('0Q$wMGat0AQXMd$OCIhpcB',#6,$,$,(#3279),#3280);
#3283=IFCRELDEFINESBYPROPERTIES('3oyBdAcytuhtKzCT53Na5j',#6,$,$,(#3279),#3281);
#3284=IFCMAPPEDITEM(#3199,#194);
#3285=IFCSHAPEREPRESENTATION(#15,'Body','MappedRepresentation',(#3284));
#3286=IFCPRODUCTDEFINITIONSHAPE($,$,(#3285));
#3287=IFCCARTESIANPOINT((7184.493171005739,7468.1631176918518,1357.4600000000082));
#3288=IFCAXIS2PLACEMENT3D(#3287,#199,#34);
#3289=IFCLOCALPLACEMENT(#24,#3288);
#3290=IFCBUILDINGELEMENTPROXY('1kkNhPW5XF4BusAPV6zRIc',#6,'Tile:Tile 149.5x149.5 Green:484171',$,$,#3289,#3286,'484171',$);
#3291=IFCPROPERTYSET('2OIJWVRnjISkeHTxnYUSSB',#6,'Pset_BuildingElementProxyCommon',$,(#3213));
#3292=IFCPROPERTYSET('0MVojA5nMD12DhS5eOpnqo',#6,'Pset_QuantityTakeOff',$,(#3213));
#3293=IFCRELDEFINESBYPROPERTIES('25NfW5FGv72aJzj1$anOqn',#6,$,$,(#3290),#3291);
#3294=IFCRELDEFINESBYPROPERTIES('01pu1SDGL3PWsOyCDYbxS_',#6,$,$,(#3290),#3292);
#3295=IFCMAPPEDITEM(#3199,#194);
#3296=IFCSHAPEREPRESENTATION(#15,'Body','MappedRepresentation',(#3295));
#3297=IFCPRODUCTDEFINITIONSHAPE($,$,(#3296));
#3298=IFCCARTESIANPOINT((7184.4931710057399,7922.6631176918527,1205.9600000000089));
#3299=IFCAXIS2PLACEMENT3D(#3298,#199,#34);
#3300=IFCLOCALPLACEMENT(#24,#3299);
#3301=IFCBUILDINGELEMENTPROXY('1kkNhPW5XF4BusAPV6zRIX',#6,'Tile:Tile 149.5x149.5 Green:484172',$,$,#3300,#3297,'484172',$);
#3302=IFCPROPERTYSET('2kILS8JGPqj$gswU_Ygarn',#6,'Pset_BuildingElementProxyCommon',$,(#3213));
#3303=IFCPROPERTYSET('3DTfYVHlJSHz04xO1JhTWR',#6,'Pset_QuantityTakeOff',$,(#3213));
#3304=IFCRELDEFINESBYPROPERTIES('0KmaAowvp6dQ2uqHGDRkJr',#6,$,$,(#3301),#3302);
#3305=IFCRELDEFINESBYPROPERTIES('0Dw5XJLTxiDcywq7eEzHYj',#6,$,$,(#3301),#3303);
#3306=IFCMAPPEDITEM(#3199,#194);
#3307=IFCSHAPEREPRESENTATION(#15,'Body','MappedRepresentation',(#3306));
#3308=IFCPRODUCTDEFINITIONSHAPE($,$,(#3307));
#3309=IFCCARTESIANPOINT((7184.493171005739,7468.1631176918518,1205.9600000000082));
#3310=IFCAXIS2PLACEMENT3D(#3309,#199,#34);
#3311=IFCLOCALPLACEMENT(#24,#3310);
#3312=IFCBUILDINGELEMENTPROXY('1kkNhPW5XF4BusAPV6zRIW',#6,'Tile:Tile 149.5x149.5 Green:484173',$,$,#3311,#3308,'484173',$);
#3313=IFCPROPERTYSET('0_gSdkL1P5l8W7O4ABPJsZ',#6,'Pset_BuildingElementProxyCommon',$,(#3213));
#3314=IFCPROPERTYSET('2oJPx8Cm7sjZyydPK4mqtu',#6,'Pset_QuantityTakeOff',$,(#3213));
#3315=IFCRELDEFINESBYPROPERTIES('19gt2MZ8asZ_PiFFNE0_oR',#6,$,$,(#3312),#3313);
#3316=IFCRELDEFINESBYPROPERTIES('1v6Sj8EMyqQ9DWN54I824C',#6,$,$,(#3312),#3314);
#3317=IFCMAPPEDITEM(#3199,#194);
#3318=IFCSHAPEREPRESENTATION(#15,'Body','MappedRepresentation',(#3317));
#3319=IFCPRODUCTDEFINITIONSHAPE($,$,(#3318));
#3320=IFCCARTESIANPOINT((7184.4931710057399,7922.6631176918527,1054.4600000000089));
#3321=IFCAXIS2PLACEMENT3D(#3320,#199,#34);
#3322=IFCLOCALPLACEMENT(#24,#3321);
#3323=IFCBUILDINGELEMENTPROXY('1kkNhPW5XF4BusAPV6zRIZ',#6,'Tile:Tile 149.5x149.5 Green:484174',$,$,#3322,#3319,'484174',$);
#3324=IFCPROPERTYSET('1YOvc3RVjYlSZ_TOToz3zX',#6,'Pset_BuildingElementProxyCommon',$,(#3213));
#3325=IFCPROPERTYSET('2YmyYnD_Jp5kOK5OYdn55c',#6,'Pset_QuantityTakeOff',$,(#3213));
#3326=IFCRELDEFINESBYPROPERTIES('1eSvQR8nzz2s4iNulURsY5',#6,$,$,(#3323),#3324);
#3327=IFCRELDEFINESBYPROPERTIES('1QUeqTaTdPxOACKgiNIY9d',#6,$,$,(#3323),#3325);
#3328=IFCMAPPEDITEM(#3199,#194);
#3329=IFCSHAPEREPRESENTATION(#15,'Body','MappedRepresentation',(#3328));
#3330=IFCPRODUCTDEFINITIONSHAPE($,$,(#3329));
#3331=IFCCARTESIANPOINT((7184.493171005739,7468.1631176918518,1054.4600000000084));
#3332=IFCAXIS2PLACEMENT3D(#3331,#199,#34);
#3333=IFCLOCALPLACEMENT(#24,#3332);
#3334=IFCBUILDINGELEMENTPROXY('1kkNhPW5XF4BusAPV6zRIY',#6,'Tile:Tile 149.5x149.5 Green:484175',$,$,#3333,#3330,'484175',$);
#3335=IFCPROPERTYSET('3pDyD88untakZchFvxyYCy',#6,'Pset_BuildingElementProxyCommon',$,(#3213));
#3336=IFCPROPERTYSET('3Jb39ujgZz1xbnMM3Aeeck',#6,'Pset_QuantityTakeOff',$,(#3213));
#3337=IFCRELDEFINESBYPROPERTIES('06iiM6cDc969Vy96xS3wyZ',#6,$,$,(#3334),#3335);
#3338=IFCRELDEFINESBYPROPERTIES('3CVrUeLT2Uu_hlH3dbc0si',#6,$,$,(#3334),#3336);
#3339=IFCMAPPEDITEM(#3199,#194);
#3340=IFCSHAPEREPRESENTATION(#15,'Body','MappedRepresentation',(#3339));
#3341=IFCPRODUCTDEFINITIONSHAPE($,$,(#3340));
#3342=IFCCARTESIANPOINT((7184.4931710057399,7922.6631176918527,902.96000000000902));
#3343=IFCAXIS2PLACEMENT3D(#3342,#199,#34);
#3344=IFCLOCALPLACEMENT(#24,#3343);
#3345=IFCBUILDINGELEMENTPROXY('1kkNhPW5XF4BusAPV6zRIz',#6,'Tile:Tile 149.5x149.5 Green:484176',$,$,#3344,#3341,'484176',$);
#3346=IFCPROPERTYSET('3sYT1PJfxvXY6U3pA35Vlf',#6,'Pset_BuildingElementProxyCommon',$,(#3213));
#3347=IFCPROPERTYSET('0b2KLiG8TLZNSFKJ4CuTz3',#6,'Pset_QuantityTakeOff',$,(#3213));
#3348=IFCRELDEFINESBYPROPERTIES('1bPt$JMptbzK6mES$_hiBh',#6,$,$,(#3345),#3346);
#3349=IFCRELDEFINESBYPROPERTIES('00BgZlBOBfkNTwJ9HHFEzL',#6,$,$,(#3345),#3347);
#3350=IFCMAPPEDITEM(#3199,#194);
#3351=IFCSHAPEREPRESENTATION(#15,'Body','MappedRepresentation',(#3350));
#3352=IFCPRODUCTDEFINITIONSHAPE($,$,(#3351));
#3353=IFCCARTESIANPOINT((7184.4931710057399,7771.1631176918527,902.96000000000845));
#3354=IFCAXIS2PLACEMENT3D(#3353,#199,#34);
#3355=IFCLOCALPLACEMENT(#24,#3354);
#3356=IFCBUILDINGELEMENTPROXY('1kkNhPW5XF4BusAPV6zRIy',#6,'Tile:Tile 149.5x149.5 Green:484177',$,$,#3355,#3352,'484177',$);
#3357=IFCPROPERTYSET('32muik1q3ZULlBxRPYPQpL',#6,'Pset_BuildingElementProxyCommon',$,(#3213));
#3358=IFCPROPERTYSET('2F$hbK6Co1IXWPsf3ZjEnD',#6,'Pset_QuantityTakeOff',$,(#3213));
#3359=IFCRELDEFINESBYPROPERTIES('27vohrDB4UroxrrFe0Ywls',#6,$,$,(#3356),#3357);
#3360=IFCRELDEFINESBYPROPERTIES('3gWjMVQKF6j2jUmh76aio6',#6,$,$,(#3356),#3358);
#3361=IFCMAPPEDITEM(#3199,#194);
#3362=IFCSHAPEREPRESENTATION(#15,'Body','MappedRepresentation',(#3361));
#3363=IFCPRODUCTDEFINITIONSHAPE($,$,(#3362));
#3364=IFCCARTESIANPOINT((7184.493171005739,7619.6631176918527,902.96000000000572));
#3365=IFCAXIS2PLACEMENT3D(#3364,#199,#34);
#3366=IFCLOCALPLACEMENT(#24,#3365);
#3367=IFCBUILDINGELEMENTPROXY('1kkNhPW5XF4BusAPV6zRI$',#6,'Tile:Tile 149.5x149.5 Green:484178',$,$,#3366,#3363,'484178',$);
#3368=IFCPROPERTYSET('0R6XccD9VSPhjaBrBuALcH',#6,'Pset_BuildingElementProxyCommon',$,(#3213));
#3369=IFCPROPERTYSET('1jKIakU8PR_r4yLPUO1ZcQ',#6,'Pset_QuantityTakeOff',$,(#3213));
#3370=IFCRELDEFINESBYPROPERTIES('2t6f3DENbzzrs7EWmtst7w',#6,$,$,(#3367),#3368);
#3371=IFCRELDEFINESBYPROPERTIES('3y3P5uaZS_X016aun$p1Ym',#6,$,$,(#3367),#3369);
#3372=IFCMAPPEDITEM(#3199,#194);
#3373=IFCSHAPEREPRESENTATION(#15,'Body','MappedRepresentation',(#3372));
#3374=IFCPRODUCTDEFINITIONSHAPE($,$,(#3373));
#3375=IFCCARTESIANPOINT((7184.493171005739,7468.1631176918518,902.96000000000845));
#3376=IFCAXIS2PLACEMENT3D(#3375,#199,#34);
#3377=IFCLOCALPLACEMENT(#24,#3376);
#3378=IFCBUILDINGELEMENTPROXY('1kkNhPW5XF4BusAPV6zRI_',#6,'Tile:Tile 149.5x149.5 Green:484179',$,$,#3377,#3374,'484179',$);
#3379=IFCPROPERTYSET('2VSHDHFwX_r9nRie_lqJr3',#6,'Pset_BuildingElementProxyCommon',$,(#3213));
#3380=IFCPROPERTYSET('3m7ZlJvtWXNRVaI50tS3I4',#6,'Pset_QuantityTakeOff',$,(#3213));
#3381=IFCRELDEFINESBYPROPERTIES('0_Sq103XmRKNlImJOMwqCi',#6,$,$,(#3378),#3379);
#3382=IFCRELDEFINESBYPROPERTIES('3rysFyFiC9f7H1dca1N2hq',#6,$,$,(#3378),#3380);
#3383=IFCMAPPEDITEM(#3199,#194);
#3384=IFCSHAPEREPRESENTATION(#15,'Body','MappedRepresentation',(#3383));
#3385=IFCPRODUCTDEFINITIONSHAPE($,$,(#3384));
#3386=IFCCARTESIANPOINT((7184.4931710057399,7922.6631176918527,751.46000000000902));
#3387=IFCAXIS2PLACEMENT3D(#3386,#199,#34);
#3388=IFCLOCALPLACEMENT(#24,#3387);
#3389=IFCBUILDINGELEMENTPROXY('1kkNhPW5XF4BusAPV6zRIv',#6,'Tile:Tile 149.5x149.5 Green:484180',$,$,#3388,#3385,'484180',$);
#3390=IFCPROPERTYSET('1ZWKeJyQWyjEEGcm76yXEr',#6,'Pset_BuildingElementProxyCommon',$,(#3213));
#3391=IFCPROPERTYSET('2ybz6HQzvDZMIgxecFUnO7',#6,'Pset_QuantityTakeOff',$,(#3213));
#3392=IFCRELDEFINESBYPROPERTIES('1CvxBl8bOIZWf$BWGYbW2$',#6,$,$,(#3389),#3390);
#3393=IFCRELDEFINESBYPROPERTIES('3MoKZaDLx1SGeieZMs4qyi',#6,$,$,(#3389),#3391);
#3394=IFCMAPPEDITEM(#3199,#194);
#3395=IFCSHAPEREPRESENTATION(#15,'Body','MappedRepresentation',(#3394));
#3396=IFCPRODUCTDEFINITIONSHAPE($,$,(#3395));
#3397=IFCCARTESIANPOINT((7184.493171005739,7468.1631176918518,751.46000000000845));
#3398=IFCAXIS2PLACEMENT3D(#3397,#199,#34);
#3399=IFCLOCALPLACEMENT(#24,#3398);
#3400=IFCBUILDINGELEMENTPROXY('1kkNhPW5XF4BusAPV6zRIu',#6,'Tile:Tile 149.5x149.5 Green:484181',$,$,#3399,#3396,'484181',$);
#3401=IFCPROPERTYSET('2jhnVMZxuqmfdhMJ3_eUb_',#6,'Pset_BuildingElementProxyCommon',$,(#3213));
#3402=IFCPROPERTYSET('3EDGIpgBk4JsNgE9z_Sos2',#6,'Pset_QuantityTakeOff',$,(#3213));
#3403=IFCRELDEFINESBYPROPERTIES('30H6Zeohd6w1cjOwd_fDS2',#6,$,$,(#3400),#3401);
#3404=IFCRELDEFINESBYPROPERTIES('0x42EIjAdjiTgEX4mv1sVu',#6,$,$,(#3400),#3402);
#3405=IFCMAPPEDITEM(#3199,#194);
#3406=IFCSHAPEREPRESENTATION(#15,'Body','MappedRepresentation',(#3405));
#3407=IFCPRODUCTDEFINITIONSHAPE($,$,(#3406));
#3408=IFCCARTESIANPOINT((7184.4931710057399,7922.6631176918527,599.96000000000902));
#3409=IFCAXIS2PLACEMENT3D(#3408,#199,#34);
#3410=IFCLOCALPLACEMENT(#24,#3409);
#3411=IFCBUILDINGELEMENTPROXY('1kkNhPW5XF4BusAPV6zRIx',#6,'Tile:Tile 149.5x149.5 Green:484182',$,$,#3410,#3407,'484182',$);
#3412=IFCPROPERTYSET('3RwaMJuvKqsXkp2J9hV0U$',#6,'Pset_BuildingElementProxyCommon',$,(#3213));
#3413=IFCPROPERTYSET('2YOvzabnECi4IT34DGJ5KX',#6,'Pset_QuantityTakeOff',$,(#3213));
#3414=IFCRELDEFINESBYPROPERTIES('2W0Tqr_OrE4ON1TCepbIct',#6,$,$,(#3411),#3412);
#3415=IFCRELDEFINESBYPROPERTIES('1CIgG5ywcf7A$vxFVqqcwz',#6,$,$,(#3411),#3413);
#3416=IFCMAPPEDITEM(#3199,#194);
#3417=IFCSHAPEREPRESENTATION(#15,'Body','MappedRepresentation',(#3416));
#3418=IFCPRODUCTDEFINITIONSHAPE($,$,(#3417));
#3419=IFCCARTESIANPOINT((7184.493171005739,7468.1631176918518,599.96000000000845));
#3420=IFCAXIS2PLACEMENT3D(#3419,#199,#34);
#3421=IFCLOCALPLACEMENT(#24,#3420);
#3422=IFCBUILDINGELEMENTPROXY('1kkNhPW5XF4BusAPV6zRIw',#6,'Tile:Tile 149.5x149.5 Green:484183',$,$,#3421,#3418,'484183',$);
#3423=IFCPROPERTYSET('0GjvpdHnYHykqUo8w5nriO',#6,'Pset_BuildingElementProxyCommon',$,(#3213));
#3424=IFCPROPERTYSET('3MhkiSgb8W2KS0p1tpct07',#6,'Pset_QuantityTakeOff',$,(#3213));
#3425=IFCRELDEFINESBYPROPERTIES('0kBmqP7a_ddfz06ZeZD2fY',#6,$,$,(#3422),#3423);
#3426=IFCRELDEFINESBYPROPERTIES('24vl6uHeFtjyZGSbeEIa7W',#6,$,$,(#3422),#3424);
#3427=IFCMAPPEDITEM(#3199,#194);
#3428=IFCSHAPEREPRESENTATION(#15,'Body','MappedRepresentation',(#3427));
#3429=IFCPRODUCTDEFINITIONSHAPE($,$,(#3428));
#3430=IFCCARTESIANPOINT((7184.4931710057399,7922.6631176918527,448.46000000000907));
#3431=IFCAXIS2PLACEMENT3D(#3430,#199,#34);
#3432=IFCLOCALPLACEMENT(#24,#3431);
#3433=IFCBUILDINGELEMENTPROXY('1kkNhPW5XF4BusAPV6zRIr',#6,'Tile:Tile 149.5x149.5 Green:484184',$,$,#3432,#3429,'484184',$);
#3434=IFCPROPERTYSET('0Oc1Bea7MWi7p4bpO_XGoB',#6,'Pset_BuildingElementProxyCommon',$,(#3213));
#3435=IFCPROPERTYSET('2s6k9wcKdquY7l7f2AQW9c',#6,'Pset_QuantityTakeOff',$,(#3213));
#3436=IFCRELDEFINESBYPROPERTIES('1VImunlWCl8f0Mduv$wJ3x',#6,$,$,(#3433),#3434);
#3437=IFCRELDEFINESBYPROPERTIES('3CJxoh57nEUwmyMkGlT6Qo',#6,$,$,(#3433),#3435);
#3438=IFCMAPPEDITEM(#3199,#194);
#3439=IFCSHAPEREPRESENTATION(#15,'Body','MappedRepresentation',(#3438));
#3440=IFCPRODUCTDEFINITIONSHAPE($,$,(#3439));
#3441=IFCCARTESIANPOINT((7184.493171005739,7468.1631176918518,448.46000000000856));
#3442=IFCAXIS2PLACEMENT3D(#3441,#199,#34);
#3443=IFCLOCALPLACEMENT(#24,#3442);
#3444=IFCBUILDINGELEMENTPROXY('1kkNhPW5XF4BusAPV6zRIq',#6,'Tile:Tile 149.5x149.5 Green:484185',$,$,#3443,#3440,'484185',$);
#3445=IFCPROPERTYSET('1nFezNXsfdSqz1Xmyw2iwp',#6,'Pset_BuildingElementProxyCommon',$,(#3213));
#3446=IFCPROPERTYSET('13OsqOJ66oiXk3NXHi9aaw',#6,'Pset_QuantityTakeOff',$,(#3213));
#3447=IFCRELDEFINESBYPROPERTIES('1ZU_Qxvr1aAovormcGz4L6',#6,$,$,(#3444),#3445);
#3448=IFCRELDEFINESBYPROPERTIES('1YOoKGqFCvOS_EcI$9SZUR',#6,$,$,(#3444),#3446);
#3449=IFCMAPPEDITEM(#3199,#194);
#3450=IFCSHAPEREPRESENTATION(#15,'Body','MappedRepresentation',(#3449));
#3451=IFCPRODUCTDEFINITIONSHAPE($,$,(#3450));
#3452=IFCCARTESIANPOINT((7184.4931710057399,7922.6631176918527,296.96000000000919));
#3453=IFCAXIS2PLACEMENT3D(#3452,#199,#34);
#3454=IFCLOCALPLACEMENT(#24,#3453);
#3455=IFCBUILDINGELEMENTPROXY('1kkNhPW5XF4BusAPV6zRIt',#6,'Tile:Tile 149.5x149.5 Green:484186',$,$,#3454,#3451,'484186',$);
#3456=IFCPROPERTYSET('3e9ME0Oc$76DCW6y87fmBb',#6,'Pset_BuildingElementProxyCommon',$,(#3213));
#3457=IFCPROPERTYSET('1iTubsbquHHjyRPcuS1JSe',#6,'Pset_QuantityTakeOff',$,(#3213));
#3458=IFCRELDEFINESBYPROPERTIES('2GacFi86F$3hO_rVVnyXIL',#6,$,$,(#3455),#3456);
#3459=IFCRELDEFINESBYPROPERTIES('0PwDxv6lHurkJwfLnDs2Kj',#6,$,$,(#3455),#3457);
#3460=IFCMAPPEDITEM(#3199,#194);
#3461=IFCSHAPEREPRESENTATION(#15,'Body','MappedRepresentation',(#3460));
#3462=IFCPRODUCTDEFINITIONSHAPE($,$,(#3461));
#3463=IFCCARTESIANPOINT((7184.493171005739,7468.1631176918518,296.96000000000862));
#3464=IFCAXIS2PLACEMENT3D(#3463,#199,#34);
#3465=IFCLOCALPLACEMENT(#24,#3464);
#3466=IFCBUILDINGELEMENTPROXY('1kkNhPW5XF4BusAPV6zRIs',#6,'Tile:Tile 149.5x149.5 Green:484187',$,$,#3465,#3462,'484187',$);
#3467=IFCPROPERTYSET('3eAu$$pIp_m279S6J_u1J1',#6,'Pset_BuildingElementProxyCommon',$,(#3213));
#3468=IFCPROPERTYSET('1GU0iqOZxIsqts_$aQJoW6',#6,'Pset_QuantityTakeOff',$,(#3213));
#3469=IFCRELDEFINESBYPROPERTIES('2kJDoEXTV5cmIqLYwhBKMP',#6,$,$,(#3466),#3467);
#3470=IFCRELDEFINESBYPROPERTIES('3PS56E0hIfpqxepxWik1cr',#6,$,$,(#3466),#3468);
#3471=IFCCARTESIANPOINT((0.,0.));
#3472=IFCAXIS2PLACEMENT2D(#3471,#170);
#3473=IFCRECTANGLEPROFILEDEF(.AREA.,'Tile 149.5x149.5 Green',#3472,131.19900000000001,149.5);
#3474=IFCCARTESIANPOINT((-65.599499999993739,-74.750000000008427,-0.));
#3475=IFCAXIS2PLACEMENT3D(#3474,#34,#199);
#3476=IFCEXTRUDEDAREASOLID(#3473,#3475,#34,6.9999999999999973);
#3477=IFCSTYLEDITEM(#3476,(#3195),$);
#3478=IFCSHAPEREPRESENTATION(#15,'Body','SweptSolid',(#3476));
#3479=IFCAXIS2PLACEMENT3D(#10,$,$);
#3480=IFCREPRESENTATIONMAP(#3479,#3478);
#3481=IFCBUILDINGELEMENTPROXYTYPE('1zzk4Pvb51xAijoPDrx4hx',#6,'Tile:Tile 149.5x149.5 Green',$,$,$,(#3480),'444153',$,.NOTDEFINED.);
#3482=IFCMAPPEDITEM(#3480,#194);
#3483=IFCSHAPEREPRESENTATION(#15,'Body','MappedRepresentation',(#3482));
#3484=IFCPRODUCTDEFINITIONSHAPE($,$,(#3483));
#3485=IFCCARTESIANPOINT((7184.4931710057399,7922.6631176918527,145.46000000000925));
#3486=IFCAXIS2PLACEMENT3D(#3485,#199,#34);
#3487=IFCLOCALPLACEMENT(#24,#3486);
#3488=IFCBUILDINGELEMENTPROXY('1kkNhPW5XF4BusAPV6zRIn',#6,'Tile:Tile 149.5x149.5 Green:484188',$,$,#3487,#3484,'484188',$);
#3489=IFCPROPERTYSET('0Bfh_QkuiZmgPyL3EbetYA',#6,'Pset_BuildingElementProxyCommon',$,(#3213));
#3490=IFCPROPERTYSET('0L6eyU9sRSHmhJQT9tO1C5',#6,'Pset_QuantityTakeOff',$,(#3213));
#3491=IFCRELDEFINESBYPROPERTIES('0iuGAzkxX2mSLh68KbPbP3',#6,$,$,(#3488),#3489);
#3492=IFCRELDEFINESBYPROPERTIES('3D2tcO2ILDQPIZRNPHmf9e',#6,$,$,(#3488),#3490);
#3493=IFCMAPPEDITEM(#3480,#194);
#3494=IFCSHAPEREPRESENTATION(#15,'Body','MappedRepresentation',(#3493));
#3495=IFCPRODUCTDEFINITIONSHAPE($,$,(#3494));
#3496=IFCCARTESIANPOINT((7184.4931710057399,7771.1631176918527,145.46000000000871));
#3497=IFCAXIS2PLACEMENT3D(#3496,#199,#34);
#3498=IFCLOCALPLACEMENT(#24,#3497);
#3499=IFCBUILDINGELEMENTPROXY('1kkNhPW5XF4BusAPV6zRIm',#6,'Tile:Tile 149.5x149.5 Green:484189',$,$,#3498,#3495,'484189',$);
#3500=IFCPROPERTYSET('0YWlAR$asbi4YABsaLaAjK',#6,'Pset_BuildingElementProxyCommon',$,(#3213));
#3501=IFCPROPERTYSET('2W0A7sPC4DtAZCpZWSy8ck',#6,'Pset_QuantityTakeOff',$,(#3213));
#3502=IFCRELDEFINESBYPROPERTIES('1uq0PKjjqywbbrpXZ76ztl',#6,$,$,(#3499),#3500);
#3503=IFCRELDEFINESBYPROPERTIES('1zZEIBSAdwc4ygGjkJDMRN',#6,$,$,(#3499),#3501);
#3504=IFCMAPPEDITEM(#3480,#194);
#3505=IFCSHAPEREPRESENTATION(#15,'Body','MappedRepresentation',(#3504));
#3506=IFCPRODUCTDEFINITIONSHAPE($,$,(#3505));
#3507=IFCCARTESIANPOINT((7184.493171005739,7619.6631176918527,145.46000000000598));
#3508=IFCAXIS2PLACEMENT3D(#3507,#199,#34);
#3509=IFCLOCALPLACEMENT(#24,#3508);
#3510=IFCBUILDINGELEMENTPROXY('1kkNhPW5XF4BusAPV6zRIp',#6,'Tile:Tile 149.5x149.5 Green:484190',$,$,#3509,#3506,'484190',$);
#3511=IFCPROPERTYSET('3H6N7KxFeEopMzhZ0hwBmU',#6,'Pset_BuildingElementProxyCommon',$,(#3213));
#3512=IFCPROPERTYSET('0kHK0OteHCo$eiBb9VGrkq',#6,'Pset_QuantityTakeOff',$,(#3213));
#3513=IFCRELDEFINESBYPROPERTIES('2CLX9KnR96G8FNpCQzq$ul',#6,$,$,(#3510),#3511);
#3514=IFCRELDEFINESBYPROPERTIES('2xLwGzOMyGT2f0B3GPEvS2',#6,$,$,(#3510),#3512);
#3515=IFCMAPPEDITEM(#3480,#194);
#3516=IFCSHAPEREPRESENTATION(#15,'Body','MappedRepresentation',(#3515));
#3517=IFCPRODUCTDEFINITIONSHAPE($,$,(#3516));
#3518=IFCCARTESIANPOINT((7184.493171005739,7468.1631176918518,145.46000000000871));
#3519=IFCAXIS2PLACEMENT3D(#3518,#199,#34);
#3520=IFCLOCALPLACEMENT(#24,#3519);
#3521=IFCBUILDINGELEMENTPROXY('1kkNhPW5XF4BusAPV6zRIo',#6,'Tile:Tile 149.5x149.5 Green:484191',$,$,#3520,#3517,'484191',$);
#3522=IFCPROPERTYSET('34wiO2Zw4622Jyj7oQ6evs',#6,'Pset_BuildingElementProxyCommon',$,(#3213));
#3523=IFCPROPERTYSET('1pfdxtEeQDuybFiuROlmzz',#6,'Pset_QuantityTakeOff',$,(#3213));
#3524=IFCRELDEFINESBYPROPERTIES('0Ot5bR4XL62dix63Udbi1M',#6,$,$,(#3521),#3522);
#3525=IFCRELDEFINESBYPROPERTIES('2C4phTxVINA6n7GA6owIQo',#6,$,$,(#3521),#3523);
#3526=IFCCARTESIANPOINT((0.,0.));
#3527=IFCAXIS2PLACEMENT2D(#3526,#170);
#3528=IFCRECTANGLEPROFILEDEF(.AREA.,'Tile 149.5x149.5 Green',#3527,46.70000000000001,149.5);
#3529=IFCCARTESIANPOINT((-23.349999999993745,-74.750000000008427,-0.));
#3530=IFCAXIS2PLACEMENT3D(#3529,#34,#199);
#3531=IFCEXTRUDEDAREASOLID(#3528,#3530,#34,6.9999999999999973);
#3532=IFCSTYLEDITEM(#3531,(#3195),$);
#3533=IFCSHAPEREPRESENTATION(#15,'Body','SweptSolid',(#3531));
#3534=IFCAXIS2PLACEMENT3D(#10,$,$);
#3535=IFCREPRESENTATIONMAP(#3534,#3533);
#3536=IFCBUILDINGELEMENTPROXYTYPE('1zzk4Pvb51xAijoPDrx4be',#6,'Tile:Tile 149.5x149.5 Green',$,$,$,(#3535),'444153',$,.NOTDEFINED.);
#3537=IFCMAPPEDITEM(#3535,#194);
#3538=IFCSHAPEREPRESENTATION(#15,'Body','MappedRepresentation',(#3537));
#3539=IFCPRODUCTDEFINITIONSHAPE($,$,(#3538));
#3540=IFCCARTESIANPOINT((7184.4931710057399,7771.1631176918381,450.46000000000646));
#3541=IFCAXIS2PLACEMENT3D(#3540,#199,#1684);
#3542=IFCLOCALPLACEMENT(#24,#3541);
#3543=IFCBUILDINGELEMENTPROXY('1kkNhPW5XF4BusAPV6zRID',#6,'Tile:Tile 149.5x149.5 Green:484192',$,$,#3542,#3539,'484192',$);
#3544=IFCPROPERTYSET('2SHVt40oEn2Mafh9vvut8n',#6,'Pset_BuildingElementProxyCommon',$,(#3213));
#3545=IFCPROPERTYSET('21V4S5ohAPkhnZCAtvAuaO',#6,'Pset_QuantityTakeOff',$,(#3213));
#3546=IFCRELDEFINESBYPROPERTIES('14Li7nmwYPcqbxc3FU0bCu',#6,$,$,(#3543),#3544);
#3547=IFCRELDEFINESBYPROPERTIES('1i9m3XVPbkIwlyZpih$RgI',#6,$,$,(#3543),#3545);
#3548=IFCMAPPEDITEM(#3535,#194);
#3549=IFCSHAPEREPRESENTATION(#15,'Body','MappedRepresentation',(#3548));
#3550=IFCPRODUCTDEFINITIONSHAPE($,$,(#3549));
#3551=IFCCARTESIANPOINT((7184.4931710057399,7771.1631176918381,298.96000000000657));
#3552=IFCAXIS2PLACEMENT3D(#3551,#199,#1684);
#3553=IFCLOCALPLACEMENT(#24,#3552);
#3554=IFCBUILDINGELEMENTPROXY('1kkNhPW5XF4BusAPV6zRIC',#6,'Tile:Tile 149.5x149.5 Green:484193',$,$,#3553,#3550,'484193',$);
#3555=IFCPROPERTYSET('0Up1b4yIK36_DZeXMQNQ4q',#6,'Pset_BuildingElementProxyCommon',$,(#3213));
#3556=IFCPROPERTYSET('1MgDcY77XgmxDRMSTmbMWD',#6,'Pset_QuantityTakeOff',$,(#3213));
#3557=IFCRELDEFINESBYPROPERTIES('2cDcRkIpkfrPPY7focb9OK',#6,$,$,(#3554),#3555);
#3558=IFCRELDEFINESBYPROPERTIES('0YgQtj64dXwvi5JpuYJGL2',#6,$,$,(#3554),#3556);
#3559=IFCMAPPEDITEM(#3535,#194);
#3560=IFCSHAPEREPRESENTATION(#15,'Body','MappedRepresentation',(#3559));
#3561=IFCPRODUCTDEFINITIONSHAPE($,$,(#3560));
#3562=IFCCARTESIANPOINT((7184.4931710057399,7771.1631176918381,147.46000000000669));
#3563=IFCAXIS2PLACEMENT3D(#3562,#199,#1684);
#3564=IFCLOCALPLACEMENT(#24,#3563);
#3565=IFCBUILDINGELEMENTPROXY('1kkNhPW5XF4BusAPV6zRIF',#6,'Tile:Tile 149.5x149.5 Green:484194',$,$,#3564,#3561,'484194',$);
#3566=IFCPROPERTYSET('05liWEX$PBq$jbTYhCSGG4',#6,'Pset_BuildingElementProxyCommon',$,(#3213));
#3567=IFCPROPERTYSET('3dkiaoduiHD2JxMuwYXksB',#6,'Pset_QuantityTakeOff',$,(#3213));
#3568=IFCRELDEFINESBYPROPERTIES('0MX9maoFaFbKFdS2sS9d3R',#6,$,$,(#3565),#3566);
#3569=IFCRELDEFINESBYPROPERTIES('3HbgTNDuIjcKoInu_gEt1j',#6,$,$,(#3565),#3567);
#3570=IFCMAPPEDITEM(#3535,#194);
#3571=IFCSHAPEREPRESENTATION(#15,'Body','MappedRepresentation',(#3570));
#3572=IFCPRODUCTDEFINITIONSHAPE($,$,(#3571));
#3573=IFCCARTESIANPOINT((7184.493171005739,7517.2631176918294,450.46000000000566));
#3574=IFCAXIS2PLACEMENT3D(#3573,#199,#1684);
#3575=IFCLOCALPLACEMENT(#24,#3574);
#3576=IFCBUILDINGELEMENTPROXY('1kkNhPW5XF4BusAPV6zRIE',#6,'Tile:Tile 149.5x149.5 Green:484195',$,$,#3575,#3572,'484195',$);
#3577=IFCPROPERTYSET('1b3Lb5KH9zR4WGRfkzEsrt',#6,'Pset_BuildingElementProxyCommon',$,(#3213));
#3578=IFCPROPERTYSET('0e2HwNSyHkPXh9Q5jK4JHw',#6,'Pset_QuantityTakeOff',$,(#3213));
#3579=IFCRELDEFINESBYPROPERTIES('3nOMJhYTIGUgZ8hhAqF7CZ',#6,$,$,(#3576),#3577);
#3580=IFCRELDEFINESBYPROPERTIES('01F4rQcEN_KWeCgtk4XEGU',#6,$,$,(#3576),#3578);
#3581=IFCMAPPEDITEM(#3535,#194);
#3582=IFCSHAPEREPRESENTATION(#15,'Body','MappedRepresentation',(#3581));
#3583=IFCPRODUCTDEFINITIONSHAPE($,$,(#3582));
#3584=IFCCARTESIANPOINT((7184.493171005739,7517.2631176918294,298.96000000000572));
#3585=IFCAXIS2PLACEMENT3D(#3584,#199,#1684);
#3586=IFCLOCALPLACEMENT(#24,#3585);
#3587=IFCBUILDINGELEMENTPROXY('1kkNhPW5XF4BusAPV6zRI9',#6,'Tile:Tile 149.5x149.5 Green:484196',$,$,#3586,#3583,'484196',$);
#3588=IFCPROPERTYSET('1EHW6iWUyVuF3NPhe$hub3',#6,'Pset_BuildingElementProxyCommon',$,(#3213));
#3589=IFCPROPERTYSET('373qQI54UmIfCp6QKANEP8',#6,'Pset_QuantityTakeOff',$,(#3213));
#3590=IFCRELDEFINESBYPROPERTIES('0GW2VWomg05pvb_C1cUure',#6,$,$,(#3587),#3588);
#3591=IFCRELDEFINESBYPROPERTIES('1lA92ux$eDhdHCDUD_vEE0',#6,$,$,(#3587),#3589);
#3592=IFCMAPPEDITEM(#3535,#194);
#3593=IFCSHAPEREPRESENTATION(#15,'Body','MappedRepresentation',(#3592));
#3594=IFCPRODUCTDEFINITIONSHAPE($,$,(#3593));
#3595=IFCCARTESIANPOINT((7184.493171005739,7517.2631176918294,147.46000000000586));
#3596=IFCAXIS2PLACEMENT3D(#3595,#199,#1684);
#3597=IFCLOCALPLACEMENT(#24,#3596);
#3598=IFCBUILDINGELEMENTPROXY('1kkNhPW5XF4BusAPV6zRI8',#6,'Tile:Tile 149.5x149.5 Green:484197',$,$,#3597,#3594,'484197',$);
#3599=IFCPROPERTYSET('1y1UPEhAsSinpr8SIcj7pU',#6,'Pset_BuildingElementProxyCommon',$,(#3213));
#3600=IFCPROPERTYSET('3rOGkNZ$BY_88XZIcacuSd',#6,'Pset_QuantityTakeOff',$,(#3213));
#3601=IFCRELDEFINESBYPROPERTIES('2lBR1m70MH87thA0A7Vgln',#6,$,$,(#3598),#3599);
#3602=IFCRELDEFINESBYPROPERTIES('04qVWNHdhBjL7pfk8JEhes',#6,$,$,(#3598),#3600);
#3603=IFCMAPPEDITEM(#3535,#194);
#3604=IFCSHAPEREPRESENTATION(#15,'Body','MappedRepresentation',(#3603));
#3605=IFCPRODUCTDEFINITIONSHAPE($,$,(#3604));
#3606=IFCCARTESIANPOINT((7184.4931710057399,7771.163117691769,1359.4600000000062));
#3607=IFCAXIS2PLACEMENT3D(#3606,#199,#1684);
#3608=IFCLOCALPLACEMENT(#24,#3607);
#3609=IFCBUILDINGELEMENTPROXY('1kkNhPW5XF4BusAPV6zRIB',#6,'Tile:Tile 149.5x149.5 Green:484198',$,$,#3608,#3605,'484198',$);
#3610=IFCPROPERTYSET('2BzFND8i6_TzUrDqVEXup6',#6,'Pset_BuildingElementProxyCommon',$,(#3213));
#3611=IFCPROPERTYSET('05GRObA1miTG1eg4wK9Qzd',#6,'Pset_QuantityTakeOff',$,(#3213));
#3612=IFCRELDEFINESBYPROPERTIES('388rR_tY6mSuZxr0vrKoLQ',#6,$,$,(#3609),#3610);
#3613=IFCRELDEFINESBYPROPERTIES('3njF9dvyLFkBzVmoE0ph3v',#6,$,$,(#3609),#3611);
#3614=IFCMAPPEDITEM(#3535,#194);
#3615=IFCSHAPEREPRESENTATION(#15,'Body','MappedRepresentation',(#3614));
#3616=IFCPRODUCTDEFINITIONSHAPE($,$,(#3615));
#3617=IFCCARTESIANPOINT((7184.4931710057399,7771.163117691769,1207.9600000000062));
#3618=IFCAXIS2PLACEMENT3D(#3617,#199,#1684);
#3619=IFCLOCALPLACEMENT(#24,#3618);
#3620=IFCBUILDINGELEMENTPROXY('1kkNhPW5XF4BusAPV6zRIA',#6,'Tile:Tile 149.5x149.5 Green:484199',$,$,#3619,#3616,'484199',$);
#3621=IFCPROPERTYSET('0aKVLSCzMnNIK1HtoH7aH3',#6,'Pset_BuildingElementProxyCommon',$,(#3213));
#3622=IFCPROPERTYSET('2zP_t_8sV8rGxOrQZ1FG3G',#6,'Pset_QuantityTakeOff',$,(#3213));
#3623=IFCRELDEFINESBYPROPERTIES('0xqiuRF6IWjFsu2Rl0BH7l',#6,$,$,(#3620),#3621);
#3624=IFCRELDEFINESBYPROPERTIES('16M7RUvqR_OMceNzXVQuU8',#6,$,$,(#3620),#3622);
#3625=IFCMAPPEDITEM(#3535,#194);
#3626=IFCSHAPEREPRESENTATION(#15,'Body','MappedRepresentation',(#3625));
#3627=IFCPRODUCTDEFINITIONSHAPE($,$,(#3626));
#3628=IFCCARTESIANPOINT((7184.4931710057399,7771.163117691769,1056.4600000000062));
#3629=IFCAXIS2PLACEMENT3D(#3628,#199,#1684);
#3630=IFCLOCALPLACEMENT(#24,#3629);
#3631=IFCBUILDINGELEMENTPROXY('1kkNhPW5XF4BusAPV6zRI5',#6,'Tile:Tile 149.5x149.5 Green:484200',$,$,#3630,#3627,'484200',$);
#3632=IFCPROPERTYSET('0eN5oEl8t8zgTmbHnvKRZd',#6,'Pset_BuildingElementProxyCommon',$,(#3213));
#3633=IFCPROPERTYSET('17B7Fsv5yMowvMBtSo0vrp',#6,'Pset_QuantityTakeOff',$,(#3213));
#3634=IFCRELDEFINESBYPROPERTIES('1XmDu4ZTHxonq0meaukBCF',#6,$,$,(#3631),#3632);
#3635=IFCRELDEFINESBYPROPERTIES('0Gra5JpO_CJDkFfr0TjvP8',#6,$,$,(#3631),#3633);
#3636=IFCMAPPEDITEM(#3535,#194);
#3637=IFCSHAPEREPRESENTATION(#15,'Body','MappedRepresentation',(#3636));
#3638=IFCPRODUCTDEFINITIONSHAPE($,$,(#3637));
#3639=IFCCARTESIANPOINT((7184.493171005739,7517.2631176917594,1359.460000000005));
#3640=IFCAXIS2PLACEMENT3D(#3639,#199,#1684);
#3641=IFCLOCALPLACEMENT(#24,#3640);
#3642=IFCBUILDINGELEMENTPROXY('1kkNhPW5XF4BusAPV6zRI4',#6,'Tile:Tile 149.5x149.5 Green:484201',$,$,#3641,#3638,'484201',$);
#3643=IFCPROPERTYSET('1HSH1Ipq6SYLj23Mkj1MIc',#6,'Pset_BuildingElementProxyCommon',$,(#3213));
#3644=IFCPROPERTYSET('2OwEkB8YsNtqZ35hJBvj4e',#6,'Pset_QuantityTakeOff',$,(#3213));
#3645=IFCRELDEFINESBYPROPERTIES('0kJJUdkTMVGdVvlUKgknTy',#6,$,$,(#3642),#3643);
#3646=IFCRELDEFINESBYPROPERTIES('0NkVuQ_v18SOcE8yqiVdvp',#6,$,$,(#3642),#3644);
#3647=IFCMAPPEDITEM(#3535,#194);
#3648=IFCSHAPEREPRESENTATION(#15,'Body','MappedRepresentation',(#3647));
#3649=IFCPRODUCTDEFINITIONSHAPE($,$,(#3648));
#3650=IFCCARTESIANPOINT((7184.493171005739,7517.2631176917594,1207.9600000000053));
#3651=IFCAXIS2PLACEMENT3D(#3650,#199,#1684);
#3652=IFCLOCALPLACEMENT(#24,#3651);
#3653=IFCBUILDINGELEMENTPROXY('1kkNhPW5XF4BusAPV6zRI7',#6,'Tile:Tile 149.5x149.5 Green:484202',$,$,#3652,#3649,'484202',$);
#3654=IFCPROPERTYSET('0G_IglIa2nWwoL_JBFzAs8',#6,'Pset_BuildingElementProxyCommon',$,(#3213));
#3655=IFCPROPERTYSET('0sg25J19lghgl6enWM6XJm',#6,'Pset_QuantityTakeOff',$,(#3213));
#3656=IFCRELDEFINESBYPROPERTIES('0_EXf9ZXwOj7yk3X0TN0mE',#6,$,$,(#3653),#3654);
#3657=IFCRELDEFINESBYPROPERTIES('38irWx2GW2ICk2itNvUNYL',#6,$,$,(#3653),#3655);
#3658=IFCMAPPEDITEM(#3535,#194);
#3659=IFCSHAPEREPRESENTATION(#15,'Body','MappedRepresentation',(#3658));
#3660=IFCPRODUCTDEFINITIONSHAPE($,$,(#3659));
#3661=IFCCARTESIANPOINT((7184.493171005739,7517.2631176917594,1056.4600000000055));
#3662=IFCAXIS2PLACEMENT3D(#3661,#199,#1684);
#3663=IFCLOCALPLACEMENT(#24,#3662);
#3664=IFCBUILDINGELEMENTPROXY('1kkNhPW5XF4BusAPV6zRI6',#6,'Tile:Tile 149.5x149.5 Green:484203',$,$,#3663,#3660,'484203',$);
#3665=IFCPROPERTYSET('0xT6lvwSUeOGsVXtYLQSYR',#6,'Pset_BuildingElementProxyCommon',$,(#3213));
#3666=IFCPROPERTYSET('3e8wfneYFMBuDRug_ywIM8',#6,'Pset_QuantityTakeOff',$,(#3213));
#3667=IFCRELDEFINESBYPROPERTIES('1FmUtxISLX5ZhqpHa527Pa',#6,$,$,(#3664),#3665);
#3668=IFCRELDEFINESBYPROPERTIES('3dK9aKhX4OICSObZ5n$BkR',#6,$,$,(#3664),#3666);
#3669=IFCCARTESIANPOINT((-69.,-18.433333333332392));
#3670=IFCCARTESIANPOINT((-69.,-65.533333333333601));
#3671=IFCCARTESIANPOINT((80.500000000005528,-65.533333333333601));
#3672=IFCCARTESIANPOINT((80.500000000005528,83.966666666663826));
#3673=IFCCARTESIANPOINT((-11.500000000008756,83.966666666663826));
#3674=IFCCARTESIANPOINT((-11.500000000008756,-18.433333333332392));
#3675=IFCPOLYLINE((#3669,#3670,#3671,#3672,#3673,#3674,#3669));
#3676=IFCARBITRARYCLOSEDPROFILEDEF(.AREA.,'Tile Green',#3675);
#3677=IFCCARTESIANPOINT((7177.4931710057408,7705.6297843585098,972.44999999999459));
#3678=IFCAXIS2PLACEMENT3D(#3677,#199,#1502);
#3679=IFCEXTRUDEDAREASOLID(#3676,#3678,#1502,6.9999999999994911);
#3680=IFCSTYLEDITEM(#3679,(#3195),$);
#3681=IFCSHAPEREPRESENTATION(#15,'Body','SweptSolid',(#3679));
#3682=IFCAXIS2PLACEMENT3D(#10,$,$);
#3683=IFCREPRESENTATIONMAP(#3682,#3681);
#3684=IFCBUILDINGELEMENTPROXYTYPE('1kkNhPW5XF4BusAPV6zRIR',#6,'Tile Green4:Tile Green',$,$,$,(#3683),'484214',$,.NOTDEFINED.);
#3685=IFCMAPPEDITEM(#3683,#194);
#3686=IFCSHAPEREPRESENTATION(#15,'Body','MappedRepresentation',(#3685));
#3687=IFCPRODUCTDEFINITIONSHAPE($,$,(#3686));
#3688=IFCCARTESIANPOINT((0.,0.,13.010000000023275));
#3689=IFCAXIS2PLACEMENT3D(#3688,$,$);
#3690=IFCLOCALPLACEMENT(#24,#3689);
#3691=IFCBUILDINGELEMENTPROXY('1kkNhPW5XF4BusAPV6zRIL',#6,'Tile Green4:Tile Green:484216',$,$,#3690,#3687,'484216',$);
#3692=IFCPROPERTYSINGLEVALUE('Reference',$,IFCIDENTIFIER('Tile Green'),$);
#3693=IFCPROPERTYSET('2b7hj8qSSCT0DsHxW$qrhI',#6,'Pset_BuildingElementProxyCommon',$,(#3692));
#3694=IFCPROPERTYSET('1c72MftiBD7lqOueISnLvJ',#6,'Pset_QuantityTakeOff',$,(#3692));
#3695=IFCRELDEFINESBYPROPERTIES('0ZHPD5XWVUsfMgZbVy0h6l',#6,$,$,(#3691),#3693);
#3696=IFCRELDEFINESBYPROPERTIES('04E4UfRB5qEaUJP0klrGWz',#6,$,$,(#3691),#3694);
#3697=IFCCARTESIANPOINT((-69.,-65.533333333329267));
#3698=IFCCARTESIANPOINT((80.500000000003496,-65.533333333329267));
#3699=IFCCARTESIANPOINT((80.500000000003496,83.966666666667066));
#3700=IFCCARTESIANPOINT((-11.500000000006048,83.966666666667066));
#3701=IFCCARTESIANPOINT((-11.500000000006048,-18.433333333337806));
#3702=IFCCARTESIANPOINT((-69.,-18.433333333337806));
#3703=IFCPOLYLINE((#3697,#3698,#3699,#3700,#3701,#3702,#3697));
#3704=IFCARBITRARYCLOSEDPROFILEDEF(.AREA.,'Tile Green',#3703);
#3705=IFCCARTESIANPOINT((7177.4931710057408,7535.6964510251737,985.4600000000205));
#3706=IFCAXIS2PLACEMENT3D(#3705,#1267,#1502);
#3707=IFCEXTRUDEDAREASOLID(#3704,#3706,#34,6.9999999999994911);
#3708=IFCSTYLEDITEM(#3707,(#3195),$);
#3709=IFCSHAPEREPRESENTATION(#15,'Body','SweptSolid',(#3707));
#3710=IFCAXIS2PLACEMENT3D(#10,$,$);
#3711=IFCREPRESENTATIONMAP(#3710,#3709);
#3712=IFCBUILDINGELEMENTPROXYTYPE('1kkNhPW5XF4BusAPV6zRHi',#6,'Tile Green5:Tile Green',$,$,$,(#3711),'484225',$,.NOTDEFINED.);
#3713=IFCMAPPEDITEM(#3711,#194);
#3714=IFCSHAPEREPRESENTATION(#15,'Body','MappedRepresentation',(#3713));
#3715=IFCPRODUCTDEFINITIONSHAPE($,$,(#3714));
#3716=IFCAXIS2PLACEMENT3D(#10,$,$);
#3717=IFCLOCALPLACEMENT(#24,#3716);
#3718=IFCBUILDINGELEMENTPROXY('1kkNhPW5XF4BusAPV6zRHk',#6,'Tile Green5:Tile Green:484227',$,$,#3717,#3715,'484227',$);
#3719=IFCPROPERTYSET('0O_UMwpjnCJdxUXzzlgxi6',#6,'Pset_BuildingElementProxyCommon',$,(#3692));
#3720=IFCPROPERTYSET('3wMJdxIO9UIIUP8i5jzLoI',#6,'Pset_QuantityTakeOff',$,(#3692));
#3721=IFCRELDEFINESBYPROPERTIES('2BZTCbhLHWNfhanLlQgIO$',#6,$,$,(#3718),#3719);
#3722=IFCRELDEFINESBYPROPERTIES('2nNOhS_PvzsAJuTG_fEigw',#6,$,$,(#3718),#3720);
#3723=IFCCARTESIANPOINT((18.433333333333042,-69.000010946444107));
#3724=IFCCARTESIANPOINT((65.533333333333161,-69.000010946444107));
#3725=IFCCARTESIANPOINT((65.533333333333744,80.499989053539636));
#3726=IFCCARTESIANPOINT((-83.96666666666367,80.499989053539679));
#3727=IFCCARTESIANPOINT((-83.966666666663528,-11.499978107095327));
#3728=IFCCARTESIANPOINT((18.43333333333268,-11.499978107095297));
#3729=IFCPOLYLINE((#3723,#3724,#3725,#3726,#3727,#3728,#3723));
#3730=IFCARBITRARYCLOSEDPROFILEDEF(.AREA.,'Tile Green',#3729);
#3731=IFCCARTESIANPOINT((7177.4931710057408,7705.6297843584925,670.96001094646476));
#3732=IFCAXIS2PLACEMENT3D(#3731,#1267,#1684);
#3733=IFCEXTRUDEDAREASOLID(#3730,#3732,#34,6.9999999999984084);
#3734=IFCSTYLEDITEM(#3733,(#3195),$);
#3735=IFCSHAPEREPRESENTATION(#15,'Body','SweptSolid',(#3733));
#3736=IFCAXIS2PLACEMENT3D(#10,$,$);
#3737=IFCREPRESENTATIONMAP(#3736,#3735);
#3738=IFCBUILDINGELEMENTPROXYTYPE('1kkNhPW5XF4BusAPV6zRHz',#6,'Tile Green6:Tile Green',$,$,$,(#3737),'484240',$,.NOTDEFINED.);
#3739=IFCMAPPEDITEM(#3737,#194);
#3740=IFCSHAPEREPRESENTATION(#15,'Body','MappedRepresentation',(#3739));
#3741=IFCPRODUCTDEFINITIONSHAPE($,$,(#3740));
#3742=IFCAXIS2PLACEMENT3D(#10,$,$);
#3743=IFCLOCALPLACEMENT(#24,#3742);
#3744=IFCBUILDINGELEMENTPROXY('1kkNhPW5XF4BusAPV6zRH$',#6,'Tile Green6:Tile Green:484242',$,$,#3743,#3741,'484242',$);
#3745=IFCPROPERTYSET('11zGtndD_BjBWhfwmJ1SJ2',#6,'Pset_BuildingElementProxyCommon',$,(#3692));
#3746=IFCPROPERTYSET('19q1UdCefQN9rHWjTp2oPN',#6,'Pset_QuantityTakeOff',$,(#3692));
#3747=IFCRELDEFINESBYPROPERTIES('3shRJ$Fk5yicN2stnuOg1a',#6,$,$,(#3744),#3745);
#3748=IFCRELDEFINESBYPROPERTIES('0w6EjrC4tyoJzaKE2LXMUT',#6,$,$,(#3744),#3746);
#3749=IFCCARTESIANPOINT((-65.533333333329693,-69.000010946458048));
#3750=IFCCARTESIANPOINT((-18.433333333337156,-69.000010946458048));
#3751=IFCCARTESIANPOINT((-18.433333333338602,-11.499978107094956));
#3752=IFCCARTESIANPOINT((83.966666666667351,-11.499978107094925));
#3753=IFCCARTESIANPOINT((83.966666666667223,80.49998905355335));
#3754=IFCCARTESIANPOINT((-65.533333333329125,80.499989053553378));
#3755=IFCPOLYLINE((#3749,#3750,#3751,#3752,#3753,#3754,#3749));
#3756=IFCARBITRARYCLOSEDPROFILEDEF(.AREA.,'Tile Green',#3755);
#3757=IFCCARTESIANPOINT((7177.4931710057408,7535.6964510251564,670.96001094647136));
#3758=IFCAXIS2PLACEMENT3D(#3757,#1267,#1684);
#3759=IFCEXTRUDEDAREASOLID(#3756,#3758,#34,6.9999999999994911);
#3760=IFCSTYLEDITEM(#3759,(#3195),$);
#3761=IFCSHAPEREPRESENTATION(#15,'Body','SweptSolid',(#3759));
#3762=IFCAXIS2PLACEMENT3D(#10,$,$);
#3763=IFCREPRESENTATIONMAP(#3762,#3761);
#3764=IFCBUILDINGELEMENTPROXYTYPE('1kkNhPW5XF4BusAPV6zRHs',#6,'Tile Green7:Tile Green',$,$,$,(#3763),'484251',$,.NOTDEFINED.);
#3765=IFCMAPPEDITEM(#3763,#194);
#3766=IFCSHAPEREPRESENTATION(#15,'Body','MappedRepresentation',(#3765));
#3767=IFCPRODUCTDEFINITIONSHAPE($,$,(#3766));
#3768=IFCAXIS2PLACEMENT3D(#10,$,$);
#3769=IFCLOCALPLACEMENT(#24,#3768);
#3770=IFCBUILDINGELEMENTPROXY('1kkNhPW5XF4BusAPV6zRHm',#6,'Tile Green7:Tile Green:484253',$,$,#3769,#3767,'484253',$);
#3771=IFCPROPERTYSET('1tKZR$P0MwdkxnrG6dRdbw',#6,'Pset_BuildingElementProxyCommon',$,(#3692));
#3772=IFCPROPERTYSET('08daxH7vaOMY7AnMjPG2P1',#6,'Pset_QuantityTakeOff',$,(#3692));
#3773=IFCRELDEFINESBYPROPERTIES('3uQAoHZ1X1BYspCKUwsxdU',#6,$,$,(#3770),#3771);
#3774=IFCRELDEFINESBYPROPERTIES('3Ee6NMu6iqJ5FjN0IHd2cK',#6,$,$,(#3770),#3772);
#3775=IFCCARTESIANPOINT((1.6026785714265994,-7.7142857142881205));
#3776=IFCCARTESIANPOINT((2.7589285714268783,-7.7142857142881205));
#3777=IFCCARTESIANPOINT((2.7589285714302436,12.285714285711665));
#3778=IFCCARTESIANPOINT((1.8370535714307241,12.285714285712322));
#3779=IFCCARTESIANPOINT((1.8370535714282656,-0.71428571427930765));
#3780=IFCCARTESIANPOINT((-5.3973214285719848,-0.71428571427797605));
#3781=IFCCARTESIANPOINT((-5.3973214285728917,-7.7142857142872137));
#3782=IFCPOLYLINE((#3775,#3776,#3777,#3778,#3779,#3780,#3781,#3775));
#3783=IFCCARTESIANPOINT((-5.0973214285712096,-1.0142857142575734));
#3784=IFCCARTESIANPOINT((1.8370535714377714,-1.0142857142792394));
#3785=IFCCARTESIANPOINT((1.8370535714265155,-7.4142857142896954));
#3786=IFCCARTESIANPOINT((-5.0973214285727195,-7.414285714287522));
#3787=IFCPOLYLINE((#3783,#3784,#3785,#3786,#3783));
#3788=IFCARBITRARYPROFILEDEFWITHVOIDS(.AREA.,'Cantoneira 2',#3782,(#3787));
#3789=IFCCARTESIANPOINT((5272.9137943787109,8533.7496917689059,7.998536141046082));
#3790=IFCAXIS2PLACEMENT3D(#3789,$,$);
#3791=IFCEXTRUDEDAREASOLID(#3788,#3790,#34,1907.8629923678548);
#3792=IFCCOLOURRGB($,0.96862745098039216,0.96862745098039216,0.96862745098039216);
#3793=IFCSURFACESTYLERENDERING(#3792,0.,$,$,$,$,IFCNORMALISEDRATIOMEASURE(0.5),IFCSPECULAREXPONENT(128.),.NOTDEFINED.);
#3794=IFCSURFACESTYLE('Aluminium',.BOTH.,(#3793));
#3795=IFCPRESENTATIONSTYLEASSIGNMENT((#3794));
#3796=IFCSTYLEDITEM(#3791,(#3795),$);
#3797=IFCSHAPEREPRESENTATION(#15,'Body','SweptSolid',(#3791));
#3798=IFCAXIS2PLACEMENT3D(#10,$,$);
#3799=IFCREPRESENTATIONMAP(#3798,#3797);
#3800=IFCBUILDINGELEMENTPROXYTYPE('1kkNhPW5XF4BusAPV6zQ2O',#6,'Cantoneira 3:Cantoneira 2',$,$,$,(#3799),'489333',$,.NOTDEFINED.);
#3801=IFCMATERIAL('Aluminium');
#3802=IFCPRESENTATIONSTYLEASSIGNMENT((#3794));
#3803=IFCSTYLEDITEM($,(#3802),$);
#3804=IFCSTYLEDREPRESENTATION(#13,'Style','Material',(#3803));
#3805=IFCMATERIALDEFINITIONREPRESENTATION($,$,(#3804),#3801);
#3806=IFCMAPPEDITEM(#3799,#194);
#3807=IFCSHAPEREPRESENTATION(#15,'Body','MappedRepresentation',(#3806));
#3808=IFCPRODUCTDEFINITIONSHAPE($,$,(#3807));
#3809=IFCAXIS2PLACEMENT3D(#10,$,$);
#3810=IFCLOCALPLACEMENT(#24,#3809);
#3811=IFCBUILDINGELEMENTPROXY('1kkNhPW5XF4BusAPV6zQ2Q',#6,'Cantoneira 3:Cantoneira 2:489335',$,$,#3810,#3808,'489335',$);
#3812=IFCPROPERTYSINGLEVALUE('Reference',$,IFCIDENTIFIER('Cantoneira 2'),$);
#3813=IFCPROPERTYSET('0qtUPrO1JxcntWAobdIS5$',#6,'Pset_BuildingElementProxyCommon',$,(#3812));
#3814=IFCPROPERTYSET('3eyCX0PbDAQj6puRpymVSc',#6,'Pset_QuantityTakeOff',$,(#3812));
#3815=IFCRELDEFINESBYPROPERTIES('2Ff$EKTKqu7g6C9tAoTfVC',#6,$,$,(#3811),#3813);
#3816=IFCRELDEFINESBYPROPERTIES('3E9RcDQtc0dwg4T0Xzg$Y1',#6,$,$,(#3811),#3814);
#3817=IFCCARTESIANPOINT((-1.4210854715202004E-014,0.));
#3818=IFCAXIS2PLACEMENT2D(#3817,#170);
#3819=IFCRECTANGLEPROFILEDEF(.AREA.,'Tile 450,700 x 300,500 x 95 Red',#3818,201.95999999999998,275.44999999999993);
#3820=IFCCARTESIANPOINT((-100.97999999999375,-137.72500000000841,-0.));
#3821=IFCAXIS2PLACEMENT3D(#3820,#34,#199);
#3822=IFCEXTRUDEDAREASOLID(#3819,#3821,#34,6.9999999999999973);
#3823=IFCSTYLEDITEM(#3822,(#800),$);
#3824=IFCSHAPEREPRESENTATION(#15,'Body','SweptSolid',(#3822));
#3825=IFCAXIS2PLACEMENT3D(#10,$,$);
#3826=IFCREPRESENTATIONMAP(#3825,#3824);
#3827=IFCBUILDINGELEMENTPROXYTYPE('1kkNhPW5XF4BusAPV6zQ8z',#6,'Tile:Tile 450,700 x 300,500 x 95 Red',$,$,$,(#3826),'427296',$,.NOTDEFINED.);
#3828=IFCMAPPEDITEM(#3826,#194);
#3829=IFCSHAPEREPRESENTATION(#15,'Body','MappedRepresentation',(#3828));
#3830=IFCPRODUCTDEFINITIONSHAPE($,$,(#3829));
#3831=IFCCARTESIANPOINT((5274.4931710057172,8736.0354060546269,1648.558577513598));
#3832=IFCAXIS2PLACEMENT3D(#3831,#199,#1684);
#3833=IFCLOCALPLACEMENT(#24,#3832);
#3834=IFCBUILDINGELEMENTPROXY('1kkNhPW5XF4BusAPV6zLTV',#6,'Tile:Tile 450,700 x 300,500 x 95 Red:491698',$,$,#3833,#3830,'491698',$);
#3835=IFCPROPERTYSET('1hnIzxUrL__tUk_jJRr07P',#6,'Pset_BuildingElementProxyCommon',$,(#1785));
#3836=IFCPROPERTYSET('1HrO$QsYXOov_54zJYT0JX',#6,'Pset_QuantityTakeOff',$,(#1785));
#3837=IFCRELDEFINESBYPROPERTIES('29R$nAldglkcaABrOjKWUN',#6,$,$,(#3834),#3835);
#3838=IFCRELDEFINESBYPROPERTIES('0vO1eZni4IMq6ee4SWevYr',#6,$,$,(#3834),#3836);
#3839=IFCCARTESIANPOINT((-1.4210854715202004E-014,-2.8421709430404007E-014));
#3840=IFCAXIS2PLACEMENT2D(#3839,#170);
#3841=IFCRECTANGLEPROFILEDEF(.AREA.,'Tile 450,700 x 300,500 x 95 Red',#3840,201.95999999999998,450.69999999999999);
#3842=IFCCARTESIANPOINT((-100.97999999999375,-225.35000000000846,-0.));
#3843=IFCAXIS2PLACEMENT3D(#3842,#34,#199);
#3844=IFCEXTRUDEDAREASOLID(#3841,#3843,#34,6.9999999999999973);
#3845=IFCSTYLEDITEM(#3844,(#800),$);
#3846=IFCSHAPEREPRESENTATION(#15,'Body','SweptSolid',(#3844));
#3847=IFCAXIS2PLACEMENT3D(#10,$,$);
#3848=IFCREPRESENTATIONMAP(#3847,#3846);
#3849=IFCBUILDINGELEMENTPROXYTYPE('1kkNhPW5XF4BusAPV6zQ7f',#6,'Tile:Tile 450,700 x 300,500 x 95 Red',$,$,$,(#3848),'427296',$,.NOTDEFINED.);
#3850=IFCMAPPEDITEM(#3848,#194);
#3851=IFCSHAPEREPRESENTATION(#15,'Body','MappedRepresentation',(#3850));
#3852=IFCPRODUCTDEFINITIONSHAPE($,$,(#3851));
#3853=IFCCARTESIANPOINT((5274.4931710057172,8736.0354060546269,1195.8585731196838));
#3854=IFCAXIS2PLACEMENT3D(#3853,#199,#1684);
#3855=IFCLOCALPLACEMENT(#24,#3854);
#3856=IFCBUILDINGELEMENTPROXY('1kkNhPW5XF4BusAPV6zLTU',#6,'Tile:Tile 450,700 x 300,500 x 95 Red:491699',$,$,#3855,#3852,'491699',$);
#3857=IFCPROPERTYSET('056QUIUN_AEri$CRo_bFfX',#6,'Pset_BuildingElementProxyCommon',$,(#1785));
#3858=IFCPROPERTYSET('3BgGQQYXStuhzCrtRctw00',#6,'Pset_QuantityTakeOff',$,(#1785));
#3859=IFCRELDEFINESBYPROPERTIES('3Mn2$hmIe1SEDOqjtV$csL',#6,$,$,(#3856),#3857);
#3860=IFCRELDEFINESBYPROPERTIES('3C_SGLbMsCxr2e3w4sXwHQ',#6,$,$,(#3856),#3858);
#3861=IFCMAPPEDITEM(#3848,#194);
#3862=IFCSHAPEREPRESENTATION(#15,'Body','MappedRepresentation',(#3861));
#3863=IFCPRODUCTDEFINITIONSHAPE($,$,(#3862));
#3864=IFCCARTESIANPOINT((5274.4931710057172,8736.0354060546288,743.1585727318236));
#3865=IFCAXIS2PLACEMENT3D(#3864,#199,#1684);
#3866=IFCLOCALPLACEMENT(#24,#3865);
#3867=IFCBUILDINGELEMENTPROXY('1kkNhPW5XF4BusAPV6zLTP',#6,'Tile:Tile 450,700 x 300,500 x 95 Red:491700',$,$,#3866,#3863,'491700',$);
#3868=IFCPROPERTYSET('0xLXySgJE5heVESFvJshiu',#6,'Pset_BuildingElementProxyCommon',$,(#1785));
#3869=IFCPROPERTYSET('20pEHQKennx6_XqzAThWVE',#6,'Pset_QuantityTakeOff',$,(#1785));
#3870=IFCRELDEFINESBYPROPERTIES('1neTsc7yJnaNc3QyDdIm3x',#6,$,$,(#3867),#3868);
#3871=IFCRELDEFINESBYPROPERTIES('2PPb_qiF1L5eR87HMO0akz',#6,$,$,(#3867),#3869);
#3872=IFCMAPPEDITEM(#3848,#194);
#3873=IFCSHAPEREPRESENTATION(#15,'Body','MappedRepresentation',(#3872));
#3874=IFCPRODUCTDEFINITIONSHAPE($,$,(#3873));
#3875=IFCCARTESIANPOINT((5274.4931710057172,8736.0354060546306,290.45857234396237));
#3876=IFCAXIS2PLACEMENT3D(#3875,#199,#1684);
#3877=IFCLOCALPLACEMENT(#24,#3876);
#3878=IFCBUILDINGELEMENTPROXY('1kkNhPW5XF4BusAPV6zLTO',#6,'Tile:Tile 450,700 x 300,500 x 95 Red:491701',$,$,#3877,#3874,'491701',$);
#3879=IFCPROPERTYSET('0t05ttdoJheZFPH8xqHldN',#6,'Pset_BuildingElementProxyCommon',$,(#1785));
#3880=IFCPROPERTYSET('3iCNcX3ZVNqzlHQmQc0ikK',#6,'Pset_QuantityTakeOff',$,(#1785));
#3881=IFCRELDEFINESBYPROPERTIES('1pai2LR9sJRqHDSUUmg$Tc',#6,$,$,(#3878),#3879);
#3882=IFCRELDEFINESBYPROPERTIES('0FnlS8rQxsLfwKgf63Gmi0',#6,$,$,(#3878),#3880);
#3883=IFCCARTESIANPOINT((-1.4210854715202004E-014,0.));
#3884=IFCAXIS2PLACEMENT2D(#3883,#170);
#3885=IFCRECTANGLEPROFILEDEF(.AREA.,'Tile 450,700 x 300,500 x 95 Red',#3884,201.95999999999998,281.44999999999993);
#3886=IFCCARTESIANPOINT((-100.97999999999375,-140.72500000000844,-0.));
#3887=IFCAXIS2PLACEMENT3D(#3886,#34,#199);
#3888=IFCEXTRUDEDAREASOLID(#3885,#3887,#34,6.9999999999999973);
#3889=IFCSTYLEDITEM(#3888,(#800),$);
#3890=IFCSHAPEREPRESENTATION(#15,'Body','SweptSolid',(#3888));
#3891=IFCAXIS2PLACEMENT3D(#10,$,$);
#3892=IFCREPRESENTATIONMAP(#3891,#3890);
#3893=IFCBUILDINGELEMENTPROXYTYPE('1kkNhPW5XF4BusAPV6zQ63',#6,'Tile:Tile 450,700 x 300,500 x 95 Red',$,$,$,(#3892),'427296',$,.NOTDEFINED.);
#3894=IFCMAPPEDITEM(#3892,#194);
#3895=IFCSHAPEREPRESENTATION(#15,'Body','MappedRepresentation',(#3894));
#3896=IFCPRODUCTDEFINITIONSHAPE($,$,(#3895));
#3897=IFCCARTESIANPOINT((5274.4931710057172,8736.0354060546306,7.0114638588880904));
#3898=IFCAXIS2PLACEMENT3D(#3897,#199,#1684);
#3899=IFCLOCALPLACEMENT(#24,#3898);
#3900=IFCBUILDINGELEMENTPROXY('1kkNhPW5XF4BusAPV6zLTR',#6,'Tile:Tile 450,700 x 300,500 x 95 Red:491702',$,$,#3899,#3896,'491702',$);
#3901=IFCPROPERTYSET('1ZeExkQ8jOO$nc2aMl_KZt',#6,'Pset_BuildingElementProxyCommon',$,(#1785));
#3902=IFCPROPERTYSET('2pCeGYktN2_UTdPkSGQjI3',#6,'Pset_QuantityTakeOff',$,(#1785));
#3903=IFCRELDEFINESBYPROPERTIES('1Kr8OCMoR7D1fzocP_zujq',#6,$,$,(#3900),#3901);
#3904=IFCRELDEFINESBYPROPERTIES('2TrVj7DqmEQiQW8$$0Gynh',#6,$,$,(#3900),#3902);
#3905=IFCCARTESIANPOINT((0.,5.6843418860808015E-014));
#3906=IFCAXIS2PLACEMENT2D(#3905,#170);
#3907=IFCRECTANGLEPROFILEDEF(.AREA.,'Tile 600x600 Gray',#3906,600.,600.00000000000011);
#3908=IFCCARTESIANPOINT((-300.,-300.,-0.));
#3909=IFCAXIS2PLACEMENT3D(#3908,#34,#35);
#3910=IFCEXTRUDEDAREASOLID(#3907,#3909,#34,6.9999999999999973);
#3911=IFCSTYLEDITEM(#3910,(#1716),$);
#3912=IFCSHAPEREPRESENTATION(#15,'Body','SweptSolid',(#3910));
#3913=IFCAXIS2PLACEMENT3D(#10,$,$);
#3914=IFCREPRESENTATIONMAP(#3913,#3912);
#3915=IFCBUILDINGELEMENTPROXYTYPE('1pxQ0MlwzAiOQ$tXtNokCX',#6,'Tile:Tile 600x600 Gray',$,$,$,(#3914),'425013',$,.NOTDEFINED.);
#3916=IFCMAPPEDITEM(#3914,#194);
#3917=IFCSHAPEREPRESENTATION(#15,'Body','MappedRepresentation',(#3916));
#3918=IFCPRODUCTDEFINITIONSHAPE($,$,(#3917));
#3919=IFCCARTESIANPOINT((7074.4984714912753,7023.0354060546479,7.998536141046082));
#3920=IFCAXIS2PLACEMENT3D(#3919,#34,#35);
#3921=IFCLOCALPLACEMENT(#24,#3920);
#3922=IFCBUILDINGELEMENTPROXY('1kkNhPW5XF4BusAPV6zL6i',#6,'Tile:Tile 600x600 Gray:493121',$,$,#3921,#3918,'493121',$);
#3923=IFCPROPERTYSINGLEVALUE('Reference',$,IFCIDENTIFIER('Tile 600x600 Gray'),$);
#3924=IFCPROPERTYSET('1aj70l67VV7InvNFpTEcO6',#6,'Pset_BuildingElementProxyCommon',$,(#3923));
#3925=IFCPROPERTYSET('2G4dH16cegsHO3KYxNihuH',#6,'Pset_QuantityTakeOff',$,(#3923));
#3926=IFCRELDEFINESBYPROPERTIES('0aKsckcH6hwhuXwtdLAump',#6,$,$,(#3922),#3924);
#3927=IFCRELDEFINESBYPROPERTIES('0CorsRAWizEcxru3IbDgXW',#6,$,$,(#3922),#3925);
#3928=IFCMAPPEDITEM(#3914,#194);
#3929=IFCSHAPEREPRESENTATION(#15,'Body','MappedRepresentation',(#3928));
#3930=IFCPRODUCTDEFINITIONSHAPE($,$,(#3929));
#3931=IFCCARTESIANPOINT((6472.4984714912753,7023.0354060546497,7.998536141046082));
#3932=IFCAXIS2PLACEMENT3D(#3931,#34,#35);
#3933=IFCLOCALPLACEMENT(#24,#3932);
#3934=IFCBUILDINGELEMENTPROXY('1kkNhPW5XF4BusAPV6zL6l',#6,'Tile:Tile 600x600 Gray:493122',$,$,#3933,#3930,'493122',$);
#3935=IFCPROPERTYSET('3uSfX8VNMb1$JhuYJDF5py',#6,'Pset_BuildingElementProxyCommon',$,(#3923));
#3936=IFCPROPERTYSET('0_smH67lKVLhDpVFMu6ZD8',#6,'Pset_QuantityTakeOff',$,(#3923));
#3937=IFCRELDEFINESBYPROPERTIES('3wNGFVFHzATkPF6RTpatTb',#6,$,$,(#3934),#3935);
#3938=IFCRELDEFINESBYPROPERTIES('1mqvf_oEKT4JyVzlPYrpI2',#6,$,$,(#3934),#3936);
#3939=IFCMAPPEDITEM(#3914,#194);
#3940=IFCSHAPEREPRESENTATION(#15,'Body','MappedRepresentation',(#3939));
#3941=IFCPRODUCTDEFINITIONSHAPE($,$,(#3940));
#3942=IFCCARTESIANPOINT((5870.4984714912762,7023.0354060546524,7.998536141046082));
#3943=IFCAXIS2PLACEMENT3D(#3942,#34,#35);
#3944=IFCLOCALPLACEMENT(#24,#3943);
#3945=IFCBUILDINGELEMENTPROXY('1kkNhPW5XF4BusAPV6zL6k',#6,'Tile:Tile 600x600 Gray:493123',$,$,#3944,#3941,'493123',$);
#3946=IFCPROPERTYSET('3WLxT29oQj4494RFsj1yeD',#6,'Pset_BuildingElementProxyCommon',$,(#3923));
#3947=IFCPROPERTYSET('2mjfLTx6Vjw0UQt9hLqh9p',#6,'Pset_QuantityTakeOff',$,(#3923));
#3948=IFCRELDEFINESBYPROPERTIES('06Rd7WV$gXX4XR6PLUucnj',#6,$,$,(#3945),#3946);
#3949=IFCRELDEFINESBYPROPERTIES('39o$W3id43kUE48zHUVjYn',#6,$,$,(#3945),#3947);
#3950=IFCMAPPEDITEM(#3914,#194);
#3951=IFCSHAPEREPRESENTATION(#15,'Body','MappedRepresentation',(#3950));
#3952=IFCPRODUCTDEFINITIONSHAPE($,$,(#3951));
#3953=IFCCARTESIANPOINT((5870.4984714912762,7625.0354060546515,7.998536141046082));
#3954=IFCAXIS2PLACEMENT3D(#3953,#34,#35);
#3955=IFCLOCALPLACEMENT(#24,#3954);
#3956=IFCBUILDINGELEMENTPROXY('1kkNhPW5XF4BusAPV6zL6f',#6,'Tile:Tile 600x600 Gray:493124',$,$,#3955,#3952,'493124',$);
#3957=IFCPROPERTYSET('2kVwezp6$JPWT$g0w5vetL',#6,'Pset_BuildingElementProxyCommon',$,(#3923));
#3958=IFCPROPERTYSET('0i9B0zqfWzIt0a5k4zcG9U',#6,'Pset_QuantityTakeOff',$,(#3923));
#3959=IFCRELDEFINESBYPROPERTIES('3p_KOcpVeZ7gF7itveTp7K',#6,$,$,(#3956),#3957);
#3960=IFCRELDEFINESBYPROPERTIES('2nOmdBgMPTcUilW9SjbTbe',#6,$,$,(#3956),#3958);
#3961=IFCCARTESIANPOINT((-296.53182305786015,-168.47371543694666));
#3962=IFCCARTESIANPOINT((-106.97312502497317,-168.47371543694666));
#3963=IFCCARTESIANPOINT((240.69094047211047,121.8437000817533));
#3964=IFCCARTESIANPOINT((162.81400761072206,215.10373079213932));
#3965=IFCPOLYLINE((#3961,#3962,#3963,#3964,#3961));
#3966=IFCARBITRARYCLOSEDPROFILEDEF(.AREA.,'Piso Ralo',#3965);
#3967=IFCCARTESIANPOINT((5607.6535484380947,8463.2854060546433,7.9985361410460829));
#3968=IFCDIRECTION((0.76757226922130117,-0.64096241038181201,-0.));
#3969=IFCAXIS2PLACEMENT3D(#3967,#34,#3968);
#3970=IFCEXTRUDEDAREASOLID(#3966,#3969,#34,8.0000000000000018);
#3971=IFCSTYLEDITEM(#3970,(#1716),$);
#3972=IFCSHAPEREPRESENTATION(#15,'Body','SweptSolid',(#3970));
#3973=IFCAXIS2PLACEMENT3D(#10,$,$);
#3974=IFCREPRESENTATIONMAP(#3973,#3972);
#3975=IFCBUILDINGELEMENTPROXYTYPE('1kkNhPW5XF4BusAPV6zL6Z',#6,'Piso Ralo1:Piso Ralo',$,$,$,(#3974),'493134',$,.NOTDEFINED.);
#3976=IFCMAPPEDITEM(#3974,#194);
#3977=IFCSHAPEREPRESENTATION(#15,'Body','MappedRepresentation',(#3976));
#3978=IFCPRODUCTDEFINITIONSHAPE($,$,(#3977));
#3979=IFCAXIS2PLACEMENT3D(#10,$,$);
#3980=IFCLOCALPLACEMENT(#24,#3979);
#3981=IFCBUILDINGELEMENTPROXY('1kkNhPW5XF4BusAPV6zL6z',#6,'Piso Ralo1:Piso Ralo:493136',$,$,#3980,#3978,'493136',$);
#3982=IFCPROPERTYSINGLEVALUE('Reference',$,IFCIDENTIFIER('Piso Ralo'),$);
#3983=IFCPROPERTYSET('2HMvSohOuiht0udTql1Ivr',#6,'Pset_BuildingElementProxyCommon',$,(#3982));
#3984=IFCPROPERTYSET('0o3WmbC8eUnE2py9JQrCKO',#6,'Pset_QuantityTakeOff',$,(#3982));
#3985=IFCRELDEFINESBYPROPERTIES('3rB00lyAPxRVH8W3KNe6Lo',#6,$,$,(#3981),#3983);
#3986=IFCRELDEFINESBYPROPERTIES('0IWqGyxuHy7CIsexTbkBUr',#6,$,$,(#3981),#3984);
#3987=IFCCARTESIANPOINT((-335.59492305329576,-60.749999999999794));
#3988=IFCCARTESIANPOINT((262.84492305342621,-60.749999999999794));
#3989=IFCCARTESIANPOINT((262.84492305342604,60.749999999997492));
#3990=IFCCARTESIANPOINT((-190.09492305355755,60.749999999997755));
#3991=IFCPOLYLINE((#3987,#3988,#3989,#3990,#3987));
#3992=IFCARBITRARYCLOSEDPROFILEDEF(.AREA.,'Piso Ralo',#3991);
#3993=IFCCARTESIANPOINT((5607.6535484380947,8287.7854060546415,7.9985361410460829));
#3994=IFCAXIS2PLACEMENT3D(#3993,$,$);
#3995=IFCEXTRUDEDAREASOLID(#3992,#3994,#34,8.0000000000000018);
#3996=IFCSTYLEDITEM(#3995,(#1716),$);
#3997=IFCSHAPEREPRESENTATION(#15,'Body','SweptSolid',(#3995));
#3998=IFCAXIS2PLACEMENT3D(#10,$,$);
#3999=IFCREPRESENTATIONMAP(#3998,#3997);
#4000=IFCBUILDINGELEMENTPROXYTYPE('1kkNhPW5XF4BusAPV6zL6t',#6,'Piso Ralo2:Piso Ralo',$,$,$,(#3999),'493146',$,.NOTDEFINED.);
#4001=IFCMAPPEDITEM(#3999,#194);
#4002=IFCSHAPEREPRESENTATION(#15,'Body','MappedRepresentation',(#4001));
#4003=IFCPRODUCTDEFINITIONSHAPE($,$,(#4002));
#4004=IFCAXIS2PLACEMENT3D(#10,$,$);
#4005=IFCLOCALPLACEMENT(#24,#4004);
#4006=IFCBUILDINGELEMENTPROXY('1kkNhPW5XF4BusAPV6zL6n',#6,'Piso Ralo2:Piso Ralo:493148',$,$,#4005,#4003,'493148',$);
#4007=IFCPROPERTYSET('2dpck5v_8$ubG4aLToB1VY',#6,'Pset_BuildingElementProxyCommon',$,(#3982));
#4008=IFCPROPERTYSET('286Jq_pf5PsziLHCUgS44S',#6,'Pset_QuantityTakeOff',$,(#3982));
#4009=IFCRELDEFINESBYPROPERTIES('2c4AFa0JXxVTWjowMs3F7f',#6,$,$,(#4006),#4007);
#4010=IFCRELDEFINESBYPROPERTIES('0Fi1jOhjYhSDl33iSAmYkC',#6,$,$,(#4006),#4008);
#4011=IFCCARTESIANPOINT((-150.18874898105494,-66.354466624167969));
#4012=IFCCARTESIANPOINT((39.369949051832599,-66.354466624167955));
#4013=IFCCARTESIANPOINT((72.311816119665338,-26.905564086217066));
#4014=IFCCARTESIANPOINT((38.506983809557411,159.61449733455689));
#4015=IFCPOLYLINE((#4011,#4012,#4013,#4014,#4011));
#4016=IFCARBITRARYCLOSEDPROFILEDEF(.AREA.,'Piso Ralo',#4015);
#4017=IFCCARTESIANPOINT((5343.2484714913926,8375.5354060546288,7.9985361410460829));
#4018=IFCDIRECTION((0.76757226922129318,0.64096241038182167,-0.));
#4019=IFCAXIS2PLACEMENT3D(#4017,#34,#4018);
#4020=IFCEXTRUDEDAREASOLID(#4016,#4019,#34,8.0000000000000018);
#4021=IFCSTYLEDITEM(#4020,(#1716),$);
#4022=IFCSHAPEREPRESENTATION(#15,'Body','SweptSolid',(#4020));
#4023=IFCAXIS2PLACEMENT3D(#10,$,$);
#4024=IFCREPRESENTATIONMAP(#4023,#4022);
#4025=IFCBUILDINGELEMENTPROXYTYPE('1kkNhPW5XF4BusAPV6zL6F',#6,'Piso Ralo3:Piso Ralo',$,$,$,(#4024),'493154',$,.NOTDEFINED.);
#4026=IFCMAPPEDITEM(#4024,#194);
#4027=IFCSHAPEREPRESENTATION(#15,'Body','MappedRepresentation',(#4026));
#4028=IFCPRODUCTDEFINITIONSHAPE($,$,(#4027));
#4029=IFCAXIS2PLACEMENT3D(#10,$,$);
#4030=IFCLOCALPLACEMENT(#24,#4029);
#4031=IFCBUILDINGELEMENTPROXY('1kkNhPW5XF4BusAPV6zL69',#6,'Piso Ralo3:Piso Ralo:493156',$,$,#4030,#4028,'493156',$);
#4032=IFCPROPERTYSET('3RlbLJ8mMZO6l2TVqiAo7f',#6,'Pset_BuildingElementProxyCommon',$,(#3982));
#4033=IFCPROPERTYSET('1xSmJXf3_StyedpO1Cjtkr',#6,'Pset_QuantityTakeOff',$,(#3982));
#4034=IFCRELDEFINESBYPROPERTIES('1jtPKdvSKUtsII2JNXWd0O',#6,$,$,(#4031),#4032);
#4035=IFCRELDEFINESBYPROPERTIES('0voyL5nl0x669nWZNno$M3',#6,$,$,(#4031),#4033);
#4036=IFCCARTESIANPOINT((-148.06633998023361,-63.313812978014191));
#4037=IFCCARTESIANPOINT((30.527710652171564,-63.313812978014184));
#4038=IFCCARTESIANPOINT((65.408211404697241,-25.736081914621359));
#4039=IFCCARTESIANPOINT((52.130417923366267,152.36370787065133));
#4040=IFCPOLYLINE((#4036,#4037,#4038,#4039,#4036));
#4041=IFCARBITRARYCLOSEDPROFILEDEF(.AREA.,'Piso Ralo',#4040);
#4042=IFCCARTESIANPOINT((6089.4505717809316,8375.5354060546342,7.9985361410460829));
#4043=IFCDIRECTION((-0.73292094561840992,-0.68031381543653502,-0.));
#4044=IFCAXIS2PLACEMENT3D(#4042,#34,#4043);
#4045=IFCEXTRUDEDAREASOLID(#4041,#4044,#34,8.0000000000000018);
#4046=IFCSTYLEDITEM(#4045,(#1716),$);
#4047=IFCSHAPEREPRESENTATION(#15,'Body','SweptSolid',(#4045));
#4048=IFCAXIS2PLACEMENT3D(#10,$,$);
#4049=IFCREPRESENTATIONMAP(#4048,#4047);
#4050=IFCBUILDINGELEMENTPROXYTYPE('1kkNhPW5XF4BusAPV6zL63',#6,'Piso Ralo4:Piso Ralo',$,$,$,(#4049),'493166',$,.NOTDEFINED.);
#4051=IFCMAPPEDITEM(#4049,#194);
#4052=IFCSHAPEREPRESENTATION(#15,'Body','MappedRepresentation',(#4051));
#4053=IFCPRODUCTDEFINITIONSHAPE($,$,(#4052));
#4054=IFCAXIS2PLACEMENT3D(#10,$,$);
#4055=IFCLOCALPLACEMENT(#24,#4054);
#4056=IFCBUILDINGELEMENTPROXY('1kkNhPW5XF4BusAPV6zL6T',#6,'Piso Ralo4:Piso Ralo:493168',$,$,#4055,#4053,'493168',$);
#4057=IFCPROPERTYSET('0g$Gr5aONY4_WLQD77lsvI',#6,'Pset_BuildingElementProxyCommon',$,(#3982));
#4058=IFCPROPERTYSET('04TyMPVMxuPPeBIlYu6ty5',#6,'Pset_QuantityTakeOff',$,(#3982));
#4059=IFCRELDEFINESBYPROPERTIES('3h_YH8ruAFJGgiveN07z4H',#6,$,$,(#4056),#4057);
#4060=IFCRELDEFINESBYPROPERTIES('3j1OQJt3qIfO27ucNNsv5W',#6,$,$,(#4056),#4058);
#4061=IFCCARTESIANPOINT((-173.18875543962204,-60.749999999998103));
#4062=IFCCARTESIANPOINT((107.74109520395704,-60.749999999998103));
#4063=IFCCARTESIANPOINT((107.74109520395704,60.749999999999183));
#4064=IFCCARTESIANPOINT((-42.293434968295308,60.749999999999183));
#4065=IFCPOLYLINE((#4061,#4062,#4063,#4064,#4061));
#4066=IFCARBITRARYCLOSEDPROFILEDEF(.AREA.,'Piso Ralo',#4065);
#4067=IFCCARTESIANPOINT((5980.2395666952198,8463.2854060546433,7.9985361410460829));
#4068=IFCAXIS2PLACEMENT3D(#4067,#34,#199);
#4069=IFCEXTRUDEDAREASOLID(#4066,#4068,#34,8.0000000000000018);
#4070=IFCSTYLEDITEM(#4069,(#1716),$);
#4071=IFCSHAPEREPRESENTATION(#15,'Body','SweptSolid',(#4069));
#4072=IFCAXIS2PLACEMENT3D(#10,$,$);
#4073=IFCREPRESENTATIONMAP(#4072,#4071);
#4074=IFCBUILDINGELEMENTPROXYTYPE('1kkNhPW5XF4BusAPV6zL6J',#6,'Piso Ralo5:Piso Ralo',$,$,$,(#4073),'493182',$,.NOTDEFINED.);
#4075=IFCMAPPEDITEM(#4073,#194);
#4076=IFCSHAPEREPRESENTATION(#15,'Body','MappedRepresentation',(#4075));
#4077=IFCPRODUCTDEFINITIONSHAPE($,$,(#4076));
#4078=IFCAXIS2PLACEMENT3D(#10,$,$);
#4079=IFCLOCALPLACEMENT(#24,#4078);
#4080=IFCBUILDINGELEMENTPROXY('1kkNhPW5XF4BusAPV6zL5j',#6,'Piso Ralo5:Piso Ralo:493184',$,$,#4079,#4077,'493184',$);
#4081=IFCPROPERTYSET('2FMis$WpEaB$2ebjRxe0xi',#6,'Pset_BuildingElementProxyCommon',$,(#3982));
#4082=IFCPROPERTYSET('1gRw$aYUgfye5LMT3gtEh0',#6,'Pset_QuantityTakeOff',$,(#3982));
#4083=IFCRELDEFINESBYPROPERTIES('0w2UE3efZp1IDaB0TS4jt8',#6,$,$,(#4080),#4081);
#4084=IFCRELDEFINESBYPROPERTIES('17Y8Ibwc5vuXf21tWXVugZ',#6,$,$,(#4080),#4082);
#4085=IFCCARTESIANPOINT((-168.26273069505183,-73.297755557515003));
#4086=IFCCARTESIANPOINT((10.331319937354186,-73.297755557515003));
#4087=IFCCARTESIANPOINT((120.29476966661568,28.772808111197484));
#4088=IFCCARTESIANPOINT((37.636641091078879,117.82270300383264));
#4089=IFCPOLYLINE((#4085,#4086,#4087,#4088,#4085));
#4090=IFCARBITRARYCLOSEDPROFILEDEF(.AREA.,'Piso Ralo',#4089);
#4091=IFCCARTESIANPOINT((5980.2395666952198,8287.7854060546415,7.9985361410460829));
#4092=IFCDIRECTION((-0.73292094561841281,0.68031381543653202,-0.));
#4093=IFCAXIS2PLACEMENT3D(#4091,#34,#4092);
#4094=IFCEXTRUDEDAREASOLID(#4090,#4093,#34,8.0000000000000018);
#4095=IFCSTYLEDITEM(#4094,(#1716),$);
#4096=IFCSHAPEREPRESENTATION(#15,'Body','SweptSolid',(#4094));
#4097=IFCAXIS2PLACEMENT3D(#10,$,$);
#4098=IFCREPRESENTATIONMAP(#4097,#4096);
#4099=IFCBUILDINGELEMENTPROXYTYPE('1kkNhPW5XF4BusAPV6zL5d',#6,'Piso Ralo6:Piso Ralo',$,$,$,(#4098),'493194',$,.NOTDEFINED.);
#4100=IFCMAPPEDITEM(#4098,#194);
#4101=IFCSHAPEREPRESENTATION(#15,'Body','MappedRepresentation',(#4100));
#4102=IFCPRODUCTDEFINITIONSHAPE($,$,(#4101));
#4103=IFCAXIS2PLACEMENT3D(#10,$,$);
#4104=IFCLOCALPLACEMENT(#24,#4103);
#4105=IFCBUILDINGELEMENTPROXY('1kkNhPW5XF4BusAPV6zL5X',#6,'Piso Ralo6:Piso Ralo:493196',$,$,#4104,#4102,'493196',$);
#4106=IFCPROPERTYSET('29LuZuCVA0i0t7lc6_Nhp0',#6,'Pset_BuildingElementProxyCommon',$,(#3982));
#4107=IFCPROPERTYSET('1f8qjMYfRZIsXgwr_sBx2J',#6,'Pset_QuantityTakeOff',$,(#3982));
#4108=IFCRELDEFINESBYPROPERTIES('1Chr8qY9cmsBembg5$mXHX',#6,$,$,(#4105),#4106);
#4109=IFCRELDEFINESBYPROPERTIES('37TnQODI7B7gT_A3OfRQ1I',#6,$,$,(#4105),#4107);
#4110=IFCCARTESIANPOINT((5.4001247917767614E-013,0.));
#4111=IFCAXIS2PLACEMENT2D(#4110,#170);
#4112=IFCRECTANGLEPROFILEDEF(.AREA.,'Piso Ralo',#4111,149.49999999999957,50.000000000005961);
#4113=IFCCARTESIANPOINT((5492.7484714912625,8375.5354060546397,7.9985361410460829));
#4114=IFCAXIS2PLACEMENT3D(#4113,#34,#199);
#4115=IFCEXTRUDEDAREASOLID(#4112,#4114,#34,8.0000000000000018);
#4116=IFCSTYLEDITEM(#4115,(#3195),$);
#4117=IFCSHAPEREPRESENTATION(#15,'Body','SweptSolid',(#4115));
#4118=IFCAXIS2PLACEMENT3D(#10,$,$);
#4119=IFCREPRESENTATIONMAP(#4118,#4117);
#4120=IFCBUILDINGELEMENTPROXYTYPE('1kkNhPW5XF4BusAPV6zL5$',#6,'Piso Ralo7:Piso Ralo',$,$,$,(#4119),'493202',$,.NOTDEFINED.);
#4121=IFCMAPPEDITEM(#4119,#194);
#4122=IFCSHAPEREPRESENTATION(#15,'Body','MappedRepresentation',(#4121));
#4123=IFCPRODUCTDEFINITIONSHAPE($,$,(#4122));
#4124=IFCAXIS2PLACEMENT3D(#10,$,$);
#4125=IFCLOCALPLACEMENT(#24,#4124);
#4126=IFCBUILDINGELEMENTPROXY('1kkNhPW5XF4BusAPV6zL5v',#6,'Piso Ralo7:Piso Ralo:493204',$,$,#4125,#4123,'493204',$);
#4127=IFCPROPERTYSET('3VypwnQka0SBSKsjPT0sAB',#6,'Pset_BuildingElementProxyCommon',$,(#3982));
#4128=IFCPROPERTYSET('0OPHVMdjOF$4pCCpYL0WLL',#6,'Pset_QuantityTakeOff',$,(#3982));
#4129=IFCRELDEFINESBYPROPERTIES('3PMn84poCq6BrLrLRkC8Rw',#6,$,$,(#4126),#4127);
#4130=IFCRELDEFINESBYPROPERTIES('0LcUiJdIfOf6370V9HA1kA',#6,$,$,(#4126),#4128);
#4131=IFCCARTESIANPOINT((5.4001247917767614E-013,0.));
#4132=IFCAXIS2PLACEMENT2D(#4131,#170);
#4133=IFCRECTANGLEPROFILEDEF(.AREA.,'Piso Ralo',#4132,149.49999999999957,50.000000000005961);
#4134=IFCCARTESIANPOINT((5492.7484714912625,8375.5354060546397,7.9985361410460829));
#4135=IFCAXIS2PLACEMENT3D(#4134,#34,#199);
#4136=IFCEXTRUDEDAREASOLID(#4133,#4135,#34,8.0000000000000018);
#4137=IFCSTYLEDITEM(#4136,(#3195),$);
#4138=IFCSHAPEREPRESENTATION(#15,'Body','SweptSolid',(#4136));
#4139=IFCAXIS2PLACEMENT3D(#10,$,$);
#4140=IFCREPRESENTATIONMAP(#4139,#4138);
#4141=IFCBUILDINGELEMENTPROXYTYPE('1kkNhPW5XF4BusAPV6zL5p',#6,'Piso Ralo8:Piso Ralo',$,$,$,(#4140),'493214',$,.NOTDEFINED.);
#4142=IFCMAPPEDITEM(#4140,#194);
#4143=IFCSHAPEREPRESENTATION(#15,'Body','MappedRepresentation',(#4142));
#4144=IFCPRODUCTDEFINITIONSHAPE($,$,(#4143));
#4145=IFCCARTESIANPOINT((151.49999999999912,0.,0.));
#4146=IFCAXIS2PLACEMENT3D(#4145,$,$);
#4147=IFCLOCALPLACEMENT(#24,#4146);
#4148=IFCBUILDINGELEMENTPROXY('1kkNhPW5XF4BusAPV6zL5D',#6,'Piso Ralo8:Piso Ralo:493216',$,$,#4147,#4144,'493216',$);
#4149=IFCPROPERTYSET('1dvhSeothF_DxoakVDLE7I',#6,'Pset_BuildingElementProxyCommon',$,(#3982));
#4150=IFCPROPERTYSET('0vCk2re7tMIjCBOnTutUGq',#6,'Pset_QuantityTakeOff',$,(#3982));
#4151=IFCRELDEFINESBYPROPERTIES('1fbjAUaBBMmfabVW9N3dbc',#6,$,$,(#4148),#4149);
#4152=IFCRELDEFINESBYPROPERTIES('14hEdm5a47MmAjOtzAA4Sm',#6,$,$,(#4148),#4150);
#4153=IFCCARTESIANPOINT((5.4001247917767614E-013,0.));
#4154=IFCAXIS2PLACEMENT2D(#4153,#170);
#4155=IFCRECTANGLEPROFILEDEF(.AREA.,'Piso Ralo',#4154,149.49999999999957,50.000000000005961);
#4156=IFCCARTESIANPOINT((5492.7484714912625,8375.5354060546397,7.9985361410460829));
#4157=IFCAXIS2PLACEMENT3D(#4156,#34,#199);
#4158=IFCEXTRUDEDAREASOLID(#4155,#4157,#34,8.0000000000000018);
#4159=IFCSTYLEDITEM(#4158,(#3195),$);
#4160=IFCSHAPEREPRESENTATION(#15,'Body','SweptSolid',(#4158));
#4161=IFCAXIS2PLACEMENT3D(#10,$,$);
#4162=IFCREPRESENTATIONMAP(#4161,#4160);
#4163=IFCBUILDINGELEMENTPROXYTYPE('1kkNhPW5XF4BusAPV6zL57',#6,'Piso Ralo9:Piso Ralo',$,$,$,(#4162),'493226',$,.NOTDEFINED.);
#4164=IFCMAPPEDITEM(#4162,#194);
#4165=IFCSHAPEREPRESENTATION(#15,'Body','MappedRepresentation',(#4164));
#4166=IFCPRODUCTDEFINITIONSHAPE($,$,(#4165));
#4167=IFCCARTESIANPOINT((303.,0.,0.));
#4168=IFCAXIS2PLACEMENT3D(#4167,$,$);
#4169=IFCLOCALPLACEMENT(#24,#4168);
#4170=IFCBUILDINGELEMENTPROXY('1kkNhPW5XF4BusAPV6zL51',#6,'Piso Ralo9:Piso Ralo:493228',$,$,#4169,#4166,'493228',$);
#4171=IFCPROPERTYSET('1C1uAGoYzhg4Dus5cycYn9',#6,'Pset_BuildingElementProxyCommon',$,(#3982));
#4172=IFCPROPERTYSET('18XYBr3nkME9476xUxv6Yz',#6,'Pset_QuantityTakeOff',$,(#3982));
#4173=IFCRELDEFINESBYPROPERTIES('2WWpeJP8BVMR1VR9ZmFaZz',#6,$,$,(#4170),#4171);
#4174=IFCRELDEFINESBYPROPERTIES('1$jgN5byu0MqcrE5Yop7CO',#6,$,$,(#4170),#4172);
#4175=IFCCARTESIANPOINT((5.4001247917767614E-013,0.));
#4176=IFCAXIS2PLACEMENT2D(#4175,#170);
#4177=IFCRECTANGLEPROFILEDEF(.AREA.,'Piso Ralo',#4176,149.49999999999957,50.000000000005961);
#4178=IFCCARTESIANPOINT((5492.7484714912625,8375.5354060546397,7.9985361410460829));
#4179=IFCAXIS2PLACEMENT3D(#4178,#34,#199);
#4180=IFCEXTRUDEDAREASOLID(#4177,#4179,#34,8.0000000000000018);
#4181=IFCSTYLEDITEM(#4180,(#3195),$);
#4182=IFCSHAPEREPRESENTATION(#15,'Body','SweptSolid',(#4180));
#4183=IFCAXIS2PLACEMENT3D(#10,$,$);
#4184=IFCREPRESENTATIONMAP(#4183,#4182);
#4185=IFCBUILDINGELEMENTPROXYTYPE('1kkNhPW5XF4BusAPV6zL5R',#6,'Piso Ralo20:Piso Ralo',$,$,$,(#4184),'493238',$,.NOTDEFINED.);
#4186=IFCMAPPEDITEM(#4184,#194);
#4187=IFCSHAPEREPRESENTATION(#15,'Body','MappedRepresentation',(#4186));
#4188=IFCPRODUCTDEFINITIONSHAPE($,$,(#4187));
#4189=IFCCARTESIANPOINT((454.49999999999955,0.,0.));
#4190=IFCAXIS2PLACEMENT3D(#4189,$,$);
#4191=IFCLOCALPLACEMENT(#24,#4190);
#4192=IFCBUILDINGELEMENTPROXY('1kkNhPW5XF4BusAPV6zL5L',#6,'Piso Ralo20:Piso Ralo:493240',$,$,#4191,#4188,'493240',$);
#4193=IFCPROPERTYSET('06Gdybge4ofAmBLWQuCL3z',#6,'Pset_BuildingElementProxyCommon',$,(#3982));
#4194=IFCPROPERTYSET('3bkE$4gtQYL5XSJfT4VL$G',#6,'Pset_QuantityTakeOff',$,(#3982));
#4195=IFCRELDEFINESBYPROPERTIES('13xV092_pJh_90cAl4QR7C',#6,$,$,(#4192),#4193);
#4196=IFCRELDEFINESBYPROPERTIES('2IRJ8LAVeu9M9HdTZWfNTt',#6,$,$,(#4192),#4194);
#4197=IFCCARTESIANPOINT((1.4210854715202004E-014,0.));
#4198=IFCAXIS2PLACEMENT2D(#4197,#170);
#4199=IFCRECTANGLEPROFILEDEF(.AREA.,'Tile 600x600 Gray',#4198,282.40000000000003,600.00000000000011);
#4200=IFCCARTESIANPOINT((-300.,-141.2000000000084,-0.));
#4201=IFCAXIS2PLACEMENT3D(#4200,#34,#35);
#4202=IFCEXTRUDEDAREASOLID(#4199,#4201,#34,6.9999999999999973);
#4203=IFCSTYLEDITEM(#4202,(#1716),$);
#4204=IFCSHAPEREPRESENTATION(#15,'Body','SweptSolid',(#4202));
#4205=IFCAXIS2PLACEMENT3D(#10,$,$);
#4206=IFCREPRESENTATIONMAP(#4205,#4204);
#4207=IFCBUILDINGELEMENTPROXYTYPE('2K3ZkqEXH14Pr_cbC5EW29',#6,'Tile:Tile 600x600 Gray',$,$,$,(#4206),'425013',$,.NOTDEFINED.);
#4208=IFCMAPPEDITEM(#4206,#194);
#4209=IFCSHAPEREPRESENTATION(#15,'Body','MappedRepresentation',(#4208));
#4210=IFCPRODUCTDEFINITIONSHAPE($,$,(#4209));
#4211=IFCCARTESIANPOINT((6154.8982320166033,7625.0354060546542,7.998536141046082));
#4212=IFCAXIS2PLACEMENT3D(#4211,#34,#35);
#4213=IFCLOCALPLACEMENT(#24,#4212);
#4214=IFCBUILDINGELEMENTPROXY('1kkNhPW5XF4BusAPV6zL5G',#6,'Tile:Tile 600x600 Gray:493245',$,$,#4213,#4210,'493245',$);
#4215=IFCPROPERTYSET('24Is2uRuwO1fm1erl7Caq7',#6,'Pset_BuildingElementProxyCommon',$,(#3923));
#4216=IFCPROPERTYSET('1K7j$9CdZYQ1MvbC9ki6xQ',#6,'Pset_QuantityTakeOff',$,(#3923));
#4217=IFCRELDEFINESBYPROPERTIES('1$0qWNeE022sfjVdKUeira',#6,$,$,(#4214),#4215);
#4218=IFCRELDEFINESBYPROPERTIES('2aOnc0FgycWqvub7dxsgQx',#6,$,$,(#4214),#4216);
#4219=IFCCARTESIANPOINT((0.,-1.4210854715202004E-014));
#4220=IFCAXIS2PLACEMENT2D(#4219,#170);
#4221=IFCRECTANGLEPROFILEDEF(.AREA.,'Tile 600x600 Gray',#4220,471.00000000000011,143.60000000000011);
#4222=IFCCARTESIANPOINT((-235.49999999999378,-71.800000000008453,-0.));
#4223=IFCAXIS2PLACEMENT3D(#4222,#34,#199);
#4224=IFCEXTRUDEDAREASOLID(#4221,#4223,#34,6.9999999999999973);
#4225=IFCSTYLEDITEM(#4224,(#1716),$);
#4226=IFCSHAPEREPRESENTATION(#15,'Body','SweptSolid',(#4224));
#4227=IFCAXIS2PLACEMENT3D(#10,$,$);
#4228=IFCREPRESENTATIONMAP(#4227,#4226);
#4229=IFCBUILDINGELEMENTPROXYTYPE('2$VVOJLwT6pgz3fUFT5IBw',#6,'Tile:Tile 600x600 Gray',$,$,$,(#4228),'425013',$,.NOTDEFINED.);
#4230=IFCMAPPEDITEM(#4228,#194);
#4231=IFCSHAPEREPRESENTATION(#15,'Body','MappedRepresentation',(#4230));
#4232=IFCPRODUCTDEFINITIONSHAPE($,$,(#4231));
#4233=IFCCARTESIANPOINT((6472.4984714912671,7625.0354060546542,7.998536141046082));
#4234=IFCAXIS2PLACEMENT3D(#4233,#34,#35);
#4235=IFCLOCALPLACEMENT(#24,#4234);
#4236=IFCBUILDINGELEMENTPROXY('1kkNhPW5XF4BusAPV6zL5J',#6,'Tile:Tile 600x600 Gray:493246',$,$,#4235,#4232,'493246',$);
#4237=IFCPROPERTYSET('1S8JpG_7p5_jrxnGkfQdKp',#6,'Pset_BuildingElementProxyCommon',$,(#3923));
#4238=IFCPROPERTYSET('1Sc0n5_a4GNIKggji_jiRT',#6,'Pset_QuantityTakeOff',$,(#3923));
#4239=IFCRELDEFINESBYPROPERTIES('1FqQzmPPBGfRNiSbbekUXG',#6,$,$,(#4236),#4237);
#4240=IFCRELDEFINESBYPROPERTIES('1TEZIrHj1WZSya1myi$9lK',#6,$,$,(#4236),#4238);
#4241=IFCCARTESIANPOINT((0.,0.));
#4242=IFCAXIS2PLACEMENT2D(#4241,#170);
#4243=IFCRECTANGLEPROFILEDEF(.AREA.,'Tile 600x600 Gray',#4242,471.00000000000011,600.);
#4244=IFCCARTESIANPOINT((-235.49999999999378,-300.,-0.));
#4245=IFCAXIS2PLACEMENT3D(#4244,#34,#199);
#4246=IFCEXTRUDEDAREASOLID(#4243,#4245,#34,6.9999999999999973);
#4247=IFCSTYLEDITEM(#4246,(#1716),$);
#4248=IFCSHAPEREPRESENTATION(#15,'Body','SweptSolid',(#4246));
#4249=IFCAXIS2PLACEMENT3D(#10,$,$);
#4250=IFCREPRESENTATIONMAP(#4249,#4248);
#4251=IFCBUILDINGELEMENTPROXYTYPE('2$VVOJLwT6pgz3fUFT5I9M',#6,'Tile:Tile 600x600 Gray',$,$,$,(#4250),'425013',$,.NOTDEFINED.);
#4252=IFCMAPPEDITEM(#4250,#194);
#4253=IFCSHAPEREPRESENTATION(#15,'Body','MappedRepresentation',(#4252));
#4254=IFCPRODUCTDEFINITIONSHAPE($,$,(#4253));
#4255=IFCCARTESIANPOINT((7074.498471491268,7625.0354060546515,7.998536141046082));
#4256=IFCAXIS2PLACEMENT3D(#4255,#34,#35);
#4257=IFCLOCALPLACEMENT(#24,#4256);
#4258=IFCBUILDINGELEMENTPROXY('1kkNhPW5XF4BusAPV6zL5I',#6,'Tile:Tile 600x600 Gray:493247',$,$,#4257,#4254,'493247',$);
#4259=IFCPROPERTYSET('0Tp7WdT$wS35KRiMhwGNMi',#6,'Pset_BuildingElementProxyCommon',$,(#3923));
#4260=IFCPROPERTYSET('19HEOKPYifso_Agd7yD5t2',#6,'Pset_QuantityTakeOff',$,(#3923));
#4261=IFCRELDEFINESBYPROPERTIES('2otzxt2x302cG8AfVmqSAd',#6,$,$,(#4258),#4259);
#4262=IFCRELDEFINESBYPROPERTIES('32INxWSBVdMbWccTusL5Ah',#6,$,$,(#4258),#4260);
#4263=IFCCARTESIANPOINT((0.,0.));
#4264=IFCAXIS2PLACEMENT2D(#4263,#170);
#4265=IFCRECTANGLEPROFILEDEF(.AREA.,'Tile 600x600 Gray',#4264,438.20000000000016,450.00000000000006);
#4266=IFCCARTESIANPOINT((-219.09999999999377,-225.,-0.));
#4267=IFCAXIS2PLACEMENT3D(#4266,#34,#199);
#4268=IFCEXTRUDEDAREASOLID(#4265,#4267,#34,6.9999999999999973);
#4269=IFCSTYLEDITEM(#4268,(#1716),$);
#4270=IFCSHAPEREPRESENTATION(#15,'Body','SweptSolid',(#4268));
#4271=IFCAXIS2PLACEMENT3D(#10,$,$);
#4272=IFCREPRESENTATIONMAP(#4271,#4270);
#4273=IFCBUILDINGELEMENTPROXYTYPE('1pWAiev0D0PBwy2gi$xpQd',#6,'Tile:Tile 600x600 Gray',$,$,$,(#4272),'425013',$,.NOTDEFINED.);
#4274=IFCMAPPEDITEM(#4272,#194);
#4275=IFCSHAPEREPRESENTATION(#15,'Body','MappedRepresentation',(#4274));
#4276=IFCPRODUCTDEFINITIONSHAPE($,$,(#4275));
#4277=IFCCARTESIANPOINT((5715.2164729501274,8533.0354060546197,463.01000000000494));
#4278=IFCAXIS2PLACEMENT3D(#4277,#35,#1267);
#4279=IFCLOCALPLACEMENT(#24,#4278);
#4280=IFCBUILDINGELEMENTPROXY('1kkNhPW5XF4BusAPV6zL4V',#6,'Tile:Tile 600x600 Gray:493298',$,$,#4279,#4276,'493298',$);
#4281=IFCPROPERTYSET('1Nq26Clb72cfnzVZbuwMI2',#6,'Pset_BuildingElementProxyCommon',$,(#3923));
#4282=IFCPROPERTYSET('1YnDvKstPCL_PnP89BJLEv',#6,'Pset_QuantityTakeOff',$,(#3923));
#4283=IFCRELDEFINESBYPROPERTIES('1Ramh8nU8VvzdDLEWcTxAx',#6,$,$,(#4280),#4281);
#4284=IFCRELDEFINESBYPROPERTIES('2NZLYblRjqzNRCHI4_wvQR',#6,$,$,(#4280),#4282);
#4285=IFCMAPPEDITEM(#4272,#194);
#4286=IFCSHAPEREPRESENTATION(#15,'Body','MappedRepresentation',(#4285));
#4287=IFCPRODUCTDEFINITIONSHAPE($,$,(#4286));
#4288=IFCCARTESIANPOINT((6155.4164729501272,8533.0354060546179,463.01000000000346));
#4289=IFCAXIS2PLACEMENT3D(#4288,#35,#1267);
#4290=IFCLOCALPLACEMENT(#24,#4289);
#4291=IFCBUILDINGELEMENTPROXY('1kkNhPW5XF4BusAPV6zL4U',#6,'Tile:Tile 600x600 Gray:493299',$,$,#4290,#4287,'493299',$);
#4292=IFCPROPERTYSET('1$syGpQrSVvUxt11Eb33sF',#6,'Pset_BuildingElementProxyCommon',$,(#3923));
#4293=IFCPROPERTYSET('1SYTMphAf9dA93dGgsnugV',#6,'Pset_QuantityTakeOff',$,(#3923));
#4294=IFCRELDEFINESBYPROPERTIES('17tYmC2o5JqULJXb56I0uz',#6,$,$,(#4291),#4292);
#4295=IFCRELDEFINESBYPROPERTIES('3mj7F6_sSOTf_KoZKhMuOK',#6,$,$,(#4291),#4293);
#4296=IFCMAPPEDITEM(#4272,#194);
#4297=IFCSHAPEREPRESENTATION(#15,'Body','MappedRepresentation',(#4296));
#4298=IFCPRODUCTDEFINITIONSHAPE($,$,(#4297));
#4299=IFCCARTESIANPOINT((5715.2164729501274,8533.0354060546197,915.01000000000488));
#4300=IFCAXIS2PLACEMENT3D(#4299,#35,#1267);
#4301=IFCLOCALPLACEMENT(#24,#4300);
#4302=IFCBUILDINGELEMENTPROXY('1kkNhPW5XF4BusAPV6zL4P',#6,'Tile:Tile 600x600 Gray:493300',$,$,#4301,#4298,'493300',$);
#4303=IFCPROPERTYSET('1jyyCNuLly0nedH4B77bGc',#6,'Pset_BuildingElementProxyCommon',$,(#3923));
#4304=IFCPROPERTYSET('3KzZtjLyZNDRRpXhEWBfty',#6,'Pset_QuantityTakeOff',$,(#3923));
#4305=IFCRELDEFINESBYPROPERTIES('0HhTxObmlADHrmWjBCd7BA',#6,$,$,(#4302),#4303);
#4306=IFCRELDEFINESBYPROPERTIES('3whYnJ0H1dSVmoDfeR1dK6',#6,$,$,(#4302),#4304);
#4307=IFCMAPPEDITEM(#4272,#194);
#4308=IFCSHAPEREPRESENTATION(#15,'Body','MappedRepresentation',(#4307));
#4309=IFCPRODUCTDEFINITIONSHAPE($,$,(#4308));
#4310=IFCCARTESIANPOINT((6155.4164729501272,8533.0354060546179,915.0100000000034));
#4311=IFCAXIS2PLACEMENT3D(#4310,#35,#1267);
#4312=IFCLOCALPLACEMENT(#24,#4311);
#4313=IFCBUILDINGELEMENTPROXY('1kkNhPW5XF4BusAPV6zL4O',#6,'Tile:Tile 600x600 Gray:493301',$,$,#4312,#4309,'493301',$);
#4314=IFCPROPERTYSET('0XCjeESw30PBoK1tomkmCI',#6,'Pset_BuildingElementProxyCommon',$,(#3923));
#4315=IFCPROPERTYSET('0HuCnk9c90W2Vc7qrdMD3o',#6,'Pset_QuantityTakeOff',$,(#3923));
#4316=IFCRELDEFINESBYPROPERTIES('0O76hu_FPc0kWbLoYx9WMD',#6,$,$,(#4313),#4314);
#4317=IFCRELDEFINESBYPROPERTIES('0gseQawgFext_9lXxGq_mX',#6,$,$,(#4313),#4315);
#4318=IFCCARTESIANPOINT((-2.1316282072803006E-014,0.));
#4319=IFCAXIS2PLACEMENT2D(#4318,#170);
#4320=IFCRECTANGLEPROFILEDEF(.AREA.,'Tile 450,700 x 300,500 x 95 Red',#4319,233.90000000000006,300.29999999999995);
#4321=IFCCARTESIANPOINT((-116.94999999999378,-150.15000000000845,-0.));
#4322=IFCAXIS2PLACEMENT3D(#4321,#34,#199);
#4323=IFCEXTRUDEDAREASOLID(#4320,#4322,#34,6.9999999999999973);
#4324=IFCSTYLEDITEM(#4323,(#800),$);
#4325=IFCSHAPEREPRESENTATION(#15,'Body','SweptSolid',(#4323));
#4326=IFCAXIS2PLACEMENT3D(#10,$,$);
#4327=IFCREPRESENTATIONMAP(#4326,#4325);
#4328=IFCBUILDINGELEMENTPROXYTYPE('0ZqRNsBqv5aPUTYwZjIaO$',#6,'Tile:Tile 450,700 x 300,500 x 95 Red',$,$,$,(#4327),'427296',$,.NOTDEFINED.);
#4329=IFCMAPPEDITEM(#4327,#194);
#4330=IFCSHAPEREPRESENTATION(#15,'Body','MappedRepresentation',(#4329));
#4331=IFCPRODUCTDEFINITIONSHAPE($,$,(#4330));
#4332=IFCCARTESIANPOINT((5510.4164729501299,8533.0354060546197,1217.5100000000048));
#4333=IFCAXIS2PLACEMENT3D(#4332,#35,#1267);
#4334=IFCLOCALPLACEMENT(#24,#4333);
#4335=IFCBUILDINGELEMENTPROXY('1kkNhPW5XF4BusAPV6zL4R',#6,'Tile:Tile 450,700 x 300,500 x 95 Red:493302',$,$,#4334,#4331,'493302',$);
#4336=IFCPROPERTYSET('2xDz2XYsEPiEt0mQv6GPur',#6,'Pset_BuildingElementProxyCommon',$,(#1785));
#4337=IFCPROPERTYSET('1ZhdghwJO8IRMY9qIariQd',#6,'Pset_QuantityTakeOff',$,(#1785));
#4338=IFCRELDEFINESBYPROPERTIES('18d15NocBw6HyrIufbMz3B',#6,$,$,(#4335),#4336);
#4339=IFCRELDEFINESBYPROPERTIES('0CYah3MdmgFoEfaaxakPcP',#6,$,$,(#4335),#4337);
#4340=IFCCARTESIANPOINT((-1.4210854715202004E-014,0.));
#4341=IFCAXIS2PLACEMENT2D(#4340,#170);
#4342=IFCRECTANGLEPROFILEDEF(.AREA.,'Tile 450,700 x 300,500 x 95 Red',#4341,233.94,300.29999999999995);
#4343=IFCCARTESIANPOINT((-116.96999999999376,-150.15000000000845,-0.));
#4344=IFCAXIS2PLACEMENT3D(#4343,#34,#199);
#4345=IFCEXTRUDEDAREASOLID(#4342,#4344,#34,6.9999999999999973);
#4346=IFCSTYLEDITEM(#4345,(#800),$);
#4347=IFCSHAPEREPRESENTATION(#15,'Body','SweptSolid',(#4345));
#4348=IFCAXIS2PLACEMENT3D(#10,$,$);
#4349=IFCREPRESENTATIONMAP(#4348,#4347);
#4350=IFCBUILDINGELEMENTPROXYTYPE('0ZqRNsBqv5aPUTYwZjIaOB',#6,'Tile:Tile 450,700 x 300,500 x 95 Red',$,$,$,(#4349),'427296',$,.NOTDEFINED.);
#4351=IFCMAPPEDITEM(#4349,#194);
#4352=IFCSHAPEREPRESENTATION(#15,'Body','MappedRepresentation',(#4351));
#4353=IFCPRODUCTDEFINITIONSHAPE($,$,(#4352));
#4354=IFCCARTESIANPOINT((6155.4564729501271,8533.0354060546179,1217.5100000000025));
#4355=IFCAXIS2PLACEMENT3D(#4354,#35,#1267);
#4356=IFCLOCALPLACEMENT(#24,#4355);
#4357=IFCBUILDINGELEMENTPROXY('1kkNhPW5XF4BusAPV6zL4Q',#6,'Tile:Tile 450,700 x 300,500 x 95 Red:493303',$,$,#4356,#4353,'493303',$);
#4358=IFCPROPERTYSET('2BtJ27ZulYyhSy_tTw5Vg5',#6,'Pset_BuildingElementProxyCommon',$,(#1785));
#4359=IFCPROPERTYSET('0dQD3PVL5FqTsnWXBiRNEO',#6,'Pset_QuantityTakeOff',$,(#1785));
#4360=IFCRELDEFINESBYPROPERTIES('23qKFsQ5lYEjgM74SXhQgk',#6,$,$,(#4357),#4358);
#4361=IFCRELDEFINESBYPROPERTIES('04XNWLZlteVh1ALV8Plqi_',#6,$,$,(#4357),#4359);
#4362=IFCCARTESIANPOINT((-1.4210854715202004E-014,0.));
#4363=IFCAXIS2PLACEMENT2D(#4362,#170);
#4364=IFCRECTANGLEPROFILEDEF(.AREA.,'Tile 450,700 x 300,500 x 95 Red',#4363,203.30000000000004,300.29999999999995);
#4365=IFCCARTESIANPOINT((-101.64999999999378,-150.15000000000845,-0.));
#4366=IFCAXIS2PLACEMENT3D(#4365,#34,#199);
#4367=IFCEXTRUDEDAREASOLID(#4364,#4366,#34,6.9999999999999973);
#4368=IFCSTYLEDITEM(#4367,(#800),$);
#4369=IFCSHAPEREPRESENTATION(#15,'Body','SweptSolid',(#4367));
#4370=IFCAXIS2PLACEMENT3D(#10,$,$);
#4371=IFCREPRESENTATIONMAP(#4370,#4369);
#4372=IFCBUILDINGELEMENTPROXYTYPE('0ZqRNsBqv5aPUTYwZjIaR4',#6,'Tile:Tile 450,700 x 300,500 x 95 Red',$,$,$,(#4371),'427296',$,.NOTDEFINED.);
#4373=IFCMAPPEDITEM(#4371,#194);
#4374=IFCSHAPEREPRESENTATION(#15,'Body','MappedRepresentation',(#4373));
#4375=IFCPRODUCTDEFINITIONSHAPE($,$,(#4374));
#4376=IFCCARTESIANPOINT((5817.616472950137,8533.0354060546179,1217.5100000000182));
#4377=IFCAXIS2PLACEMENT3D(#4376,#35,#1267);
#4378=IFCLOCALPLACEMENT(#24,#4377);
#4379=IFCBUILDINGELEMENTPROXY('1kkNhPW5XF4BusAPV6zL4L',#6,'Tile:Tile 450,700 x 300,500 x 95 Red:493304',$,$,#4378,#4375,'493304',$);
#4380=IFCPROPERTYSET('2sKVVecGOj4gUzqpNeI6Sj',#6,'Pset_BuildingElementProxyCommon',$,(#1785));
#4381=IFCPROPERTYSET('0Tmp3TcLwlQcoBU9l1Jk8f',#6,'Pset_QuantityTakeOff',$,(#1785));
#4382=IFCRELDEFINESBYPROPERTIES('2PlNPlrRNmXC0cr7oRYKcb',#6,$,$,(#4379),#4380);
#4383=IFCRELDEFINESBYPROPERTIES('0H8g5FoTgns$8f4eBoWgWZ',#6,$,$,(#4379),#4381);
#4384=IFCCARTESIANPOINT((2.1316282072803006E-014,0.));
#4385=IFCAXIS2PLACEMENT2D(#4384,#170);
#4386=IFCRECTANGLEPROFILEDEF(.AREA.,'Tile 200x100x75 White 2',#4385,199.80000000000001,100.40000000000001);
#4387=IFCCARTESIANPOINT((-50.199999999993743,-99.900000000008419,-0.));
#4388=IFCAXIS2PLACEMENT3D(#4387,#34,#35);
#4389=IFCEXTRUDEDAREASOLID(#4386,#4388,#34,6.9999999999999973);
#4390=IFCSTYLEDITEM(#4389,(#183),$);
#4391=IFCSHAPEREPRESENTATION(#15,'Body','SweptSolid',(#4389));
#4392=IFCAXIS2PLACEMENT3D(#10,$,$);
#4393=IFCREPRESENTATIONMAP(#4392,#4391);
#4394=IFCBUILDINGELEMENTPROXYTYPE('0qyAVvJzHBtx7qBAcZyoZt',#6,'Tile:Tile 200x100x75 White 2',$,$,$,(#4393),'431094',$,.NOTDEFINED.);
#4395=IFCMAPPEDITEM(#4393,#194);
#4396=IFCSHAPEREPRESENTATION(#15,'Body','MappedRepresentation',(#4395));
#4397=IFCPRODUCTDEFINITIONSHAPE($,$,(#4396));
#4398=IFCCARTESIANPOINT((5612.8164729501332,8533.0354060546179,1117.0100000000034));
#4399=IFCAXIS2PLACEMENT3D(#4398,#35,#1267);
#4400=IFCLOCALPLACEMENT(#24,#4399);
#4401=IFCBUILDINGELEMENTPROXY('1kkNhPW5XF4BusAPV6zL4K',#6,'Tile:Tile 200x100x75 White 2:493305',$,$,#4400,#4397,'493305',$);
#4402=IFCPROPERTYSET('3j0ZFMTRuePcHR$WOb7xnC',#6,'Pset_BuildingElementProxyCommon',$,(#203));
#4403=IFCPROPERTYSET('3h1_yuCmNHZS1qd6H3oytS',#6,'Pset_QuantityTakeOff',$,(#203));
#4404=IFCRELDEFINESBYPROPERTIES('0kjB_lwLiopbALnntEUCHP',#6,$,$,(#4401),#4402);
#4405=IFCRELDEFINESBYPROPERTIES('2AyJ3zsnMubj0J26BKBDoV',#6,$,$,(#4401),#4403);
#4406=IFCCARTESIANPOINT((2.1316282072803006E-014,0.));
#4407=IFCAXIS2PLACEMENT2D(#4406,#170);
#4408=IFCRECTANGLEPROFILEDEF(.AREA.,'Tile 200x100x75 White',#4407,200.00000000000006,100.40000000000001);
#4409=IFCCARTESIANPOINT((-50.199999999993743,-100.,-0.));
#4410=IFCAXIS2PLACEMENT3D(#4409,#34,#35);
#4411=IFCEXTRUDEDAREASOLID(#4408,#4410,#34,6.9999999999999973);
#4412=IFCSTYLEDITEM(#4411,(#183),$);
#4413=IFCSHAPEREPRESENTATION(#15,'Body','SweptSolid',(#4411));
#4414=IFCAXIS2PLACEMENT3D(#10,$,$);
#4415=IFCREPRESENTATIONMAP(#4414,#4413);
#4416=IFCBUILDINGELEMENTPROXYTYPE('1pWAiev0D0PBwy2gi$xplJ',#6,'Tile:Tile 200x100x75 White',$,$,$,(#4415),'428000',$,.NOTDEFINED.);
#4417=IFCMAPPEDITEM(#4415,#194);
#4418=IFCSHAPEREPRESENTATION(#15,'Body','MappedRepresentation',(#4417));
#4419=IFCPRODUCTDEFINITIONSHAPE($,$,(#4418));
#4420=IFCCARTESIANPOINT((5715.2364729500978,8533.035406054616,1419.5100000000025));
#4421=IFCAXIS2PLACEMENT3D(#4420,#35,#1267);
#4422=IFCLOCALPLACEMENT(#24,#4421);
#4423=IFCBUILDINGELEMENTPROXY('1kkNhPW5XF4BusAPV6zL4N',#6,'Tile:Tile 200x100x75 White:493306',$,$,#4422,#4419,'493306',$);
#4424=IFCPROPERTYSINGLEVALUE('Reference',$,IFCIDENTIFIER('Tile 200x100x75 White'),$);
#4425=IFCPROPERTYSET('2g4lXGytYqiaYy$ztF4Efx',#6,'Pset_BuildingElementProxyCommon',$,(#4424));
#4426=IFCPROPERTYSET('3S0lRbGpOG3vRuAEqE0cBK',#6,'Pset_QuantityTakeOff',$,(#4424));
#4427=IFCRELDEFINESBYPROPERTIES('29WlJLfrQiGYTQ9lv14vYj',#6,$,$,(#4423),#4425);
#4428=IFCRELDEFINESBYPROPERTIES('3msBK5l7Km9Zaa4KGQ2Ncl',#6,$,$,(#4423),#4426);
#4429=IFCMAPPEDITEM(#4415,#194);
#4430=IFCSHAPEREPRESENTATION(#15,'Body','MappedRepresentation',(#4429));
#4431=IFCPRODUCTDEFINITIONSHAPE($,$,(#4430));
#4432=IFCCARTESIANPOINT((5817.6364729501011,8533.035406054616,1419.5100000000036));
#4433=IFCAXIS2PLACEMENT3D(#4432,#35,#1267);
#4434=IFCLOCALPLACEMENT(#24,#4433);
#4435=IFCBUILDINGELEMENTPROXY('1kkNhPW5XF4BusAPV6zL4M',#6,'Tile:Tile 200x100x75 White:493307',$,$,#4434,#4431,'493307',$);
#4436=IFCPROPERTYSET('0HTY1_kGI99$1TnR7sKwxu',#6,'Pset_BuildingElementProxyCommon',$,(#4424));
#4437=IFCPROPERTYSET('3x1tPPYlD1ZQzebV27JDbZ',#6,'Pset_QuantityTakeOff',$,(#4424));
#4438=IFCRELDEFINESBYPROPERTIES('2eifREQJYH8bedztUNYMW9',#6,$,$,(#4435),#4436);
#4439=IFCRELDEFINESBYPROPERTIES('2PBjOUWOmO6k1WSI5zSabO',#6,$,$,(#4435),#4437);
#4440=IFCMAPPEDITEM(#4415,#194);
#4441=IFCSHAPEREPRESENTATION(#15,'Body','MappedRepresentation',(#4440));
#4442=IFCPRODUCTDEFINITIONSHAPE($,$,(#4441));
#4443=IFCCARTESIANPOINT((5715.236472950096,8533.0354060546179,1621.5100000000036));
#4444=IFCAXIS2PLACEMENT3D(#4443,#35,#1267);
#4445=IFCLOCALPLACEMENT(#24,#4444);
#4446=IFCBUILDINGELEMENTPROXY('1kkNhPW5XF4BusAPV6zL4H',#6,'Tile:Tile 200x100x75 White:493308',$,$,#4445,#4442,'493308',$);
#4447=IFCPROPERTYSET('2SqL1k9yQztEFxL$eiAT9$',#6,'Pset_BuildingElementProxyCommon',$,(#4424));
#4448=IFCPROPERTYSET('1XQ7zFoP$f$nYRtAsQKLGQ',#6,'Pset_QuantityTakeOff',$,(#4424));
#4449=IFCRELDEFINESBYPROPERTIES('0VooJ5jKvCIrpO3_tEYg_$',#6,$,$,(#4446),#4447);
#4450=IFCRELDEFINESBYPROPERTIES('0HJTN7MmPU4Fn4qaSLpGwv',#6,$,$,(#4446),#4448);
#4451=IFCMAPPEDITEM(#4415,#194);
#4452=IFCSHAPEREPRESENTATION(#15,'Body','MappedRepresentation',(#4451));
#4453=IFCPRODUCTDEFINITIONSHAPE($,$,(#4452));
#4454=IFCCARTESIANPOINT((5817.636472950102,8533.0354060546179,1621.5100000000043));
#4455=IFCAXIS2PLACEMENT3D(#4454,#35,#1267);
#4456=IFCLOCALPLACEMENT(#24,#4455);
#4457=IFCBUILDINGELEMENTPROXY('1kkNhPW5XF4BusAPV6zL4G',#6,'Tile:Tile 200x100x75 White:493309',$,$,#4456,#4453,'493309',$);
#4458=IFCPROPERTYSET('2FCQG88SEWVBgHg65tmgqq',#6,'Pset_BuildingElementProxyCommon',$,(#4424));
#4459=IFCPROPERTYSET('1e4hp2V9TDsoHEq6sAjVxS',#6,'Pset_QuantityTakeOff',$,(#4424));
#4460=IFCRELDEFINESBYPROPERTIES('2YVf$HKK$POi2s1a2XGIYU',#6,$,$,(#4457),#4458);
#4461=IFCRELDEFINESBYPROPERTIES('2ZeGkTr72EkojItJ4xs3Pb',#6,$,$,(#4457),#4459);
#4462=IFCMAPPEDITEM(#4415,#194);
#4463=IFCSHAPEREPRESENTATION(#15,'Body','MappedRepresentation',(#4462));
#4464=IFCPRODUCTDEFINITIONSHAPE($,$,(#4463));
#4465=IFCCARTESIANPOINT((5612.8364729500972,8533.0354060546179,1722.6099999999967));
#4466=IFCAXIS2PLACEMENT3D(#4465,#35,#1267);
#4467=IFCLOCALPLACEMENT(#24,#4466);
#4468=IFCBUILDINGELEMENTPROXY('1kkNhPW5XF4BusAPV6zL4J',#6,'Tile:Tile 200x100x75 White:493310',$,$,#4467,#4464,'493310',$);
#4469=IFCPROPERTYSET('2A16FP5yge6rlE5a1s28pN',#6,'Pset_BuildingElementProxyCommon',$,(#4424));
#4470=IFCPROPERTYSET('2Sv95pxbmshCaAYS58ppg6',#6,'Pset_QuantityTakeOff',$,(#4424));
#4471=IFCRELDEFINESBYPROPERTIES('2ESvbOjmMGxeI3lGQUXQe5',#6,$,$,(#4468),#4469);
#4472=IFCRELDEFINESBYPROPERTIES('0Ts4UQGn57wz2RICC_hq$5',#6,$,$,(#4468),#4470);
#4473=IFCMAPPEDITEM(#4415,#194);
#4474=IFCSHAPEREPRESENTATION(#15,'Body','MappedRepresentation',(#4473));
#4475=IFCPRODUCTDEFINITIONSHAPE($,$,(#4474));
#4476=IFCCARTESIANPOINT((5510.4364729500885,8533.0354060546179,1621.7099999999966));
#4477=IFCAXIS2PLACEMENT3D(#4476,#35,#1267);
#4478=IFCLOCALPLACEMENT(#24,#4477);
#4479=IFCBUILDINGELEMENTPROXY('1kkNhPW5XF4BusAPV6zL4I',#6,'Tile:Tile 200x100x75 White:493311',$,$,#4478,#4475,'493311',$);
#4480=IFCPROPERTYSET('0CVrV0uIXejr5N7ToW7GIr',#6,'Pset_BuildingElementProxyCommon',$,(#4424));
#4481=IFCPROPERTYSET('2GQAxbv5GC9a1ZWtPIoxha',#6,'Pset_QuantityTakeOff',$,(#4424));
#4482=IFCRELDEFINESBYPROPERTIES('1xddEZEQOJtSy8OUoOKmhi',#6,$,$,(#4479),#4480);
#4483=IFCRELDEFINESBYPROPERTIES('3A133nmBXZ4LefF8aYMZ2T',#6,$,$,(#4479),#4481);
#4484=IFCMAPPEDITEM(#4415,#194);
#4485=IFCSHAPEREPRESENTATION(#15,'Body','MappedRepresentation',(#4484));
#4486=IFCPRODUCTDEFINITIONSHAPE($,$,(#4485));
#4487=IFCCARTESIANPOINT((5408.036472950087,8533.0354060546215,1520.8099999999977));
#4488=IFCAXIS2PLACEMENT3D(#4487,#35,#1267);
#4489=IFCLOCALPLACEMENT(#24,#4488);
#4490=IFCBUILDINGELEMENTPROXY('1kkNhPW5XF4BusAPV6zL3j',#6,'Tile:Tile 200x100x75 White:493312',$,$,#4489,#4486,'493312',$);
#4491=IFCPROPERTYSET('3VNOwAf7LXqF$KExiEL6BP',#6,'Pset_BuildingElementProxyCommon',$,(#4424));
#4492=IFCPROPERTYSET('05hTbu3RXe_Jy7QYHCQNSU',#6,'Pset_QuantityTakeOff',$,(#4424));
#4493=IFCRELDEFINESBYPROPERTIES('3io4deQvOnqlTMz3SQSYzz',#6,$,$,(#4490),#4491);
#4494=IFCRELDEFINESBYPROPERTIES('0UMjGZd4k9mrYIOwlPmtI7',#6,$,$,(#4490),#4492);
#4495=IFCMAPPEDITEM(#4415,#194);
#4496=IFCSHAPEREPRESENTATION(#15,'Body','MappedRepresentation',(#4495));
#4497=IFCPRODUCTDEFINITIONSHAPE($,$,(#4496));
#4498=IFCCARTESIANPOINT((5819.6364729501256,8533.035406054616,1522.6099999999713));
#4499=IFCAXIS2PLACEMENT3D(#4498,#35,#199);
#4500=IFCLOCALPLACEMENT(#24,#4499);
#4501=IFCBUILDINGELEMENTPROXY('1kkNhPW5XF4BusAPV6zL3i',#6,'Tile:Tile 200x100x75 White:493313',$,$,#4500,#4497,'493313',$);
#4502=IFCPROPERTYSET('2NsWrWtw200PzntmQUfRgk',#6,'Pset_BuildingElementProxyCommon',$,(#4424));
#4503=IFCPROPERTYSET('04QLgJBSY9RgYab9OSZV$$',#6,'Pset_QuantityTakeOff',$,(#4424));
#4504=IFCRELDEFINESBYPROPERTIES('2yhl2w8ZrtPE7x7OP0O2RU',#6,$,$,(#4501),#4502);
#4505=IFCRELDEFINESBYPROPERTIES('1UJpzH_qXfjrYK_OJrAifz',#6,$,$,(#4501),#4503);
#4506=IFCMAPPEDITEM(#4415,#194);
#4507=IFCSHAPEREPRESENTATION(#15,'Body','MappedRepresentation',(#4506));
#4508=IFCPRODUCTDEFINITIONSHAPE($,$,(#4507));
#4509=IFCCARTESIANPOINT((5922.0364729501334,8533.035406054616,1623.50999999997));
#4510=IFCAXIS2PLACEMENT3D(#4509,#35,#199);
#4511=IFCLOCALPLACEMENT(#24,#4510);
#4512=IFCBUILDINGELEMENTPROXY('1kkNhPW5XF4BusAPV6zL3l',#6,'Tile:Tile 200x100x75 White:493314',$,$,#4511,#4508,'493314',$);
#4513=IFCPROPERTYSET('0K0uyASev_tdjBQMx6lOjW',#6,'Pset_BuildingElementProxyCommon',$,(#4424));
#4514=IFCPROPERTYSET('1P4zF14Sh1DtNZtULLq0F1',#6,'Pset_QuantityTakeOff',$,(#4424));
#4515=IFCRELDEFINESBYPROPERTIES('1ts19p5yhlEUi3$bfBT3hv',#6,$,$,(#4512),#4513);
#4516=IFCRELDEFINESBYPROPERTIES('0ZAxRS6BtQ$Xy082jtrMBU',#6,$,$,(#4512),#4514);
#4517=IFCCARTESIANPOINT((2.1316282072803006E-014,0.));
#4518=IFCAXIS2PLACEMENT2D(#4517,#170);
#4519=IFCRECTANGLEPROFILEDEF(.AREA.,'Tile 200x100x75 White 2',#4518,199.80000000000001,100.40000000000001);
#4520=IFCCARTESIANPOINT((-50.199999999993743,-99.900000000008419,-0.));
#4521=IFCAXIS2PLACEMENT3D(#4520,#34,#35);
#4522=IFCEXTRUDEDAREASOLID(#4519,#4521,#34,6.9999999999999973);
#4523=IFCSTYLEDITEM(#4522,(#183),$);
#4524=IFCSHAPEREPRESENTATION(#15,'Body','SweptSolid',(#4522));
#4525=IFCAXIS2PLACEMENT3D(#10,$,$);
#4526=IFCREPRESENTATIONMAP(#4525,#4524);
#4527=IFCBUILDINGELEMENTPROXYTYPE('1MH_t$ZbL18A53iTg7iWqu',#6,'Tile:Tile 200x100x75 White 2',$,$,$,(#4526),'431094',$,.NOTDEFINED.);
#4528=IFCMAPPEDITEM(#4526,#194);
#4529=IFCSHAPEREPRESENTATION(#15,'Body','MappedRepresentation',(#4528));
#4530=IFCPRODUCTDEFINITIONSHAPE($,$,(#4529));
#4531=IFCCARTESIANPOINT((6024.4364729501403,8533.035406054616,1724.2099999999807));
#4532=IFCAXIS2PLACEMENT3D(#4531,#35,#199);
#4533=IFCLOCALPLACEMENT(#24,#4532);
#4534=IFCBUILDINGELEMENTPROXY('1kkNhPW5XF4BusAPV6zL3k',#6,'Tile:Tile 200x100x75 White 2:493315',$,$,#4533,#4530,'493315',$);
#4535=IFCPROPERTYSET('0TimWXU2Dle2EzJTIVGyzt',#6,'Pset_BuildingElementProxyCommon',$,(#203));
#4536=IFCPROPERTYSET('1fjGkWMJoSFOOJomIwXDEp',#6,'Pset_QuantityTakeOff',$,(#203));
#4537=IFCRELDEFINESBYPROPERTIES('3B1A$8hSrmRm3S1EDk9GRa',#6,$,$,(#4534),#4535);
#4538=IFCRELDEFINESBYPROPERTIES('0CfJ7ig4d0NvblRoOxVl1o',#6,$,$,(#4534),#4536);
#4539=IFCMAPPEDITEM(#4526,#194);
#4540=IFCSHAPEREPRESENTATION(#15,'Body','MappedRepresentation',(#4539));
#4541=IFCPRODUCTDEFINITIONSHAPE($,$,(#4540));
#4542=IFCCARTESIANPOINT((6257.8364729501282,8533.035406054616,1116.810000000002));
#4543=IFCAXIS2PLACEMENT3D(#4542,#35,#1267);
#4544=IFCLOCALPLACEMENT(#24,#4543);
#4545=IFCBUILDINGELEMENTPROXY('1kkNhPW5XF4BusAPV6zL3f',#6,'Tile:Tile 200x100x75 White 2:493316',$,$,#4544,#4541,'493316',$);
#4546=IFCPROPERTYSET('2E7yWP5BPXXY7CwJZbl7X5',#6,'Pset_BuildingElementProxyCommon',$,(#203));
#4547=IFCPROPERTYSET('0ey$HDa4q3iY3OthlgdcVb',#6,'Pset_QuantityTakeOff',$,(#203));
#4548=IFCRELDEFINESBYPROPERTIES('0MIhQzbmf1$wlas7kbCqxJ',#6,$,$,(#4545),#4546);
#4549=IFCRELDEFINESBYPROPERTIES('2xd_FiTSIPHsGPYHjo32JC',#6,$,$,(#4545),#4547);
#4550=IFCMAPPEDITEM(#4526,#194);
#4551=IFCSHAPEREPRESENTATION(#15,'Body','MappedRepresentation',(#4550));
#4552=IFCPRODUCTDEFINITIONSHAPE($,$,(#4551));
#4553=IFCCARTESIANPOINT((6257.8364729501282,8533.035406054616,1318.6099999999947));
#4554=IFCAXIS2PLACEMENT3D(#4553,#35,#1267);
#4555=IFCLOCALPLACEMENT(#24,#4554);
#4556=IFCBUILDINGELEMENTPROXY('1kkNhPW5XF4BusAPV6zL3e',#6,'Tile:Tile 200x100x75 White 2:493317',$,$,#4555,#4552,'493317',$);
#4557=IFCPROPERTYSET('3zrIa8mSFOt9TWB_eP8pf_',#6,'Pset_BuildingElementProxyCommon',$,(#203));
#4558=IFCPROPERTYSET('3WTs_$hKrYOKQDWwi6$W4M',#6,'Pset_QuantityTakeOff',$,(#203));
#4559=IFCRELDEFINESBYPROPERTIES('14ikQ0EcQ295cq2$Y5EgbM',#6,$,$,(#4556),#4557);
#4560=IFCRELDEFINESBYPROPERTIES('1A7R4YlTakND63txEMx_Ju',#6,$,$,(#4556),#4558);
#4561=IFCMAPPEDITEM(#4526,#194);
#4562=IFCSHAPEREPRESENTATION(#15,'Body','MappedRepresentation',(#4561));
#4563=IFCPRODUCTDEFINITIONSHAPE($,$,(#4562));
#4564=IFCCARTESIANPOINT((6257.8364729501282,8533.035406054616,1520.409999999988));
#4565=IFCAXIS2PLACEMENT3D(#4564,#35,#1267);
#4566=IFCLOCALPLACEMENT(#24,#4565);
#4567=IFCBUILDINGELEMENTPROXY('1kkNhPW5XF4BusAPV6zL3h',#6,'Tile:Tile 200x100x75 White 2:493318',$,$,#4566,#4563,'493318',$);
#4568=IFCPROPERTYSET('0vZSVvA7DeZ5seEERG6w7t',#6,'Pset_BuildingElementProxyCommon',$,(#203));
#4569=IFCPROPERTYSET('0aF888H$9NhpIB$SJKL630',#6,'Pset_QuantityTakeOff',$,(#203));
#4570=IFCRELDEFINESBYPROPERTIES('1FbrZMaahqZSJBadVH1dCW',#6,$,$,(#4567),#4568);
#4571=IFCRELDEFINESBYPROPERTIES('1qrILLEU4GkV$yHfTW1yjN',#6,$,$,(#4567),#4569);
#4572=IFCMAPPEDITEM(#4526,#194);
#4573=IFCSHAPEREPRESENTATION(#15,'Body','MappedRepresentation',(#4572));
#4574=IFCPRODUCTDEFINITIONSHAPE($,$,(#4573));
#4575=IFCCARTESIANPOINT((6257.8364729501291,8533.035406054616,1722.2099999999955));
#4576=IFCAXIS2PLACEMENT3D(#4575,#35,#1267);
#4577=IFCLOCALPLACEMENT(#24,#4576);
#4578=IFCBUILDINGELEMENTPROXY('1kkNhPW5XF4BusAPV6zL3g',#6,'Tile:Tile 200x100x75 White 2:493319',$,$,#4577,#4574,'493319',$);
#4579=IFCPROPERTYSET('2t7NqbxvClAInr2UOm8l2p',#6,'Pset_BuildingElementProxyCommon',$,(#203));
#4580=IFCPROPERTYSET('16Y56_VhL4LAf2_5cc08ug',#6,'Pset_QuantityTakeOff',$,(#203));
#4581=IFCRELDEFINESBYPROPERTIES('1XtWyHx35JaeWihd6PZ_Zt',#6,$,$,(#4578),#4579);
#4582=IFCRELDEFINESBYPROPERTIES('0mwzuaBea9SoFuSOvLTSQ7',#6,$,$,(#4578),#4580);
#4583=IFCMAPPEDITEM(#4526,#194);
#4584=IFCSHAPEREPRESENTATION(#15,'Body','MappedRepresentation',(#4583));
#4585=IFCPRODUCTDEFINITIONSHAPE($,$,(#4584));
#4586=IFCCARTESIANPOINT((6257.8364729501282,8533.035406054616,1924.0100000000034));
#4587=IFCAXIS2PLACEMENT3D(#4586,#35,#1267);
#4588=IFCLOCALPLACEMENT(#24,#4587);
#4589=IFCBUILDINGELEMENTPROXY('1kkNhPW5XF4BusAPV6zL3b',#6,'Tile:Tile 200x100x75 White 2:493320',$,$,#4588,#4585,'493320',$);
#4590=IFCPROPERTYSET('23l_c9iSOLmBHJRDwdfCGv',#6,'Pset_BuildingElementProxyCommon',$,(#203));
#4591=IFCPROPERTYSET('1CdOZ2M8aRyLevasvDw6jN',#6,'Pset_QuantityTakeOff',$,(#203));
#4592=IFCRELDEFINESBYPROPERTIES('1Lc2KQ01uFrLZ81Jgd$KT8',#6,$,$,(#4589),#4590);
#4593=IFCRELDEFINESBYPROPERTIES('0_qSf72u4kh1z1mn8qMSi2',#6,$,$,(#4589),#4591);
#4594=IFCMAPPEDITEM(#4526,#194);
#4595=IFCSHAPEREPRESENTATION(#15,'Body','MappedRepresentation',(#4594));
#4596=IFCPRODUCTDEFINITIONSHAPE($,$,(#4595));
#4597=IFCCARTESIANPOINT((6462.6364729501292,8533.035406054616,1117.01));
#4598=IFCAXIS2PLACEMENT3D(#4597,#35,#1267);
#4599=IFCLOCALPLACEMENT(#24,#4598);
#4600=IFCBUILDINGELEMENTPROXY('1kkNhPW5XF4BusAPV6zL3a',#6,'Tile:Tile 200x100x75 White 2:493321',$,$,#4599,#4596,'493321',$);
#4601=IFCPROPERTYSET('0oo1LYlqpeK7IiIRpt1Yu_',#6,'Pset_BuildingElementProxyCommon',$,(#203));
#4602=IFCPROPERTYSET('0romGdI4M_HrNBo2lQSkVv',#6,'Pset_QuantityTakeOff',$,(#203));
#4603=IFCRELDEFINESBYPROPERTIES('2g9TGfK37shTswId2n53Gq',#6,$,$,(#4600),#4601);
#4604=IFCRELDEFINESBYPROPERTIES('1RueZy7PmQ4v1ZvbciioOU',#6,$,$,(#4600),#4602);
#4605=IFCMAPPEDITEM(#4526,#194);
#4606=IFCSHAPEREPRESENTATION(#15,'Body','MappedRepresentation',(#4605));
#4607=IFCPRODUCTDEFINITIONSHAPE($,$,(#4606));
#4608=IFCCARTESIANPOINT((6462.6364729501274,8533.035406054616,1318.6099999999951));
#4609=IFCAXIS2PLACEMENT3D(#4608,#35,#1267);
#4610=IFCLOCALPLACEMENT(#24,#4609);
#4611=IFCBUILDINGELEMENTPROXY('1kkNhPW5XF4BusAPV6zL3d',#6,'Tile:Tile 200x100x75 White 2:493322',$,$,#4610,#4607,'493322',$);
#4612=IFCPROPERTYSET('3t56yRjGXZa6wjirUNXkkt',#6,'Pset_BuildingElementProxyCommon',$,(#203));
#4613=IFCPROPERTYSET('2ok2Dgg$_E711e3PuppzOa',#6,'Pset_QuantityTakeOff',$,(#203));
#4614=IFCRELDEFINESBYPROPERTIES('0LhmzcZFM5zfDz3xki4$Fq',#6,$,$,(#4611),#4612);
#4615=IFCRELDEFINESBYPROPERTIES('3eZ7D0rMgleXRAg83phBGb',#6,$,$,(#4611),#4613);
#4616=IFCMAPPEDITEM(#4526,#194);
#4617=IFCSHAPEREPRESENTATION(#15,'Body','MappedRepresentation',(#4616));
#4618=IFCPRODUCTDEFINITIONSHAPE($,$,(#4617));
#4619=IFCCARTESIANPOINT((6462.6364729501265,8533.035406054616,1520.4099999999885));
#4620=IFCAXIS2PLACEMENT3D(#4619,#35,#1267);
#4621=IFCLOCALPLACEMENT(#24,#4620);
#4622=IFCBUILDINGELEMENTPROXY('1kkNhPW5XF4BusAPV6zL3c',#6,'Tile:Tile 200x100x75 White 2:493323',$,$,#4621,#4618,'493323',$);
#4623=IFCPROPERTYSET('2xSi7iSjT_DHLtYnhUpOrb',#6,'Pset_BuildingElementProxyCommon',$,(#203));
#4624=IFCPROPERTYSET('1KyDvXW4znLJvXyvMnLXPb',#6,'Pset_QuantityTakeOff',$,(#203));
#4625=IFCRELDEFINESBYPROPERTIES('3zCk82_wG$8UdEGIWGI2xz',#6,$,$,(#4622),#4623);
#4626=IFCRELDEFINESBYPROPERTIES('1zACSTbidLrv5CiMXO6$Ko',#6,$,$,(#4622),#4624);
#4627=IFCMAPPEDITEM(#4526,#194);
#4628=IFCSHAPEREPRESENTATION(#15,'Body','MappedRepresentation',(#4627));
#4629=IFCPRODUCTDEFINITIONSHAPE($,$,(#4628));
#4630=IFCCARTESIANPOINT((6462.6364729501265,8533.035406054616,1722.2099999999953));
#4631=IFCAXIS2PLACEMENT3D(#4630,#35,#1267);
#4632=IFCLOCALPLACEMENT(#24,#4631);
#4633=IFCBUILDINGELEMENTPROXY('1kkNhPW5XF4BusAPV6zL3X',#6,'Tile:Tile 200x100x75 White 2:493324',$,$,#4632,#4629,'493324',$);
#4634=IFCPROPERTYSET('1$ZmfWzLO5N3HzgJm$I1WZ',#6,'Pset_BuildingElementProxyCommon',$,(#203));
#4635=IFCPROPERTYSET('0nyi7pDuRwM70M4czrY6FI',#6,'Pset_QuantityTakeOff',$,(#203));
#4636=IFCRELDEFINESBYPROPERTIES('1q9lr41acF$ZxTlkARk4fq',#6,$,$,(#4633),#4634);
#4637=IFCRELDEFINESBYPROPERTIES('3TTT2FULdkHACwIJAyPYfx',#6,$,$,(#4633),#4635);
#4638=IFCMAPPEDITEM(#4526,#194);
#4639=IFCSHAPEREPRESENTATION(#15,'Body','MappedRepresentation',(#4638));
#4640=IFCPRODUCTDEFINITIONSHAPE($,$,(#4639));
#4641=IFCCARTESIANPOINT((6462.6364729501292,8533.035406054616,1924.0100000000041));
#4642=IFCAXIS2PLACEMENT3D(#4641,#35,#1267);
#4643=IFCLOCALPLACEMENT(#24,#4642);
#4644=IFCBUILDINGELEMENTPROXY('1kkNhPW5XF4BusAPV6zL3W',#6,'Tile:Tile 200x100x75 White 2:493325',$,$,#4643,#4640,'493325',$);
#4645=IFCPROPERTYSET('3f6hg1F9YZa7GdwZ9l45Hz',#6,'Pset_BuildingElementProxyCommon',$,(#203));
#4646=IFCPROPERTYSET('0KQ2UBzf9OdHNhrjXTnCpe',#6,'Pset_QuantityTakeOff',$,(#203));
#4647=IFCRELDEFINESBYPROPERTIES('2ENR$win27B$VngAdPXYhD',#6,$,$,(#4644),#4645);
#4648=IFCRELDEFINESBYPROPERTIES('2As4qenGSU8sC0cL9liWly',#6,$,$,(#4644),#4646);
#4649=IFCMAPPEDITEM(#4526,#194);
#4650=IFCSHAPEREPRESENTATION(#15,'Body','MappedRepresentation',(#4649));
#4651=IFCPRODUCTDEFINITIONSHAPE($,$,(#4650));
#4652=IFCCARTESIANPOINT((6667.4364729501249,8533.0354060546142,1117.01));
#4653=IFCAXIS2PLACEMENT3D(#4652,#35,#1267);
#4654=IFCLOCALPLACEMENT(#24,#4653);
#4655=IFCBUILDINGELEMENTPROXY('1kkNhPW5XF4BusAPV6zL3Z',#6,'Tile:Tile 200x100x75 White 2:493326',$,$,#4654,#4651,'493326',$);
#4656=IFCPROPERTYSET('0QsW4sCc47LaYrKNhEJmV7',#6,'Pset_BuildingElementProxyCommon',$,(#203));
#4657=IFCPROPERTYSET('0VQAKXi1X2AETD8REHV7qB',#6,'Pset_QuantityTakeOff',$,(#203));
#4658=IFCRELDEFINESBYPROPERTIES('0WcHN3mkUhjwZ_kuRIzz_H',#6,$,$,(#4655),#4656);
#4659=IFCRELDEFINESBYPROPERTIES('0BAJsRbTyL9ZrZH2q3fHJo',#6,$,$,(#4655),#4657);
#4660=IFCMAPPEDITEM(#4526,#194);
#4661=IFCSHAPEREPRESENTATION(#15,'Body','MappedRepresentation',(#4660));
#4662=IFCPRODUCTDEFINITIONSHAPE($,$,(#4661));
#4663=IFCCARTESIANPOINT((6667.4364729501258,8533.0354060546142,1318.609999999996));
#4664=IFCAXIS2PLACEMENT3D(#4663,#35,#1267);
#4665=IFCLOCALPLACEMENT(#24,#4664);
#4666=IFCBUILDINGELEMENTPROXY('1kkNhPW5XF4BusAPV6zL3Y',#6,'Tile:Tile 200x100x75 White 2:493327',$,$,#4665,#4662,'493327',$);
#4667=IFCPROPERTYSET('10egucEdfsykXv8LSe3hmM',#6,'Pset_BuildingElementProxyCommon',$,(#203));
#4668=IFCPROPERTYSET('2HZ3A0bgGN2n2T7ITOiV8l',#6,'Pset_QuantityTakeOff',$,(#203));
#4669=IFCRELDEFINESBYPROPERTIES('3tvwOoU0F4ei083M5ZDBZm',#6,$,$,(#4666),#4667);
#4670=IFCRELDEFINESBYPROPERTIES('1GoSssvldV5964elfgZHeN',#6,$,$,(#4666),#4668);
#4671=IFCMAPPEDITEM(#4526,#194);
#4672=IFCSHAPEREPRESENTATION(#15,'Body','MappedRepresentation',(#4671));
#4673=IFCPRODUCTDEFINITIONSHAPE($,$,(#4672));
#4674=IFCCARTESIANPOINT((6667.4364729501267,8533.0354060546142,1520.4099999999883));
#4675=IFCAXIS2PLACEMENT3D(#4674,#35,#1267);
#4676=IFCLOCALPLACEMENT(#24,#4675);
#4677=IFCBUILDINGELEMENTPROXY('1kkNhPW5XF4BusAPV6zL3z',#6,'Tile:Tile 200x100x75 White 2:493328',$,$,#4676,#4673,'493328',$);
#4678=IFCPROPERTYSET('1f3yLetXrnS9aW6y9$2sM9',#6,'Pset_BuildingElementProxyCommon',$,(#203));
#4679=IFCPROPERTYSET('2YaGOhZheiKUR3GUrDo7It',#6,'Pset_QuantityTakeOff',$,(#203));
#4680=IFCRELDEFINESBYPROPERTIES('3$28zKC$qoYRMFvnHmKx1Q',#6,$,$,(#4677),#4678);
#4681=IFCRELDEFINESBYPROPERTIES('0RGuVrGtSHkHwgFwzP$E4P',#6,$,$,(#4677),#4679);
#4682=IFCMAPPEDITEM(#4526,#194);
#4683=IFCSHAPEREPRESENTATION(#15,'Body','MappedRepresentation',(#4682));
#4684=IFCPRODUCTDEFINITIONSHAPE($,$,(#4683));
#4685=IFCCARTESIANPOINT((6667.4364729501249,8533.035406054616,1722.2099999999953));
#4686=IFCAXIS2PLACEMENT3D(#4685,#35,#1267);
#4687=IFCLOCALPLACEMENT(#24,#4686);
#4688=IFCBUILDINGELEMENTPROXY('1kkNhPW5XF4BusAPV6zL3y',#6,'Tile:Tile 200x100x75 White 2:493329',$,$,#4687,#4684,'493329',$);
#4689=IFCPROPERTYSET('3PnLEdHaGQNSsn1OFyFVv6',#6,'Pset_BuildingElementProxyCommon',$,(#203));
#4690=IFCPROPERTYSET('0OfXL4m7TmYTm3ncPbL8a_',#6,'Pset_QuantityTakeOff',$,(#203));
#4691=IFCRELDEFINESBYPROPERTIES('1HFLOKhDRAKWkb_3oU75tI',#6,$,$,(#4688),#4689);
#4692=IFCRELDEFINESBYPROPERTIES('3VM1CGmti_y7k8IxfQFAWq',#6,$,$,(#4688),#4690);
#4693=IFCMAPPEDITEM(#4526,#194);
#4694=IFCSHAPEREPRESENTATION(#15,'Body','MappedRepresentation',(#4693));
#4695=IFCPRODUCTDEFINITIONSHAPE($,$,(#4694));
#4696=IFCCARTESIANPOINT((6667.4364729501231,8533.0354060546142,1924.0100000000043));
#4697=IFCAXIS2PLACEMENT3D(#4696,#35,#1267);
#4698=IFCLOCALPLACEMENT(#24,#4697);
#4699=IFCBUILDINGELEMENTPROXY('1kkNhPW5XF4BusAPV6zL3$',#6,'Tile:Tile 200x100x75 White 2:493330',$,$,#4698,#4695,'493330',$);
#4700=IFCPROPERTYSET('0$5jBVYH4yBT3$4qCFFctk',#6,'Pset_BuildingElementProxyCommon',$,(#203));
#4701=IFCPROPERTYSET('2fMYPluHyK6h3kXjqizi1g',#6,'Pset_QuantityTakeOff',$,(#203));
#4702=IFCRELDEFINESBYPROPERTIES('2iP1JDnpXWQN3bjv_sLB6L',#6,$,$,(#4699),#4700);
#4703=IFCRELDEFINESBYPROPERTIES('3VRaQkVOPILQtUhIyCpbvQ',#6,$,$,(#4699),#4701);
#4704=IFCMAPPEDITEM(#4526,#194);
#4705=IFCSHAPEREPRESENTATION(#15,'Body','MappedRepresentation',(#4704));
#4706=IFCPRODUCTDEFINITIONSHAPE($,$,(#4705));
#4707=IFCCARTESIANPOINT((6872.236472950126,8533.0354060546124,1117.0099999999982));
#4708=IFCAXIS2PLACEMENT3D(#4707,#35,#1267);
#4709=IFCLOCALPLACEMENT(#24,#4708);
#4710=IFCBUILDINGELEMENTPROXY('1kkNhPW5XF4BusAPV6zL3_',#6,'Tile:Tile 200x100x75 White 2:493331',$,$,#4709,#4706,'493331',$);
#4711=IFCPROPERTYSET('3Ve_35VBaUEBZSpyTzSD69',#6,'Pset_BuildingElementProxyCommon',$,(#203));
#4712=IFCPROPERTYSET('304TkA5yeabDItVWzCJbJC',#6,'Pset_QuantityTakeOff',$,(#203));
#4713=IFCRELDEFINESBYPROPERTIES('3Y0qIF_oHVwQT8flL70gAI',#6,$,$,(#4710),#4711);
#4714=IFCRELDEFINESBYPROPERTIES('1_9uCO3HLKyTNy6giHQJ68',#6,$,$,(#4710),#4712);
#4715=IFCMAPPEDITEM(#4526,#194);
#4716=IFCSHAPEREPRESENTATION(#15,'Body','MappedRepresentation',(#4715));
#4717=IFCPRODUCTDEFINITIONSHAPE($,$,(#4716));
#4718=IFCCARTESIANPOINT((6872.2364729501242,8533.0354060546142,1318.609999999994));
#4719=IFCAXIS2PLACEMENT3D(#4718,#35,#1267);
#4720=IFCLOCALPLACEMENT(#24,#4719);
#4721=IFCBUILDINGELEMENTPROXY('1kkNhPW5XF4BusAPV6zL3v',#6,'Tile:Tile 200x100x75 White 2:493332',$,$,#4720,#4717,'493332',$);
#4722=IFCPROPERTYSET('3SEUscZaR6KxwjtxXAcvpJ',#6,'Pset_BuildingElementProxyCommon',$,(#203));
#4723=IFCPROPERTYSET('2pDO4VTo82c4h4bTFwQsLV',#6,'Pset_QuantityTakeOff',$,(#203));
#4724=IFCRELDEFINESBYPROPERTIES('07YUMhaj477$TP98bg65NZ',#6,$,$,(#4721),#4722);
#4725=IFCRELDEFINESBYPROPERTIES('0ojjIRK2N0o7ePMnXGC2Dj',#6,$,$,(#4721),#4723);
#4726=IFCMAPPEDITEM(#4526,#194);
#4727=IFCSHAPEREPRESENTATION(#15,'Body','MappedRepresentation',(#4726));
#4728=IFCPRODUCTDEFINITIONSHAPE($,$,(#4727));
#4729=IFCCARTESIANPOINT((6872.2364729501223,8533.0354060546142,1520.4099999999878));
#4730=IFCAXIS2PLACEMENT3D(#4729,#35,#1267);
#4731=IFCLOCALPLACEMENT(#24,#4730);
#4732=IFCBUILDINGELEMENTPROXY('1kkNhPW5XF4BusAPV6zL3u',#6,'Tile:Tile 200x100x75 White 2:493333',$,$,#4731,#4728,'493333',$);
#4733=IFCPROPERTYSET('3pI0ZA74zSy1RmQC8t7cMF',#6,'Pset_BuildingElementProxyCommon',$,(#203));
#4734=IFCPROPERTYSET('2ytJHnG6_YCKuVUvOapHu3',#6,'Pset_QuantityTakeOff',$,(#203));
#4735=IFCRELDEFINESBYPROPERTIES('3QVcf0HwgFvCGwN7UpYYJJ',#6,$,$,(#4732),#4733);
#4736=IFCRELDEFINESBYPROPERTIES('18tat3EmPv6g48NoTvliRh',#6,$,$,(#4732),#4734);
#4737=IFCMAPPEDITEM(#4526,#194);
#4738=IFCSHAPEREPRESENTATION(#15,'Body','MappedRepresentation',(#4737));
#4739=IFCPRODUCTDEFINITIONSHAPE($,$,(#4738));
#4740=IFCCARTESIANPOINT((6872.2364729501242,8533.0354060546124,1722.2099999999957));
#4741=IFCAXIS2PLACEMENT3D(#4740,#35,#1267);
#4742=IFCLOCALPLACEMENT(#24,#4741);
#4743=IFCBUILDINGELEMENTPROXY('1kkNhPW5XF4BusAPV6zL3x',#6,'Tile:Tile 200x100x75 White 2:493334',$,$,#4742,#4739,'493334',$);
#4744=IFCPROPERTYSET('3$92EJqC3d9gymgGf00wIe',#6,'Pset_BuildingElementProxyCommon',$,(#203));
#4745=IFCPROPERTYSET('3Nzyv9UT3UODtgPTur7lkh',#6,'Pset_QuantityTakeOff',$,(#203));
#4746=IFCRELDEFINESBYPROPERTIES('1KNVyYIrlGNXQ1KvGtw15q',#6,$,$,(#4743),#4744);
#4747=IFCRELDEFINESBYPROPERTIES('1w8eIMruD0RYq$blkidWlT',#6,$,$,(#4743),#4745);
#4748=IFCMAPPEDITEM(#4526,#194);
#4749=IFCSHAPEREPRESENTATION(#15,'Body','MappedRepresentation',(#4748));
#4750=IFCPRODUCTDEFINITIONSHAPE($,$,(#4749));
#4751=IFCCARTESIANPOINT((6872.2364729501242,8533.0354060546142,1924.0100000000043));
#4752=IFCAXIS2PLACEMENT3D(#4751,#35,#1267);
#4753=IFCLOCALPLACEMENT(#24,#4752);
#4754=IFCBUILDINGELEMENTPROXY('1kkNhPW5XF4BusAPV6zL3w',#6,'Tile:Tile 200x100x75 White 2:493335',$,$,#4753,#4750,'493335',$);
#4755=IFCPROPERTYSET('3LEWPRU6nHHe$f1tPV7WdJ',#6,'Pset_BuildingElementProxyCommon',$,(#203));
#4756=IFCPROPERTYSET('2KUZSBl6IBlbJpDRbkwQ6$',#6,'Pset_QuantityTakeOff',$,(#203));
#4757=IFCRELDEFINESBYPROPERTIES('1$7UWxSUYXOceD3P2Xn1kg',#6,$,$,(#4754),#4755);
#4758=IFCRELDEFINESBYPROPERTIES('02a702uVONPP$iaHh149y9',#6,$,$,(#4754),#4756);
#4759=IFCMAPPEDITEM(#4526,#194);
#4760=IFCSHAPEREPRESENTATION(#15,'Body','MappedRepresentation',(#4759));
#4761=IFCPRODUCTDEFINITIONSHAPE($,$,(#4760));
#4762=IFCCARTESIANPOINT((7077.0364729501234,8533.0354060546124,1117.0099999999975));
#4763=IFCAXIS2PLACEMENT3D(#4762,#35,#1267);
#4764=IFCLOCALPLACEMENT(#24,#4763);
#4765=IFCBUILDINGELEMENTPROXY('1kkNhPW5XF4BusAPV6zL3r',#6,'Tile:Tile 200x100x75 White 2:493336',$,$,#4764,#4761,'493336',$);
#4766=IFCPROPERTYSET('2_rTUaZea4mkiZLWHrpwe4',#6,'Pset_BuildingElementProxyCommon',$,(#203));
#4767=IFCPROPERTYSET('24dXfILPFo_NUGyK1hJgCi',#6,'Pset_QuantityTakeOff',$,(#203));
#4768=IFCRELDEFINESBYPROPERTIES('2GAndCu_n3a5Xv1YmIrJjS',#6,$,$,(#4765),#4766);
#4769=IFCRELDEFINESBYPROPERTIES('10rXwhb2lcA2jHBnw_TrVx',#6,$,$,(#4765),#4767);
#4770=IFCMAPPEDITEM(#4526,#194);
#4771=IFCSHAPEREPRESENTATION(#15,'Body','MappedRepresentation',(#4770));
#4772=IFCPRODUCTDEFINITIONSHAPE($,$,(#4771));
#4773=IFCCARTESIANPOINT((7077.0364729501225,8533.0354060546124,1318.6099999999935));
#4774=IFCAXIS2PLACEMENT3D(#4773,#35,#1267);
#4775=IFCLOCALPLACEMENT(#24,#4774);
#4776=IFCBUILDINGELEMENTPROXY('1kkNhPW5XF4BusAPV6zL3q',#6,'Tile:Tile 200x100x75 White 2:493337',$,$,#4775,#4772,'493337',$);
#4777=IFCPROPERTYSET('12jxQsH7k1wqi7uxSRRZXk',#6,'Pset_BuildingElementProxyCommon',$,(#203));
#4778=IFCPROPERTYSET('1whpTFjPZjOz3zKQLeDpuL',#6,'Pset_QuantityTakeOff',$,(#203));
#4779=IFCRELDEFINESBYPROPERTIES('0XSYSbjiHHlc3crg7CPrtc',#6,$,$,(#4776),#4777);
#4780=IFCRELDEFINESBYPROPERTIES('2LBiuMzCosrXvng6fPf7oW',#6,$,$,(#4776),#4778);
#4781=IFCMAPPEDITEM(#4526,#194);
#4782=IFCSHAPEREPRESENTATION(#15,'Body','MappedRepresentation',(#4781));
#4783=IFCPRODUCTDEFINITIONSHAPE($,$,(#4782));
#4784=IFCCARTESIANPOINT((7077.0364729501271,8533.0354060546124,1520.4099999999871));
#4785=IFCAXIS2PLACEMENT3D(#4784,#35,#1267);
#4786=IFCLOCALPLACEMENT(#24,#4785);
#4787=IFCBUILDINGELEMENTPROXY('1kkNhPW5XF4BusAPV6zL3t',#6,'Tile:Tile 200x100x75 White 2:493338',$,$,#4786,#4783,'493338',$);
#4788=IFCPROPERTYSET('01zLbGhYpDm3VdlHVttoHA',#6,'Pset_BuildingElementProxyCommon',$,(#203));
#4789=IFCPROPERTYSET('1yyJSfU_dZx04VXlsiys5w',#6,'Pset_QuantityTakeOff',$,(#203));
#4790=IFCRELDEFINESBYPROPERTIES('39ubN51T4UpKws1$g5XPJI',#6,$,$,(#4787),#4788);
#4791=IFCRELDEFINESBYPROPERTIES('3UFoU__aaJKT4ClgxTOVbi',#6,$,$,(#4787),#4789);
#4792=IFCMAPPEDITEM(#4526,#194);
#4793=IFCSHAPEREPRESENTATION(#15,'Body','MappedRepresentation',(#4792));
#4794=IFCPRODUCTDEFINITIONSHAPE($,$,(#4793));
#4795=IFCCARTESIANPOINT((7077.0364729501216,8533.0354060546124,1722.2099999999944));
#4796=IFCAXIS2PLACEMENT3D(#4795,#35,#1267);
#4797=IFCLOCALPLACEMENT(#24,#4796);
#4798=IFCBUILDINGELEMENTPROXY('1kkNhPW5XF4BusAPV6zL3s',#6,'Tile:Tile 200x100x75 White 2:493339',$,$,#4797,#4794,'493339',$);
#4799=IFCPROPERTYSET('1cjDNE8wsCyQFiwOZHeY6u',#6,'Pset_BuildingElementProxyCommon',$,(#203));
#4800=IFCPROPERTYSET('3zmgiPIfr6D1VOWKC9aUDh',#6,'Pset_QuantityTakeOff',$,(#203));
#4801=IFCRELDEFINESBYPROPERTIES('3tD50Zj1QOfltMSDGNIqqz',#6,$,$,(#4798),#4799);
#4802=IFCRELDEFINESBYPROPERTIES('0L_6nherhFi4s1hsEEVnKj',#6,$,$,(#4798),#4800);
#4803=IFCMAPPEDITEM(#4526,#194);
#4804=IFCSHAPEREPRESENTATION(#15,'Body','MappedRepresentation',(#4803));
#4805=IFCPRODUCTDEFINITIONSHAPE($,$,(#4804));
#4806=IFCCARTESIANPOINT((7077.0364729501225,8533.0354060546124,1924.010000000002));
#4807=IFCAXIS2PLACEMENT3D(#4806,#35,#1267);
#4808=IFCLOCALPLACEMENT(#24,#4807);
#4809=IFCBUILDINGELEMENTPROXY('1kkNhPW5XF4BusAPV6zL3n',#6,'Tile:Tile 200x100x75 White 2:493340',$,$,#4808,#4805,'493340',$);
#4810=IFCPROPERTYSET('1CGv4tOHLjY__TNS9wO_N_',#6,'Pset_BuildingElementProxyCommon',$,(#203));
#4811=IFCPROPERTYSET('2in1z40sXB34RAIQspCxSL',#6,'Pset_QuantityTakeOff',$,(#203));
#4812=IFCRELDEFINESBYPROPERTIES('2QNJusDDUSh1KbTAatR60A',#6,$,$,(#4809),#4810);
#4813=IFCRELDEFINESBYPROPERTIES('2CMFn3II5G6zT$rHUSVDDq',#6,$,$,(#4809),#4811);
#4814=IFCMAPPEDITEM(#4526,#194);
#4815=IFCSHAPEREPRESENTATION(#15,'Body','MappedRepresentation',(#4814));
#4816=IFCPRODUCTDEFINITIONSHAPE($,$,(#4815));
#4817=IFCCARTESIANPOINT((6360.236472950126,8533.035406054616,1217.7099999999882));
#4818=IFCAXIS2PLACEMENT3D(#4817,#35,#1267);
#4819=IFCLOCALPLACEMENT(#24,#4818);
#4820=IFCBUILDINGELEMENTPROXY('1kkNhPW5XF4BusAPV6zL3m',#6,'Tile:Tile 200x100x75 White 2:493341',$,$,#4819,#4816,'493341',$);
#4821=IFCPROPERTYSET('06Jje3oVNPUBQXB88ZG5px',#6,'Pset_BuildingElementProxyCommon',$,(#203));
#4822=IFCPROPERTYSET('2ZgN8ELRDtmIh5PULGOqLD',#6,'Pset_QuantityTakeOff',$,(#203));
#4823=IFCRELDEFINESBYPROPERTIES('1QkoT6OqAHLwOj7dFlXnwG',#6,$,$,(#4820),#4821);
#4824=IFCRELDEFINESBYPROPERTIES('0VwiHq3m$AjHk2GU4r6waz',#6,$,$,(#4820),#4822);
#4825=IFCMAPPEDITEM(#4526,#194);
#4826=IFCSHAPEREPRESENTATION(#15,'Body','MappedRepresentation',(#4825));
#4827=IFCPRODUCTDEFINITIONSHAPE($,$,(#4826));
#4828=IFCCARTESIANPOINT((6360.236472950126,8533.035406054616,1419.5099999999818));
#4829=IFCAXIS2PLACEMENT3D(#4828,#35,#1267);
#4830=IFCLOCALPLACEMENT(#24,#4829);
#4831=IFCBUILDINGELEMENTPROXY('1kkNhPW5XF4BusAPV6zL3p',#6,'Tile:Tile 200x100x75 White 2:493342',$,$,#4830,#4827,'493342',$);
#4832=IFCPROPERTYSET('2DLJkhEvYh6__7lCYRQ7G2',#6,'Pset_BuildingElementProxyCommon',$,(#203));
#4833=IFCPROPERTYSET('2IiLz4$T1F887gDfY1IWHg',#6,'Pset_QuantityTakeOff',$,(#203));
#4834=IFCRELDEFINESBYPROPERTIES('2h2LhU3xqSK$jD3pbqscAU',#6,$,$,(#4831),#4832);
#4835=IFCRELDEFINESBYPROPERTIES('2hWyJSo1GNWkIwOMrF4lrF',#6,$,$,(#4831),#4833);
#4836=IFCMAPPEDITEM(#4526,#194);
#4837=IFCSHAPEREPRESENTATION(#15,'Body','MappedRepresentation',(#4836));
#4838=IFCPRODUCTDEFINITIONSHAPE($,$,(#4837));
#4839=IFCCARTESIANPOINT((6360.2364729501269,8533.035406054616,1621.3099999999745));
#4840=IFCAXIS2PLACEMENT3D(#4839,#35,#1267);
#4841=IFCLOCALPLACEMENT(#24,#4840);
#4842=IFCBUILDINGELEMENTPROXY('1kkNhPW5XF4BusAPV6zL3o',#6,'Tile:Tile 200x100x75 White 2:493343',$,$,#4841,#4838,'493343',$);
#4843=IFCPROPERTYSET('2dCiCfoqkSVECPB600KtcZ',#6,'Pset_BuildingElementProxyCommon',$,(#203));
#4844=IFCPROPERTYSET('3tfVb3xGVdUqDjpGeQHgjX',#6,'Pset_QuantityTakeOff',$,(#203));
#4845=IFCRELDEFINESBYPROPERTIES('1KdTiZ2MCuZCbYs0y$5_kN',#6,$,$,(#4842),#4843);
#4846=IFCRELDEFINESBYPROPERTIES('1ZRBE4xmhfVniUxHY_doyI',#6,$,$,(#4842),#4844);
#4847=IFCMAPPEDITEM(#4526,#194);
#4848=IFCSHAPEREPRESENTATION(#15,'Body','MappedRepresentation',(#4847));
#4849=IFCPRODUCTDEFINITIONSHAPE($,$,(#4848));
#4850=IFCCARTESIANPOINT((6360.236472950126,8533.035406054616,1823.1099999999669));
#4851=IFCAXIS2PLACEMENT3D(#4850,#35,#1267);
#4852=IFCLOCALPLACEMENT(#24,#4851);
#4853=IFCBUILDINGELEMENTPROXY('1kkNhPW5XF4BusAPV6zL3D',#6,'Tile:Tile 200x100x75 White 2:493344',$,$,#4852,#4849,'493344',$);
#4854=IFCPROPERTYSET('3Kb2f8k8gzzwn567JP$DNL',#6,'Pset_BuildingElementProxyCommon',$,(#203));
#4855=IFCPROPERTYSET('3AbFbr1av_zum0mBYm3pjA',#6,'Pset_QuantityTakeOff',$,(#203));
#4856=IFCRELDEFINESBYPROPERTIES('2JMfIkbwkK1V9vuu7ZxBTN',#6,$,$,(#4853),#4854);
#4857=IFCRELDEFINESBYPROPERTIES('20oKvmgaaMCiaxpk8WiPH7',#6,$,$,(#4853),#4855);
#4858=IFCMAPPEDITEM(#4526,#194);
#4859=IFCSHAPEREPRESENTATION(#15,'Body','MappedRepresentation',(#4858));
#4860=IFCPRODUCTDEFINITIONSHAPE($,$,(#4859));
#4861=IFCCARTESIANPOINT((6565.0364729501271,8533.035406054616,1015.9100000000002));
#4862=IFCAXIS2PLACEMENT3D(#4861,#35,#1267);
#4863=IFCLOCALPLACEMENT(#24,#4862);
#4864=IFCBUILDINGELEMENTPROXY('1kkNhPW5XF4BusAPV6zL3C',#6,'Tile:Tile 200x100x75 White 2:493345',$,$,#4863,#4860,'493345',$);
#4865=IFCPROPERTYSET('0ZB9HZ7cGf$DvFUzvi_f$G',#6,'Pset_BuildingElementProxyCommon',$,(#203));
#4866=IFCPROPERTYSET('1bNygL8O_J8jeAWDfjZu$V',#6,'Pset_QuantityTakeOff',$,(#203));
#4867=IFCRELDEFINESBYPROPERTIES('2jA8Kzjyx83FnUGgNb3d1u',#6,$,$,(#4864),#4865);
#4868=IFCRELDEFINESBYPROPERTIES('1Xzy048Qdumxjtpocg3Bmi',#6,$,$,(#4864),#4866);
#4869=IFCMAPPEDITEM(#4526,#194);
#4870=IFCSHAPEREPRESENTATION(#15,'Body','MappedRepresentation',(#4869));
#4871=IFCPRODUCTDEFINITIONSHAPE($,$,(#4870));
#4872=IFCCARTESIANPOINT((6565.0364729501243,8533.035406054616,1217.7099999999882));
#4873=IFCAXIS2PLACEMENT3D(#4872,#35,#1267);
#4874=IFCLOCALPLACEMENT(#24,#4873);
#4875=IFCBUILDINGELEMENTPROXY('1kkNhPW5XF4BusAPV6zL3F',#6,'Tile:Tile 200x100x75 White 2:493346',$,$,#4874,#4871,'493346',$);
#4876=IFCPROPERTYSET('3ZAYCj7q9YmxSG5_30$zEI',#6,'Pset_BuildingElementProxyCommon',$,(#203));
#4877=IFCPROPERTYSET('3X849kV4BtCKObtoncjOun',#6,'Pset_QuantityTakeOff',$,(#203));
#4878=IFCRELDEFINESBYPROPERTIES('1HEzqG61Dn266UbCOs7Rfd',#6,$,$,(#4875),#4876);
#4879=IFCRELDEFINESBYPROPERTIES('0O0RqX9wDwCu_qiAVTI5I2',#6,$,$,(#4875),#4877);
#4880=IFCMAPPEDITEM(#4526,#194);
#4881=IFCSHAPEREPRESENTATION(#15,'Body','MappedRepresentation',(#4880));
#4882=IFCPRODUCTDEFINITIONSHAPE($,$,(#4881));
#4883=IFCCARTESIANPOINT((6565.0364729501252,8533.0354060546142,1419.5099999999809));
#4884=IFCAXIS2PLACEMENT3D(#4883,#35,#1267);
#4885=IFCLOCALPLACEMENT(#24,#4884);
#4886=IFCBUILDINGELEMENTPROXY('1kkNhPW5XF4BusAPV6zL3E',#6,'Tile:Tile 200x100x75 White 2:493347',$,$,#4885,#4882,'493347',$);
#4887=IFCPROPERTYSET('3c8rb5Zg0pXkRjuRz9Od0u',#6,'Pset_BuildingElementProxyCommon',$,(#203));
#4888=IFCPROPERTYSET('1KvvyGMK2ccXVGQJk3QtIs',#6,'Pset_QuantityTakeOff',$,(#203));
#4889=IFCRELDEFINESBYPROPERTIES('2XSbJ4yBrrja3xlDUqowJQ',#6,$,$,(#4886),#4887);
#4890=IFCRELDEFINESBYPROPERTIES('3yfO3XBKOz8WFFVxszz0K6',#6,$,$,(#4886),#4888);
#4891=IFCMAPPEDITEM(#4526,#194);
#4892=IFCSHAPEREPRESENTATION(#15,'Body','MappedRepresentation',(#4891));
#4893=IFCPRODUCTDEFINITIONSHAPE($,$,(#4892));
#4894=IFCCARTESIANPOINT((6565.036472950128,8533.035406054616,1621.3099999999745));
#4895=IFCAXIS2PLACEMENT3D(#4894,#35,#1267);
#4896=IFCLOCALPLACEMENT(#24,#4895);
#4897=IFCBUILDINGELEMENTPROXY('1kkNhPW5XF4BusAPV6zL39',#6,'Tile:Tile 200x100x75 White 2:493348',$,$,#4896,#4893,'493348',$);
#4898=IFCPROPERTYSET('2vFZtl9rEKxNFOFHIz0FJF',#6,'Pset_BuildingElementProxyCommon',$,(#203));
#4899=IFCPROPERTYSET('3wVnzGrGDmfhm0BaEvOs9p',#6,'Pset_QuantityTakeOff',$,(#203));
#4900=IFCRELDEFINESBYPROPERTIES('1PpL_HMiE_i1unFtK38Kuw',#6,$,$,(#4897),#4898);
#4901=IFCRELDEFINESBYPROPERTIES('1taK9jY_ZjSESw$Vipmw5a',#6,$,$,(#4897),#4899);
#4902=IFCMAPPEDITEM(#4526,#194);
#4903=IFCSHAPEREPRESENTATION(#15,'Body','MappedRepresentation',(#4902));
#4904=IFCPRODUCTDEFINITIONSHAPE($,$,(#4903));
#4905=IFCCARTESIANPOINT((6565.0364729501243,8533.035406054616,1823.1099999999681));
#4906=IFCAXIS2PLACEMENT3D(#4905,#35,#1267);
#4907=IFCLOCALPLACEMENT(#24,#4906);
#4908=IFCBUILDINGELEMENTPROXY('1kkNhPW5XF4BusAPV6zL38',#6,'Tile:Tile 200x100x75 White 2:493349',$,$,#4907,#4904,'493349',$);
#4909=IFCPROPERTYSET('2xL$GLFGCZXTFaj6t0yYyR',#6,'Pset_BuildingElementProxyCommon',$,(#203));
#4910=IFCPROPERTYSET('0rnnQ8c$kZY1Phr97oUAQT',#6,'Pset_QuantityTakeOff',$,(#203));
#4911=IFCRELDEFINESBYPROPERTIES('0UOmbdsUstMAmfPr7PE_Xm',#6,$,$,(#4908),#4909);
#4912=IFCRELDEFINESBYPROPERTIES('3RowFSGAfTC4LFLw68fJ4q',#6,$,$,(#4908),#4910);
#4913=IFCMAPPEDITEM(#4526,#194);
#4914=IFCSHAPEREPRESENTATION(#15,'Body','MappedRepresentation',(#4913));
#4915=IFCPRODUCTDEFINITIONSHAPE($,$,(#4914));
#4916=IFCCARTESIANPOINT((6769.8364729501254,8533.0354060546124,1015.9099999999995));
#4917=IFCAXIS2PLACEMENT3D(#4916,#35,#1267);
#4918=IFCLOCALPLACEMENT(#24,#4917);
#4919=IFCBUILDINGELEMENTPROXY('1kkNhPW5XF4BusAPV6zL3B',#6,'Tile:Tile 200x100x75 White 2:493350',$,$,#4918,#4915,'493350',$);
#4920=IFCPROPERTYSET('20bz9VjMTPWLY1y6AXz67w',#6,'Pset_BuildingElementProxyCommon',$,(#203));
#4921=IFCPROPERTYSET('3KN7wfCH1sWC3U9JzF0T8S',#6,'Pset_QuantityTakeOff',$,(#203));
#4922=IFCRELDEFINESBYPROPERTIES('0ryICM1ADpWNYAih_0xuyH',#6,$,$,(#4919),#4920);
#4923=IFCRELDEFINESBYPROPERTIES('00hfesd5jcGNgVPlEUfvaA',#6,$,$,(#4919),#4921);
#4924=IFCMAPPEDITEM(#4526,#194);
#4925=IFCSHAPEREPRESENTATION(#15,'Body','MappedRepresentation',(#4924));
#4926=IFCPRODUCTDEFINITIONSHAPE($,$,(#4925));
#4927=IFCCARTESIANPOINT((6769.8364729501254,8533.0354060546142,1217.7099999999889));
#4928=IFCAXIS2PLACEMENT3D(#4927,#35,#1267);
#4929=IFCLOCALPLACEMENT(#24,#4928);
#4930=IFCBUILDINGELEMENTPROXY('1kkNhPW5XF4BusAPV6zL3A',#6,'Tile:Tile 200x100x75 White 2:493351',$,$,#4929,#4926,'493351',$);
#4931=IFCPROPERTYSET('12zPZFPP6_IHqwb8hauzND',#6,'Pset_BuildingElementProxyCommon',$,(#203));
#4932=IFCPROPERTYSET('1dZSYeG9pMkWsnBBFDGz$6',#6,'Pset_QuantityTakeOff',$,(#203));
#4933=IFCRELDEFINESBYPROPERTIES('3u3V1zj$Yiu5P$kJd8YM9L',#6,$,$,(#4930),#4931);
#4934=IFCRELDEFINESBYPROPERTIES('2edxDSyBHbkhidKtZTi4QP',#6,$,$,(#4930),#4932);
#4935=IFCMAPPEDITEM(#4526,#194);
#4936=IFCSHAPEREPRESENTATION(#15,'Body','MappedRepresentation',(#4935));
#4937=IFCPRODUCTDEFINITIONSHAPE($,$,(#4936));
#4938=IFCCARTESIANPOINT((6769.8364729501254,8533.0354060546142,1419.5099999999818));
#4939=IFCAXIS2PLACEMENT3D(#4938,#35,#1267);
#4940=IFCLOCALPLACEMENT(#24,#4939);
#4941=IFCBUILDINGELEMENTPROXY('1kkNhPW5XF4BusAPV6zL35',#6,'Tile:Tile 200x100x75 White 2:493352',$,$,#4940,#4937,'493352',$);
#4942=IFCPROPERTYSET('0DyPhBGXNz85MZHYUk$itl',#6,'Pset_BuildingElementProxyCommon',$,(#203));
#4943=IFCPROPERTYSET('2nBRBd1_oFLhc0nkZ7ecNA',#6,'Pset_QuantityTakeOff',$,(#203));
#4944=IFCRELDEFINESBYPROPERTIES('2b2m3wNXX0rfHovf60gXqf',#6,$,$,(#4941),#4942);
#4945=IFCRELDEFINESBYPROPERTIES('1oxEThLgPOhx6O2o5fCAu2',#6,$,$,(#4941),#4943);
#4946=IFCMAPPEDITEM(#4526,#194);
#4947=IFCSHAPEREPRESENTATION(#15,'Body','MappedRepresentation',(#4946));
#4948=IFCPRODUCTDEFINITIONSHAPE($,$,(#4947));
#4949=IFCCARTESIANPOINT((6769.8364729501263,8533.0354060546142,1621.3099999999747));
#4950=IFCAXIS2PLACEMENT3D(#4949,#35,#1267);
#4951=IFCLOCALPLACEMENT(#24,#4950);
#4952=IFCBUILDINGELEMENTPROXY('1kkNhPW5XF4BusAPV6zL34',#6,'Tile:Tile 200x100x75 White 2:493353',$,$,#4951,#4948,'493353',$);
#4953=IFCPROPERTYSET('1I1AoV0p5TsTzwmkQKuuBC',#6,'Pset_BuildingElementProxyCommon',$,(#203));
#4954=IFCPROPERTYSET('0vvgIxdBmfMUNMpHKFON3Z',#6,'Pset_QuantityTakeOff',$,(#203));
#4955=IFCRELDEFINESBYPROPERTIES('1ebsBJvKC2ck9h8PLqgf$W',#6,$,$,(#4952),#4953);
#4956=IFCRELDEFINESBYPROPERTIES('3eSEemiQaVlgfJV5s3XENY',#6,$,$,(#4952),#4954);
#4957=IFCMAPPEDITEM(#4526,#194);
#4958=IFCSHAPEREPRESENTATION(#15,'Body','MappedRepresentation',(#4957));
#4959=IFCPRODUCTDEFINITIONSHAPE($,$,(#4958));
#4960=IFCCARTESIANPOINT((6769.8364729501254,8533.0354060546142,1823.1099999999669));
#4961=IFCAXIS2PLACEMENT3D(#4960,#35,#1267);
#4962=IFCLOCALPLACEMENT(#24,#4961);
#4963=IFCBUILDINGELEMENTPROXY('1kkNhPW5XF4BusAPV6zL37',#6,'Tile:Tile 200x100x75 White 2:493354',$,$,#4962,#4959,'493354',$);
#4964=IFCPROPERTYSET('1O95rBT9ECZWikf$UlzlZF',#6,'Pset_BuildingElementProxyCommon',$,(#203));
#4965=IFCPROPERTYSET('1wOV1mj1hBn3sZQFXyim0z',#6,'Pset_QuantityTakeOff',$,(#203));
#4966=IFCRELDEFINESBYPROPERTIES('3w9pDvuJNnmyFbXtAYzH4X',#6,$,$,(#4963),#4964);
#4967=IFCRELDEFINESBYPROPERTIES('2fMJ79QgomQ0xGHt2c8PAD',#6,$,$,(#4963),#4965);
#4968=IFCMAPPEDITEM(#4526,#194);
#4969=IFCSHAPEREPRESENTATION(#15,'Body','MappedRepresentation',(#4968));
#4970=IFCPRODUCTDEFINITIONSHAPE($,$,(#4969));
#4971=IFCCARTESIANPOINT((6974.6364729501238,8533.0354060546124,1015.9099999999981));
#4972=IFCAXIS2PLACEMENT3D(#4971,#35,#1267);
#4973=IFCLOCALPLACEMENT(#24,#4972);
#4974=IFCBUILDINGELEMENTPROXY('1kkNhPW5XF4BusAPV6zL36',#6,'Tile:Tile 200x100x75 White 2:493355',$,$,#4973,#4970,'493355',$);
#4975=IFCPROPERTYSET('0RsqwJBiAhUhqvDdPBHJAB',#6,'Pset_BuildingElementProxyCommon',$,(#203));
#4976=IFCPROPERTYSET('0gzNvTW0n$aVHVnItAQQ2$',#6,'Pset_QuantityTakeOff',$,(#203));
#4977=IFCRELDEFINESBYPROPERTIES('0H1suAXp_QxW82z2NmOlQN',#6,$,$,(#4974),#4975);
#4978=IFCRELDEFINESBYPROPERTIES('3veDhDrYAtZKS8x_hci08n',#6,$,$,(#4974),#4976);
#4979=IFCMAPPEDITEM(#4526,#194);
#4980=IFCSHAPEREPRESENTATION(#15,'Body','MappedRepresentation',(#4979));
#4981=IFCPRODUCTDEFINITIONSHAPE($,$,(#4980));
#4982=IFCCARTESIANPOINT((6974.6364729501229,8533.0354060546124,1217.709999999988));
#4983=IFCAXIS2PLACEMENT3D(#4982,#35,#1267);
#4984=IFCLOCALPLACEMENT(#24,#4983);
#4985=IFCBUILDINGELEMENTPROXY('1kkNhPW5XF4BusAPV6zL31',#6,'Tile:Tile 200x100x75 White 2:493356',$,$,#4984,#4981,'493356',$);
#4986=IFCPROPERTYSET('1B0auRHhMs6$sFz9M$vtN7',#6,'Pset_BuildingElementProxyCommon',$,(#203));
#4987=IFCPROPERTYSET('1CsnLPUOn5UHtKFgyKcR3b',#6,'Pset_QuantityTakeOff',$,(#203));
#4988=IFCRELDEFINESBYPROPERTIES('2$_xae3XPBXsTh9o2Xj6Oi',#6,$,$,(#4985),#4986);
#4989=IFCRELDEFINESBYPROPERTIES('2naCj8eqMlbY5Apm4Zjgjm',#6,$,$,(#4985),#4987);
#4990=IFCMAPPEDITEM(#4526,#194);
#4991=IFCSHAPEREPRESENTATION(#15,'Body','MappedRepresentation',(#4990));
#4992=IFCPRODUCTDEFINITIONSHAPE($,$,(#4991));
#4993=IFCCARTESIANPOINT((6974.6364729501229,8533.0354060546142,1419.5099999999791));
#4994=IFCAXIS2PLACEMENT3D(#4993,#35,#1267);
#4995=IFCLOCALPLACEMENT(#24,#4994);
#4996=IFCBUILDINGELEMENTPROXY('1kkNhPW5XF4BusAPV6zL30',#6,'Tile:Tile 200x100x75 White 2:493357',$,$,#4995,#4992,'493357',$);
#4997=IFCPROPERTYSET('3tJSwFMTdbPXYy_le3gz2$',#6,'Pset_BuildingElementProxyCommon',$,(#203));
#4998=IFCPROPERTYSET('213KiowKewj2p7hARRz7sS',#6,'Pset_QuantityTakeOff',$,(#203));
#4999=IFCRELDEFINESBYPROPERTIES('3w7QAfJ8bU12uSoVtN6mGa',#6,$,$,(#4996),#4997);
#5000=IFCRELDEFINESBYPROPERTIES('1l48PG2UxtUfsvnzjQln1w',#6,$,$,(#4996),#4998);
#5001=IFCMAPPEDITEM(#4526,#194);
#5002=IFCSHAPEREPRESENTATION(#15,'Body','MappedRepresentation',(#5001));
#5003=IFCPRODUCTDEFINITIONSHAPE($,$,(#5002));
#5004=IFCCARTESIANPOINT((6974.6364729501238,8533.0354060546124,1621.3099999999743));
#5005=IFCAXIS2PLACEMENT3D(#5004,#35,#1267);
#5006=IFCLOCALPLACEMENT(#24,#5005);
#5007=IFCBUILDINGELEMENTPROXY('1kkNhPW5XF4BusAPV6zL33',#6,'Tile:Tile 200x100x75 White 2:493358',$,$,#5006,#5003,'493358',$);
#5008=IFCPROPERTYSET('0CHv0JaCbLBFNxnLZsgQCo',#6,'Pset_BuildingElementProxyCommon',$,(#203));
#5009=IFCPROPERTYSET('2lr_UEfcLgJFzPZxqy8FDB',#6,'Pset_QuantityTakeOff',$,(#203));
#5010=IFCRELDEFINESBYPROPERTIES('1RcL6t7zkIWGnD7C7ebXRW',#6,$,$,(#5007),#5008);
#5011=IFCRELDEFINESBYPROPERTIES('30AFZn_Sf8dcyr$gUNoM22',#6,$,$,(#5007),#5009);
#5012=IFCMAPPEDITEM(#4526,#194);
#5013=IFCSHAPEREPRESENTATION(#15,'Body','MappedRepresentation',(#5012));
#5014=IFCPRODUCTDEFINITIONSHAPE($,$,(#5013));
#5015=IFCCARTESIANPOINT((6974.6364729501238,8533.0354060546124,1823.1099999999649));
#5016=IFCAXIS2PLACEMENT3D(#5015,#35,#1267);
#5017=IFCLOCALPLACEMENT(#24,#5016);
#5018=IFCBUILDINGELEMENTPROXY('1kkNhPW5XF4BusAPV6zL32',#6,'Tile:Tile 200x100x75 White 2:493359',$,$,#5017,#5014,'493359',$);
#5019=IFCPROPERTYSET('0_37n_dfRzwtk7NZ5FApLH',#6,'Pset_BuildingElementProxyCommon',$,(#203));
#5020=IFCPROPERTYSET('1f5Si2L0TtSA1g0KFA4K$0',#6,'Pset_QuantityTakeOff',$,(#203));
#5021=IFCRELDEFINESBYPROPERTIES('0dM75CUjoFS0DGy_tKI8o5',#6,$,$,(#5018),#5019);
#5022=IFCRELDEFINESBYPROPERTIES('3PPB_OMBjUwy1Xs86DQct5',#6,$,$,(#5018),#5020);
#5023=IFCCARTESIANPOINT((-160.67999999999711,-148.20000000002261));
#5024=IFCCARTESIANPOINT((38.919999999995433,-148.20000000002261));
#5025=IFCCARTESIANPOINT((38.919999999995433,-46.200000000016566));
#5026=IFCCARTESIANPOINT((140.4199999999951,-46.200000000016566));
#5027=IFCCARTESIANPOINT((140.41999999999481,187.59999999998658));
#5028=IFCCARTESIANPOINT((41.120000000002513,187.59999999998658));
#5029=IFCCARTESIANPOINT((41.120000000002513,54.600000000025489));
#5030=IFCCARTESIANPOINT((-59.779999999997294,54.600000000025489));
#5031=IFCCARTESIANPOINT((-59.779999999997294,-47.799999999979384));
#5032=IFCCARTESIANPOINT((-160.67999999999711,-47.799999999979384));
#5033=IFCPOLYLINE((#5023,#5024,#5025,#5026,#5027,#5028,#5029,#5030,#5031,#5032,#5023));
#5034=IFCARBITRARYCLOSEDPROFILEDEF(.AREA.,'Tile 350x Red',#5033);
#5035=IFCCARTESIANPOINT((5464.6364729501229,8526.0354060546197,1359.9299999999914));
#5036=IFCAXIS2PLACEMENT3D(#5035,#1684,#1502);
#5037=IFCEXTRUDEDAREASOLID(#5034,#5036,#34,6.9999999999973257);
#5038=IFCSTYLEDITEM(#5037,(#800),$);
#5039=IFCSHAPEREPRESENTATION(#15,'Body','SweptSolid',(#5037));
#5040=IFCAXIS2PLACEMENT3D(#10,$,$);
#5041=IFCREPRESENTATIONMAP(#5040,#5039);
#5042=IFCBUILDINGELEMENTPROXYTYPE('1kkNhPW5XF4BusAPV6zL2i',#6,'Tile 350x Red10:Tile 350x Red',$,$,$,(#5041),'493377',$,.NOTDEFINED.);
#5043=IFCMAPPEDITEM(#5041,#194);
#5044=IFCSHAPEREPRESENTATION(#15,'Body','MappedRepresentation',(#5043));
#5045=IFCPRODUCTDEFINITIONSHAPE($,$,(#5044));
#5046=IFCAXIS2PLACEMENT3D(#10,$,$);
#5047=IFCLOCALPLACEMENT(#24,#5046);
#5048=IFCBUILDINGELEMENTPROXY('1kkNhPW5XF4BusAPV6zL2k',#6,'Tile 350x Red10:Tile 350x Red:493379',$,$,#5047,#5045,'493379',$);
#5049=IFCPROPERTYSINGLEVALUE('Reference',$,IFCIDENTIFIER('Tile 350x Red'),$);
#5050=IFCPROPERTYSET('1bShZvl024qcEVm$LTdlpt',#6,'Pset_BuildingElementProxyCommon',$,(#5049));
#5051=IFCPROPERTYSET('3kg03Tj8n2LCSx5BmU403n',#6,'Pset_QuantityTakeOff',$,(#5049));
#5052=IFCRELDEFINESBYPROPERTIES('3BqHKCfUj_PJIk6xYEK4Kh',#6,$,$,(#5048),#5050);
#5053=IFCRELDEFINESBYPROPERTIES('3ZArFTx$Orut0g3VFeocNi',#6,$,$,(#5048),#5051);
#5054=IFCMAPPEDITEM(#4393,#194);
#5055=IFCSHAPEREPRESENTATION(#15,'Body','MappedRepresentation',(#5054));
#5056=IFCPRODUCTDEFINITIONSHAPE($,$,(#5055));
#5057=IFCCARTESIANPOINT((5920.0164729501403,8533.0354060546179,1117.0100000000018));
#5058=IFCAXIS2PLACEMENT3D(#5057,#35,#1267);
#5059=IFCLOCALPLACEMENT(#24,#5058);
#5060=IFCBUILDINGELEMENTPROXY('1kkNhPW5XF4BusAPV6zL2f',#6,'Tile:Tile 200x100x75 White 2:493380',$,$,#5059,#5056,'493380',$);
#5061=IFCPROPERTYSET('3LbYUyUbiqiCOXccVYlaD1',#6,'Pset_BuildingElementProxyCommon',$,(#203));
#5062=IFCPROPERTYSET('3KKhdyl2uCaZi1oTpyFbnP',#6,'Pset_QuantityTakeOff',$,(#203));
#5063=IFCRELDEFINESBYPROPERTIES('1UPtLsmpmDLNWcPpqjc4kb',#6,$,$,(#5060),#5061);
#5064=IFCRELDEFINESBYPROPERTIES('0PpZVOJFMqmj0EwzqSmWzP',#6,$,$,(#5060),#5062);
#5065=IFCMAPPEDITEM(#4393,#194);
#5066=IFCSHAPEREPRESENTATION(#15,'Body','MappedRepresentation',(#5065));
#5067=IFCPRODUCTDEFINITIONSHAPE($,$,(#5066));
#5068=IFCCARTESIANPOINT((5612.8164729501341,8533.0354060546179,1319.0100000000029));
#5069=IFCAXIS2PLACEMENT3D(#5068,#35,#1267);
#5070=IFCLOCALPLACEMENT(#24,#5069);
#5071=IFCBUILDINGELEMENTPROXY('1kkNhPW5XF4BusAPV6zL2e',#6,'Tile:Tile 200x100x75 White 2:493381',$,$,#5070,#5067,'493381',$);
#5072=IFCPROPERTYSET('0d7JNNnuEaux86TldkcP3L',#6,'Pset_BuildingElementProxyCommon',$,(#203));
#5073=IFCPROPERTYSET('3zfCTzb_3ObNsVZf5yD1fE',#6,'Pset_QuantityTakeOff',$,(#203));
#5074=IFCRELDEFINESBYPROPERTIES('0q3Vs5EM1gaorqV2x1nzt7',#6,$,$,(#5071),#5072);
#5075=IFCRELDEFINESBYPROPERTIES('0Wv1Sv0pxOPg3U1JSV9OHn',#6,$,$,(#5071),#5073);
#5076=IFCMAPPEDITEM(#4393,#194);
#5077=IFCSHAPEREPRESENTATION(#15,'Body','MappedRepresentation',(#5076));
#5078=IFCPRODUCTDEFINITIONSHAPE($,$,(#5077));
#5079=IFCCARTESIANPOINT((5920.0164729501412,8533.035406054616,1319.0100000000011));
#5080=IFCAXIS2PLACEMENT3D(#5079,#35,#1267);
#5081=IFCLOCALPLACEMENT(#24,#5080);
#5082=IFCBUILDINGELEMENTPROXY('1kkNhPW5XF4BusAPV6zL2h',#6,'Tile:Tile 200x100x75 White 2:493382',$,$,#5081,#5078,'493382',$);
#5083=IFCPROPERTYSET('22atPab1PUPka3Xb3j1hQp',#6,'Pset_BuildingElementProxyCommon',$,(#203));
#5084=IFCPROPERTYSET('1e74r1zMTqecVFNvnLTnil',#6,'Pset_QuantityTakeOff',$,(#203));
#5085=IFCRELDEFINESBYPROPERTIES('33uU6TdMTotkzKla6Ic_$5',#6,$,$,(#5082),#5083);
#5086=IFCRELDEFINESBYPROPERTIES('29Z9RvH0_w__bsGGBW9fTx',#6,$,$,(#5082),#5084);
#5087=IFCCARTESIANPOINT((-166.89999999999074,-189.75333333333373));
#5088=IFCCARTESIANPOINT((134.19999999999521,-189.75333333333373));
#5089=IFCCARTESIANPOINT((134.19999999999547,43.68666666665262));
#5090=IFCCARTESIANPOINT((32.699999999996088,43.68666666665262));
#5091=IFCCARTESIANPOINT((32.699999999995818,146.06666666668002));
#5092=IFCCARTESIANPOINT((-166.89999999999074,146.06666666668002));
#5093=IFCPOLYLINE((#5087,#5088,#5089,#5090,#5091,#5092,#5087));
#5094=IFCARBITRARYCLOSEDPROFILEDEF(.AREA.,'Tile 350x Red',#5093);
#5095=IFCCARTESIANPOINT((5965.7031396168031,8526.0354060546179,1353.7099999999896));
#5096=IFCAXIS2PLACEMENT3D(#5095,#1684,#1502);
#5097=IFCEXTRUDEDAREASOLID(#5094,#5096,#34,6.9999999999984084);
#5098=IFCSTYLEDITEM(#5097,(#800),$);
#5099=IFCSHAPEREPRESENTATION(#15,'Body','SweptSolid',(#5097));
#5100=IFCAXIS2PLACEMENT3D(#10,$,$);
#5101=IFCREPRESENTATIONMAP(#5100,#5099);
#5102=IFCBUILDINGELEMENTPROXYTYPE('1kkNhPW5XF4BusAPV6zL2Z',#6,'Tile 350x Red11:Tile 350x Red',$,$,$,(#5101),'493390',$,.NOTDEFINED.);
#5103=IFCMAPPEDITEM(#5101,#194);
#5104=IFCSHAPEREPRESENTATION(#15,'Body','MappedRepresentation',(#5103));
#5105=IFCPRODUCTDEFINITIONSHAPE($,$,(#5104));
#5106=IFCAXIS2PLACEMENT3D(#10,$,$);
#5107=IFCLOCALPLACEMENT(#24,#5106);
#5108=IFCBUILDINGELEMENTPROXY('1kkNhPW5XF4BusAPV6zL2z',#6,'Tile 350x Red11:Tile 350x Red:493392',$,$,#5107,#5105,'493392',$);
#5109=IFCPROPERTYSET('2pkJL2rJazX4Uw0cn3sVg6',#6,'Pset_BuildingElementProxyCommon',$,(#5049));
#5110=IFCPROPERTYSET('0p_O0Ysh2U5k3KoYGO1ZWf',#6,'Pset_QuantityTakeOff',$,(#5049));
#5111=IFCRELDEFINESBYPROPERTIES('0mQoDU1FsfhsZv7h0Q1BO5',#6,$,$,(#5108),#5109);
#5112=IFCRELDEFINESBYPROPERTIES('2vZsvPZZjPn5ZnFOrYUPQ0',#6,$,$,(#5108),#5110);
#5113=IFCCARTESIANPOINT((-175.02499999999623,-135.16999999998791));
#5114=IFCCARTESIANPOINT((-76.125000000004079,-135.16999999998791));
#5115=IFCCARTESIANPOINT((-76.125000000004619,-32.750000000008797));
#5116=IFCCARTESIANPOINT((24.774999999995181,-32.750000000007716));
#5117=IFCCARTESIANPOINT((24.774999999994638,69.649999999998244));
#5118=IFCCARTESIANPOINT((226.3750000000062,69.649999999999324));
#5119=IFCCARTESIANPOINT((226.3750000000062,98.269999999998447));
#5120=IFCCARTESIANPOINT((-175.02499999999623,98.269999999998447));
#5121=IFCPOLYLINE((#5113,#5114,#5115,#5116,#5117,#5118,#5119,#5120,#5113));
#5122=IFCARBITRARYCLOSEDPROFILEDEF(.AREA.,'Tile 350x Red',#5121);
#5123=IFCCARTESIANPOINT((6057.1864729501385,8526.0354060546179,1697.6349999999832));
#5124=IFCAXIS2PLACEMENT3D(#5123,#1684,#34);
#5125=IFCEXTRUDEDAREASOLID(#5122,#5124,#34,6.9999999999994911);
#5126=IFCSTYLEDITEM(#5125,(#800),$);
#5127=IFCSHAPEREPRESENTATION(#15,'Body','SweptSolid',(#5125));
#5128=IFCAXIS2PLACEMENT3D(#10,$,$);
#5129=IFCREPRESENTATIONMAP(#5128,#5127);
#5130=IFCBUILDINGELEMENTPROXYTYPE('1kkNhPW5XF4BusAPV6zL2p',#6,'Tile 350x Red12:Tile 350x Red',$,$,$,(#5129),'493406',$,.NOTDEFINED.);
#5131=IFCMAPPEDITEM(#5129,#194);
#5132=IFCSHAPEREPRESENTATION(#15,'Body','MappedRepresentation',(#5131));
#5133=IFCPRODUCTDEFINITIONSHAPE($,$,(#5132));
#5134=IFCAXIS2PLACEMENT3D(#10,$,$);
#5135=IFCLOCALPLACEMENT(#24,#5134);
#5136=IFCBUILDINGELEMENTPROXY('1kkNhPW5XF4BusAPV6zL2D',#6,'Tile 350x Red12:Tile 350x Red:493408',$,$,#5135,#5133,'493408',$);
#5137=IFCPROPERTYSET('08$QlspbLxsUuAlLjwkha8',#6,'Pset_BuildingElementProxyCommon',$,(#5049));
#5138=IFCPROPERTYSET('0AbEcRJ70BJ8zVtzKbRTYB',#6,'Pset_QuantityTakeOff',$,(#5049));
#5139=IFCRELDEFINESBYPROPERTIES('0JwPNdUw5NjvPgWEZWYarn',#6,$,$,(#5136),#5137);
#5140=IFCRELDEFINESBYPROPERTIES('1Z_E47h1YxagQVEfaosVWQ',#6,$,$,(#5136),#5138);
#5141=IFCCARTESIANPOINT((0.,0.));
#5142=IFCAXIS2PLACEMENT2D(#5141,#170);
#5143=IFCRECTANGLEPROFILEDEF(.AREA.,'Tile 200x100x75 White',#5142,99.000000000000071,100.40000000000001);
#5144=IFCCARTESIANPOINT((-50.199999999993743,-49.500000000008455,-0.));
#5145=IFCAXIS2PLACEMENT3D(#5144,#34,#35);
#5146=IFCEXTRUDEDAREASOLID(#5143,#5145,#34,6.9999999999999973);
#5147=IFCSTYLEDITEM(#5146,(#183),$);
#5148=IFCSHAPEREPRESENTATION(#15,'Body','SweptSolid',(#5146));
#5149=IFCAXIS2PLACEMENT3D(#10,$,$);
#5150=IFCREPRESENTATIONMAP(#5149,#5148);
#5151=IFCBUILDINGELEMENTPROXYTYPE('0qyAVvJzHBtx7qBAcZyof6',#6,'Tile:Tile 200x100x75 White',$,$,$,(#5150),'428000',$,.NOTDEFINED.);
#5152=IFCMAPPEDITEM(#5150,#194);
#5153=IFCSHAPEREPRESENTATION(#15,'Body','MappedRepresentation',(#5152));
#5154=IFCPRODUCTDEFINITIONSHAPE($,$,(#5153));
#5155=IFCCARTESIANPOINT((5715.236472950095,8533.0354060546179,1722.4099999999851));
#5156=IFCAXIS2PLACEMENT3D(#5155,#35,#1267);
#5157=IFCLOCALPLACEMENT(#24,#5156);
#5158=IFCBUILDINGELEMENTPROXY('1kkNhPW5XF4BusAPV6zL24',#6,'Tile:Tile 200x100x75 White:493417',$,$,#5157,#5154,'493417',$);
#5159=IFCPROPERTYSET('2w_ECDWM1rNQuWHWZ8iM8d',#6,'Pset_BuildingElementProxyCommon',$,(#4424));
#5160=IFCPROPERTYSET('0Y1tPomSB7BRvc1lFa9m5S',#6,'Pset_QuantityTakeOff',$,(#4424));
#5161=IFCRELDEFINESBYPROPERTIES('1F7E98UXot4H2iuyt4cff0',#6,$,$,(#5158),#5159);
#5162=IFCRELDEFINESBYPROPERTIES('2eI19hXiqxUtWK$yVN2hSD',#6,$,$,(#5158),#5160);
#5163=IFCMAPPEDITEM(#5150,#194);
#5164=IFCSHAPEREPRESENTATION(#15,'Body','MappedRepresentation',(#5163));
#5165=IFCPRODUCTDEFINITIONSHAPE($,$,(#5164));
#5166=IFCCARTESIANPOINT((5817.6364729501001,8533.0354060546179,1722.5099999999941));
#5167=IFCAXIS2PLACEMENT3D(#5166,#35,#1267);
#5168=IFCLOCALPLACEMENT(#24,#5167);
#5169=IFCBUILDINGELEMENTPROXY('1kkNhPW5XF4BusAPV6zL27',#6,'Tile:Tile 200x100x75 White:493418',$,$,#5168,#5165,'493418',$);
#5170=IFCPROPERTYSET('0E61KGh7Bc1fBOMTxi71XA',#6,'Pset_BuildingElementProxyCommon',$,(#4424));
#5171=IFCPROPERTYSET('2g77ZtSbd2EMtninWqYfrh',#6,'Pset_QuantityTakeOff',$,(#4424));
#5172=IFCRELDEFINESBYPROPERTIES('3vDlOs6FQV1MuPoNM6kqTS',#6,$,$,(#5169),#5170);
#5173=IFCRELDEFINESBYPROPERTIES('0FDyl0_ARgZ0Afw6TozEqG',#6,$,$,(#5169),#5171);
#5174=IFCCARTESIANPOINT((-99.437000973701828,-24.674999999980855));
#5175=IFCCARTESIANPOINT((99.437000973675836,-24.674999999980855));
#5176=IFCCARTESIANPOINT((51.,24.674999999980855));
#5177=IFCCARTESIANPOINT((-51.,24.674999999980855));
#5178=IFCPOLYLINE((#5174,#5175,#5176,#5177,#5174));
#5179=IFCARBITRARYCLOSEDPROFILEDEF(.AREA.,'Tile 350x Red',#5178);
#5180=IFCCARTESIANPOINT((5716.236472950095,8526.0354060546179,1798.7349999999692));
#5181=IFCAXIS2PLACEMENT3D(#5180,#1684,#1267);
#5182=IFCEXTRUDEDAREASOLID(#5179,#5181,#34,6.9999999999984084);
#5183=IFCSTYLEDITEM(#5182,(#183),$);
#5184=IFCSHAPEREPRESENTATION(#15,'Body','SweptSolid',(#5182));
#5185=IFCAXIS2PLACEMENT3D(#10,$,$);
#5186=IFCREPRESENTATIONMAP(#5185,#5184);
#5187=IFCBUILDINGELEMENTPROXYTYPE('1kkNhPW5XF4BusAPV6zL2V',#6,'Tile 350x Red13:Tile 350x Red',$,$,$,(#5186),'493426',$,.NOTDEFINED.);
#5188=IFCMAPPEDITEM(#5186,#194);
#5189=IFCSHAPEREPRESENTATION(#15,'Body','MappedRepresentation',(#5188));
#5190=IFCPRODUCTDEFINITIONSHAPE($,$,(#5189));
#5191=IFCAXIS2PLACEMENT3D(#10,$,$);
#5192=IFCLOCALPLACEMENT(#24,#5191);
#5193=IFCBUILDINGELEMENTPROXY('1kkNhPW5XF4BusAPV6zL2P',#6,'Tile 350x Red13:Tile 350x Red:493428',$,$,#5192,#5190,'493428',$);
#5194=IFCPROPERTYSET('35FlkiuSca1N0mD61oM4wX',#6,'Pset_BuildingElementProxyCommon',$,(#5049));
#5195=IFCPROPERTYSET('3VD6PeGxHRkVSw7tji6AqO',#6,'Pset_QuantityTakeOff',$,(#5049));
#5196=IFCRELDEFINESBYPROPERTIES('2l9StwFaHqzhlHLt43x5rR',#6,$,$,(#5193),#5194);
#5197=IFCRELDEFINESBYPROPERTIES('1UEVQb41l8sAt5Cfy8lTPE',#6,$,$,(#5193),#5195);
#5198=IFCCARTESIANPOINT((0.,0.));
#5199=IFCAXIS2PLACEMENT2D(#5198,#170);
#5200=IFCRECTANGLEPROFILEDEF(.AREA.,'Tile 200x100x75 White',#5199,98.600000000000023,100.40000000000001);
#5201=IFCCARTESIANPOINT((-50.199999999993743,-49.300000000008438,-0.));
#5202=IFCAXIS2PLACEMENT3D(#5201,#34,#35);
#5203=IFCEXTRUDEDAREASOLID(#5200,#5202,#34,6.9999999999999973);
#5204=IFCSTYLEDITEM(#5203,(#183),$);
#5205=IFCSHAPEREPRESENTATION(#15,'Body','SweptSolid',(#5203));
#5206=IFCAXIS2PLACEMENT3D(#10,$,$);
#5207=IFCREPRESENTATIONMAP(#5206,#5205);
#5208=IFCBUILDINGELEMENTPROXYTYPE('1MH_t$ZbL18A53iTg7iWrc',#6,'Tile:Tile 200x100x75 White',$,$,$,(#5207),'428000',$,.NOTDEFINED.);
#5209=IFCMAPPEDITEM(#5207,#194);
#5210=IFCSHAPEREPRESENTATION(#15,'Body','MappedRepresentation',(#5209));
#5211=IFCPRODUCTDEFINITIONSHAPE($,$,(#5210));
#5212=IFCCARTESIANPOINT((5715.236472950095,8533.0354060546179,1924.0100000000036));
#5213=IFCAXIS2PLACEMENT3D(#5212,#35,#1267);
#5214=IFCLOCALPLACEMENT(#24,#5213);
#5215=IFCBUILDINGELEMENTPROXY('1kkNhPW5XF4BusAPV6zL2K',#6,'Tile:Tile 200x100x75 White:493433',$,$,#5214,#5211,'493433',$);
#5216=IFCPROPERTYSET('1ZOwOLgLqG5yg9hLPVF83U',#6,'Pset_BuildingElementProxyCommon',$,(#4424));
#5217=IFCPROPERTYSET('0vsJy9o8ZAaQuWOSbnORA7',#6,'Pset_QuantityTakeOff',$,(#4424));
#5218=IFCRELDEFINESBYPROPERTIES('0M8dQa4_$2Ng43s4uqaLTE',#6,$,$,(#5215),#5216);
#5219=IFCRELDEFINESBYPROPERTIES('0pJmOihxtd42A9sw$_iPw4',#6,$,$,(#5215),#5217);
#5220=IFCMAPPEDITEM(#5207,#194);
#5221=IFCSHAPEREPRESENTATION(#15,'Body','MappedRepresentation',(#5220));
#5222=IFCPRODUCTDEFINITIONSHAPE($,$,(#5221));
#5223=IFCCARTESIANPOINT((5817.6364729501001,8533.0354060546179,1924.0100000000036));
#5224=IFCAXIS2PLACEMENT3D(#5223,#35,#1267);
#5225=IFCLOCALPLACEMENT(#24,#5224);
#5226=IFCBUILDINGELEMENTPROXY('1kkNhPW5XF4BusAPV6zL2N',#6,'Tile:Tile 200x100x75 White:493434',$,$,#5225,#5222,'493434',$);
#5227=IFCPROPERTYSET('1Al6cHXUO97vOpernbI0Tn',#6,'Pset_BuildingElementProxyCommon',$,(#4424));
#5228=IFCPROPERTYSET('2wJVKyVReTQ7cTzWmua3Pi',#6,'Pset_QuantityTakeOff',$,(#4424));
#5229=IFCRELDEFINESBYPROPERTIES('0SC6mkt2$5E_4mAoPi7BUA',#6,$,$,(#5226),#5227);
#5230=IFCRELDEFINESBYPROPERTIES('3xy27pQJOihMIGQnOuR3IG',#6,$,$,(#5226),#5228);
#5231=IFCCARTESIANPOINT((-92.576396400406821,35.879636422053622));
#5232=IFCCARTESIANPOINT((-128.18807867001931,72.162570639214195));
#5233=IFCCARTESIANPOINT((-162.05208340867873,38.925066475082112));
#5234=IFCCARTESIANPOINT((-19.99590122773807,-105.80876199699105));
#5235=IFCCARTESIANPOINT((52.014174180697303,-35.130908042083071));
#5236=IFCCARTESIANPOINT((123.74273954227402,-108.21149993330437));
#5237=IFCCARTESIANPOINT((194.03998857826713,-39.214784229050267));
#5238=IFCCARTESIANPOINT((51.983806397320947,105.51904424302658));
#5239=IFCCARTESIANPOINT((-18.968248991718177,35.879636422053615));
#5240=IFCPOLYLINE((#5231,#5232,#5233,#5234,#5235,#5236,#5237,#5238,#5239,#5231));
#5241=IFCARBITRARYCLOSEDPROFILEDEF(.AREA.,'Tile 350x Red',#5240);
#5242=IFCCARTESIANPOINT((5858.5297381274786,8526.0354060546179,1812.996943338356));
#5243=IFCDIRECTION((0.70047427110911076,-0.,0.71367765518766246));
#5244=IFCAXIS2PLACEMENT3D(#5242,#35,#5243);
#5245=IFCEXTRUDEDAREASOLID(#5241,#5244,#1502,6.9999999999994911);
#5246=IFCSTYLEDITEM(#5245,(#800),$);
#5247=IFCSHAPEREPRESENTATION(#15,'Body','SweptSolid',(#5245));
#5248=IFCAXIS2PLACEMENT3D(#10,$,$);
#5249=IFCREPRESENTATIONMAP(#5248,#5247);
#5250=IFCBUILDINGELEMENTPROXYTYPE('1kkNhPW5XF4BusAPV6zL1l',#6,'Tile 350x Red14:Tile 350x Red',$,$,$,(#5249),'493442',$,.NOTDEFINED.);
#5251=IFCMAPPEDITEM(#5249,#194);
#5252=IFCSHAPEREPRESENTATION(#15,'Body','MappedRepresentation',(#5251));
#5253=IFCPRODUCTDEFINITIONSHAPE($,$,(#5252));
#5254=IFCAXIS2PLACEMENT3D(#10,$,$);
#5255=IFCLOCALPLACEMENT(#24,#5254);
#5256=IFCBUILDINGELEMENTPROXY('1kkNhPW5XF4BusAPV6zL1f',#6,'Tile 350x Red14:Tile 350x Red:493444',$,$,#5255,#5253,'493444',$);
#5257=IFCPROPERTYSET('1jfopc9_5m3pei$ASPQwIU',#6,'Pset_BuildingElementProxyCommon',$,(#5049));
#5258=IFCPROPERTYSET('2ZbOlANBrwLZw7iA81h9vC',#6,'Pset_QuantityTakeOff',$,(#5049));
#5259=IFCRELDEFINESBYPROPERTIES('3x338_cvcxhWDEDkFTKgkO',#6,$,$,(#5256),#5257);
#5260=IFCRELDEFINESBYPROPERTIES('2XX1eg5OA76D1_kCPD0ler',#6,$,$,(#5256),#5258);
#5261=IFCCARTESIANPOINT((120.45387858114144,-3.9075011060754488));
#5262=IFCCARTESIANPOINT((171.29326517734884,-3.9075011060754488));
#5263=IFCCARTESIANPOINT((171.29326517734856,43.542498893931359));
#5264=IFCCARTESIANPOINT((-33.506734822651438,43.542498893931622));
#5265=IFCCARTESIANPOINT((-33.506734822651978,144.44249889393006));
#5266=IFCCARTESIANPOINT((-266.90673482261843,144.4424988939291));
#5267=IFCCARTESIANPOINT((-266.9067348226157,-155.8575011060787));
#5268=IFCCARTESIANPOINT((68.893265177355588,-155.85750110607717));
#5269=IFCCARTESIANPOINT((68.893265177348553,-56.439991151416457));
#5270=IFCPOLYLINE((#5261,#5262,#5263,#5264,#5265,#5266,#5267,#5268,#5269,#5261));
#5271=IFCARBITRARYCLOSEDPROFILEDEF(.AREA.,'Tile 350x Red',#5270);
#5272=IFCCARTESIANPOINT((5543.9432077727388,8526.0354060546179,1768.1524988939118));
#5273=IFCAXIS2PLACEMENT3D(#5272,#1684,#1267);
#5274=IFCEXTRUDEDAREASOLID(#5271,#5273,#34,7.0000000000005747);
#5275=IFCSTYLEDITEM(#5274,(#800),$);
#5276=IFCSHAPEREPRESENTATION(#15,'Body','SweptSolid',(#5274));
#5277=IFCAXIS2PLACEMENT3D(#10,$,$);
#5278=IFCREPRESENTATIONMAP(#5277,#5276);
#5279=IFCBUILDINGELEMENTPROXYTYPE('1kkNhPW5XF4BusAPV6zL1u',#6,'Tile 350x Red15:Tile 350x Red',$,$,$,(#5278),'493461',$,.NOTDEFINED.);
#5280=IFCMAPPEDITEM(#5278,#194);
#5281=IFCSHAPEREPRESENTATION(#15,'Body','MappedRepresentation',(#5280));
#5282=IFCPRODUCTDEFINITIONSHAPE($,$,(#5281));
#5283=IFCAXIS2PLACEMENT3D(#10,$,$);
#5284=IFCLOCALPLACEMENT(#24,#5283);
#5285=IFCBUILDINGELEMENTPROXY('1kkNhPW5XF4BusAPV6zL1w',#6,'Tile 350x Red15:Tile 350x Red:493463',$,$,#5284,#5282,'493463',$);
#5286=IFCPROPERTYSET('0wui6Q$NiCsW1T8LIENgBq',#6,'Pset_BuildingElementProxyCommon',$,(#5049));
#5287=IFCPROPERTYSET('0XSnpJVidODzDDBr2LdBfU',#6,'Pset_QuantityTakeOff',$,(#5049));
#5288=IFCRELDEFINESBYPROPERTIES('0UXvD_P26t1k2Mr$iLeQTt',#6,$,$,(#5285),#5286);
#5289=IFCRELDEFINESBYPROPERTIES('0lapaPJdB7DaazNrRkqTHj',#6,$,$,(#5285),#5287);
#5290=IFCCARTESIANPOINT((-167.63333333333097,-53.199999999972746));
#5291=IFCCARTESIANPOINT((133.26666666666182,-53.199999999972746));
#5292=IFCCARTESIANPOINT((133.26666666666182,77.799999999988813));
#5293=IFCCARTESIANPOINT((34.36666666666941,77.799999999988813));
#5294=IFCCARTESIANPOINT((34.36666666666941,-24.600000000016063));
#5295=IFCCARTESIANPOINT((-167.63333333333068,-24.600000000016063));
#5296=IFCPOLYLINE((#5290,#5291,#5292,#5293,#5294,#5295,#5290));
#5297=IFCARBITRARYCLOSEDPROFILEDEF(.AREA.,'Tile 350x Red',#5296);
#5298=IFCCARTESIANPOINT((5330.2364729501105,8526.0354060546197,1488.4433333333197));
#5299=IFCAXIS2PLACEMENT3D(#5298,#1684,#34);
#5300=IFCEXTRUDEDAREASOLID(#5297,#5299,#34,6.9999999999973257);
#5301=IFCSTYLEDITEM(#5300,(#800),$);
#5302=IFCSHAPEREPRESENTATION(#15,'Body','SweptSolid',(#5300));
#5303=IFCAXIS2PLACEMENT3D(#10,$,$);
#5304=IFCREPRESENTATIONMAP(#5303,#5302);
#5305=IFCBUILDINGELEMENTPROXYTYPE('1kkNhPW5XF4BusAPV6zL18',#6,'Tile 350x Red16:Tile 350x Red',$,$,$,(#5304),'493477',$,.NOTDEFINED.);
#5306=IFCMAPPEDITEM(#5304,#194);
#5307=IFCSHAPEREPRESENTATION(#15,'Body','MappedRepresentation',(#5306));
#5308=IFCPRODUCTDEFINITIONSHAPE($,$,(#5307));
#5309=IFCAXIS2PLACEMENT3D(#10,$,$);
#5310=IFCLOCALPLACEMENT(#24,#5309);
#5311=IFCBUILDINGELEMENTPROXY('1kkNhPW5XF4BusAPV6zL1A',#6,'Tile 350x Red16:Tile 350x Red:493479',$,$,#5310,#5308,'493479',$);
#5312=IFCPROPERTYSET('1hBxIPtglUwLfdQWT_TFBB',#6,'Pset_BuildingElementProxyCommon',$,(#5049));
#5313=IFCPROPERTYSET('3k_cSxpGtm0yWacd9OUtAZ',#6,'Pset_QuantityTakeOff',$,(#5049));
#5314=IFCRELDEFINESBYPROPERTIES('3q5EyCegeKx6Lwp3r7dCmB',#6,$,$,(#5311),#5312);
#5315=IFCRELDEFINESBYPROPERTIES('1s86x3JPZTRI94$1KTc4U3',#6,$,$,(#5311),#5313);
#5316=IFCMAPPEDITEM(#382,#194);
#5317=IFCSHAPEREPRESENTATION(#15,'Body','MappedRepresentation',(#5316));
#5318=IFCPRODUCTDEFINITIONSHAPE($,$,(#5317));
#5319=IFCCARTESIANPOINT((6462.656472950127,8533.035406054616,915.01000000000829));
#5320=IFCAXIS2PLACEMENT3D(#5319,#35,#1267);
#5321=IFCLOCALPLACEMENT(#24,#5320);
#5322=IFCBUILDINGELEMENTPROXY('1kkNhPW5XF4BusAPV6zL1S',#6,'Tile:Tile 200x100x75 White 2:493489',$,$,#5321,#5318,'493489',$);
#5323=IFCPROPERTYSET('3TiTm5NHu4tzUoP4MmI$d8',#6,'Pset_BuildingElementProxyCommon',$,(#203));
#5324=IFCPROPERTYSET('0RRFkFX1J4z55F6kTUurI2',#6,'Pset_QuantityTakeOff',$,(#203));
#5325=IFCRELDEFINESBYPROPERTIES('2quhrHaIGNSgOl2lkBGvI5',#6,$,$,(#5322),#5323);
#5326=IFCRELDEFINESBYPROPERTIES('2JBxcdkoG9Z5hbS6tiFYe$',#6,$,$,(#5322),#5324);
#5327=IFCMAPPEDITEM(#382,#194);
#5328=IFCSHAPEREPRESENTATION(#15,'Body','MappedRepresentation',(#5327));
#5329=IFCPRODUCTDEFINITIONSHAPE($,$,(#5328));
#5330=IFCCARTESIANPOINT((6667.4564729501271,8533.0354060546142,915.01000000000749));
#5331=IFCAXIS2PLACEMENT3D(#5330,#35,#1267);
#5332=IFCLOCALPLACEMENT(#24,#5331);
#5333=IFCBUILDINGELEMENTPROXY('1kkNhPW5XF4BusAPV6zL1V',#6,'Tile:Tile 200x100x75 White 2:493490',$,$,#5332,#5329,'493490',$);
#5334=IFCPROPERTYSET('2l7uGngjV9t$VyuFIe7DkY',#6,'Pset_BuildingElementProxyCommon',$,(#203));
#5335=IFCPROPERTYSET('2pQ4f$NEctdhTKE49vkjfj',#6,'Pset_QuantityTakeOff',$,(#203));
#5336=IFCRELDEFINESBYPROPERTIES('1sHgpfnEYwKLwp65YHQ5hh',#6,$,$,(#5333),#5334);
#5337=IFCRELDEFINESBYPROPERTIES('3RC_f1nY5tiqbVJA25125T',#6,$,$,(#5333),#5335);
#5338=IFCMAPPEDITEM(#382,#194);
#5339=IFCSHAPEREPRESENTATION(#15,'Body','MappedRepresentation',(#5338));
#5340=IFCPRODUCTDEFINITIONSHAPE($,$,(#5339));
#5341=IFCCARTESIANPOINT((6872.2564729501237,8533.0354060546124,915.01000000000511));
#5342=IFCAXIS2PLACEMENT3D(#5341,#35,#1267);
#5343=IFCLOCALPLACEMENT(#24,#5342);
#5344=IFCBUILDINGELEMENTPROXY('1kkNhPW5XF4BusAPV6zL1U',#6,'Tile:Tile 200x100x75 White 2:493491',$,$,#5343,#5340,'493491',$);
#5345=IFCPROPERTYSET('12pC$zIqBf4DxWuf9kDYu2',#6,'Pset_BuildingElementProxyCommon',$,(#203));
#5346=IFCPROPERTYSET('3PzCYPmhjOv6H3uYW0FcbF',#6,'Pset_QuantityTakeOff',$,(#203));
#5347=IFCRELDEFINESBYPROPERTIES('1c4ALxW2xnMf4x7$tbf2N2',#6,$,$,(#5344),#5345);
#5348=IFCRELDEFINESBYPROPERTIES('3CiXxxWXmBykBjr1KEndB8',#6,$,$,(#5344),#5346);
#5349=IFCMAPPEDITEM(#382,#194);
#5350=IFCSHAPEREPRESENTATION(#15,'Body','MappedRepresentation',(#5349));
#5351=IFCPRODUCTDEFINITIONSHAPE($,$,(#5350));
#5352=IFCCARTESIANPOINT((7077.0564729501248,8533.0354060546124,915.01000000000568));
#5353=IFCAXIS2PLACEMENT3D(#5352,#35,#1267);
#5354=IFCLOCALPLACEMENT(#24,#5353);
#5355=IFCBUILDINGELEMENTPROXY('1kkNhPW5XF4BusAPV6zL1P',#6,'Tile:Tile 200x100x75 White 2:493492',$,$,#5354,#5351,'493492',$);
#5356=IFCPROPERTYSET('0$i8QJiOM3UKka0GBkdX1m',#6,'Pset_BuildingElementProxyCommon',$,(#203));
#5357=IFCPROPERTYSET('1aPurqV4pA4Wgc3lQh7O1r',#6,'Pset_QuantityTakeOff',$,(#203));
#5358=IFCRELDEFINESBYPROPERTIES('2VB85zsP$TUC76x5bfkuxT',#6,$,$,(#5355),#5356);
#5359=IFCRELDEFINESBYPROPERTIES('35i5uivuw95SNItQHUQftp',#6,$,$,(#5355),#5357);
#5360=IFCMAPPEDITEM(#382,#194);
#5361=IFCSHAPEREPRESENTATION(#15,'Body','MappedRepresentation',(#5360));
#5362=IFCPRODUCTDEFINITIONSHAPE($,$,(#5361));
#5363=IFCCARTESIANPOINT((6360.236472950126,8533.035406054616,1924.010000000005));
#5364=IFCAXIS2PLACEMENT3D(#5363,#35,#1267);
#5365=IFCLOCALPLACEMENT(#24,#5364);
#5366=IFCBUILDINGELEMENTPROXY('1kkNhPW5XF4BusAPV6zL1O',#6,'Tile:Tile 200x100x75 White 2:493493',$,$,#5365,#5362,'493493',$);
#5367=IFCPROPERTYSET('3IuJpJHHES3XOHIiIIw7xl',#6,'Pset_BuildingElementProxyCommon',$,(#203));
#5368=IFCPROPERTYSET('0N2WZNiq$krA_2WJKGTO8Z',#6,'Pset_QuantityTakeOff',$,(#203));
#5369=IFCRELDEFINESBYPROPERTIES('0oiABs4d9ku$cqwzX75ADD',#6,$,$,(#5366),#5367);
#5370=IFCRELDEFINESBYPROPERTIES('2OpTIOB6w4AYauJgcG6dDl',#6,$,$,(#5366),#5368);
#5371=IFCMAPPEDITEM(#382,#194);
#5372=IFCSHAPEREPRESENTATION(#15,'Body','MappedRepresentation',(#5371));
#5373=IFCPRODUCTDEFINITIONSHAPE($,$,(#5372));
#5374=IFCCARTESIANPOINT((6565.0364729501252,8533.035406054616,1924.0100000000041));
#5375=IFCAXIS2PLACEMENT3D(#5374,#35,#1267);
#5376=IFCLOCALPLACEMENT(#24,#5375);
#5377=IFCBUILDINGELEMENTPROXY('1kkNhPW5XF4BusAPV6zL1R',#6,'Tile:Tile 200x100x75 White 2:493494',$,$,#5376,#5373,'493494',$);
#5378=IFCPROPERTYSET('0Qa4SoB9IVvFDjxGIhirr7',#6,'Pset_BuildingElementProxyCommon',$,(#203));
#5379=IFCPROPERTYSET('0W3cKYikLrFlqTQzfaHLdt',#6,'Pset_QuantityTakeOff',$,(#203));
#5380=IFCRELDEFINESBYPROPERTIES('3YitWc_jPVHxJsZeAP41Mn',#6,$,$,(#5377),#5378);
#5381=IFCRELDEFINESBYPROPERTIES('34nUo5gDN7XTllio$7z6Y$',#6,$,$,(#5377),#5379);
#5382=IFCMAPPEDITEM(#382,#194);
#5383=IFCSHAPEREPRESENTATION(#15,'Body','MappedRepresentation',(#5382));
#5384=IFCPRODUCTDEFINITIONSHAPE($,$,(#5383));
#5385=IFCCARTESIANPOINT((6769.8364729501254,8533.0354060546142,1924.0100000000034));
#5386=IFCAXIS2PLACEMENT3D(#5385,#35,#1267);
#5387=IFCLOCALPLACEMENT(#24,#5386);
#5388=IFCBUILDINGELEMENTPROXY('1kkNhPW5XF4BusAPV6zL1Q',#6,'Tile:Tile 200x100x75 White 2:493495',$,$,#5387,#5384,'493495',$);
#5389=IFCPROPERTYSET('2pa3BObhoRuay$Tmy$LGT9',#6,'Pset_BuildingElementProxyCommon',$,(#203));
#5390=IFCPROPERTYSET('1ceimQiqWcrw2IMaB9RcmN',#6,'Pset_QuantityTakeOff',$,(#203));
#5391=IFCRELDEFINESBYPROPERTIES('251IjaBR7zoudBvSbHkKZ_',#6,$,$,(#5388),#5389);
#5392=IFCRELDEFINESBYPROPERTIES('2LO_KPopFO1oGAMJPp2pjm',#6,$,$,(#5388),#5390);
#5393=IFCMAPPEDITEM(#382,#194);
#5394=IFCSHAPEREPRESENTATION(#15,'Body','MappedRepresentation',(#5393));
#5395=IFCPRODUCTDEFINITIONSHAPE($,$,(#5394));
#5396=IFCCARTESIANPOINT((6974.6364729501238,8533.0354060546124,1924.01));
#5397=IFCAXIS2PLACEMENT3D(#5396,#35,#1267);
#5398=IFCLOCALPLACEMENT(#24,#5397);
#5399=IFCBUILDINGELEMENTPROXY('1kkNhPW5XF4BusAPV6zL1L',#6,'Tile:Tile 200x100x75 White 2:493496',$,$,#5398,#5395,'493496',$);
#5400=IFCPROPERTYSET('2OEb4nMaFNFOgArbSZi_Hn',#6,'Pset_BuildingElementProxyCommon',$,(#203));
#5401=IFCPROPERTYSET('0JdKTdY7IuH9Mw2XzR7cMy',#6,'Pset_QuantityTakeOff',$,(#203));
#5402=IFCRELDEFINESBYPROPERTIES('0QykXk9aNXU$EZiKcjQzxA',#6,$,$,(#5399),#5400);
#5403=IFCRELDEFINESBYPROPERTIES('1F2C5QQk6wK28IzuyEyFGN',#6,$,$,(#5399),#5401);
#5404=IFCCARTESIANPOINT((-99.566666666663522,-44.066666666665313));
#5405=IFCCARTESIANPOINT((100.23333333332842,-44.066666666665313));
#5406=IFCCARTESIANPOINT((100.23333333332855,-12.26666666667254));
#5407=IFCCARTESIANPOINT((-0.66666666666489083,-12.26666666667254));
#5408=IFCCARTESIANPOINT((-0.66666666666502616,56.3333333333346));
#5409=IFCCARTESIANPOINT((-99.566666666663664,56.3333333333346));
#5410=IFCPOLYLINE((#5404,#5405,#5406,#5407,#5408,#5409,#5404));
#5411=IFCARBITRARYCLOSEDPROFILEDEF(.AREA.,'Tile 350x Red',#5410);
#5412=IFCCARTESIANPOINT((6316.1698062834685,8526.0354060546197,916.34333333332927));
#5413=IFCAXIS2PLACEMENT3D(#5412,#1684,#1502);
#5414=IFCEXTRUDEDAREASOLID(#5411,#5413,#34,6.999999999992994);
#5415=IFCSTYLEDITEM(#5414,(#183),$);
#5416=IFCSHAPEREPRESENTATION(#15,'Body','SweptSolid',(#5414));
#5417=IFCAXIS2PLACEMENT3D(#10,$,$);
#5418=IFCREPRESENTATIONMAP(#5417,#5416);
#5419=IFCBUILDINGELEMENTPROXYTYPE('1kkNhPW5XF4BusAPV6zL0i',#6,'Tile 350x Red17:Tile 350x Red',$,$,$,(#5418),'493505',$,.NOTDEFINED.);
#5420=IFCMAPPEDITEM(#5418,#194);
#5421=IFCSHAPEREPRESENTATION(#15,'Body','MappedRepresentation',(#5420));
#5422=IFCPRODUCTDEFINITIONSHAPE($,$,(#5421));
#5423=IFCAXIS2PLACEMENT3D(#10,$,$);
#5424=IFCLOCALPLACEMENT(#24,#5423);
#5425=IFCBUILDINGELEMENTPROXY('1kkNhPW5XF4BusAPV6zL0k',#6,'Tile 350x Red17:Tile 350x Red:493507',$,$,#5424,#5422,'493507',$);
#5426=IFCPROPERTYSET('1NvuSKIY5wFNwT14ieQwoV',#6,'Pset_BuildingElementProxyCommon',$,(#5049));
#5427=IFCPROPERTYSET('2y7pBt77QguD7Oe3O93Of2',#6,'Pset_QuantityTakeOff',$,(#5049));
#5428=IFCRELDEFINESBYPROPERTIES('0OlsXJ7ZAZXXIVDRMcTl3I',#6,$,$,(#5425),#5426);
#5429=IFCRELDEFINESBYPROPERTIES('3iPdpD1708XtLVVB0lOAUK',#6,$,$,(#5425),#5427);
#5430=IFCCARTESIANPOINT((0.,0.));
#5431=IFCAXIS2PLACEMENT2D(#5430,#170);
#5432=IFCRECTANGLEPROFILEDEF(.AREA.,'Modelos gen\X\E9ricos 1',#5431,150.00000000000054,600.);
#5433=IFCCARTESIANPOINT((6083.5813096541078,5997.3829601568341,14.204449928490083));
#5434=IFCAXIS2PLACEMENT3D(#5433,#34,#199);
#5435=IFCEXTRUDEDAREASOLID(#5432,#5434,#34,225.79555007150989);
#5436=IFCSHAPEREPRESENTATION(#15,'Body','SweptSolid',(#5435));
#5437=IFCAXIS2PLACEMENT3D(#10,$,$);
#5438=IFCREPRESENTATIONMAP(#5437,#5436);
#5439=IFCBUILDINGELEMENTPROXYTYPE('3cz65ZUMD8OxF9Hz16muAR',#6,'Modelos gen\X\E9ricos 1:Modelos gen\X\E9ricos 1',$,$,$,(#5438),'500090',$,.NOTDEFINED.);
#5440=IFCMAPPEDITEM(#5438,#194);
#5441=IFCSHAPEREPRESENTATION(#15,'Body','MappedRepresentation',(#5440));
#5442=IFCPRODUCTDEFINITIONSHAPE($,$,(#5441));
#5443=IFCCARTESIANPOINT((159.88652408571076,2228.3708031157748,-40.));
#5444=IFCAXIS2PLACEMENT3D(#5443,$,$);
#5445=IFCLOCALPLACEMENT(#24,#5444);
#5446=IFCBUILDINGELEMENTPROXY('3cz65ZUMD8OxF9Hz16muAT',#6,'Modelos gen\X\E9ricos 1:Modelos gen\X\E9ricos 1:500092',$,$,#5445,#5442,'500092',$);
#5447=IFCPROPERTYSINGLEVALUE('Reference',$,IFCIDENTIFIER('Modelos gen\X\E9ricos 1'),$);
#5448=IFCPROPERTYSET('2J0Wd$POuR$3RU8JPZHZ5B',#6,'Pset_BuildingElementProxyCommon',$,(#5447));
#5449=IFCPROPERTYSET('2vfuk7Url6sJzlLc9Bu0_k',#6,'Pset_QuantityTakeOff',$,(#5447));
#5450=IFCRELDEFINESBYPROPERTIES('2k1y0aUmGtW7V85b5wFxZJ',#6,$,$,(#5446),#5448);
#5451=IFCRELDEFINESBYPROPERTIES('3A08Pwngq75s4zNA$COY__',#6,$,$,(#5446),#5449);
#5452=IFCCARTESIANPOINT((0.,0.));
#5453=IFCAXIS2PLACEMENT2D(#5452,#170);
#5454=IFCRECTANGLEPROFILEDEF(.AREA.,'Modelos gen\X\E9ricos 1',#5453,150.00000000000054,600.);
#5455=IFCCARTESIANPOINT((6083.5813096541078,5997.3829601568341,0.));
#5456=IFCAXIS2PLACEMENT3D(#5455,#34,#199);
#5457=IFCEXTRUDEDAREASOLID(#5454,#5456,#34,240.);
#5458=IFCSHAPEREPRESENTATION(#15,'Body','SweptSolid',(#5457));
#5459=IFCAXIS2PLACEMENT3D(#10,$,$);
#5460=IFCREPRESENTATIONMAP(#5459,#5458);
#5461=IFCBUILDINGELEMENTPROXYTYPE('3cz65ZUMD8OxF9Hz16mu9d',#6,'Modelos gen\X\E9ricos 3:Modelos gen\X\E9ricos 1',$,$,$,(#5460),'500102',$,.NOTDEFINED.);
#5462=IFCMAPPEDITEM(#5460,#194);
#5463=IFCSHAPEREPRESENTATION(#15,'Body','MappedRepresentation',(#5462));
#5464=IFCPRODUCTDEFINITIONSHAPE($,$,(#5463));
#5465=IFCCARTESIANPOINT((159.88652408571076,2228.3708031157735,202.));
#5466=IFCAXIS2PLACEMENT3D(#5465,$,$);
#5467=IFCLOCALPLACEMENT(#24,#5466);
#5468=IFCBUILDINGELEMENTPROXY('3cz65ZUMD8OxF9Hz16mu9f',#6,'Modelos gen\X\E9ricos 3:Modelos gen\X\E9ricos 1:500104',$,$,#5467,#5464,'500104',$);
#5469=IFCPROPERTYSET('3Bu6C06I0FlJ6H24AszYz1',#6,'Pset_BuildingElementProxyCommon',$,(#5447));
#5470=IFCPROPERTYSET('22iXM$RabTtg6pyneDLh8I',#6,'Pset_QuantityTakeOff',$,(#5447));
#5471=IFCRELDEFINESBYPROPERTIES('350_ZIPx0yUBpiBBikb1Wa',#6,$,$,(#5468),#5469);
#5472=IFCRELDEFINESBYPROPERTIES('1kMovPn8hSMYk_jPIgRakX',#6,$,$,(#5468),#5470);
#5473=IFCCARTESIANPOINT((0.,0.));
#5474=IFCAXIS2PLACEMENT2D(#5473,#170);
#5475=IFCRECTANGLEPROFILEDEF(.AREA.,'Modelos gen\X\E9ricos 1',#5474,150.00000000000054,600.);
#5476=IFCCARTESIANPOINT((6083.5813096541078,5997.3829601568341,0.));
#5477=IFCAXIS2PLACEMENT3D(#5476,#34,#199);
#5478=IFCEXTRUDEDAREASOLID(#5475,#5477,#34,240.);
#5479=IFCSHAPEREPRESENTATION(#15,'Body','SweptSolid',(#5478));
#5480=IFCAXIS2PLACEMENT3D(#10,$,$);
#5481=IFCREPRESENTATIONMAP(#5480,#5479);
#5482=IFCBUILDINGELEMENTPROXYTYPE('3cz65ZUMD8OxF9Hz16mu9p',#6,'Modelos gen\X\E9ricos 5:Modelos gen\X\E9ricos 1',$,$,$,(#5481),'500114',$,.NOTDEFINED.);
#5483=IFCMAPPEDITEM(#5481,#194);
#5484=IFCSHAPEREPRESENTATION(#15,'Body','MappedRepresentation',(#5483));
#5485=IFCPRODUCTDEFINITIONSHAPE($,$,(#5484));
#5486=IFCCARTESIANPOINT((159.88652408571076,2228.3708031157726,444.));
#5487=IFCAXIS2PLACEMENT3D(#5486,$,$);
#5488=IFCLOCALPLACEMENT(#24,#5487);
#5489=IFCBUILDINGELEMENTPROXY('3cz65ZUMD8OxF9Hz16mu9r',#6,'Modelos gen\X\E9ricos 5:Modelos gen\X\E9ricos 1:500116',$,$,#5488,#5485,'500116',$);
#5490=IFCPROPERTYSET('3GSJ$iHxWPD1p1Fgc3Dcy5',#6,'Pset_BuildingElementProxyCommon',$,(#5447));
#5491=IFCPROPERTYSET('0hKBT0tqc7_4LuE0_Nlmsd',#6,'Pset_QuantityTakeOff',$,(#5447));
#5492=IFCRELDEFINESBYPROPERTIES('0Dk$OzctjXtrd03KwV7784',#6,$,$,(#5489),#5490);
#5493=IFCRELDEFINESBYPROPERTIES('0$W4$4_cVZRLsnLj5GinCT',#6,$,$,(#5489),#5491);
#5494=IFCCARTESIANPOINT((0.,0.));
#5495=IFCAXIS2PLACEMENT2D(#5494,#170);
#5496=IFCRECTANGLEPROFILEDEF(.AREA.,'Modelos gen\X\E9ricos 1',#5495,150.00000000000054,600.);
#5497=IFCCARTESIANPOINT((6083.5813096541078,5997.3829601568341,0.));
#5498=IFCAXIS2PLACEMENT3D(#5497,#34,#199);
#5499=IFCEXTRUDEDAREASOLID(#5496,#5498,#34,240.);
#5500=IFCSHAPEREPRESENTATION(#15,'Body','SweptSolid',(#5499));
#5501=IFCAXIS2PLACEMENT3D(#10,$,$);
#5502=IFCREPRESENTATIONMAP(#5501,#5500);
#5503=IFCBUILDINGELEMENTPROXYTYPE('3cz65ZUMD8OxF9Hz16mu9$',#6,'Modelos gen\X\E9ricos 9:Modelos gen\X\E9ricos 1',$,$,$,(#5502),'500126',$,.NOTDEFINED.);
#5504=IFCMAPPEDITEM(#5502,#194);
#5505=IFCSHAPEREPRESENTATION(#15,'Body','MappedRepresentation',(#5504));
#5506=IFCPRODUCTDEFINITIONSHAPE($,$,(#5505));
#5507=IFCCARTESIANPOINT((622.59249484188786,14262.293583367595,-40.));
#5508=IFCAXIS2PLACEMENT3D(#5507,#34,#35);
#5509=IFCLOCALPLACEMENT(#24,#5508);
#5510=IFCBUILDINGELEMENTPROXY('3cz65ZUMD8OxF9Hz16mu91',#6,'Modelos gen\X\E9ricos 9:Modelos gen\X\E9ricos 1:500128',$,$,#5509,#5506,'500128',$);
#5511=IFCPROPERTYSET('1Wj$TIc1y44OiONz3A2mE0',#6,'Pset_BuildingElementProxyCommon',$,(#5447));
#5512=IFCPROPERTYSET('2eFwfLBoj6aPuFom1_mpMO',#6,'Pset_QuantityTakeOff',$,(#5447));
#5513=IFCRELDEFINESBYPROPERTIES('3uKz4cs$rYIISDQ6E$HxqR',#6,$,$,(#5510),#5511);
#5514=IFCRELDEFINESBYPROPERTIES('0eHhpCedKmxKyRbEVCMw5g',#6,$,$,(#5510),#5512);
#5515=IFCCARTESIANPOINT((0.,0.));
#5516=IFCAXIS2PLACEMENT2D(#5515,#170);
#5517=IFCRECTANGLEPROFILEDEF(.AREA.,'Modelos gen\X\E9ricos 1',#5516,150.00000000000054,600.);
#5518=IFCCARTESIANPOINT((6083.5813096541078,5997.3829601568341,0.));
#5519=IFCAXIS2PLACEMENT3D(#5518,#34,#199);
#5520=IFCEXTRUDEDAREASOLID(#5517,#5519,#34,240.);
#5521=IFCSHAPEREPRESENTATION(#15,'Body','SweptSolid',(#5520));
#5522=IFCAXIS2PLACEMENT3D(#10,$,$);
#5523=IFCREPRESENTATIONMAP(#5522,#5521);
#5524=IFCBUILDINGELEMENTPROXYTYPE('3cz65ZUMD8OxF9Hz16mu9B',#6,'Modelos gen\X\E9ricos 10:Modelos gen\X\E9ricos 1',$,$,$,(#5523),'500138',$,.NOTDEFINED.);
#5525=IFCMAPPEDITEM(#5523,#194);
#5526=IFCSHAPEREPRESENTATION(#15,'Body','MappedRepresentation',(#5525));
#5527=IFCPRODUCTDEFINITIONSHAPE($,$,(#5526));
#5528=IFCCARTESIANPOINT((622.59249484188786,14262.293583367595,209.50000000000003));
#5529=IFCAXIS2PLACEMENT3D(#5528,#34,#35);
#5530=IFCLOCALPLACEMENT(#24,#5529);
#5531=IFCBUILDINGELEMENTPROXY('3cz65ZUMD8OxF9Hz16mu9D',#6,'Modelos gen\X\E9ricos 10:Modelos gen\X\E9ricos 1:500140',$,$,#5530,#5527,'500140',$);
#5532=IFCPROPERTYSET('1NmL0Cm$0XPxpgR0$e5Pz8',#6,'Pset_BuildingElementProxyCommon',$,(#5447));
#5533=IFCPROPERTYSET('2g3399RBby1QIFpAw_nv27',#6,'Pset_QuantityTakeOff',$,(#5447));
#5534=IFCRELDEFINESBYPROPERTIES('2vQZ81lrIg59P8GjQ3uq_b',#6,$,$,(#5531),#5532);
#5535=IFCRELDEFINESBYPROPERTIES('2Get3RWB5pUDhsV5QnzgmQ',#6,$,$,(#5531),#5533);
#5536=IFCCARTESIANPOINT((0.,0.));
#5537=IFCAXIS2PLACEMENT2D(#5536,#170);
#5538=IFCRECTANGLEPROFILEDEF(.AREA.,'Modelos gen\X\E9ricos 1',#5537,150.00000000000054,600.);
#5539=IFCCARTESIANPOINT((6083.5813096541078,5997.3829601568341,0.));
#5540=IFCAXIS2PLACEMENT3D(#5539,#34,#199);
#5541=IFCEXTRUDEDAREASOLID(#5538,#5540,#34,240.);
#5542=IFCSHAPEREPRESENTATION(#15,'Body','SweptSolid',(#5541));
#5543=IFCAXIS2PLACEMENT3D(#10,$,$);
#5544=IFCREPRESENTATIONMAP(#5543,#5542);
#5545=IFCBUILDINGELEMENTPROXYTYPE('3cz65ZUMD8OxF9Hz16mu9N',#6,'Modelos gen\X\E9ricos 11:Modelos gen\X\E9ricos 1',$,$,$,(#5544),'500150',$,.NOTDEFINED.);
#5546=IFCMAPPEDITEM(#5544,#194);
#5547=IFCSHAPEREPRESENTATION(#15,'Body','MappedRepresentation',(#5546));
#5548=IFCPRODUCTDEFINITIONSHAPE($,$,(#5547));
#5549=IFCCARTESIANPOINT((622.59249484188786,14414.293583367595,-40.));
#5550=IFCAXIS2PLACEMENT3D(#5549,#34,#35);
#5551=IFCLOCALPLACEMENT(#24,#5550);
#5552=IFCBUILDINGELEMENTPROXY('3cz65ZUMD8OxF9Hz16mu9P',#6,'Modelos gen\X\E9ricos 11:Modelos gen\X\E9ricos 1:500152',$,$,#5551,#5548,'500152',$);
#5553=IFCPROPERTYSET('3HD8lg8o0icbM8iOIbxsoc',#6,'Pset_BuildingElementProxyCommon',$,(#5447));
#5554=IFCPROPERTYSET('3teNPh03qDcXwakxXU2tsv',#6,'Pset_QuantityTakeOff',$,(#5447));
#5555=IFCRELDEFINESBYPROPERTIES('1oeCYsDmlSSTAAxfg973Yp',#6,$,$,(#5552),#5553);
#5556=IFCRELDEFINESBYPROPERTIES('3_YqLd_sIDr6kGQSNYw58n',#6,$,$,(#5552),#5554);
#5557=IFCCARTESIANPOINT((0.,0.));
#5558=IFCAXIS2PLACEMENT2D(#5557,#170);
#5559=IFCRECTANGLEPROFILEDEF(.AREA.,'Modelos gen\X\E9ricos 1',#5558,150.00000000000054,600.);
#5560=IFCCARTESIANPOINT((6083.5813096541078,5997.3829601568341,0.));
#5561=IFCAXIS2PLACEMENT3D(#5560,#34,#199);
#5562=IFCEXTRUDEDAREASOLID(#5559,#5561,#34,240.);
#5563=IFCSHAPEREPRESENTATION(#15,'Body','SweptSolid',(#5562));
#5564=IFCAXIS2PLACEMENT3D(#10,$,$);
#5565=IFCREPRESENTATIONMAP(#5564,#5563);
#5566=IFCBUILDINGELEMENTPROXYTYPE('3cz65ZUMD8OxF9Hz16mu8Z',#6,'Modelos gen\X\E9ricos 12:Modelos gen\X\E9ricos 1',$,$,$,(#5565),'500162',$,.NOTDEFINED.);
#5567=IFCMAPPEDITEM(#5565,#194);
#5568=IFCSHAPEREPRESENTATION(#15,'Body','MappedRepresentation',(#5567));
#5569=IFCPRODUCTDEFINITIONSHAPE($,$,(#5568));
#5570=IFCCARTESIANPOINT((622.59249484188786,14414.293583367595,209.50000000000048));
#5571=IFCAXIS2PLACEMENT3D(#5570,#34,#35);
#5572=IFCLOCALPLACEMENT(#24,#5571);
#5573=IFCBUILDINGELEMENTPROXY('3cz65ZUMD8OxF9Hz16mu8b',#6,'Modelos gen\X\E9ricos 12:Modelos gen\X\E9ricos 1:500164',$,$,#5572,#5569,'500164',$);
#5574=IFCPROPERTYSET('2Ipvr1rTrhi6fJeSnhteL0',#6,'Pset_BuildingElementProxyCommon',$,(#5447));
#5575=IFCPROPERTYSET('3kWiXb8duTSyfjA4gR89$A',#6,'Pset_QuantityTakeOff',$,(#5447));
#5576=IFCRELDEFINESBYPROPERTIES('2O2PJn1ekErUS0KuWFai7K',#6,$,$,(#5573),#5574);
#5577=IFCRELDEFINESBYPROPERTIES('06clCphhPBlulxOwcIO1zI',#6,$,$,(#5573),#5575);
#5578=IFCCARTESIANPOINT((5.4001247917767614E-013,0.));
#5579=IFCAXIS2PLACEMENT2D(#5578,#170);
#5580=IFCRECTANGLEPROFILEDEF(.AREA.,'Modelos gen\X\E9ricos 1',#5579,112.38750781803689,600.);
#5581=IFCCARTESIANPOINT((6102.3875557450901,5997.3829601568341,0.));
#5582=IFCAXIS2PLACEMENT3D(#5581,#34,#199);
#5583=IFCEXTRUDEDAREASOLID(#5580,#5582,#34,240.);
#5584=IFCSHAPEREPRESENTATION(#15,'Body','SweptSolid',(#5583));
#5585=IFCAXIS2PLACEMENT3D(#10,$,$);
#5586=IFCREPRESENTATIONMAP(#5585,#5584);
#5587=IFCBUILDINGELEMENTPROXYTYPE('3cz65ZUMD8OxF9Hz16mu8l',#6,'Modelos gen\X\E9ricos 13:Modelos gen\X\E9ricos 1',$,$,$,(#5586),'500174',$,.NOTDEFINED.);
#5588=IFCMAPPEDITEM(#5586,#194);
#5589=IFCSHAPEREPRESENTATION(#15,'Body','MappedRepresentation',(#5588));
#5590=IFCPRODUCTDEFINITIONSHAPE($,$,(#5589));
#5591=IFCCARTESIANPOINT((622.59249484188786,14566.293583367595,-40.));
#5592=IFCAXIS2PLACEMENT3D(#5591,#34,#35);
#5593=IFCLOCALPLACEMENT(#24,#5592);
#5594=IFCBUILDINGELEMENTPROXY('3cz65ZUMD8OxF9Hz16mu8n',#6,'Modelos gen\X\E9ricos 13:Modelos gen\X\E9ricos 1:500176',$,$,#5593,#5590,'500176',$);
#5595=IFCPROPERTYSET('0seRhY5fPBALRxNcmh89A3',#6,'Pset_BuildingElementProxyCommon',$,(#5447));
#5596=IFCPROPERTYSET('2sbAwwvPOJKu1dgDtaB_zj',#6,'Pset_QuantityTakeOff',$,(#5447));
#5597=IFCRELDEFINESBYPROPERTIES('0sORpoVQvTqfMh_uhejJvh',#6,$,$,(#5594),#5595);
#5598=IFCRELDEFINESBYPROPERTIES('2sQuzHkB8PjEXdsMz5retw',#6,$,$,(#5594),#5596);
#5599=IFCCARTESIANPOINT((-5.4001247917767614E-013,0.));
#5600=IFCAXIS2PLACEMENT2D(#5599,#170);
#5601=IFCRECTANGLEPROFILEDEF(.AREA.,'Modelos gen\X\E9ricos 1',#5600,112.80024061617672,600.);
#5602=IFCCARTESIANPOINT((6102.181189346019,5997.3829601568341,0.));
#5603=IFCAXIS2PLACEMENT3D(#5602,#34,#199);
#5604=IFCEXTRUDEDAREASOLID(#5601,#5603,#34,240.);
#5605=IFCSHAPEREPRESENTATION(#15,'Body','SweptSolid',(#5604));
#5606=IFCAXIS2PLACEMENT3D(#10,$,$);
#5607=IFCREPRESENTATIONMAP(#5606,#5605);
#5608=IFCBUILDINGELEMENTPROXYTYPE('3cz65ZUMD8OxF9Hz16mu8x',#6,'Modelos gen\X\E9ricos 14:Modelos gen\X\E9ricos 1',$,$,$,(#5607),'500186',$,.NOTDEFINED.);
#5609=IFCMAPPEDITEM(#5607,#194);
#5610=IFCSHAPEREPRESENTATION(#15,'Body','MappedRepresentation',(#5609));
#5611=IFCPRODUCTDEFINITIONSHAPE($,$,(#5610));
#5612=IFCCARTESIANPOINT((622.59249484188786,14566.293583367595,209.50000000000097));
#5613=IFCAXIS2PLACEMENT3D(#5612,#34,#35);
#5614=IFCLOCALPLACEMENT(#24,#5613);
#5615=IFCBUILDINGELEMENTPROXY('3cz65ZUMD8OxF9Hz16mu8z',#6,'Modelos gen\X\E9ricos 14:Modelos gen\X\E9ricos 1:500188',$,$,#5614,#5611,'500188',$);
#5616=IFCPROPERTYSET('3on8Y2GYYPda6yMbgI3I1X',#6,'Pset_BuildingElementProxyCommon',$,(#5447));
#5617=IFCPROPERTYSET('3_yjYdPeoEnYmn98I2KmpA',#6,'Pset_QuantityTakeOff',$,(#5447));
#5618=IFCRELDEFINESBYPROPERTIES('15LtGGKEvdfpWQmXddxpq2',#6,$,$,(#5615),#5616);
#5619=IFCRELDEFINESBYPROPERTIES('3e$iyKhrosWp5hDMc81HMU',#6,$,$,(#5615),#5617);
#5620=IFCCARTESIANPOINT((0.,0.));
#5621=IFCAXIS2PLACEMENT2D(#5620,#170);
#5622=IFCRECTANGLEPROFILEDEF(.AREA.,'Modelos gen\X\E9ricos 1',#5621,112.86212189405141,600.);
#5623=IFCCARTESIANPOINT((6102.150248707082,5997.3829601568341,0.));
#5624=IFCAXIS2PLACEMENT3D(#5623,#34,#199);
#5625=IFCEXTRUDEDAREASOLID(#5622,#5624,#34,240.);
#5626=IFCSHAPEREPRESENTATION(#15,'Body','SweptSolid',(#5625));
#5627=IFCAXIS2PLACEMENT3D(#10,$,$);
#5628=IFCREPRESENTATIONMAP(#5627,#5626);
#5629=IFCBUILDINGELEMENTPROXYTYPE('3cz65ZUMD8OxF9Hz16mu87',#6,'Modelos gen\X\E9ricos 15:Modelos gen\X\E9ricos 1',$,$,$,(#5628),'500198',$,.NOTDEFINED.);
#5630=IFCMAPPEDITEM(#5628,#194);
#5631=IFCSHAPEREPRESENTATION(#15,'Body','MappedRepresentation',(#5630));
#5632=IFCPRODUCTDEFINITIONSHAPE($,$,(#5631));
#5633=IFCCARTESIANPOINT((622.59249484188786,14566.293583367595,459.));
#5634=IFCAXIS2PLACEMENT3D(#5633,#34,#35);
#5635=IFCLOCALPLACEMENT(#24,#5634);
#5636=IFCBUILDINGELEMENTPROXY('3cz65ZUMD8OxF9Hz16mu89',#6,'Modelos gen\X\E9ricos 15:Modelos gen\X\E9ricos 1:500200',$,$,#5635,#5632,'500200',$);
#5637=IFCPROPERTYSET('07RCtbOhYK6r8DHYtM89nZ',#6,'Pset_BuildingElementProxyCommon',$,(#5447));
#5638=IFCPROPERTYSET('3Zc$XH45vJdYSNfd28_PIu',#6,'Pset_QuantityTakeOff',$,(#5447));
#5639=IFCRELDEFINESBYPROPERTIES('0IDkAbjfiq$bPH$oYkiIKD',#6,$,$,(#5636),#5637);
#5640=IFCRELDEFINESBYPROPERTIES('3NCj7v9ZlphGLJa5jPmVkZ',#6,$,$,(#5636),#5638);
#5641=IFCCARTESIANPOINT((0.,0.));
#5642=IFCAXIS2PLACEMENT2D(#5641,#170);
#5643=IFCRECTANGLEPROFILEDEF(.AREA.,'Modelos gen\X\E9ricos 1',#5642,150.00000000000054,600.);
#5644=IFCCARTESIANPOINT((6083.5813096541078,5997.3829601568341,0.));
#5645=IFCAXIS2PLACEMENT3D(#5644,#34,#199);
#5646=IFCEXTRUDEDAREASOLID(#5643,#5645,#34,240.);
#5647=IFCSHAPEREPRESENTATION(#15,'Body','SweptSolid',(#5646));
#5648=IFCAXIS2PLACEMENT3D(#10,$,$);
#5649=IFCREPRESENTATIONMAP(#5648,#5647);
#5650=IFCBUILDINGELEMENTPROXYTYPE('3cz65ZUMD8OxF9Hz16mu8J',#6,'Modelos gen\X\E9ricos 16:Modelos gen\X\E9ricos 1',$,$,$,(#5649),'500210',$,.NOTDEFINED.);
#5651=IFCMAPPEDITEM(#5649,#194);
#5652=IFCSHAPEREPRESENTATION(#15,'Body','MappedRepresentation',(#5651));
#5653=IFCPRODUCTDEFINITIONSHAPE($,$,(#5652));
#5654=IFCCARTESIANPOINT((622.59249484188786,14414.293583367595,459.));
#5655=IFCAXIS2PLACEMENT3D(#5654,#34,#35);
#5656=IFCLOCALPLACEMENT(#24,#5655);
#5657=IFCBUILDINGELEMENTPROXY('3cz65ZUMD8OxF9Hz16mu8L',#6,'Modelos gen\X\E9ricos 16:Modelos gen\X\E9ricos 1:500212',$,$,#5656,#5653,'500212',$);
#5658=IFCPROPERTYSET('2RO3IVOCtxU_Lr9bwEUUrm',#6,'Pset_BuildingElementProxyCommon',$,(#5447));
#5659=IFCPROPERTYSET('1tIwRcRPq2TmirMc9m924c',#6,'Pset_QuantityTakeOff',$,(#5447));
#5660=IFCRELDEFINESBYPROPERTIES('1HBmRjzCPIm2WU3oESry37',#6,$,$,(#5657),#5658);
#5661=IFCRELDEFINESBYPROPERTIES('0N29krjkXmRsNbg3R6moVI',#6,$,$,(#5657),#5659);
#5662=IFCCARTESIANPOINT((0.,0.));
#5663=IFCAXIS2PLACEMENT2D(#5662,#170);
#5664=IFCRECTANGLEPROFILEDEF(.AREA.,'Modelos gen\X\E9ricos 1',#5663,150.00000000000054,600.);
#5665=IFCCARTESIANPOINT((6083.5813096541078,5997.3829601568341,0.));
#5666=IFCAXIS2PLACEMENT3D(#5665,#34,#199);
#5667=IFCEXTRUDEDAREASOLID(#5664,#5666,#34,240.);
#5668=IFCSHAPEREPRESENTATION(#15,'Body','SweptSolid',(#5667));
#5669=IFCAXIS2PLACEMENT3D(#10,$,$);
#5670=IFCREPRESENTATIONMAP(#5669,#5668);
#5671=IFCBUILDINGELEMENTPROXYTYPE('3cz65ZUMD8OxF9Hz16mu8V',#6,'Modelos gen\X\E9ricos 17:Modelos gen\X\E9ricos 1',$,$,$,(#5670),'500222',$,.NOTDEFINED.);
#5672=IFCMAPPEDITEM(#5670,#194);
#5673=IFCSHAPEREPRESENTATION(#15,'Body','MappedRepresentation',(#5672));
#5674=IFCPRODUCTDEFINITIONSHAPE($,$,(#5673));
#5675=IFCCARTESIANPOINT((622.59249484188786,14260.189230676608,459.));
#5676=IFCAXIS2PLACEMENT3D(#5675,#34,#35);
#5677=IFCLOCALPLACEMENT(#24,#5676);
#5678=IFCBUILDINGELEMENTPROXY('3cz65ZUMD8OxF9Hz16mu7X',#6,'Modelos gen\X\E9ricos 17:Modelos gen\X\E9ricos 1:500224',$,$,#5677,#5674,'500224',$);
#5679=IFCPROPERTYSET('3qLaABia3kNz7ZAGcT0Uax',#6,'Pset_BuildingElementProxyCommon',$,(#5447));
#5680=IFCPROPERTYSET('0ElFn63SUb8GmmCi$iZST4',#6,'Pset_QuantityTakeOff',$,(#5447));
#5681=IFCRELDEFINESBYPROPERTIES('1BmmCpnaoCXjAZkoyxtvPq',#6,$,$,(#5678),#5679);
#5682=IFCRELDEFINESBYPROPERTIES('2bokYR7KOyZquxkHoaXtCN',#6,$,$,(#5678),#5680);
#5683=IFCCARTESIANPOINT((-27.717090346360916,-46.230819365273028));
#5684=IFCCARTESIANPOINT((120.17872907690683,-46.230819365273));
#5685=IFCCARTESIANPOINT((-9.2568645094567898,83.204774221089238));
#5686=IFCCARTESIANPOINT((-83.204774221089906,9.2568645094560207));
#5687=IFCPOLYLINE((#5683,#5684,#5685,#5686,#5683));
#5688=IFCARBITRARYCLOSEDPROFILEDEF(.AREA.,'Modelos gen\X\E9ricos 1',#5687);
#5689=IFCCARTESIANPOINT((6319.9754549987174,8046.5190935408373,633.11974825400944));
#5690=IFCDIRECTION((-0.,0.70710678118654802,-0.70710678118654713));
#5691=IFCAXIS2PLACEMENT3D(#5689,#1267,#5690);
#5692=IFCEXTRUDEDAREASOLID(#5688,#5691,#34,599.99999999999989);
#5693=IFCSHAPEREPRESENTATION(#15,'Body','SweptSolid',(#5692));
#5694=IFCAXIS2PLACEMENT3D(#10,$,$);
#5695=IFCREPRESENTATIONMAP(#5694,#5693);
#5696=IFCBUILDINGELEMENTPROXYTYPE('3cz65ZUMD8OxF9Hz16mu7Y',#6,'Modelos gen\X\E9ricos 18:Modelos gen\X\E9ricos 1',$,$,$,(#5695),'500227',$,.NOTDEFINED.);
#5697=IFCMAPPEDITEM(#5695,#194);
#5698=IFCSHAPEREPRESENTATION(#15,'Body','MappedRepresentation',(#5697));
#5699=IFCPRODUCTDEFINITIONSHAPE($,$,(#5698));
#5700=IFCAXIS2PLACEMENT3D(#10,$,$);
#5701=IFCLOCALPLACEMENT(#24,#5700);
#5702=IFCBUILDINGELEMENTPROXY('3cz65ZUMD8OxF9Hz16mu7a',#6,'Modelos gen\X\E9ricos 18:Modelos gen\X\E9ricos 1:500229',$,$,#5701,#5699,'500229',$);
#5703=IFCPROPERTYSET('0y_MxUgCzChB4EIWMavETe',#6,'Pset_BuildingElementProxyCommon',$,(#5447));
#5704=IFCPROPERTYSET('1Z7EOM5yu3wVN9DWMcdsmz',#6,'Pset_QuantityTakeOff',$,(#5447));
#5705=IFCRELDEFINESBYPROPERTIES('2kEEZ7DcMb05XdOKd7oFCq',#6,$,$,(#5702),#5703);
#5706=IFCRELDEFINESBYPROPERTIES('2IVhfvKwgsOjcK8s5QAjDl',#6,$,$,(#5702),#5704);
#5707=IFCCARTESIANPOINT((0.,0.));
#5708=IFCAXIS2PLACEMENT2D(#5707,#170);
#5709=IFCRECTANGLEPROFILEDEF(.AREA.,'Modelos gen\X\E9ricos 1',#5708,599.99999999999784,239.99999999999957);
#5710=IFCCARTESIANPOINT((6619.9754549987165,8401.8132125863885,741.));
#5711=IFCAXIS2PLACEMENT3D(#5710,#34,#199);
#5712=IFCEXTRUDEDAREASOLID(#5709,#5711,#34,107.11003283937399);
#5713=IFCSHAPEREPRESENTATION(#15,'Body','SweptSolid',(#5712));
#5714=IFCAXIS2PLACEMENT3D(#10,$,$);
#5715=IFCREPRESENTATIONMAP(#5714,#5713);
#5716=IFCBUILDINGELEMENTPROXYTYPE('3cz65ZUMD8OxF9Hz16mu7k',#6,'Modelos gen\X\E9ricos 20:Modelos gen\X\E9ricos 1',$,$,$,(#5715),'500239',$,.NOTDEFINED.);
#5717=IFCMAPPEDITEM(#5715,#194);
#5718=IFCSHAPEREPRESENTATION(#15,'Body','MappedRepresentation',(#5717));
#5719=IFCPRODUCTDEFINITIONSHAPE($,$,(#5718));
#5720=IFCCARTESIANPOINT((0.,0.,-40.));
#5721=IFCAXIS2PLACEMENT3D(#5720,$,$);
#5722=IFCLOCALPLACEMENT(#24,#5721);
#5723=IFCBUILDINGELEMENTPROXY('3cz65ZUMD8OxF9Hz16mu7m',#6,'Modelos gen\X\E9ricos 20:Modelos gen\X\E9ricos 1:500241',$,$,#5722,#5719,'500241',$);
#5724=IFCPROPERTYSET('2sI9t6fILA5Qz78LjHGsgl',#6,'Pset_BuildingElementProxyCommon',$,(#5447));
#5725=IFCPROPERTYSET('0oxb30a6H9ajS0qOHC4sKv',#6,'Pset_QuantityTakeOff',$,(#5447));
#5726=IFCRELDEFINESBYPROPERTIES('3q62WxolLKH$TkhsQ2YbwZ',#6,$,$,(#5723),#5724);
#5727=IFCRELDEFINESBYPROPERTIES('2C4ycGltlW6qRyCywWtGHP',#6,$,$,(#5723),#5725);
#5728=IFCCARTESIANPOINT((0.,0.));
#5729=IFCAXIS2PLACEMENT2D(#5728,#170);
#5730=IFCRECTANGLEPROFILEDEF(.AREA.,'Modelos gen\X\E9ricos 1',#5729,599.99999999999784,240.85980451916365);
#5731=IFCCARTESIANPOINT((6619.9754549987165,8401.3833103268062,741.));
#5732=IFCAXIS2PLACEMENT3D(#5731,#34,#199);
#5733=IFCEXTRUDEDAREASOLID(#5730,#5732,#34,107.11003283937411);
#5734=IFCSHAPEREPRESENTATION(#15,'Body','SweptSolid',(#5733));
#5735=IFCAXIS2PLACEMENT3D(#10,$,$);
#5736=IFCREPRESENTATIONMAP(#5735,#5734);
#5737=IFCBUILDINGELEMENTPROXYTYPE('3cz65ZUMD8OxF9Hz16mu7w',#6,'Modelos gen\X\E9ricos 19:Modelos gen\X\E9ricos 1',$,$,$,(#5736),'500251',$,.NOTDEFINED.);
#5738=IFCMAPPEDITEM(#5736,#194);
#5739=IFCSHAPEREPRESENTATION(#15,'Body','MappedRepresentation',(#5738));
#5740=IFCPRODUCTDEFINITIONSHAPE($,$,(#5739));
#5741=IFCCARTESIANPOINT((-0.,-287.,-40.));
#5742=IFCAXIS2PLACEMENT3D(#5741,$,$);
#5743=IFCLOCALPLACEMENT(#24,#5742);
#5744=IFCBUILDINGELEMENTPROXY('3cz65ZUMD8OxF9Hz16mu7y',#6,'Modelos gen\X\E9ricos 19:Modelos gen\X\E9ricos 1:500253',$,$,#5743,#5740,'500253',$);
#5745=IFCPROPERTYSET('2wjiULzE_FMn06Bh03mpLZ',#6,'Pset_BuildingElementProxyCommon',$,(#5447));
#5746=IFCPROPERTYSET('1G0tsQU7$SkV4w$TrAr1An',#6,'Pset_QuantityTakeOff',$,(#5447));
#5747=IFCRELDEFINESBYPROPERTIES('2UdwFGzDjCudnRznfeWpsa',#6,$,$,(#5744),#5745);
#5748=IFCRELDEFINESBYPROPERTIES('3KsVMI5J8WKKmvC2EBo1Wq',#6,$,$,(#5744),#5746);
#5749=IFCCARTESIANPOINT((0.,0.));
#5750=IFCAXIS2PLACEMENT2D(#5749,#170);
#5751=IFCRECTANGLEPROFILEDEF(.AREA.,'Modelos gen\X\E9ricos 1',#5750,599.99999999999784,40.440190745747451);
#5752=IFCCARTESIANPOINT((6619.9754549987165,8298.0657755920693,741.));
#5753=IFCAXIS2PLACEMENT3D(#5752,#34,#199);
#5754=IFCEXTRUDEDAREASOLID(#5751,#5753,#34,107.1100328393733);
#5755=IFCSHAPEREPRESENTATION(#15,'Body','SweptSolid',(#5754));
#5756=IFCAXIS2PLACEMENT3D(#10,$,$);
#5757=IFCREPRESENTATIONMAP(#5756,#5755);
#5758=IFCBUILDINGELEMENTPROXYTYPE('3cz65ZUMD8OxF9Hz16mu76',#6,'Modelos gen\X\E9ricos 21:Modelos gen\X\E9ricos 1',$,$,$,(#5757),'500263',$,.NOTDEFINED.);
#5759=IFCMAPPEDITEM(#5757,#194);
#5760=IFCSHAPEREPRESENTATION(#15,'Body','MappedRepresentation',(#5759));
#5761=IFCPRODUCTDEFINITIONSHAPE($,$,(#5760));
#5762=IFCCARTESIANPOINT((-0.,-40.915947836399447,-40.));
#5763=IFCAXIS2PLACEMENT3D(#5762,$,$);
#5764=IFCLOCALPLACEMENT(#24,#5763);
#5765=IFCBUILDINGELEMENTPROXY('3cz65ZUMD8OxF9Hz16mu78',#6,'Modelos gen\X\E9ricos 21:Modelos gen\X\E9ricos 1:500265',$,$,#5764,#5761,'500265',$);
#5766=IFCPROPERTYSET('2UlRku2wxyCEyZBXdUQDF3',#6,'Pset_BuildingElementProxyCommon',$,(#5447));
#5767=IFCPROPERTYSET('3tUKueRXK4dAhsP_sOWtHP',#6,'Pset_QuantityTakeOff',$,(#5447));
#5768=IFCRELDEFINESBYPROPERTIES('2d53at4ysGYMZMGX9e2q0R',#6,$,$,(#5765),#5766);
#5769=IFCRELDEFINESBYPROPERTIES('3waDPgUQFz0zyzSYA$0roZ',#6,$,$,(#5765),#5767);
#5770=IFCCARTESIANPOINT((0.,-5.4001247917767614E-013));
#5771=IFCAXIS2PLACEMENT2D(#5770,#170);
#5772=IFCRECTANGLEPROFILEDEF(.AREA.,'Modelos gen\X\E9ricos 1',#5771,150.00000000000054,417.73218714765517);
#5773=IFCCARTESIANPOINT((6083.5813096541078,5906.2490537306603,0.));
#5774=IFCAXIS2PLACEMENT3D(#5773,#34,#199);
#5775=IFCEXTRUDEDAREASOLID(#5772,#5774,#34,240.);
#5776=IFCSHAPEREPRESENTATION(#15,'Body','SweptSolid',(#5775));
#5777=IFCAXIS2PLACEMENT3D(#10,$,$);
#5778=IFCREPRESENTATIONMAP(#5777,#5776);
#5779=IFCBUILDINGELEMENTPROXYTYPE('3cz65ZUMD8OxF9Hz16mu7R',#6,'Modelos gen\X\E9ricos 22:Modelos gen\X\E9ricos 1',$,$,$,(#5778),'500282',$,.NOTDEFINED.);
#5780=IFCMAPPEDITEM(#5778,#194);
#5781=IFCSHAPEREPRESENTATION(#15,'Body','MappedRepresentation',(#5780));
#5782=IFCPRODUCTDEFINITIONSHAPE($,$,(#5781));
#5783=IFCCARTESIANPOINT((13082.550481748882,14218.827421017957,-40.));
#5784=IFCAXIS2PLACEMENT3D(#5783,#34,#199);
#5785=IFCLOCALPLACEMENT(#24,#5784);
#5786=IFCBUILDINGELEMENTPROXY('3cz65ZUMD8OxF9Hz16mu7T',#6,'Modelos gen\X\E9ricos 22:Modelos gen\X\E9ricos 1:500284',$,$,#5785,#5782,'500284',$);
#5787=IFCPROPERTYSET('2_QQDBHwkmTtbimMJjq7ug',#6,'Pset_BuildingElementProxyCommon',$,(#5447));
#5788=IFCPROPERTYSET('3iLjpSZoY72SQBNE7rqigV',#6,'Pset_QuantityTakeOff',$,(#5447));
#5789=IFCRELDEFINESBYPROPERTIES('0J5fgbcCROmJ0C3o4nIBWl',#6,$,$,(#5786),#5787);
#5790=IFCRELDEFINESBYPROPERTIES('3VpQnoXqCrgaG064rskbZu',#6,$,$,(#5786),#5788);
#5791=IFCCARTESIANPOINT((0.,-5.4001247917767614E-013));
#5792=IFCAXIS2PLACEMENT2D(#5791,#170);
#5793=IFCRECTANGLEPROFILEDEF(.AREA.,'Modelos gen\X\E9ricos 1',#5792,150.00000000000054,417.73218714765517);
#5794=IFCCARTESIANPOINT((6083.5813096541078,5906.2490537306603,0.));
#5795=IFCAXIS2PLACEMENT3D(#5794,#34,#199);
#5796=IFCEXTRUDEDAREASOLID(#5793,#5795,#34,240.);
#5797=IFCSHAPEREPRESENTATION(#15,'Body','SweptSolid',(#5796));
#5798=IFCAXIS2PLACEMENT3D(#10,$,$);
#5799=IFCREPRESENTATIONMAP(#5798,#5797);
#5800=IFCBUILDINGELEMENTPROXYTYPE('3cz65ZUMD8OxF9Hz16mu6d',#6,'Modelos gen\X\E9ricos 23:Modelos gen\X\E9ricos 1',$,$,$,(#5799),'500294',$,.NOTDEFINED.);
#5801=IFCMAPPEDITEM(#5799,#194);
#5802=IFCSHAPEREPRESENTATION(#15,'Body','MappedRepresentation',(#5801));
#5803=IFCPRODUCTDEFINITIONSHAPE($,$,(#5802));
#5804=IFCCARTESIANPOINT((13082.550481748884,14218.827421017957,209.49999999999997));
#5805=IFCAXIS2PLACEMENT3D(#5804,#34,#199);
#5806=IFCLOCALPLACEMENT(#24,#5805);
#5807=IFCBUILDINGELEMENTPROXY('3cz65ZUMD8OxF9Hz16mu6f',#6,'Modelos gen\X\E9ricos 23:Modelos gen\X\E9ricos 1:500296',$,$,#5806,#5803,'500296',$);
#5808=IFCPROPERTYSET('1HJQT6VwuGde8sBVII3scu',#6,'Pset_BuildingElementProxyCommon',$,(#5447));
#5809=IFCPROPERTYSET('3AW4x_ORZvgyeWlPEI75eF',#6,'Pset_QuantityTakeOff',$,(#5447));
#5810=IFCRELDEFINESBYPROPERTIES('1ykZnghIDTHP9BoscokFc6',#6,$,$,(#5807),#5808);
#5811=IFCRELDEFINESBYPROPERTIES('302vApNshOYxQphHJgSCdI',#6,$,$,(#5807),#5809);
#5812=IFCCARTESIANPOINT((-315.68365852353838,-124.05346100899111));
#5813=IFCCARTESIANPOINT((211.53077720842984,-124.05346100899111));
#5814=IFCCARTESIANPOINT((211.53077720842984,-45.582025928679791));
#5815=IFCCARTESIANPOINT((104.15288131510637,61.795869964644027));
#5816=IFCCARTESIANPOINT((104.15288131510637,115.94653899100888));
#5817=IFCCARTESIANPOINT((-315.68365852353838,115.94653899100888));
#5818=IFCPOLYLINE((#5812,#5813,#5814,#5815,#5816,#5817,#5812));
#5819=IFCARBITRARYCLOSEDPROFILEDEF(.AREA.,'Modelos gen\X\E9ricos 1',#5818);
#5820=IFCCARTESIANPOINT((6923.9691720947612,8205.7608023375997,614.4465389910082));
#5821=IFCAXIS2PLACEMENT3D(#5820,#1267,#35);
#5822=IFCEXTRUDEDAREASOLID(#5819,#5821,#34,150.00000000000054);
#5823=IFCSHAPEREPRESENTATION(#15,'Body','SweptSolid',(#5822));
#5824=IFCAXIS2PLACEMENT3D(#10,$,$);
#5825=IFCREPRESENTATIONMAP(#5824,#5823);
#5826=IFCBUILDINGELEMENTPROXYTYPE('3cz65ZUMD8OxF9Hz16mu6p',#6,'Modelos gen\X\E9ricos 24:Modelos gen\X\E9ricos 1',$,$,$,(#5825),'500306',$,.NOTDEFINED.);
#5827=IFCMAPPEDITEM(#5825,#194);
#5828=IFCSHAPEREPRESENTATION(#15,'Body','MappedRepresentation',(#5827));
#5829=IFCPRODUCTDEFINITIONSHAPE($,$,(#5828));
#5830=IFCCARTESIANPOINT((0.,0.,-40.));
#5831=IFCAXIS2PLACEMENT3D(#5830,$,$);
#5832=IFCLOCALPLACEMENT(#24,#5831);
#5833=IFCBUILDINGELEMENTPROXY('3cz65ZUMD8OxF9Hz16mu6r',#6,'Modelos gen\X\E9ricos 24:Modelos gen\X\E9ricos 1:500308',$,$,#5832,#5829,'500308',$);
#5834=IFCPROPERTYSET('1Ic9zgQwxINLN2rFetaIw$',#6,'Pset_BuildingElementProxyCommon',$,(#5447));
#5835=IFCPROPERTYSET('0_U93x9ILQ$aumr200GpqF',#6,'Pset_QuantityTakeOff',$,(#5447));
#5836=IFCRELDEFINESBYPROPERTIES('0XxF6cUKX48mXiFMJHL$LO',#6,$,$,(#5833),#5834);
#5837=IFCRELDEFINESBYPROPERTIES('2At6JN6zWUhQnlzj7p$SpB',#6,$,$,(#5833),#5835);
#5838=IFCCARTESIANPOINT((0.,-5.4001247917767614E-013));
#5839=IFCAXIS2PLACEMENT2D(#5838,#170);
#5840=IFCRECTANGLEPROFILEDEF(.AREA.,'Modelos gen\X\E9ricos 1',#5839,150.00000000000054,527.49105279391301);
#5841=IFCCARTESIANPOINT((6083.5813096541078,5961.12848655379,0.));
#5842=IFCAXIS2PLACEMENT3D(#5841,#34,#199);
#5843=IFCEXTRUDEDAREASOLID(#5840,#5842,#34,107.61003283937482);
#5844=IFCSHAPEREPRESENTATION(#15,'Body','SweptSolid',(#5843));
#5845=IFCAXIS2PLACEMENT3D(#10,$,$);
#5846=IFCREPRESENTATIONMAP(#5845,#5844);
#5847=IFCBUILDINGELEMENTPROXYTYPE('3cz65ZUMD8OxF9Hz16mu6$',#6,'Modelos gen\X\E9ricos 25:Modelos gen\X\E9ricos 1',$,$,$,(#5846),'500318',$,.NOTDEFINED.);
#5848=IFCMAPPEDITEM(#5846,#194);
#5849=IFCSHAPEREPRESENTATION(#15,'Body','MappedRepresentation',(#5848));
#5850=IFCPRODUCTDEFINITIONSHAPE($,$,(#5849));
#5851=IFCCARTESIANPOINT((13082.550481748884,14218.827421017957,700.49999999999852));
#5852=IFCAXIS2PLACEMENT3D(#5851,#34,#199);
#5853=IFCLOCALPLACEMENT(#24,#5852);
#5854=IFCBUILDINGELEMENTPROXY('3cz65ZUMD8OxF9Hz16mu61',#6,'Modelos gen\X\E9ricos 25:Modelos gen\X\E9ricos 1:500320',$,$,#5853,#5850,'500320',$);
#5855=IFCPROPERTYSET('3WJbEcb2UpOg5$31aIDnI0',#6,'Pset_BuildingElementProxyCommon',$,(#5447));
#5856=IFCPROPERTYSET('1MC12i2AHF1kE5_eepEZtV',#6,'Pset_QuantityTakeOff',$,(#5447));
#5857=IFCRELDEFINESBYPROPERTIES('3qAIRl8nYJ9rt41aG__F8U',#6,$,$,(#5854),#5855);
#5858=IFCRELDEFINESBYPROPERTIES('079odEG1bg$dHS1$MVM6Nt',#6,$,$,(#5854),#5856);
#5859=IFCCARTESIANPOINT((0.,-5.4001247917767614E-013));
#5860=IFCAXIS2PLACEMENT2D(#5859,#170);
#5861=IFCRECTANGLEPROFILEDEF(.AREA.,'Modelos gen\X\E9ricos 1',#5860,150.00000000000054,290.77798405515495);
#5862=IFCCARTESIANPOINT((6083.5813096541078,6017.3789377005651,14.998536141044205));
#5863=IFCAXIS2PLACEMENT3D(#5862,#34,#199);
#5864=IFCEXTRUDEDAREASOLID(#5861,#5863,#34,224.70736569676484);
#5865=IFCSHAPEREPRESENTATION(#15,'Body','SweptSolid',(#5864));
#5866=IFCAXIS2PLACEMENT3D(#10,$,$);
#5867=IFCREPRESENTATIONMAP(#5866,#5865);
#5868=IFCBUILDINGELEMENTPROXYTYPE('3cz65ZUMD8OxF9Hz16mu4d',#6,'Modelos gen\X\E9ricos 2:Modelos gen\X\E9ricos 1',$,$,$,(#5867),'500422',$,.NOTDEFINED.);
#5869=IFCMAPPEDITEM(#5867,#194);
#5870=IFCSHAPEREPRESENTATION(#15,'Body','MappedRepresentation',(#5869));
#5871=IFCPRODUCTDEFINITIONSHAPE($,$,(#5870));
#5872=IFCCARTESIANPOINT((159.88652408571076,1760.6731720188616,-41.125274755095809));
#5873=IFCAXIS2PLACEMENT3D(#5872,$,$);
#5874=IFCLOCALPLACEMENT(#24,#5873);
#5875=IFCBUILDINGELEMENTPROXY('3cz65ZUMD8OxF9Hz16mu4f',#6,'Modelos gen\X\E9ricos 2:Modelos gen\X\E9ricos 1:500424',$,$,#5874,#5871,'500424',$);
#5876=IFCPROPERTYSET('1sPPINlS0IWmAqrNpWQqlZ',#6,'Pset_BuildingElementProxyCommon',$,(#5447));
#5877=IFCPROPERTYSET('3XL1YnXoUwwnDPNieiS6b3',#6,'Pset_QuantityTakeOff',$,(#5447));
#5878=IFCRELDEFINESBYPROPERTIES('0q4w3ORbgsb1A_lfRZcQ9$',#6,$,$,(#5875),#5876);
#5879=IFCRELDEFINESBYPROPERTIES('2dubZMlfz2bD_$nxk6BiYS',#6,$,$,(#5875),#5877);
#5880=IFCCARTESIANPOINT((0.,-5.4001247917767614E-013));
#5881=IFCAXIS2PLACEMENT2D(#5880,#170);
#5882=IFCRECTANGLEPROFILEDEF(.AREA.,'Modelos gen\X\E9ricos 1',#5881,150.00000000000054,290.77798405515495);
#5883=IFCCARTESIANPOINT((6083.5813096541078,6017.3789377005651,242.20064588871264));
#5884=IFCAXIS2PLACEMENT3D(#5883,#34,#199);
#5885=IFCEXTRUDEDAREASOLID(#5882,#5884,#34,239.55883211149128);
#5886=IFCSHAPEREPRESENTATION(#15,'Body','SweptSolid',(#5885));
#5887=IFCAXIS2PLACEMENT3D(#10,$,$);
#5888=IFCREPRESENTATIONMAP(#5887,#5886);
#5889=IFCBUILDINGELEMENTPROXYTYPE('3cz65ZUMD8OxF9Hz16mu4p',#6,'Modelos gen\X\E9ricos 4:Modelos gen\X\E9ricos 1',$,$,$,(#5888),'500434',$,.NOTDEFINED.);
#5890=IFCMAPPEDITEM(#5888,#194);
#5891=IFCSHAPEREPRESENTATION(#15,'Body','MappedRepresentation',(#5890));
#5892=IFCPRODUCTDEFINITIONSHAPE($,$,(#5891));
#5893=IFCCARTESIANPOINT((159.88652408571076,1760.6731720188616,-41.125274755095809));
#5894=IFCAXIS2PLACEMENT3D(#5893,$,$);
#5895=IFCLOCALPLACEMENT(#24,#5894);
#5896=IFCBUILDINGELEMENTPROXY('3cz65ZUMD8OxF9Hz16mu4r',#6,'Modelos gen\X\E9ricos 4:Modelos gen\X\E9ricos 1:500436',$,$,#5895,#5892,'500436',$);
#5897=IFCPROPERTYSET('3IY$50JASX2aVAj0NHzz8u',#6,'Pset_BuildingElementProxyCommon',$,(#5447));
#5898=IFCPROPERTYSET('0SY2QmTyXpBMspe31B5pcC',#6,'Pset_QuantityTakeOff',$,(#5447));
#5899=IFCRELDEFINESBYPROPERTIES('2_U2Wn7lYtp3NPlwNpwi1x',#6,$,$,(#5896),#5897);
#5900=IFCRELDEFINESBYPROPERTIES('1stG4nz1JKSJ93L3xPygLy',#6,$,$,(#5896),#5898);
#5901=IFCCARTESIANPOINT((0.,-5.4001247917767614E-013));
#5902=IFCAXIS2PLACEMENT2D(#5901,#170);
#5903=IFCRECTANGLEPROFILEDEF(.AREA.,'Modelos gen\X\E9ricos 1',#5902,150.00000000000054,290.77798405515495);
#5904=IFCCARTESIANPOINT((6083.5813096541078,6017.3789377005651,483.89443037020919));
#5905=IFCAXIS2PLACEMENT3D(#5904,#34,#199);
#5906=IFCEXTRUDEDAREASOLID(#5903,#5905,#34,240.21485044581578);
#5907=IFCSHAPEREPRESENTATION(#15,'Body','SweptSolid',(#5906));
#5908=IFCAXIS2PLACEMENT3D(#10,$,$);
#5909=IFCREPRESENTATIONMAP(#5908,#5907);
#5910=IFCBUILDINGELEMENTPROXYTYPE('3cz65ZUMD8OxF9Hz16mu4$',#6,'Modelos gen\X\E9ricos 6:Modelos gen\X\E9ricos 1',$,$,$,(#5909),'500446',$,.NOTDEFINED.);
#5911=IFCMAPPEDITEM(#5909,#194);
#5912=IFCSHAPEREPRESENTATION(#15,'Body','MappedRepresentation',(#5911));
#5913=IFCPRODUCTDEFINITIONSHAPE($,$,(#5912));
#5914=IFCCARTESIANPOINT((159.88652408571076,1760.6731720188616,-41.125274755095809));
#5915=IFCAXIS2PLACEMENT3D(#5914,$,$);
#5916=IFCLOCALPLACEMENT(#24,#5915);
#5917=IFCBUILDINGELEMENTPROXY('3cz65ZUMD8OxF9Hz16mu41',#6,'Modelos gen\X\E9ricos 6:Modelos gen\X\E9ricos 1:500448',$,$,#5916,#5913,'500448',$);
#5918=IFCPROPERTYSET('0zFkhWYTZC2FWsXoRsN3sX',#6,'Pset_BuildingElementProxyCommon',$,(#5447));
#5919=IFCPROPERTYSET('0rlnv9twqo4x8FC15tuleI',#6,'Pset_QuantityTakeOff',$,(#5447));
#5920=IFCRELDEFINESBYPROPERTIES('1n4pTunbwimfNAGra3Ck17',#6,$,$,(#5917),#5918);
#5921=IFCRELDEFINESBYPROPERTIES('2GVMZsAV7JqPA1tnQdDK5M',#6,$,$,(#5917),#5919);
#5922=IFCCARTESIANPOINT((0.,-5.4001247917767614E-013));
#5923=IFCAXIS2PLACEMENT2D(#5922,#170);
#5924=IFCRECTANGLEPROFILEDEF(.AREA.,'Modelos gen\X\E9ricos 1',#5923,150.00000000000054,290.77798405515495);
#5925=IFCCARTESIANPOINT((6083.5813096541078,6017.3789377005651,726.56998894321191));
#5926=IFCAXIS2PLACEMENT3D(#5925,#34,#199);
#5927=IFCEXTRUDEDAREASOLID(#5924,#5926,#34,221.48403581187785);
#5928=IFCSHAPEREPRESENTATION(#15,'Body','SweptSolid',(#5927));
#5929=IFCAXIS2PLACEMENT3D(#10,$,$);
#5930=IFCREPRESENTATIONMAP(#5929,#5928);
#5931=IFCBUILDINGELEMENTPROXYTYPE('3cz65ZUMD8OxF9Hz16mu4B',#6,'Modelos gen\X\E9ricos 7:Modelos gen\X\E9ricos 1',$,$,$,(#5930),'500458',$,.NOTDEFINED.);
#5932=IFCMAPPEDITEM(#5930,#194);
#5933=IFCSHAPEREPRESENTATION(#15,'Body','MappedRepresentation',(#5932));
#5934=IFCPRODUCTDEFINITIONSHAPE($,$,(#5933));
#5935=IFCCARTESIANPOINT((159.88652408571076,1760.6731720188616,-41.125274755095809));
#5936=IFCAXIS2PLACEMENT3D(#5935,$,$);
#5937=IFCLOCALPLACEMENT(#24,#5936);
#5938=IFCBUILDINGELEMENTPROXY('3cz65ZUMD8OxF9Hz16mu4D',#6,'Modelos gen\X\E9ricos 7:Modelos gen\X\E9ricos 1:500460',$,$,#5937,#5934,'500460',$);
#5939=IFCPROPERTYSET('3T66zSS4kmSJ$hyAGViUNX',#6,'Pset_BuildingElementProxyCommon',$,(#5447));
#5940=IFCPROPERTYSET('1c1N9U_WdGEDhdWk2n4NN1',#6,'Pset_QuantityTakeOff',$,(#5447));
#5941=IFCRELDEFINESBYPROPERTIES('0F12MQxLcdPkcHe3UKT0kz',#6,$,$,(#5938),#5939);
#5942=IFCRELDEFINESBYPROPERTIES('0s9igZsbv45hp4_sSF4oZh',#6,$,$,(#5938),#5940);
#5943=IFCCARTESIANPOINT((0.,0.));
#5944=IFCAXIS2PLACEMENT2D(#5943,#170);
#5945=IFCRECTANGLEPROFILEDEF(.AREA.,'Modelos gen\X\E9ricos 1',#5944,594.8349786088811,150.00000000000054);
#5946=IFCCARTESIANPOINT((6243.4678337398182,8223.1930775000219,685.44471418811611));
#5947=IFCAXIS2PLACEMENT3D(#5946,#34,#1684);
#5948=IFCEXTRUDEDAREASOLID(#5945,#5947,#34,220.39852809547867);
#5949=IFCSHAPEREPRESENTATION(#15,'Body','SweptSolid',(#5948));
#5950=IFCAXIS2PLACEMENT3D(#10,$,$);
#5951=IFCREPRESENTATIONMAP(#5950,#5949);
#5952=IFCBUILDINGELEMENTPROXYTYPE('3cz65ZUMD8OxF9Hz16mu4N',#6,'Modelos gen\X\E9ricos 8:Modelos gen\X\E9ricos 1',$,$,$,(#5951),'500470',$,.NOTDEFINED.);
#5953=IFCMAPPEDITEM(#5951,#194);
#5954=IFCSHAPEREPRESENTATION(#15,'Body','MappedRepresentation',(#5953));
#5955=IFCPRODUCTDEFINITIONSHAPE($,$,(#5954));
#5956=IFCAXIS2PLACEMENT3D(#10,$,$);
#5957=IFCLOCALPLACEMENT(#24,#5956);
#5958=IFCBUILDINGELEMENTPROXY('3cz65ZUMD8OxF9Hz16mu4P',#6,'Modelos gen\X\E9ricos 8:Modelos gen\X\E9ricos 1:500472',$,$,#5957,#5955,'500472',$);
#5959=IFCPROPERTYSET('3MSWYiig2zU$C1H4$jOsKe',#6,'Pset_BuildingElementProxyCommon',$,(#5447));
#5960=IFCPROPERTYSET('2Zumc0kCF4BZmbDlzxnbWA',#6,'Pset_QuantityTakeOff',$,(#5447));
#5961=IFCRELDEFINESBYPROPERTIES('3WAR43x19kgz2P60aVPLHn',#6,$,$,(#5958),#5959);
#5962=IFCRELDEFINESBYPROPERTIES('1xMqh4ZY1oF$u7TBSub3gL',#6,$,$,(#5958),#5960);
#5963=IFCMAPPEDITEM(#1720,#194);
#5964=IFCSHAPEREPRESENTATION(#15,'Body','MappedRepresentation',(#5963));
#5965=IFCPRODUCTDEFINITIONSHAPE($,$,(#5964));
#5966=IFCCARTESIANPOINT((7086.4931710057399,7985.0580159170404,592.8100328393765));
#5967=IFCAXIS2PLACEMENT3D(#5966,#199,#35);
#5968=IFCLOCALPLACEMENT(#24,#5967);
#5969=IFCBUILDINGELEMENTPROXY('3cz65ZUMD8OxF9Hz16muVO',#6,'Tile:Tile 597x597 Gray:500793',$,$,#5968,#5965,'500793',$);
#5970=IFCPROPERTYSET('2JKJgXuuHaKrNj$l2ZzUhw',#6,'Pset_BuildingElementProxyCommon',$,(#1734));
#5971=IFCPROPERTYSET('1P8LAgcI3duS4QujnLwhS1',#6,'Pset_QuantityTakeOff',$,(#1734));
#5972=IFCRELDEFINESBYPROPERTIES('2YoPGblS5lx2pKTR89PLWR',#6,$,$,(#5969),#5970);
#5973=IFCRELDEFINESBYPROPERTIES('1Q0HRtZIAUzzHiq7bcm9w9',#6,$,$,(#5969),#5971);
#5974=IFCMAPPEDITEM(#470,#194);
#5975=IFCSHAPEREPRESENTATION(#15,'Body','MappedRepresentation',(#5974));
#5976=IFCPRODUCTDEFINITIONSHAPE($,$,(#5975));
#5977=IFCCARTESIANPOINT((7086.4931710057399,8131.2105668044642,797.61003283935679));
#5978=IFCAXIS2PLACEMENT3D(#5977,#199,#34);
#5979=IFCLOCALPLACEMENT(#24,#5978);
#5980=IFCBUILDINGELEMENTPROXY('3cz65ZUMD8OxF9Hz16muT3',#6,'Tile:Tile 200x100x75 White 2:500898',$,$,#5979,#5976,'500898',$);
#5981=IFCPROPERTYSET('0fOozYnD$SjYiCDaJB$KNu',#6,'Pset_BuildingElementProxyCommon',$,(#203));
#5982=IFCPROPERTYSET('3tO_h4xbUPVDzHf8lk7H1a',#6,'Pset_QuantityTakeOff',$,(#203));
#5983=IFCRELDEFINESBYPROPERTIES('0xoxVZWx$X8dHTxIcFciO_',#6,$,$,(#5980),#5981);
#5984=IFCRELDEFINESBYPROPERTIES('1$51hJT7MTeKslCpnqHXFv',#6,$,$,(#5980),#5982);
#5985=IFCMAPPEDITEM(#187,#194);
#5986=IFCSHAPEREPRESENTATION(#15,'Body','MappedRepresentation',(#5985));
#5987=IFCPRODUCTDEFINITIONSHAPE($,$,(#5986));
#5988=IFCCARTESIANPOINT((7086.4931710057408,8333.0105668044635,797.61003283935679));
#5989=IFCAXIS2PLACEMENT3D(#5988,#199,#34);
#5990=IFCLOCALPLACEMENT(#24,#5989);
#5991=IFCBUILDINGELEMENTPROXY('3cz65ZUMD8OxF9Hz16muT2',#6,'Tile:Tile 200x100x75 White 2:500899',$,$,#5990,#5987,'500899',$);
#5992=IFCPROPERTYSET('09hDKp79zVemXmYIo61jyM',#6,'Pset_BuildingElementProxyCommon',$,(#203));
#5993=IFCPROPERTYSET('1T_p83YWO5C7m6PEhE7f6r',#6,'Pset_QuantityTakeOff',$,(#203));
#5994=IFCRELDEFINESBYPROPERTIES('2Vn8QHy4WLCLsdOpj5MJTG',#6,$,$,(#5991),#5992);
#5995=IFCRELDEFINESBYPROPERTIES('0VaEq90lsrr7$xveiIW$4i',#6,$,$,(#5991),#5993);
#5996=IFCMAPPEDITEM(#404,#194);
#5997=IFCSHAPEREPRESENTATION(#15,'Body','MappedRepresentation',(#5996));
#5998=IFCPRODUCTDEFINITIONSHAPE($,$,(#5997));
#5999=IFCCARTESIANPOINT((7086.4931710057408,8520.6105668044711,797.61003283935736));
#6000=IFCAXIS2PLACEMENT3D(#5999,#199,#34);
#6001=IFCLOCALPLACEMENT(#24,#6000);
#6002=IFCBUILDINGELEMENTPROXY('3cz65ZUMD8OxF9Hz16muT5',#6,'Tile:Tile 200x100x75 White 2:500900',$,$,#6001,#5998,'500900',$);
#6003=IFCPROPERTYSET('3K6kKWNnig$vkaKd2ZlYGT',#6,'Pset_BuildingElementProxyCommon',$,(#203));
#6004=IFCPROPERTYSET('2La47xkbIFhKp$2pCEpQ3S',#6,'Pset_QuantityTakeOff',$,(#203));
#6005=IFCRELDEFINESBYPROPERTIES('3W83bK6opHjoCaZa0D29hU',#6,$,$,(#6002),#6003);
#6006=IFCRELDEFINESBYPROPERTIES('3t6Bqh5JxckHjg5vWSUcBy',#6,$,$,(#6002),#6004);
#6007=IFCMAPPEDITEM(#187,#194);
#6008=IFCSHAPEREPRESENTATION(#15,'Body','MappedRepresentation',(#6007));
#6009=IFCPRODUCTDEFINITIONSHAPE($,$,(#6008));
#6010=IFCCARTESIANPOINT((7086.4931710057408,8433.9105668044667,695.21003283935761));
#6011=IFCAXIS2PLACEMENT3D(#6010,#199,#34);
#6012=IFCLOCALPLACEMENT(#24,#6011);
#6013=IFCBUILDINGELEMENTPROXY('3cz65ZUMD8OxF9Hz16muT4',#6,'Tile:Tile 200x100x75 White 2:500901',$,$,#6012,#6009,'500901',$);
#6014=IFCPROPERTYSET('0rr$_C5HCCzp5BSQFDtVe7',#6,'Pset_BuildingElementProxyCommon',$,(#203));
#6015=IFCPROPERTYSET('2ZXazoBp$OQb7bYDPrQz4M',#6,'Pset_QuantityTakeOff',$,(#203));
#6016=IFCRELDEFINESBYPROPERTIES('1ohTaaYH6xo6OcMowgZhdE',#6,$,$,(#6013),#6014);
#6017=IFCRELDEFINESBYPROPERTIES('1i5HoIWQL$vLq5vR4jxep7',#6,$,$,(#6013),#6015);
#6018=IFCMAPPEDITEM(#187,#194);
#6019=IFCSHAPEREPRESENTATION(#15,'Body','MappedRepresentation',(#6018));
#6020=IFCPRODUCTDEFINITIONSHAPE($,$,(#6019));
#6021=IFCCARTESIANPOINT((7086.4931710057399,8232.1105668044675,695.21003283935681));
#6022=IFCAXIS2PLACEMENT3D(#6021,#199,#34);
#6023=IFCLOCALPLACEMENT(#24,#6022);
#6024=IFCBUILDINGELEMENTPROXY('3cz65ZUMD8OxF9Hz16muT7',#6,'Tile:Tile 200x100x75 White 2:500902',$,$,#6023,#6020,'500902',$);
#6025=IFCPROPERTYSET('0AKH8x_4bziP099PqhAH$M',#6,'Pset_BuildingElementProxyCommon',$,(#203));
#6026=IFCPROPERTYSET('2NDSt0EL7K6vuOP_YE_v7S',#6,'Pset_QuantityTakeOff',$,(#203));
#6027=IFCRELDEFINESBYPROPERTIES('3SwNTEArZ7ORDGXSpfX1_b',#6,$,$,(#6024),#6025);
#6028=IFCRELDEFINESBYPROPERTIES('1yIafIPArXWEcKIV_3YGtw',#6,$,$,(#6024),#6026);
#6029=IFCMAPPEDITEM(#426,#194);
#6030=IFCSHAPEREPRESENTATION(#15,'Body','MappedRepresentation',(#6029));
#6031=IFCPRODUCTDEFINITIONSHAPE($,$,(#6030));
#6032=IFCCARTESIANPOINT((7086.4931710057408,8520.6105668044711,695.21003283935795));
#6033=IFCAXIS2PLACEMENT3D(#6032,#199,#34);
#6034=IFCLOCALPLACEMENT(#24,#6033);
#6035=IFCBUILDINGELEMENTPROXY('3cz65ZUMD8OxF9Hz16muT6',#6,'Tile:Tile 200x100x75 White 2:500903',$,$,#6034,#6031,'500903',$);
#6036=IFCPROPERTYSET('2FDCSfMweDXUiIGAIGRSQ2',#6,'Pset_BuildingElementProxyCommon',$,(#203));
#6037=IFCPROPERTYSET('287lkk9F0z0wsZbbvRw_EP',#6,'Pset_QuantityTakeOff',$,(#203));
#6038=IFCRELDEFINESBYPROPERTIES('20m6A87ax8YW7KK5KPHJgv',#6,$,$,(#6035),#6036);
#6039=IFCRELDEFINESBYPROPERTIES('1kwFKyijcj_thDZJ7Dcxsw',#6,$,$,(#6035),#6037);
#6040=IFCMAPPEDITEM(#547,#194);
#6041=IFCSHAPEREPRESENTATION(#15,'Body','MappedRepresentation',(#6040));
#6042=IFCPRODUCTDEFINITIONSHAPE($,$,(#6041));
#6043=IFCCARTESIANPOINT((7086.4931710057399,8030.3105668044636,695.21003283935659));
#6044=IFCAXIS2PLACEMENT3D(#6043,#199,#34);
#6045=IFCLOCALPLACEMENT(#24,#6044);
#6046=IFCBUILDINGELEMENTPROXY('3cz65ZUMD8OxF9Hz16muT9',#6,'Tile:Tile 200x100x75 White 2:500904',$,$,#6045,#6042,'500904',$);
#6047=IFCPROPERTYSET('0e06DgytbctkyTDJVqMo9a',#6,'Pset_BuildingElementProxyCommon',$,(#203));
#6048=IFCPROPERTYSET('0z2HvUSOmgqCkmQiV4sAJY',#6,'Pset_QuantityTakeOff',$,(#203));
#6049=IFCRELDEFINESBYPROPERTIES('0WgdU8bbFvXgxsD6JRiqVr',#6,$,$,(#6046),#6047);
#6050=IFCRELDEFINESBYPROPERTIES('3U_cBBM_7vhlcZ3Nysk5Nu',#6,$,$,(#6046),#6048);
#6051=IFCCARTESIANPOINT((5.4001247917767614E-013,0.));
#6052=IFCAXIS2PLACEMENT2D(#6051,#170);
#6053=IFCRECTANGLEPROFILEDEF(.AREA.,'Tile Red',#6052,89.999999999993619,300.99999999998573);
#6054=IFCCARTESIANPOINT((7133.4931710057381,7469.1631176918363,1660.1475000000128));
#6055=IFCAXIS2PLACEMENT3D(#6054,$,$);
#6056=IFCEXTRUDEDAREASOLID(#6053,#6055,#34,8.0000000000000764);
#6057=IFCSTYLEDITEM(#6056,(#800),$);
#6058=IFCSHAPEREPRESENTATION(#15,'Body','SweptSolid',(#6056));
#6059=IFCAXIS2PLACEMENT3D(#10,$,$);
#6060=IFCREPRESENTATIONMAP(#6059,#6058);
#6061=IFCBUILDINGELEMENTPROXYTYPE('2pPCwE2QHAIvBYdRM1Bi8s',#6,'Tile Red15:Tile Red',$,$,$,(#6060),'502269',$,.NOTDEFINED.);
#6062=IFCMAPPEDITEM(#6060,#194);
#6063=IFCSHAPEREPRESENTATION(#15,'Body','MappedRepresentation',(#6062));
#6064=IFCPRODUCTDEFINITIONSHAPE($,$,(#6063));
#6065=IFCCARTESIANPOINT((0.,0.,2.1874999999999978));
#6066=IFCAXIS2PLACEMENT3D(#6065,$,$);
#6067=IFCLOCALPLACEMENT(#24,#6066);
#6068=IFCBUILDINGELEMENTPROXY('2pPCwE2QHAIvBYdRM1Bi8q',#6,'Tile Red15:Tile Red:502271',$,$,#6067,#6064,'502271',$);
#6069=IFCPROPERTYSET('2KEINQbzIGSpLF_U3LTsml',#6,'Pset_BuildingElementProxyCommon',$,(#817));
#6070=IFCPROPERTYSET('0Ni6M3M89BZIaJNtQRabfW',#6,'Pset_QuantityTakeOff',$,(#817));
#6071=IFCRELDEFINESBYPROPERTIES('0Xe8OZUVMvXrgYNIX1AanQ',#6,$,$,(#6068),#6069);
#6072=IFCRELDEFINESBYPROPERTIES('1GEH2Ifmlbi4hyhBiTdNyk',#6,$,$,(#6068),#6070);
#6073=IFCCARTESIANPOINT((0.,-5.4001247917767614E-013));
#6074=IFCAXIS2PLACEMENT2D(#6073,#170);
#6075=IFCRECTANGLEPROFILEDEF(.AREA.,'Tile Red',#6074,300.99999999998573,89.999999999993619);
#6076=IFCCARTESIANPOINT((7133.493171005739,7772.1631176918499,1660.1475000000125));
#6077=IFCAXIS2PLACEMENT3D(#6076,#34,#35);
#6078=IFCEXTRUDEDAREASOLID(#6075,#6077,#34,8.0000000000000764);
#6079=IFCSTYLEDITEM(#6078,(#800),$);
#6080=IFCSHAPEREPRESENTATION(#15,'Body','SweptSolid',(#6078));
#6081=IFCAXIS2PLACEMENT3D(#10,$,$);
#6082=IFCREPRESENTATIONMAP(#6081,#6080);
#6083=IFCBUILDINGELEMENTPROXYTYPE('2pPCwE2QHAIvBYdRM1BiQn',#6,'Tile Red2:Tile Red',$,$,$,(#6082),'503162',$,.NOTDEFINED.);
#6084=IFCMAPPEDITEM(#6082,#194);
#6085=IFCSHAPEREPRESENTATION(#15,'Body','MappedRepresentation',(#6084));
#6086=IFCPRODUCTDEFINITIONSHAPE($,$,(#6085));
#6087=IFCCARTESIANPOINT((0.,0.,2.1875000000013154));
#6088=IFCAXIS2PLACEMENT3D(#6087,$,$);
#6089=IFCLOCALPLACEMENT(#24,#6088);
#6090=IFCBUILDINGELEMENTPROXY('2pPCwE2QHAIvBYdRM1BiQt',#6,'Tile Red2:Tile Red:503164',$,$,#6089,#6086,'503164',$);
#6091=IFCPROPERTYSET('01f2dr8TKmF4ro_DeMP2NU',#6,'Pset_BuildingElementProxyCommon',$,(#817));
#6092=IFCPROPERTYSET('3zD7F8M5zJmTcRqUT363e4',#6,'Pset_QuantityTakeOff',$,(#817));
#6093=IFCRELDEFINESBYPROPERTIES('2pIcYRG$iUZJgMNJ237ZM_',#6,$,$,(#6090),#6091);
#6094=IFCRELDEFINESBYPROPERTIES('1shn_Hrmtv1CJjzy9T2oeq',#6,$,$,(#6090),#6092);
#6095=IFCCARTESIANPOINT((7188.4931710057317,7307.6631176918472,-40.));
#6096=IFCAXIS2PLACEMENT3D(#6095,#34,#35);
#6097=IFCLOCALPLACEMENT(#24,#6096);
#6098=IFCCARTESIANPOINT((586.78183764586288,0.));
#6099=IFCPOLYLINE((#38,#6098));
#6100=IFCSHAPEREPRESENTATION(#14,'Axis','Curve2D',(#6099));
#6101=IFCPRODUCTDEFINITIONSHAPE($,$,(#6100,#6108));
#6102=IFCCARTESIANPOINT((293.39091882293036,1.4210854715202004E-014));
#6103=IFCAXIS2PLACEMENT2D(#6102,#44);
#6104=IFCRECTANGLEPROFILEDEF(.AREA.,$,#6103,586.78183764586288,200.);
#6105=IFCAXIS2PLACEMENT3D(#10,$,$);
#6106=IFCEXTRUDEDAREASOLID(#6104,#6105,#34,2001.0000000000002);
#6107=IFCSTYLEDITEM(#6106,(#52),$);
#6108=IFCSHAPEREPRESENTATION(#15,'Body','SweptSolid',(#6106));
#6109=IFCWALLSTANDARDCASE('2pPCwE2QHAIvBYdRM1BiNM',#6,'Parede b\X\E1sica:Bloco Leve de Concreto - 600x240x200:503325',$,$,#6097,#6101,'503325');
#6110=IFCMATERIALLAYERSETUSAGE(#62,.AXIS2.,.NEGATIVE.,100.);
#6111=IFCPROPERTYSET('2mU$$QLqOSaCzXJTBBbYc9',#6,'Pset_QuantityTakeOff',$,(#65));
#6112=IFCPROPERTYSINGLEVALUE('Reference',$,IFCLABEL('Bloco Leve de Concreto - 600x240x200'),$);
#6113=IFCPROPERTYSET('3gNrWxj5WtzTxvoiRRr8lg',#6,'Pset_ReinforcementBarPitchOfWall',$,(#6112));
#6114=IFCPROPERTYSET('0dbrEXFLauBFypkcSUBhfi',#6,'Pset_WallCommon',$,(#65,#69,#70,#71));
#6115=IFCRELDEFINESBYPROPERTIES('0esgb1z281CK0mQLaunuXZ',#6,$,$,(#6109),#6111);
#6116=IFCRELDEFINESBYPROPERTIES('31lIOmbw2XXCyaiXmZRaTA',#6,$,$,(#6109),#6113);
#6117=IFCRELDEFINESBYPROPERTIES('1iPptxvc2TAOtQPe1mVq7N',#6,$,$,(#6109),#6114);
#6118=IFCCARTESIANPOINT((7.1054273576010019E-015,1.4210854715202004E-014));
#6119=IFCAXIS2PLACEMENT2D(#6118,#170);
#6120=IFCRECTANGLEPROFILEDEF(.AREA.,'Tile 450,700 x 300,500 x 95 Yellow',#6119,150.5,300.19999999999993);
#6121=IFCCARTESIANPOINT((-75.249999999993733,-150.10000000000841,-0.));
#6122=IFCAXIS2PLACEMENT3D(#6121,#34,#199);
#6123=IFCEXTRUDEDAREASOLID(#6120,#6122,#34,7.9999999999999973);
#6124=IFCSTYLEDITEM(#6123,(#1832),$);
#6125=IFCSHAPEREPRESENTATION(#15,'Body','SweptSolid',(#6123));
#6126=IFCAXIS2PLACEMENT3D(#10,$,$);
#6127=IFCREPRESENTATIONMAP(#6126,#6125);
#6128=IFCBUILDINGELEMENTPROXYTYPE('0LTDyIvC5DtPgxFIQIxVQY',#6,'Tile:Tile 450,700 x 300,500 x 95 Yellow',$,$,$,(#6127),'475685',$,.NOTDEFINED.);
#6129=IFCMAPPEDITEM(#6127,#194);
#6130=IFCSHAPEREPRESENTATION(#15,'Body','MappedRepresentation',(#6129));
#6131=IFCPRODUCTDEFINITIONSHAPE($,$,(#6130));
#6132=IFCCARTESIANPOINT((6318.5806710057377,8223.6006176918454,907.70999999999697));
#6133=IFCAXIS2PLACEMENT3D(#6132,$,$);
#6134=IFCLOCALPLACEMENT(#24,#6133);
#6135=IFCBUILDINGELEMENTPROXY('0LTDyIvC5DtPgxFIQIxPs4',#6,'Tile:Tile 450,700 x 300,500 x 95 Yellow:503928',$,$,#6134,#6131,'503928',$);
#6136=IFCPROPERTYSET('2onoThvS0T7A76BTsY_odn',#6,'Pset_BuildingElementProxyCommon',$,(#1850));
#6137=IFCPROPERTYSET('0MSUPm3C411sKdxv5nrK1F',#6,'Pset_QuantityTakeOff',$,(#1850));
#6138=IFCRELDEFINESBYPROPERTIES('28iZIUEuYBXRbLTWRldbk3',#6,$,$,(#6135),#6136);
#6139=IFCRELDEFINESBYPROPERTIES('0isoJG0Pe42_Zopu$uDtsb',#6,$,$,(#6135),#6137);
#6140=IFCCARTESIANPOINT((-1.6026785714266492,-7.7142857142875885));
#6141=IFCCARTESIANPOINT((5.3973214285717592,-7.7142857142875885));
#6142=IFCCARTESIANPOINT((5.3973214285717592,-0.71428571427835097));
#6143=IFCCARTESIANPOINT((-1.8370535714284908,-0.71428571427795706));
#6144=IFCCARTESIANPOINT((-1.8370535714288001,12.285714285713674));
#6145=IFCCARTESIANPOINT((-2.7589285714283203,12.28571428571313));
#6146=IFCCARTESIANPOINT((-2.758928571429093,-7.7142857142877377));
#6147=IFCPOLYLINE((#6140,#6141,#6142,#6143,#6144,#6145,#6146,#6140));
#6148=IFCCARTESIANPOINT((5.0973214285727098,-1.0142857142585902));
#6149=IFCCARTESIANPOINT((5.0973214285731112,-7.4142857142874554));
#6150=IFCCARTESIANPOINT((-1.8370535714272067,-7.4142857142872627));
#6151=IFCCARTESIANPOINT((-1.8370535714362719,-1.0142857142789716));
#6152=IFCPOLYLINE((#6148,#6149,#6150,#6151,#6148));
#6153=IFCARBITRARYPROFILEDEFWITHVOIDS(.AREA.,'Cantoneira 2',#6147,(#6152));
#6154=IFCCARTESIANPOINT((7087.2074567200198,6715.8516382330063,7.9985361410459968));
#6155=IFCAXIS2PLACEMENT3D(#6154,#34,#35);
#6156=IFCEXTRUDEDAREASOLID(#6153,#6155,#34,1907.8614966983332);
#6157=IFCSTYLEDITEM(#6156,(#3795),$);
#6158=IFCSHAPEREPRESENTATION(#15,'Body','SweptSolid',(#6156));
#6159=IFCAXIS2PLACEMENT3D(#10,$,$);
#6160=IFCREPRESENTATIONMAP(#6159,#6158);
#6161=IFCBUILDINGELEMENTPROXYTYPE('0LTDyIvC5DtPgxFIQIxUTg',#6,'Cantoneira 2:Cantoneira 2',$,$,$,(#6160),'510614',$,.NOTDEFINED.);
#6162=IFCMAPPEDITEM(#6160,#194);
#6163=IFCSHAPEREPRESENTATION(#15,'Body','MappedRepresentation',(#6162));
#6164=IFCPRODUCTDEFINITIONSHAPE($,$,(#6163));
#6165=IFCAXIS2PLACEMENT3D(#10,$,$);
#6166=IFCLOCALPLACEMENT(#24,#6165);
#6167=IFCBUILDINGELEMENTPROXY('0LTDyIvC5DtPgxFIQIxUTa',#6,'Cantoneira 2:Cantoneira 2:510616',$,$,#6166,#6164,'510616',$);
#6168=IFCPROPERTYSET('3FQBTYht6gSOVVSVexoQO5',#6,'Pset_BuildingElementProxyCommon',$,(#3812));
#6169=IFCPROPERTYSET('28iQNV6E6UmBMUBgnhesRA',#6,'Pset_QuantityTakeOff',$,(#3812));
#6170=IFCRELDEFINESBYPROPERTIES('2a$xLrnvVetTkR_ZckJwJ5',#6,$,$,(#6167),#6168);
#6171=IFCRELDEFINESBYPROPERTIES('2mKIxsEknbUCsAI7l3ofJO',#6,$,$,(#6167),#6169);
#6172=IFCCARTESIANPOINT((-2.1316282072803006E-014,0.));
#6173=IFCAXIS2PLACEMENT2D(#6172,#170);
#6174=IFCRECTANGLEPROFILEDEF(.AREA.,'Tile 450,700 x 300,500 x 95 Red',#6173,201.00000000000003,279.45199999999988);
#6175=IFCCARTESIANPOINT((-100.49999999999376,-139.72600000000844,-0.));
#6176=IFCAXIS2PLACEMENT3D(#6175,#34,#199);
#6177=IFCEXTRUDEDAREASOLID(#6174,#6176,#34,6.9999999999999973);
#6178=IFCSTYLEDITEM(#6177,(#800),$);
#6179=IFCSHAPEREPRESENTATION(#15,'Body','SweptSolid',(#6177));
#6180=IFCAXIS2PLACEMENT3D(#10,$,$);
#6181=IFCREPRESENTATIONMAP(#6180,#6179);
#6182=IFCBUILDINGELEMENTPROXYTYPE('05wfFLeuPBEv3bvVNYYrCF',#6,'Tile:Tile 450,700 x 300,500 x 95 Red',$,$,$,(#6181),'427296',$,.NOTDEFINED.);
#6183=IFCMAPPEDITEM(#6181,#194);
#6184=IFCSHAPEREPRESENTATION(#15,'Body','MappedRepresentation',(#6183));
#6185=IFCPRODUCTDEFINITIONSHAPE($,$,(#6184));
#6186=IFCCARTESIANPOINT((7088.5118537687449,6717.4543168044365,5.0056772523340944));
#6187=IFCAXIS2PLACEMENT3D(#6186,#35,#199);
#6188=IFCLOCALPLACEMENT(#24,#6187);
#6189=IFCBUILDINGELEMENTPROXY('0LTDyIvC5DtPgxFIQIxURU',#6,'Tile:Tile 450,700 x 300,500 x 95 Red:510754',$,$,#6188,#6185,'510754',$);
#6190=IFCPROPERTYSET('2zt8XSQntH9yJk5Zu_iMB4',#6,'Pset_BuildingElementProxyCommon',$,(#1785));
#6191=IFCPROPERTYSET('11gje_$WZyFXohT6aDDaLz',#6,'Pset_QuantityTakeOff',$,(#1785));
#6192=IFCRELDEFINESBYPROPERTIES('0W5YN1Bi27TUavrct9nBKt',#6,$,$,(#6189),#6190);
#6193=IFCRELDEFINESBYPROPERTIES('1cnzsgWfjIo7a2eiSnGJ3V',#6,$,$,(#6189),#6191);
#6194=IFCCARTESIANPOINT((-2.1316282072803006E-014,-2.8421709430404007E-014));
#6195=IFCAXIS2PLACEMENT2D(#6194,#170);
#6196=IFCRECTANGLEPROFILEDEF(.AREA.,'Tile 450,700 x 300,500 x 95 Red',#6195,201.00000000000003,450.69999999999999);
#6197=IFCCARTESIANPOINT((-100.49999999999376,-225.35000000000846,-0.));
#6198=IFCAXIS2PLACEMENT3D(#6197,#34,#199);
#6199=IFCEXTRUDEDAREASOLID(#6196,#6198,#34,6.9999999999999973);
#6200=IFCSTYLEDITEM(#6199,(#800),$);
#6201=IFCSHAPEREPRESENTATION(#15,'Body','SweptSolid',(#6199));
#6202=IFCAXIS2PLACEMENT3D(#10,$,$);
#6203=IFCREPRESENTATIONMAP(#6202,#6201);
#6204=IFCBUILDINGELEMENTPROXYTYPE('05wfFLeuPBEv3bvVNYYrCm',#6,'Tile:Tile 450,700 x 300,500 x 95 Red',$,$,$,(#6203),'427296',$,.NOTDEFINED.);
#6205=IFCMAPPEDITEM(#6203,#194);
#6206=IFCSHAPEREPRESENTATION(#15,'Body','MappedRepresentation',(#6205));
#6207=IFCPRODUCTDEFINITIONSHAPE($,$,(#6206));
#6208=IFCCARTESIANPOINT((7088.5118537687322,6717.4543168044365,286.45823875760726));
#6209=IFCAXIS2PLACEMENT3D(#6208,#35,#199);
#6210=IFCLOCALPLACEMENT(#24,#6209);
#6211=IFCBUILDINGELEMENTPROXY('0LTDyIvC5DtPgxFIQIxURV',#6,'Tile:Tile 450,700 x 300,500 x 95 Red:510755',$,$,#6210,#6207,'510755',$);
#6212=IFCPROPERTYSET('1CiYcC3Ys1jBBH4zPYc_3D',#6,'Pset_BuildingElementProxyCommon',$,(#1785));
#6213=IFCPROPERTYSET('3lZkXE9ncY8NpfBybl5Duf',#6,'Pset_QuantityTakeOff',$,(#1785));
#6214=IFCRELDEFINESBYPROPERTIES('1Us9gDxeBnZI3qkQI54pgY',#6,$,$,(#6211),#6212);
#6215=IFCRELDEFINESBYPROPERTIES('1Wy15C3YMxQVqwXrszKgrs',#6,$,$,(#6211),#6213);
#6216=IFCMAPPEDITEM(#6203,#194);
#6217=IFCSHAPEREPRESENTATION(#15,'Body','MappedRepresentation',(#6216));
#6218=IFCPRODUCTDEFINITIONSHAPE($,$,(#6217));
#6219=IFCCARTESIANPOINT((7088.5118537687331,6717.4543168044365,739.15782531898947));
#6220=IFCAXIS2PLACEMENT3D(#6219,#35,#199);
#6221=IFCLOCALPLACEMENT(#24,#6220);
#6222=IFCBUILDINGELEMENTPROXY('0LTDyIvC5DtPgxFIQIxURO',#6,'Tile:Tile 450,700 x 300,500 x 95 Red:510756',$,$,#6221,#6218,'510756',$);
#6223=IFCPROPERTYSET('1muc3LELe$bpwpUaAj40MF',#6,'Pset_BuildingElementProxyCommon',$,(#1785));
#6224=IFCPROPERTYSET('12Cy56N0f7ssFJOg753iZo',#6,'Pset_QuantityTakeOff',$,(#1785));
#6225=IFCRELDEFINESBYPROPERTIES('0NjyeE5B8bYn5rIl7TcHXo',#6,$,$,(#6222),#6223);
#6226=IFCRELDEFINESBYPROPERTIES('1mBg7O11ljF6gqC6EB9NwZ',#6,$,$,(#6222),#6224);
#6227=IFCMAPPEDITEM(#6203,#194);
#6228=IFCSHAPEREPRESENTATION(#15,'Body','MappedRepresentation',(#6227));
#6229=IFCPRODUCTDEFINITIONSHAPE($,$,(#6228));
#6230=IFCCARTESIANPOINT((7088.5118277107431,6717.4543168044365,1191.8495053203403));
#6231=IFCDIRECTION((-1.,0.,-4.1394952314746982E-005));
#6232=IFCAXIS2PLACEMENT3D(#6230,#35,#6231);
#6233=IFCLOCALPLACEMENT(#24,#6232);
#6234=IFCBUILDINGELEMENTPROXY('0LTDyIvC5DtPgxFIQIxURP',#6,'Tile:Tile 450,700 x 300,500 x 95 Red:510757',$,$,#6233,#6229,'510757',$);
#6235=IFCPROPERTYSET('1hNzslqsheHS0nPNzy9PLt',#6,'Pset_BuildingElementProxyCommon',$,(#1785));
#6236=IFCPROPERTYSET('1B1b_gHuMp36Ac020bOTAk',#6,'Pset_QuantityTakeOff',$,(#1785));
#6237=IFCRELDEFINESBYPROPERTIES('3Gz8jqBes1enZopF4lDLwS',#6,$,$,(#6234),#6235);
#6238=IFCRELDEFINESBYPROPERTIES('2sCiHpMDTEMCif01PxFUGa',#6,$,$,(#6234),#6236);
#6239=IFCMAPPEDITEM(#6181,#194);
#6240=IFCSHAPEREPRESENTATION(#15,'Body','MappedRepresentation',(#6239));
#6241=IFCPRODUCTDEFINITIONSHAPE($,$,(#6240));
#6242=IFCCARTESIANPOINT((7088.5118537687322,6717.4543168044365,1644.5580328393721));
#6243=IFCAXIS2PLACEMENT3D(#6242,#35,#199);
#6244=IFCLOCALPLACEMENT(#24,#6243);
#6245=IFCBUILDINGELEMENTPROXY('0LTDyIvC5DtPgxFIQIxURQ',#6,'Tile:Tile 450,700 x 300,500 x 95 Red:510758',$,$,#6244,#6241,'510758',$);
#6246=IFCPROPERTYSET('3A6wVbSOvA5J7QwmrY54l8',#6,'Pset_BuildingElementProxyCommon',$,(#1785));
#6247=IFCPROPERTYSET('3jyk85e99U1p0Z6Pv7GG8y',#6,'Pset_QuantityTakeOff',$,(#1785));
#6248=IFCRELDEFINESBYPROPERTIES('1f1r0RS_afdFF9kAzhB8Yw',#6,$,$,(#6245),#6246);
#6249=IFCRELDEFINESBYPROPERTIES('2GpkY$mI9Ls6Mnn_G0pL0i',#6,$,$,(#6245),#6247);
#6250=IFCCARTESIANPOINT((-2.1658230764387554E-012,0.));
#6251=IFCAXIS2PLACEMENT2D(#6250,#170);
#6252=IFCRECTANGLEPROFILEDEF(.AREA.,'Modelos gen\X\E9ricos 33',#6251,8.156250000006267,7.0000000000114024);
#6253=IFCCARTESIANPOINT((7082.9931710057344,6714.5324418044502,1915.8600328393793));
#6254=IFCAXIS2PLACEMENT3D(#6253,#34,#1684);
#6255=IFCEXTRUDEDAREASOLID(#6252,#6254,#34,8.1499999999997712);
#6256=IFCCARTESIANPOINT((-1.624256285026604E-012,-5.4134474680722633E-013));
#6257=IFCAXIS2PLACEMENT2D(#6256,#170);
#6258=IFCRECTANGLEPROFILEDEF(.AREA.,'Modelos gen\X\E9ricos 33',#6257,6.9343750000078987,6.4000000000093733);
#6259=IFCCARTESIANPOINT((7082.9931710057317,6714.2215043044525,1903.513364077163));
#6260=IFCAXIS2PLACEMENT3D(#6259,#34,#1684);
#6261=IFCEXTRUDEDAREASOLID(#6258,#6260,#34,12.346668762216201);
#6262=IFCSTYLEDITEM(#6255,(#3795),$);
#6263=IFCSTYLEDITEM(#6261,(#3795),$);
#6264=IFCSHAPEREPRESENTATION(#15,'Body','SweptSolid',(#6255,#6261));
#6265=IFCAXIS2PLACEMENT3D(#10,$,$);
#6266=IFCREPRESENTATIONMAP(#6265,#6264);
#6267=IFCBUILDINGELEMENTPROXYTYPE('0LTDyIvC5DtPgxFIQIxU0t',#6,'Modelos gen\X\E9ricos 33:Modelos gen\X\E9ricos 33',$,$,$,(#6266),'511435',$,.NOTDEFINED.);
#6268=IFCMAPPEDITEM(#6266,#194);
#6269=IFCSHAPEREPRESENTATION(#15,'Body','MappedRepresentation',(#6268));
#6270=IFCPRODUCTDEFINITIONSHAPE($,$,(#6269));
#6271=IFCAXIS2PLACEMENT3D(#10,$,$);
#6272=IFCLOCALPLACEMENT(#24,#6271);
#6273=IFCBUILDINGELEMENTPROXY('0LTDyIvC5DtPgxFIQIxU0n',#6,'Modelos gen\X\E9ricos 33:Modelos gen\X\E9ricos 33:511437',$,$,#6272,#6270,'511437',$);
#6274=IFCPROPERTYSINGLEVALUE('Reference',$,IFCIDENTIFIER('Modelos gen\X\E9ricos 33'),$);
#6275=IFCPROPERTYSET('2sWRdk9hCUr05B2eqrk_wK',#6,'Pset_BuildingElementProxyCommon',$,(#6274));
#6276=IFCPROPERTYSET('27XZ7e6rMvfCOHHaaSiWlp',#6,'Pset_QuantityTakeOff',$,(#6274));
#6277=IFCRELDEFINESBYPROPERTIES('0xRK40Pj9OWO4onyeiz10e',#6,$,$,(#6273),#6275);
#6278=IFCRELDEFINESBYPROPERTIES('2c$31dpf1l4on2GPcPV33k',#6,$,$,(#6273),#6276);
#6279=IFCCARTESIANPOINT((-2.1658230764387554E-012,0.));
#6280=IFCAXIS2PLACEMENT2D(#6279,#170);
#6281=IFCRECTANGLEPROFILEDEF(.AREA.,'Modelos gen\X\E9ricos 33',#6280,8.156250000006267,7.0000000000114024);
#6282=IFCCARTESIANPOINT((7082.9931710057344,6714.5324418044502,1915.8600328393793));
#6283=IFCAXIS2PLACEMENT3D(#6282,#34,#1684);
#6284=IFCEXTRUDEDAREASOLID(#6281,#6283,#34,8.1499999999997712);
#6285=IFCCARTESIANPOINT((-1.624256285026604E-012,-5.4134474680722633E-013));
#6286=IFCAXIS2PLACEMENT2D(#6285,#170);
#6287=IFCRECTANGLEPROFILEDEF(.AREA.,'Modelos gen\X\E9ricos 33',#6286,6.9343750000078987,6.4000000000093733);
#6288=IFCCARTESIANPOINT((7082.9931710057317,6714.2215043044525,1903.513364077163));
#6289=IFCAXIS2PLACEMENT3D(#6288,#34,#1684);
#6290=IFCEXTRUDEDAREASOLID(#6287,#6289,#34,12.346668762216201);
#6291=IFCSTYLEDITEM(#6284,(#3795),$);
#6292=IFCSTYLEDITEM(#6290,(#3795),$);
#6293=IFCSHAPEREPRESENTATION(#15,'Body','SweptSolid',(#6284,#6290));
#6294=IFCAXIS2PLACEMENT3D(#10,$,$);
#6295=IFCREPRESENTATIONMAP(#6294,#6293);
#6296=IFCBUILDINGELEMENTPROXYTYPE('0LTDyIvC5DtPgxFIQIxUAT',#6,'Modelos gen\X\E9ricos 34:Modelos gen\X\E9ricos 33',$,$,$,(#6295),'511841',$,.NOTDEFINED.);
#6297=IFCMAPPEDITEM(#6295,#194);
#6298=IFCSHAPEREPRESENTATION(#15,'Body','MappedRepresentation',(#6297));
#6299=IFCPRODUCTDEFINITIONSHAPE($,$,(#6298));
#6300=IFCCARTESIANPOINT((-1442.9378438547742,15612.528577059933,0.));
#6301=IFCAXIS2PLACEMENT3D(#6300,#34,#35);
#6302=IFCLOCALPLACEMENT(#24,#6301);
#6303=IFCBUILDINGELEMENTPROXY('0LTDyIvC5DtPgxFIQIxUAV',#6,'Modelos gen\X\E9ricos 34:Modelos gen\X\E9ricos 33:511843',$,$,#6302,#6299,'511843',$);
#6304=IFCPROPERTYSET('3aViAPJcNjaGcSWoY199mv',#6,'Pset_BuildingElementProxyCommon',$,(#6274));
#6305=IFCPROPERTYSET('1A$qZ6o6RfQGC3kLJ$7i7R',#6,'Pset_QuantityTakeOff',$,(#6274));
#6306=IFCRELDEFINESBYPROPERTIES('1w9WQaZr$Ja2$N3KqXyPpF',#6,$,$,(#6303),#6304);
#6307=IFCRELDEFINESBYPROPERTIES('0C4$Cnm5m_Lrh8ayUO4Lri',#6,$,$,(#6303),#6305);
#6308=IFCCARTESIANPOINT((1.6026785714265994,-7.7142857142881205));
#6309=IFCCARTESIANPOINT((2.7589285714268783,-7.7142857142881205));
#6310=IFCCARTESIANPOINT((2.7589285714302436,12.285714285711665));
#6311=IFCCARTESIANPOINT((1.8370535714307241,12.285714285712322));
#6312=IFCCARTESIANPOINT((1.8370535714282656,-0.71428571427930765));
#6313=IFCCARTESIANPOINT((-5.3973214285719848,-0.71428571427797605));
#6314=IFCCARTESIANPOINT((-5.3973214285728917,-7.7142857142872137));
#6315=IFCPOLYLINE((#6308,#6309,#6310,#6311,#6312,#6313,#6314,#6308));
#6316=IFCCARTESIANPOINT((-5.0973214285712096,-1.0142857142575734));
#6317=IFCCARTESIANPOINT((1.8370535714377714,-1.0142857142792394));
#6318=IFCCARTESIANPOINT((1.8370535714265155,-7.4142857142896954));
#6319=IFCCARTESIANPOINT((-5.0973214285727195,-7.414285714287522));
#6320=IFCPOLYLINE((#6316,#6317,#6318,#6319,#6316));
#6321=IFCARBITRARYPROFILEDEFWITHVOIDS(.AREA.,'Cantoneira 2',#6315,(#6320));
#6322=IFCCARTESIANPOINT((5272.9137943787109,8533.7496917689059,7.998536141046082));
#6323=IFCAXIS2PLACEMENT3D(#6322,$,$);
#6324=IFCEXTRUDEDAREASOLID(#6321,#6323,#34,1661.2114966983308);
#6325=IFCSTYLEDITEM(#6324,(#3795),$);
#6326=IFCSHAPEREPRESENTATION(#15,'Body','SweptSolid',(#6324));
#6327=IFCAXIS2PLACEMENT3D(#10,$,$);
#6328=IFCREPRESENTATIONMAP(#6327,#6326);
#6329=IFCBUILDINGELEMENTPROXYTYPE('0LTDyIvC5DtPgxFIQIxVrE',#6,'Cantoneira 1:Cantoneira 2',$,$,$,(#6328),'512178',$,.NOTDEFINED.);
#6330=IFCMAPPEDITEM(#6328,#194);
#6331=IFCSHAPEREPRESENTATION(#15,'Body','MappedRepresentation',(#6330));
#6332=IFCPRODUCTDEFINITIONSHAPE($,$,(#6331));
#6333=IFCCARTESIANPOINT((1811.1558075840203,-600.86895172228367,0.));
#6334=IFCAXIS2PLACEMENT3D(#6333,$,$);
#6335=IFCLOCALPLACEMENT(#24,#6334);
#6336=IFCBUILDINGELEMENTPROXY('0LTDyIvC5DtPgxFIQIxVr8',#6,'Cantoneira 1:Cantoneira 2:512180',$,$,#6335,#6332,'512180',$);
#6337=IFCPROPERTYSET('18HzoY5UNlBB0F3kDeK5iV',#6,'Pset_BuildingElementProxyCommon',$,(#3812));
#6338=IFCPROPERTYSET('1$_DSoWTB9BscTnYGAplHk',#6,'Pset_QuantityTakeOff',$,(#3812));
#6339=IFCRELDEFINESBYPROPERTIES('0auZh5e6qMqtpR7sNvh7S7',#6,$,$,(#6336),#6337);
#6340=IFCRELDEFINESBYPROPERTIES('3KV8qmZAM4a7bSAjEQJCe$',#6,$,$,(#6336),#6338);
#6341=IFCCARTESIANPOINT((-1.602678571428815,-7.7142857142875885));
#6342=IFCCARTESIANPOINT((5.3973214285706765,-7.7142857142875885));
#6343=IFCCARTESIANPOINT((5.3973214285717592,-0.71428571427943377));
#6344=IFCCARTESIANPOINT((-1.8370535714284908,-0.71428571427795706));
#6345=IFCCARTESIANPOINT((-1.8370535714277174,12.285714285713674));
#6346=IFCCARTESIANPOINT((-2.7589285714272371,12.285714285714212));
#6347=IFCCARTESIANPOINT((-2.758928571429093,-7.7142857142877377));
#6348=IFCPOLYLINE((#6341,#6342,#6343,#6344,#6345,#6346,#6347,#6341));
#6349=IFCCARTESIANPOINT((5.0973214285716262,-1.0142857142585902));
#6350=IFCCARTESIANPOINT((5.0973214285709458,-7.4142857142874554));
#6351=IFCCARTESIANPOINT((-1.8370535714293725,-7.4142857142872627));
#6352=IFCCARTESIANPOINT((-1.8370535714384375,-1.0142857142789716));
#6353=IFCPOLYLINE((#6349,#6350,#6351,#6352,#6349));
#6354=IFCARBITRARYPROFILEDEFWITHVOIDS(.AREA.,'Cantoneira 2',#6348,(#6353));
#6355=IFCCARTESIANPOINT((5272.9137943715341,6140.4546049760083,7.998536141046082));
#6356=IFCAXIS2PLACEMENT3D(#6355,#34,#199);
#6357=IFCEXTRUDEDAREASOLID(#6354,#6356,#34,1661.2114966983308);
#6358=IFCSTYLEDITEM(#6357,(#3795),$);
#6359=IFCSHAPEREPRESENTATION(#15,'Body','SweptSolid',(#6357));
#6360=IFCAXIS2PLACEMENT3D(#10,$,$);
#6361=IFCREPRESENTATIONMAP(#6360,#6359);
#6362=IFCBUILDINGELEMENTPROXYTYPE('0LTDyIvC5DtPgxFIQIxVyf',#6,'Cantoneira 5:Cantoneira 2',$,$,$,(#6361),'512725',$,.NOTDEFINED.);
#6363=IFCMAPPEDITEM(#6361,#194);
#6364=IFCSHAPEREPRESENTATION(#15,'Body','MappedRepresentation',(#6363));
#6365=IFCPRODUCTDEFINITIONSHAPE($,$,(#6364));
#6366=IFCCARTESIANPOINT((1811.7101444685827,1168.4416761141676,0.));
#6367=IFCAXIS2PLACEMENT3D(#6366,$,$);
#6368=IFCLOCALPLACEMENT(#24,#6367);
#6369=IFCBUILDINGELEMENTPROXY('0LTDyIvC5DtPgxFIQIxVyh',#6,'Cantoneira 5:Cantoneira 2:512727',$,$,#6368,#6365,'512727',$);
#6370=IFCPROPERTYSET('3xCK8UKaikDZ8egAnZchmW',#6,'Pset_BuildingElementProxyCommon',$,(#3812));
#6371=IFCPROPERTYSET('2$5W6fInjNn0O_5FEfiL0I',#6,'Pset_QuantityTakeOff',$,(#3812));
#6372=IFCRELDEFINESBYPROPERTIES('2hhLdHrMK6iCXeUX8A3boy',#6,$,$,(#6369),#6370);
#6373=IFCRELDEFINESBYPROPERTIES('1RVHx1Om8OTthUcuXe5OEB',#6,$,$,(#6369),#6371);
#6374=IFCCARTESIANPOINT((-1.6026785714298313,-7.7142857142893746));
#6375=IFCCARTESIANPOINT((5.3973214285707432,-7.7142857142893746));
#6376=IFCCARTESIANPOINT((5.3973214285707432,-0.71428571427959608));
#6377=IFCCARTESIANPOINT((-1.8370535714295073,-0.71428571427905474));
#6378=IFCCARTESIANPOINT((-1.8370535714295073,12.285714285712576));
#6379=IFCCARTESIANPOINT((-2.7589285714290273,12.285714285712576));
#6380=IFCCARTESIANPOINT((-2.7589285714290273,-7.7142857142893746));
#6381=IFCPOLYLINE((#6374,#6375,#6376,#6377,#6378,#6379,#6380,#6374));
#6382=IFCCARTESIANPOINT((5.0973214285708108,-1.0142857142592241));
#6383=IFCCARTESIANPOINT((5.0973214285708108,-7.4142857142894432));
#6384=IFCCARTESIANPOINT((-1.8370535714305902,-7.4142857142897141));
#6385=IFCCARTESIANPOINT((-1.8370535714392533,-1.0142857142797987));
#6386=IFCPOLYLINE((#6382,#6383,#6384,#6385,#6382));
#6387=IFCARBITRARYPROFILEDEFWITHVOIDS(.AREA.,'Cantoneira 2',#6381,(#6386));
#6388=IFCCARTESIANPOINT((7084.6239388398581,7316.5693676918445,1669.9243185536559));
#6389=IFCAXIS2PLACEMENT3D(#6388,#1684,#199);
#6390=IFCEXTRUDEDAREASOLID(#6387,#6389,#34,608.59708664048958);
#6391=IFCSTYLEDITEM(#6390,(#3795),$);
#6392=IFCSHAPEREPRESENTATION(#15,'Body','SweptSolid',(#6390));
#6393=IFCAXIS2PLACEMENT3D(#10,$,$);
#6394=IFCREPRESENTATIONMAP(#6393,#6392);
#6395=IFCBUILDINGELEMENTPROXYTYPE('0LTDyIvC5DtPgxFIQIxVx9',#6,'Cantoneira 4:Cantoneira 2',$,$,$,(#6394),'512821',$,.NOTDEFINED.);
#6396=IFCMAPPEDITEM(#6394,#194);
#6397=IFCSHAPEREPRESENTATION(#15,'Body','MappedRepresentation',(#6396));
#6398=IFCPRODUCTDEFINITIONSHAPE($,$,(#6397));
#6399=IFCAXIS2PLACEMENT3D(#10,$,$);
#6400=IFCLOCALPLACEMENT(#24,#6399);
#6401=IFCBUILDINGELEMENTPROXY('0LTDyIvC5DtPgxFIQIxVxB',#6,'Cantoneira 4:Cantoneira 2:512823',$,$,#6400,#6398,'512823',$);
#6402=IFCPROPERTYSET('1bNgVLPRd9TcBLYwQofgmh',#6,'Pset_BuildingElementProxyCommon',$,(#3812));
#6403=IFCPROPERTYSET('12Vwk6yy$nRtI9h1Nrh5ht',#6,'Pset_QuantityTakeOff',$,(#3812));
#6404=IFCRELDEFINESBYPROPERTIES('1loP1za1gaXjqsXdH2lWOW',#6,$,$,(#6401),#6402);
#6405=IFCRELDEFINESBYPROPERTIES('2MvyI2OUBVlHD6I6vbsEug',#6,$,$,(#6401),#6403);
#6406=IFCCARTESIANPOINT((5.4134474680722633E-013,-5.4001247917767614E-013));
#6407=IFCAXIS2PLACEMENT2D(#6406,#170);
#6408=IFCRECTANGLEPROFILEDEF(.AREA.,'Tile 350x Red',#6407,6.9315718698987183,300.28870315479617);
#6409=IFCCARTESIANPOINT((6163.4273850707996,8375.8910544772225,465.00999999999726));
#6410=IFCAXIS2PLACEMENT3D(#6409,#34,#199);
#6411=IFCEXTRUDEDAREASOLID(#6408,#6410,#34,440.83324228359754);
#6412=IFCSTYLEDITEM(#6411,(#800),$);
#6413=IFCSHAPEREPRESENTATION(#15,'Body','SweptSolid',(#6411));
#6414=IFCAXIS2PLACEMENT3D(#10,$,$);
#6415=IFCREPRESENTATIONMAP(#6414,#6413);
#6416=IFCBUILDINGELEMENTPROXYTYPE('0LTDyIvC5DtPgxFIQIxVaI',#6,'Tile 350x Red1:Tile 350x Red',$,$,$,(#6415),'513262',$,.NOTDEFINED.);
#6417=IFCMAPPEDITEM(#6415,#194);
#6418=IFCSHAPEREPRESENTATION(#15,'Body','MappedRepresentation',(#6417));
#6419=IFCPRODUCTDEFINITIONSHAPE($,$,(#6418));
#6420=IFCAXIS2PLACEMENT3D(#10,$,$);
#6421=IFCLOCALPLACEMENT(#24,#6420);
#6422=IFCBUILDINGELEMENTPROXY('0LTDyIvC5DtPgxFIQIxVaC',#6,'Tile 350x Red1:Tile 350x Red:513264',$,$,#6421,#6419,'513264',$);
#6423=IFCPROPERTYSET('0XYfwRAqCWS6r6x1OzJWOZ',#6,'Pset_BuildingElementProxyCommon',$,(#5049));
#6424=IFCPROPERTYSET('2hbC6TieS8yXIcK$lco7_x',#6,'Pset_QuantityTakeOff',$,(#5049));
#6425=IFCRELDEFINESBYPROPERTIES('0eIDGW7OsLEM69I_k$nQZ8',#6,$,$,(#6422),#6423);
#6426=IFCRELDEFINESBYPROPERTIES('3nneyYoVYzZlmZB_76IVn6',#6,$,$,(#6422),#6424);
#6427=IFCCARTESIANPOINT((5.4134474680722633E-013,0.));
#6428=IFCAXIS2PLACEMENT2D(#6427,#170);
#6429=IFCRECTANGLEPROFILEDEF(.AREA.,'Tile 350x Red',#6428,6.9315718698987183,300.50000000000097);
#6430=IFCCARTESIANPOINT((6163.4273850707996,8073.4131176918509,465.00999999999624));
#6431=IFCAXIS2PLACEMENT3D(#6430,#34,#199);
#6432=IFCEXTRUDEDAREASOLID(#6429,#6431,#34,440.83324228359749);
#6433=IFCSTYLEDITEM(#6432,(#800),$);
#6434=IFCSHAPEREPRESENTATION(#15,'Body','SweptSolid',(#6432));
#6435=IFCAXIS2PLACEMENT3D(#10,$,$);
#6436=IFCREPRESENTATIONMAP(#6435,#6434);
#6437=IFCBUILDINGELEMENTPROXYTYPE('0LTDyIvC5DtPgxFIQIxVln',#6,'Tile 350x Red2:Tile 350x Red',$,$,$,(#6436),'513549',$,.NOTDEFINED.);
#6438=IFCMAPPEDITEM(#6436,#194);
#6439=IFCSHAPEREPRESENTATION(#15,'Body','MappedRepresentation',(#6438));
#6440=IFCPRODUCTDEFINITIONSHAPE($,$,(#6439));
#6441=IFCAXIS2PLACEMENT3D(#10,$,$);
#6442=IFCLOCALPLACEMENT(#24,#6441);
#6443=IFCBUILDINGELEMENTPROXY('0LTDyIvC5DtPgxFIQIxVlp',#6,'Tile 350x Red2:Tile 350x Red:513551',$,$,#6442,#6440,'513551',$);
#6444=IFCPROPERTYSET('0WHkZkYPHTFT5$Obzkm$Tx',#6,'Pset_BuildingElementProxyCommon',$,(#5049));
#6445=IFCPROPERTYSET('0Tt89YhiaYAe2Yw$U0EskB',#6,'Pset_QuantityTakeOff',$,(#5049));
#6446=IFCRELDEFINESBYPROPERTIES('2jXCVIDjCsshSubOwzi$_e',#6,$,$,(#6443),#6444);
#6447=IFCRELDEFINESBYPROPERTIES('35ZsYxlOZv_4njXRS0Jsjc',#6,$,$,(#6443),#6445);
#6448=IFCCARTESIANPOINT((5.4134474680722633E-013,-5.4001247917767614E-013));
#6449=IFCAXIS2PLACEMENT2D(#6448,#170);
#6450=IFCRECTANGLEPROFILEDEF(.AREA.,'Tile 350x Red',#6449,6.9315718698987183,287.87998609268044);
#6451=IFCCARTESIANPOINT((6163.4273850707996,8079.7231246455103,465.00999999999624));
#6452=IFCAXIS2PLACEMENT3D(#6451,#34,#199);
#6453=IFCEXTRUDEDAREASOLID(#6450,#6452,#34,440.83324228359749);
#6454=IFCSTYLEDITEM(#6453,(#800),$);
#6455=IFCSHAPEREPRESENTATION(#15,'Body','SweptSolid',(#6453));
#6456=IFCAXIS2PLACEMENT3D(#10,$,$);
#6457=IFCREPRESENTATIONMAP(#6456,#6455);
#6458=IFCBUILDINGELEMENTPROXYTYPE('0LTDyIvC5DtPgxFIQIxVkq',#6,'Tile 350x Red3:Tile 350x Red',$,$,$,(#6457),'513608',$,.NOTDEFINED.);
#6459=IFCMAPPEDITEM(#6457,#194);
#6460=IFCSHAPEREPRESENTATION(#15,'Body','MappedRepresentation',(#6459));
#6461=IFCPRODUCTDEFINITIONSHAPE($,$,(#6460));
#6462=IFCCARTESIANPOINT((0.,-302.49999999999943,-0.));
#6463=IFCAXIS2PLACEMENT3D(#6462,$,$);
#6464=IFCLOCALPLACEMENT(#24,#6463);
#6465=IFCBUILDINGELEMENTPROXY('0LTDyIvC5DtPgxFIQIxVks',#6,'Tile 350x Red3:Tile 350x Red:513610',$,$,#6464,#6461,'513610',$);
#6466=IFCPROPERTYSET('3WwaQ3Ky2xu0RODP3Rrsdd',#6,'Pset_BuildingElementProxyCommon',$,(#5049));
#6467=IFCPROPERTYSET('04GRZE$i$fs1q5JtxwCtW1',#6,'Pset_QuantityTakeOff',$,(#5049));
#6468=IFCRELDEFINESBYPROPERTIES('23eOydAs4565yEFVHCFleC',#6,$,$,(#6465),#6466);
#6469=IFCRELDEFINESBYPROPERTIES('1gKuHWCM2IpibYBsbgWpC3',#6,$,$,(#6465),#6467);
#6470=IFCCARTESIANPOINT((0.,-5.4001247917767614E-013));
#6471=IFCAXIS2PLACEMENT2D(#6470,#170);
#6472=IFCRECTANGLEPROFILEDEF(.AREA.,'Tile 350x Red',#6471,8.0000000000003464,150.45608435556937);
#6473=IFCCARTESIANPOINT((6243.2957149384156,7627.6631176918518,465.00999999999533));
#6474=IFCAXIS2PLACEMENT3D(#6473,#34,#35);
#6475=IFCEXTRUDEDAREASOLID(#6472,#6474,#34,440.83324228359749);
#6476=IFCSTYLEDITEM(#6475,(#1832),$);
#6477=IFCSHAPEREPRESENTATION(#15,'Body','SweptSolid',(#6475));
#6478=IFCAXIS2PLACEMENT3D(#10,$,$);
#6479=IFCREPRESENTATIONMAP(#6478,#6477);
#6480=IFCBUILDINGELEMENTPROXYTYPE('0LTDyIvC5DtPgxFIQIxVMF',#6,'Tile 350x Red5:Tile 350x Red',$,$,$,(#6479),'514163',$,.NOTDEFINED.);
#6481=IFCMAPPEDITEM(#6479,#194);
#6482=IFCSHAPEREPRESENTATION(#15,'Body','MappedRepresentation',(#6481));
#6483=IFCPRODUCTDEFINITIONSHAPE($,$,(#6482));
#6484=IFCAXIS2PLACEMENT3D(#10,$,$);
#6485=IFCLOCALPLACEMENT(#24,#6484);
#6486=IFCBUILDINGELEMENTPROXY('0LTDyIvC5DtPgxFIQIxVM9',#6,'Tile 350x Red5:Tile 350x Red:514165',$,$,#6485,#6483,'514165',$);
#6487=IFCPROPERTYSET('3237eCqNCTO7FsRk3Ldsgu',#6,'Pset_BuildingElementProxyCommon',$,(#5049));
#6488=IFCPROPERTYSET('19QyKE8WH_34Xz8JkVYMUC',#6,'Pset_QuantityTakeOff',$,(#5049));
#6489=IFCRELDEFINESBYPROPERTIES('0kI7raKgvfWO5pD5fUqAzf',#6,$,$,(#6486),#6487);
#6490=IFCRELDEFINESBYPROPERTIES('1B9GMCRV3CWDxmz_jCud5i',#6,$,$,(#6486),#6488);
#6491=IFCCARTESIANPOINT((-1.6026785714266492,-7.7142857142875885));
#6492=IFCCARTESIANPOINT((5.3973214285717592,-7.7142857142875885));
#6493=IFCCARTESIANPOINT((5.3973214285717592,-0.71428571427835097));
#6494=IFCCARTESIANPOINT((-1.8370535714284908,-0.71428571427795706));
#6495=IFCCARTESIANPOINT((-1.8370535714288001,12.285714285713674));
#6496=IFCCARTESIANPOINT((-2.7589285714283203,12.28571428571313));
#6497=IFCCARTESIANPOINT((-2.758928571429093,-7.7142857142877377));
#6498=IFCPOLYLINE((#6491,#6492,#6493,#6494,#6495,#6496,#6497,#6491));
#6499=IFCCARTESIANPOINT((5.0973214285727098,-1.0142857142585902));
#6500=IFCCARTESIANPOINT((5.0973214285731112,-7.4142857142874554));
#6501=IFCCARTESIANPOINT((-1.8370535714272067,-7.4142857142872627));
#6502=IFCCARTESIANPOINT((-1.8370535714362719,-1.0142857142789716));
#6503=IFCPOLYLINE((#6499,#6500,#6501,#6502,#6499));
#6504=IFCARBITRARYPROFILEDEFWITHVOIDS(.AREA.,'Cantoneira 2',#6498,(#6503));
#6505=IFCCARTESIANPOINT((7087.2074567200198,6715.8516382330063,7.9985361410459968));
#6506=IFCAXIS2PLACEMENT3D(#6505,#34,#35);
#6507=IFCEXTRUDEDAREASOLID(#6504,#6506,#34,898.91968119955789);
#6508=IFCSTYLEDITEM(#6507,(#3795),$);
#6509=IFCSHAPEREPRESENTATION(#15,'Body','SweptSolid',(#6507));
#6510=IFCAXIS2PLACEMENT3D(#10,$,$);
#6511=IFCREPRESENTATIONMAP(#6510,#6509);
#6512=IFCBUILDINGELEMENTPROXYTYPE('0LTDyIvC5DtPgxFIQIxVKh',#6,'Cantoneira 6:Cantoneira 2',$,$,$,(#6511),'514263',$,.NOTDEFINED.);
#6513=IFCMAPPEDITEM(#6511,#194);
#6514=IFCSHAPEREPRESENTATION(#15,'Body','MappedRepresentation',(#6513));
#6515=IFCPRODUCTDEFINITIONSHAPE($,$,(#6514));
#6516=IFCCARTESIANPOINT((-919.59159630183956,913.41935103669164,0.));
#6517=IFCAXIS2PLACEMENT3D(#6516,$,$);
#6518=IFCLOCALPLACEMENT(#24,#6517);
#6519=IFCBUILDINGELEMENTPROXY('0LTDyIvC5DtPgxFIQIxVKb',#6,'Cantoneira 6:Cantoneira 2:514265',$,$,#6518,#6515,'514265',$);
#6520=IFCPROPERTYSET('0Oh9djYr8JUr$XOZ_Q6E01',#6,'Pset_BuildingElementProxyCommon',$,(#3812));
#6521=IFCPROPERTYSET('1X6sxBY$bJ7_Effw5Z66Bg',#6,'Pset_QuantityTakeOff',$,(#3812));
#6522=IFCRELDEFINESBYPROPERTIES('2qxSOqiaLEFHCRLRrbmZVE',#6,$,$,(#6519),#6520);
#6523=IFCRELDEFINESBYPROPERTIES('3bmnMMhiaKIe$wIsVdHuh6',#6,$,$,(#6519),#6521);
#6524=IFCCARTESIANPOINT((5.4001247917767614E-013,-5.4156679141215136E-013));
#6525=IFCAXIS2PLACEMENT2D(#6524,#170);
#6526=IFCRECTANGLEPROFILEDEF(.AREA.,'Tile 450,700 x 300,500 x 95 Red',#6525,288.49999999999937,7.0000000000005747);
#6527=IFCCARTESIANPOINT((6322.7554210012941,8067.4131176918527,13.009999999999401));
#6528=IFCAXIS2PLACEMENT3D(#6527,#34,#1684);
#6529=IFCEXTRUDEDAREASOLID(#6526,#6528,#34,450.69999999999999);
#6530=IFCSTYLEDITEM(#6529,(#800),$);
#6531=IFCSHAPEREPRESENTATION(#15,'Body','SweptSolid',(#6529));
#6532=IFCAXIS2PLACEMENT3D(#10,$,$);
#6533=IFCREPRESENTATIONMAP(#6532,#6531);
#6534=IFCBUILDINGELEMENTPROXYTYPE('0LTDyIvC5DtPgxDIQIxVGa',#6,'Tile:Tile 450,700 x 300,500 x 95 Red',$,$,$,(#6533),'427296',$,.NOTDEFINED.);
#6535=IFCMAPPEDITEM(#6533,#194);
#6536=IFCSHAPEREPRESENTATION(#15,'Body','MappedRepresentation',(#6535));
#6537=IFCPRODUCTDEFINITIONSHAPE($,$,(#6536));
#6538=IFCAXIS2PLACEMENT3D(#10,$,$);
#6539=IFCLOCALPLACEMENT(#24,#6538);
#6540=IFCBUILDINGELEMENTPROXY('0LTDyIvC5DtPgxFIQIxVGa',#6,'Tile:Tile 450,700 x 300,500 x 95 Red:514520',$,$,#6539,#6537,'514520',$);
#6541=IFCPROPERTYSET('1luIcd1W1N1e_XVhkpaiYd',#6,'Pset_BuildingElementProxyCommon',$,(#1785));
#6542=IFCPROPERTYSET('38kN8kKEdFvU80YxQ1dIBa',#6,'Pset_QuantityTakeOff',$,(#1785));
#6543=IFCRELDEFINESBYPROPERTIES('0xmyfP_2lPxqANT6c14LB3',#6,$,$,(#6540),#6541);
#6544=IFCRELDEFINESBYPROPERTIES('0bBAn$MNtK$0CI4i77O$Ls',#6,$,$,(#6540),#6542);
#6545=IFCCARTESIANPOINT((-2.8421709430404007E-014,-2.8421709430404007E-014));
#6546=IFCAXIS2PLACEMENT2D(#6545,#170);
#6547=IFCRECTANGLEPROFILEDEF(.AREA.,'Tile 450,700 x 300,500 x 95 Red',#6546,288.50000000000006,450.69999999999999);
#6548=IFCCARTESIANPOINT((-144.24999999999378,-225.35000000000846,-0.));
#6549=IFCAXIS2PLACEMENT3D(#6548,#34,#199);
#6550=IFCEXTRUDEDAREASOLID(#6547,#6549,#34,6.9999999999999973);
#6551=IFCSTYLEDITEM(#6550,(#800),$);
#6552=IFCSHAPEREPRESENTATION(#15,'Body','SweptSolid',(#6550));
#6553=IFCAXIS2PLACEMENT3D(#10,$,$);
#6554=IFCREPRESENTATIONMAP(#6553,#6552);
#6555=IFCBUILDINGELEMENTPROXYTYPE('2$VVOJLwT6pgz3fUFT5IAd',#6,'Tile:Tile 450,700 x 300,500 x 95 Red',$,$,$,(#6554),'427296',$,.NOTDEFINED.);
#6556=IFCMAPPEDITEM(#6554,#194);
#6557=IFCSHAPEREPRESENTATION(#15,'Body','MappedRepresentation',(#6556));
#6558=IFCPRODUCTDEFINITIONSHAPE($,$,(#6557));
#6559=IFCCARTESIANPOINT((6319.2554210012959,7632.6631176918554,13.009999999990352));
#6560=IFCAXIS2PLACEMENT3D(#6559,#1267,#35);
#6561=IFCLOCALPLACEMENT(#24,#6560);
#6562=IFCBUILDINGELEMENTPROXY('0LTDyIvC5DtPgxFIQIxVGd',#6,'Tile:Tile 450,700 x 300,500 x 95 Red:514523',$,$,#6561,#6558,'514523',$);
#6563=IFCPROPERTYSET('3c1A3F0HnTzQWB0ix4XWAT',#6,'Pset_BuildingElementProxyCommon',$,(#1785));
#6564=IFCPROPERTYSET('2qfpGr8KCVj8qgBJUO$WY0',#6,'Pset_QuantityTakeOff',$,(#1785));
#6565=IFCRELDEFINESBYPROPERTIES('3jOWv3gGxw$0BCv5MCbJVu',#6,$,$,(#6562),#6563);
#6566=IFCRELDEFINESBYPROPERTIES('1te6MGp50inB4y$HpC9GK3',#6,$,$,(#6562),#6564);
#6567=IFCCARTESIANPOINT((-167.42551298178768,-218.42464364579249));
#6568=IFCCARTESIANPOINT((132.80850432720518,-218.42464364579249));
#6569=IFCCARTESIANPOINT((132.80850432720487,222.40859863779752));
#6570=IFCCARTESIANPOINT((-37.691495672707639,222.40859863779752));
#6571=IFCCARTESIANPOINT((-37.691495672707518,182.75517344221601));
#6572=IFCCARTESIANPOINT((72.308504327292752,66.659784976918729));
#6573=IFCCARTESIANPOINT((72.308504327293363,-128.69143420157243));
#6574=IFCCARTESIANPOINT((-167.42551298178793,-128.69143420157238));
#6575=IFCPOLYLINE((#6567,#6568,#6569,#6570,#6571,#6572,#6573,#6574,#6567));
#6576=IFCARBITRARYCLOSEDPROFILEDEF(.AREA.,'Tile 350x Red',#6575);
#6577=IFCCARTESIANPOINT((6318.8931710057441,8055.9716220190503,687.41859863779985));
#6578=IFCAXIS2PLACEMENT3D(#6577,#1267,#35);
#6579=IFCEXTRUDEDAREASOLID(#6576,#6578,#34,7.0599334557001923);
#6580=IFCSTYLEDITEM(#6579,(#800),$);
#6581=IFCSHAPEREPRESENTATION(#15,'Body','SweptSolid',(#6579));
#6582=IFCAXIS2PLACEMENT3D(#10,$,$);
#6583=IFCREPRESENTATIONMAP(#6582,#6581);
#6584=IFCBUILDINGELEMENTPROXYTYPE('0LTDyIvC5DtPgxFIQIxVGS',#6,'Tile 350x Red7:Tile 350x Red',$,$,$,(#6583),'514528',$,.NOTDEFINED.);
#6585=IFCMAPPEDITEM(#6583,#194);
#6586=IFCSHAPEREPRESENTATION(#15,'Body','MappedRepresentation',(#6585));
#6587=IFCPRODUCTDEFINITIONSHAPE($,$,(#6586));
#6588=IFCCARTESIANPOINT((0.362249995551781,0.,0.));
#6589=IFCAXIS2PLACEMENT3D(#6588,$,$);
#6590=IFCLOCALPLACEMENT(#24,#6589);
#6591=IFCBUILDINGELEMENTPROXY('0LTDyIvC5DtPgxFIQIxVGU',#6,'Tile 350x Red7:Tile 350x Red:514530',$,$,#6590,#6587,'514530',$);
#6592=IFCPROPERTYSET('2sfeaE$HC2RZReFW_vRVTE',#6,'Pset_BuildingElementProxyCommon',$,(#5049));
#6593=IFCPROPERTYSET('2_iHNYjZ0guNEPo53ZQ2GH',#6,'Pset_QuantityTakeOff',$,(#5049));
#6594=IFCRELDEFINESBYPROPERTIES('3YJ2knuh6jfR4Q9uB0nDsf',#6,$,$,(#6591),#6592);
#6595=IFCRELDEFINESBYPROPERTIES('1WL8ZOBEzJR3lBaZqSn_U3',#6,$,$,(#6591),#6593);
#6596=IFCCARTESIANPOINT((5.4134474680722633E-013,-5.4001247917767614E-013));
#6597=IFCAXIS2PLACEMENT2D(#6596,#170);
#6598=IFCRECTANGLEPROFILEDEF(.AREA.,'Tile 350x Red',#6597,6.9315718698987183,297.1119492491668);
#6599=IFCCARTESIANPOINT((6322.3589569406931,8374.302677524407,816.11003283937214));
#6600=IFCAXIS2PLACEMENT3D(#6599,#34,#199);
#6601=IFCEXTRUDEDAREASOLID(#6598,#6600,#34,89.733209444218744);
#6602=IFCSTYLEDITEM(#6601,(#800),$);
#6603=IFCSHAPEREPRESENTATION(#15,'Body','SweptSolid',(#6601));
#6604=IFCAXIS2PLACEMENT3D(#10,$,$);
#6605=IFCREPRESENTATIONMAP(#6604,#6603);
#6606=IFCBUILDINGELEMENTPROXYTYPE('0LTDyIvC5DtPgxFIQIxVGF',#6,'Tile 350x Red8:Tile 350x Red',$,$,$,(#6605),'514547',$,.NOTDEFINED.);
#6607=IFCMAPPEDITEM(#6605,#194);
#6608=IFCSHAPEREPRESENTATION(#15,'Body','MappedRepresentation',(#6607));
#6609=IFCPRODUCTDEFINITIONSHAPE($,$,(#6608));
#6610=IFCCARTESIANPOINT((0.362249995551781,0.,0.));
#6611=IFCAXIS2PLACEMENT3D(#6610,$,$);
#6612=IFCLOCALPLACEMENT(#24,#6611);
#6613=IFCBUILDINGELEMENTPROXY('0LTDyIvC5DtPgxFIQIxVG9',#6,'Tile 350x Red8:Tile 350x Red:514549',$,$,#6612,#6609,'514549',$);
#6614=IFCPROPERTYSET('3FPnDOYpNfvt$wf61bxafL',#6,'Pset_BuildingElementProxyCommon',$,(#5049));
#6615=IFCPROPERTYSET('3ujnAw49roLoMIXuPN8F0b',#6,'Pset_QuantityTakeOff',$,(#5049));
#6616=IFCRELDEFINESBYPROPERTIES('3bArbN5NrBOBkIC2ZaZGJx',#6,$,$,(#6613),#6614);
#6617=IFCRELDEFINESBYPROPERTIES('29libfPHzwxZ1NiL$gbyPm',#6,$,$,(#6613),#6615);
#6618=IFCCARTESIANPOINT((5.4134474680722633E-013,5.4001247917767614E-013));
#6619=IFCAXIS2PLACEMENT2D(#6618,#170);
#6620=IFCRECTANGLEPROFILEDEF(.AREA.,'Tile 350x Red',#6619,6.9315718698987183,287.87998609268044);
#6621=IFCCARTESIANPOINT((6322.4273850707941,8079.7231246455103,465.00999999999624));
#6622=IFCAXIS2PLACEMENT3D(#6621,$,$);
#6623=IFCEXTRUDEDAREASOLID(#6620,#6622,#34,440.83324228359749);
#6624=IFCSTYLEDITEM(#6623,(#800),$);
#6625=IFCSHAPEREPRESENTATION(#15,'Body','SweptSolid',(#6623));
#6626=IFCAXIS2PLACEMENT3D(#10,$,$);
#6627=IFCREPRESENTATIONMAP(#6626,#6625);
#6628=IFCBUILDINGELEMENTPROXYTYPE('0LTDyIvC5DtPgxFIQIxVV_',#6,'Tile 350x Red4:Tile 350x Red',$,$,$,(#6627),'514562',$,.NOTDEFINED.);
#6629=IFCMAPPEDITEM(#6627,#194);
#6630=IFCSHAPEREPRESENTATION(#15,'Body','MappedRepresentation',(#6629));
#6631=IFCPRODUCTDEFINITIONSHAPE($,$,(#6630));
#6632=IFCCARTESIANPOINT((0.362249995551781,-302.49999999999943,-0.));
#6633=IFCAXIS2PLACEMENT3D(#6632,$,$);
#6634=IFCLOCALPLACEMENT(#24,#6633);
#6635=IFCBUILDINGELEMENTPROXY('0LTDyIvC5DtPgxFIQIxVVu',#6,'Tile 350x Red4:Tile 350x Red:514564',$,$,#6634,#6631,'514564',$);
#6636=IFCPROPERTYSET('3n1O5$StzSIAxF8DpX0tCG',#6,'Pset_BuildingElementProxyCommon',$,(#5049));
#6637=IFCPROPERTYSET('3USKlAV0Rlq0Tc3wUNPg0g',#6,'Pset_QuantityTakeOff',$,(#5049));
#6638=IFCRELDEFINESBYPROPERTIES('1aIQj66UQ8ZaBhkdmNrTKd',#6,$,$,(#6635),#6636);
#6639=IFCRELDEFINESBYPROPERTIES('1semfpx$HHgm35QsGKyTqD',#6,$,$,(#6635),#6637);
#6640=IFCCARTESIANPOINT((0.,-5.4001247917767614E-013));
#6641=IFCAXIS2PLACEMENT2D(#6640,#170);
#6642=IFCRECTANGLEPROFILEDEF(.AREA.,'Tile 350x Red',#6641,8.0000000000003464,150.45608435556937);
#6643=IFCCARTESIANPOINT((6243.2957149384156,7627.6631176918518,457.08946944224289));
#6644=IFCAXIS2PLACEMENT3D(#6643,#34,#35);
#6645=IFCEXTRUDEDAREASOLID(#6642,#6644,#34,448.75377284134987);
#6646=IFCSTYLEDITEM(#6645,(#1832),$);
#6647=IFCSHAPEREPRESENTATION(#15,'Body','SweptSolid',(#6645));
#6648=IFCAXIS2PLACEMENT3D(#10,$,$);
#6649=IFCREPRESENTATIONMAP(#6648,#6647);
#6650=IFCBUILDINGELEMENTPROXYTYPE('0LTDyIvC5DtPgxFIQIxVTS',#6,'Tile 350x Red6:Tile 350x Red',$,$,$,(#6649),'514720',$,.NOTDEFINED.);
#6651=IFCMAPPEDITEM(#6649,#194);
#6652=IFCSHAPEREPRESENTATION(#15,'Body','MappedRepresentation',(#6651));
#6653=IFCPRODUCTDEFINITIONSHAPE($,$,(#6652));
#6654=IFCCARTESIANPOINT((0.,0.,-442.09093330119867));
#6655=IFCAXIS2PLACEMENT3D(#6654,$,$);
#6656=IFCLOCALPLACEMENT(#24,#6655);
#6657=IFCBUILDINGELEMENTPROXY('0LTDyIvC5DtPgxFIQIxVTU',#6,'Tile 350x Red6:Tile 350x Red:514722',$,$,#6656,#6653,'514722',$);
#6658=IFCPROPERTYSET('0aGUp7fGsg8sL5I48PKirt',#6,'Pset_BuildingElementProxyCommon',$,(#5049));
#6659=IFCPROPERTYSET('0R3Hn9p$6rdGf$QBggAZaI',#6,'Pset_QuantityTakeOff',$,(#5049));
#6660=IFCRELDEFINESBYPROPERTIES('2JFUeHEEpjoHE8fyAJhAO_',#6,$,$,(#6657),#6658);
#6661=IFCRELDEFINESBYPROPERTIES('2IVpZag0UpDl1a0P0rn0jD',#6,$,$,(#6657),#6659);
#6662=IFCCARTESIANPOINT((-1.6026785714267846,-7.714285714288672));
#6663=IFCCARTESIANPOINT((5.3973214285713533,-7.714285714288672));
#6664=IFCCARTESIANPOINT((5.3973214285716242,-0.71428571427943377));
#6665=IFCCARTESIANPOINT((-1.8370535714286262,-0.71428571427903986));
#6666=IFCCARTESIANPOINT((-1.8370535714289356,12.28571428571259));
#6667=IFCCARTESIANPOINT((-2.7589285714285907,12.285714285712046));
#6668=IFCCARTESIANPOINT((-2.7589285714288225,-7.7142857142888204));
#6669=IFCPOLYLINE((#6662,#6663,#6664,#6665,#6666,#6667,#6668,#6662));
#6670=IFCCARTESIANPOINT((5.097321428572303,-1.0142857142596728));
#6671=IFCCARTESIANPOINT((5.0973214285725694,-7.4142857142885381));
#6672=IFCCARTESIANPOINT((-1.8370535714268008,-7.4142857142883454));
#6673=IFCCARTESIANPOINT((-1.8370535714361365,-1.0142857142800545));
#6674=IFCPOLYLINE((#6670,#6671,#6672,#6673,#6670));
#6675=IFCARBITRARYPROFILEDEFWITHVOIDS(.AREA.,'Cantoneira 2',#6669,(#6674));
#6676=IFCCARTESIANPOINT((6167.6158604181819,7632.0299178411497,909.68767857144564));
#6677=IFCAXIS2PLACEMENT3D(#6676,#1684,#34);
#6678=IFCEXTRUDEDAREASOLID(#6675,#6677,#34,894.00548821347058);
#6679=IFCSTYLEDITEM(#6678,(#3795),$);
#6680=IFCSHAPEREPRESENTATION(#15,'Body','SweptSolid',(#6678));
#6681=IFCAXIS2PLACEMENT3D(#10,$,$);
#6682=IFCREPRESENTATIONMAP(#6681,#6680);
#6683=IFCBUILDINGELEMENTPROXYTYPE('0LTDyIvC5DtPgxFIQIxVQD',#6,'Cantoneira 8:Cantoneira 2',$,$,$,(#6682),'514929',$,.NOTDEFINED.);
#6684=IFCMAPPEDITEM(#6682,#194);
#6685=IFCSHAPEREPRESENTATION(#15,'Body','MappedRepresentation',(#6684));
#6686=IFCPRODUCTDEFINITIONSHAPE($,$,(#6685));
#6687=IFCAXIS2PLACEMENT3D(#10,$,$);
#6688=IFCLOCALPLACEMENT(#24,#6687);
#6689=IFCBUILDINGELEMENTPROXY('0LTDyIvC5DtPgxFIQIxVQF',#6,'Cantoneira 8:Cantoneira 2:514931',$,$,#6688,#6686,'514931',$);
#6690=IFCPROPERTYSET('3q$zOysWVwsFaDUWyplsrM',#6,'Pset_BuildingElementProxyCommon',$,(#3812));
#6691=IFCPROPERTYSET('1PRu7QEF0Ury0JzgqmYuyx',#6,'Pset_QuantityTakeOff',$,(#3812));
#6692=IFCRELDEFINESBYPROPERTIES('2D9tS5r8UUSqpnvbqQRWjn',#6,$,$,(#6689),#6690);
#6693=IFCRELDEFINESBYPROPERTIES('067d2eRqHdFPtv8nhbaQCN',#6,$,$,(#6689),#6691);
#6694=IFCCARTESIANPOINT((1.6026785714287319,-7.7142857142884633));
#6695=IFCCARTESIANPOINT((2.7589285714311758,-7.7142857142884633));
#6696=IFCCARTESIANPOINT((2.7589285714278104,12.285714285712404));
#6697=IFCCARTESIANPOINT((1.8370535714282907,12.28571428571283));
#6698=IFCCARTESIANPOINT((1.8370535714296663,-0.71428571427880172));
#6699=IFCCARTESIANPOINT((-5.3973214285705842,-0.71428571428013332));
#6700=IFCCARTESIANPOINT((-5.3973214285696773,-7.714285714289371));
#6701=IFCPOLYLINE((#6694,#6695,#6696,#6697,#6698,#6699,#6700,#6694));
#6702=IFCCARTESIANPOINT((-5.0973214285714956,-1.0142857142603336));
#6703=IFCCARTESIANPOINT((1.8370535714374865,-1.0142857142798163));
#6704=IFCCARTESIANPOINT((1.8370535714292506,-7.4142857142881073));
#6705=IFCCARTESIANPOINT((-5.0973214285710684,-7.4142857142891989));
#6706=IFCPOLYLINE((#6702,#6703,#6704,#6705,#6702));
#6707=IFCARBITRARYPROFILEDEFWITHVOIDS(.AREA.,'Cantoneira 2',#6701,(#6706));
#6708=IFCCARTESIANPOINT((5399.3839731568132,6715.8516382330035,7.9985361410459968));
#6709=IFCAXIS2PLACEMENT3D(#6708,#34,#1684);
#6710=IFCEXTRUDEDAREASOLID(#6707,#6709,#34,898.91968119955789);
#6711=IFCSTYLEDITEM(#6710,(#3795),$);
#6712=IFCSHAPEREPRESENTATION(#15,'Body','SweptSolid',(#6710));
#6713=IFCAXIS2PLACEMENT3D(#10,$,$);
#6714=IFCREPRESENTATIONMAP(#6713,#6712);
#6715=IFCBUILDINGELEMENTPROXYTYPE('0LTDyIvC5DtPgxFIQIxV4q',#6,'Cantoneira 7:Cantoneira 2',$,$,$,(#6714),'515272',$,.NOTDEFINED.);
#6716=IFCMAPPEDITEM(#6714,#194);
#6717=IFCSHAPEREPRESENTATION(#15,'Body','MappedRepresentation',(#6716));
#6718=IFCPRODUCTDEFINITIONSHAPE($,$,(#6717));
#6719=IFCCARTESIANPOINT((919.59159630183819,913.41935103669402,0.));
#6720=IFCAXIS2PLACEMENT3D(#6719,$,$);
#6721=IFCLOCALPLACEMENT(#24,#6720);
#6722=IFCBUILDINGELEMENTPROXY('0LTDyIvC5DtPgxFIQIxV4s',#6,'Cantoneira 7:Cantoneira 2:515274',$,$,#6721,#6718,'515274',$);
#6723=IFCPROPERTYSET('1jass$7t8R0Rdj3yH8Vb5K',#6,'Pset_BuildingElementProxyCommon',$,(#3812));
#6724=IFCPROPERTYSET('3RATtzgiXg2GfbaH2mBdlV',#6,'Pset_QuantityTakeOff',$,(#3812));
#6725=IFCRELDEFINESBYPROPERTIES('2kbpdrw8N7QCTKRc0wTcri',#6,$,$,(#6722),#6723);
#6726=IFCRELDEFINESBYPROPERTIES('2QPuZQ39zH6B258Zv_2bb8',#6,$,$,(#6722),#6724);
#6727=IFCCARTESIANPOINT((1.6026785714277842,-7.7142857142884633));
#6728=IFCCARTESIANPOINT((2.7589285714298222,-7.7142857142884633));
#6729=IFCCARTESIANPOINT((2.7589285714269982,12.285714285712404));
#6730=IFCCARTESIANPOINT((1.8370535714273433,12.28571428571283));
#6731=IFCCARTESIANPOINT((1.8370535714287188,-0.71428571427880172));
#6732=IFCCARTESIANPOINT((-5.3973214285715319,-0.71428571428013332));
#6733=IFCCARTESIANPOINT((-5.3973214285703541,-7.714285714289371));
#6734=IFCPOLYLINE((#6727,#6728,#6729,#6730,#6731,#6732,#6733,#6727));
#6735=IFCCARTESIANPOINT((-5.0973214285721724,-1.0142857142603336));
#6736=IFCCARTESIANPOINT((1.8370535714362681,-1.0142857142798163));
#6737=IFCCARTESIANPOINT((1.8370535714277618,-7.4142857142881073));
#6738=IFCCARTESIANPOINT((-5.0973214285716093,-7.4142857142891989));
#6739=IFCPOLYLINE((#6735,#6736,#6737,#6738,#6735));
#6740=IFCARBITRARYPROFILEDEFWITHVOIDS(.AREA.,'Cantoneira 2',#6734,(#6739));
#6741=IFCCARTESIANPOINT((6318.9755694586502,7632.0299178411497,909.68767857144564));
#6742=IFCAXIS2PLACEMENT3D(#6741,#1684,#1502);
#6743=IFCEXTRUDEDAREASOLID(#6740,#6742,#34,894.00548821347058);
#6744=IFCSTYLEDITEM(#6743,(#3795),$);
#6745=IFCSHAPEREPRESENTATION(#15,'Body','SweptSolid',(#6743));
#6746=IFCAXIS2PLACEMENT3D(#10,$,$);
#6747=IFCREPRESENTATIONMAP(#6746,#6745);
#6748=IFCBUILDINGELEMENTPROXYTYPE('0LTDyIvC5DtPgxFIQIxV4d',#6,'Cantoneira 9:Cantoneira 2',$,$,$,(#6747),'515291',$,.NOTDEFINED.);
#6749=IFCMAPPEDITEM(#6747,#194);
#6750=IFCSHAPEREPRESENTATION(#15,'Body','MappedRepresentation',(#6749));
#6751=IFCPRODUCTDEFINITIONSHAPE($,$,(#6750));
#6752=IFCAXIS2PLACEMENT3D(#10,$,$);
#6753=IFCLOCALPLACEMENT(#24,#6752);
#6754=IFCBUILDINGELEMENTPROXY('0LTDyIvC5DtPgxFIQIxV4X',#6,'Cantoneira 9:Cantoneira 2:515293',$,$,#6753,#6751,'515293',$);
#6755=IFCPROPERTYSET('3gzAOYWaV2URYzddmTQQXx',#6,'Pset_BuildingElementProxyCommon',$,(#3812));
#6756=IFCPROPERTYSET('3YL0opfH6lKyY9e1Yo$EtO',#6,'Pset_QuantityTakeOff',$,(#3812));
#6757=IFCRELDEFINESBYPROPERTIES('3smQ4yLsq_L$ml6do8ZDPJ',#6,$,$,(#6754),#6755);
#6758=IFCRELDEFINESBYPROPERTIES('2WOyXu7HxchqpN3MjXrxCQ',#6,$,$,(#6754),#6756);
#6759=IFCCARTESIANPOINT((1.6026785714351441,-7.7142857142869632));
#6760=IFCCARTESIANPOINT((2.7589285714371825,-7.7142857142869632));
#6761=IFCCARTESIANPOINT((2.7589285714156278,12.285714285714988));
#6762=IFCCARTESIANPOINT((1.8370535714159726,12.285714285714549));
#6763=IFCCARTESIANPOINT((1.8370535714295231,-0.71428571427708132));
#6764=IFCCARTESIANPOINT((-5.3973214285707272,-0.71428571428518817));
#6765=IFCCARTESIANPOINT((-5.3973214285629938,-7.7142857142944257));
#6766=IFCPOLYLINE((#6759,#6760,#6761,#6762,#6763,#6764,#6765,#6759));
#6767=IFCCARTESIANPOINT((-5.0973214285710871,-1.0142857142651074));
#6768=IFCCARTESIANPOINT((1.8370535714373535,-1.0142857142780959));
#6769=IFCCARTESIANPOINT((1.8370535714348408,-7.4142857142863869));
#6770=IFCCARTESIANPOINT((-5.0973214285645305,-7.414285714293972));
#6771=IFCPOLYLINE((#6767,#6768,#6769,#6770,#6767));
#6772=IFCARBITRARYPROFILEDEFWITHVOIDS(.AREA.,'Cantoneira 2',#6766,(#6771));
#6773=IFCCARTESIANPOINT((6166.8931710057486,7631.6004535554121,909.6876785714453));
#6774=IFCAXIS2PLACEMENT3D(#6773,#1267,#1502);
#6775=IFCEXTRUDEDAREASOLID(#6772,#6774,#34,152.79668416720148);
#6776=IFCSTYLEDITEM(#6775,(#3795),$);
#6777=IFCSHAPEREPRESENTATION(#15,'Body','SweptSolid',(#6775));
#6778=IFCAXIS2PLACEMENT3D(#10,$,$);
#6779=IFCREPRESENTATIONMAP(#6778,#6777);
#6780=IFCBUILDINGELEMENTPROXYTYPE('0LTDyIvC5DtPgxFIQIxV22',#6,'Cantoneira 10:Cantoneira 2',$,$,$,(#6779),'515454',$,.NOTDEFINED.);
#6781=IFCMAPPEDITEM(#6779,#194);
#6782=IFCSHAPEREPRESENTATION(#15,'Body','MappedRepresentation',(#6781));
#6783=IFCPRODUCTDEFINITIONSHAPE($,$,(#6782));
#6784=IFCAXIS2PLACEMENT3D(#10,$,$);
#6785=IFCLOCALPLACEMENT(#24,#6784);
#6786=IFCBUILDINGELEMENTPROXY('0LTDyIvC5DtPgxFIQIxV1y',#6,'Cantoneira 10:Cantoneira 2:515456',$,$,#6785,#6783,'515456',$);
#6787=IFCPROPERTYSET('1FX6hviHppwBa4bLStsUIC',#6,'Pset_BuildingElementProxyCommon',$,(#3812));
#6788=IFCPROPERTYSET('0zjBk0Y9K8X6k0$bMg3Lsb',#6,'Pset_QuantityTakeOff',$,(#3812));
#6789=IFCRELDEFINESBYPROPERTIES('2VG0B_0b9E5CFoq1zDfQL_',#6,$,$,(#6786),#6787);
#6790=IFCRELDEFINESBYPROPERTIES('0rVmZvA$iUW92y5C83Gc_g',#6,$,$,(#6786),#6788);
#6791=IFCCARTESIANPOINT((-2.1658230764387554E-012,0.));
#6792=IFCAXIS2PLACEMENT2D(#6791,#170);
#6793=IFCRECTANGLEPROFILEDEF(.AREA.,'Modelos gen\X\E9ricos 33',#6792,8.156250000006267,7.0000000000114024);
#6794=IFCCARTESIANPOINT((7082.9931710057344,6714.5324418044502,0.));
#6795=IFCAXIS2PLACEMENT3D(#6794,#34,#1684);
#6796=IFCEXTRUDEDAREASOLID(#6793,#6795,#34,8.1499999999999062);
#6797=IFCCARTESIANPOINT((-1.624256285026604E-012,-5.4134474680722633E-013));
#6798=IFCAXIS2PLACEMENT2D(#6797,#170);
#6799=IFCRECTANGLEPROFILEDEF(.AREA.,'Modelos gen\X\E9ricos 33',#6798,6.9343750000078987,6.4000000000093733);
#6800=IFCCARTESIANPOINT((7082.9931710057317,6714.2215043044525,-12.346668762216336));
#6801=IFCAXIS2PLACEMENT3D(#6800,#34,#1684);
#6802=IFCEXTRUDEDAREASOLID(#6799,#6801,#34,12.346668762216336);
#6803=IFCSTYLEDITEM(#6796,(#3795),$);
#6804=IFCSTYLEDITEM(#6802,(#3795),$);
#6805=IFCSHAPEREPRESENTATION(#15,'Body','SweptSolid',(#6796,#6802));
#6806=IFCAXIS2PLACEMENT3D(#10,$,$);
#6807=IFCREPRESENTATIONMAP(#6806,#6805);
#6808=IFCBUILDINGELEMENTPROXYTYPE('0LTDyIvC5DtPgxFIQIxSXq',#6,'Modelos gen\X\E9ricos 26:Modelos gen\X\E9ricos 33',$,$,$,(#6807),'517512',$,.NOTDEFINED.);
#6809=IFCMAPPEDITEM(#6807,#194);
#6810=IFCSHAPEREPRESENTATION(#15,'Body','MappedRepresentation',(#6809));
#6811=IFCPRODUCTDEFINITIONSHAPE($,$,(#6810));
#6812=IFCCARTESIANPOINT((-919.58175342625566,913.44828416319751,906.89323692903304));
#6813=IFCAXIS2PLACEMENT3D(#6812,$,$);
#6814=IFCLOCALPLACEMENT(#24,#6813);
#6815=IFCBUILDINGELEMENTPROXY('0LTDyIvC5DtPgxFIQIxSXs',#6,'Modelos gen\X\E9ricos 26:Modelos gen\X\E9ricos 33:517514',$,$,#6814,#6811,'517514',$);
#6816=IFCPROPERTYSET('0w5EXgmsgKoGsMUlERk0Oc',#6,'Pset_BuildingElementProxyCommon',$,(#6274));
#6817=IFCPROPERTYSET('0UkDUnyg_iEvyZJk3dtrgI',#6,'Pset_QuantityTakeOff',$,(#6274));
#6818=IFCRELDEFINESBYPROPERTIES('2Lk1PFcpchFpWmQpDCaiZX',#6,$,$,(#6815),#6816);
#6819=IFCRELDEFINESBYPROPERTIES('0xSvTrc8Ull9_eRvxjMbCf',#6,$,$,(#6815),#6817);
#6820=IFCCARTESIANPOINT((-2.1658230764387554E-012,0.));
#6821=IFCAXIS2PLACEMENT2D(#6820,#170);
#6822=IFCRECTANGLEPROFILEDEF(.AREA.,'Modelos gen\X\E9ricos 33',#6821,8.156250000006267,7.0000000000114024);
#6823=IFCCARTESIANPOINT((7082.9931710057344,6714.5324418044502,0.));
#6824=IFCAXIS2PLACEMENT3D(#6823,#34,#1684);
#6825=IFCEXTRUDEDAREASOLID(#6822,#6824,#34,8.1499999999999062);
#6826=IFCCARTESIANPOINT((-1.624256285026604E-012,-5.4134474680722633E-013));
#6827=IFCAXIS2PLACEMENT2D(#6826,#170);
#6828=IFCRECTANGLEPROFILEDEF(.AREA.,'Modelos gen\X\E9ricos 33',#6827,6.9343750000078987,6.4000000000093733);
#6829=IFCCARTESIANPOINT((7082.9931710057317,6714.2215043044525,-12.346668762216336));
#6830=IFCAXIS2PLACEMENT3D(#6829,#34,#1684);
#6831=IFCEXTRUDEDAREASOLID(#6828,#6830,#34,12.346668762216336);
#6832=IFCSTYLEDITEM(#6825,(#3795),$);
#6833=IFCSTYLEDITEM(#6831,(#3795),$);
#6834=IFCSHAPEREPRESENTATION(#15,'Body','SweptSolid',(#6825,#6831));
#6835=IFCAXIS2PLACEMENT3D(#10,$,$);
#6836=IFCREPRESENTATIONMAP(#6835,#6834);
#6837=IFCBUILDINGELEMENTPROXYTYPE('0LTDyIvC5DtPgxFIQIxSlq',#6,'Modelos gen\X\E9ricos 27:Modelos gen\X\E9ricos 33',$,$,$,(#6836),'517640',$,.NOTDEFINED.);
#6838=IFCMAPPEDITEM(#6836,#194);
#6839=IFCSHAPEREPRESENTATION(#15,'Body','MappedRepresentation',(#6838));
#6840=IFCPRODUCTDEFINITIONSHAPE($,$,(#6839));
#6841=IFCCARTESIANPOINT((-759.79347295720891,913.44828416319751,906.89323692903304));
#6842=IFCAXIS2PLACEMENT3D(#6841,$,$);
#6843=IFCLOCALPLACEMENT(#24,#6842);
#6844=IFCBUILDINGELEMENTPROXY('0LTDyIvC5DtPgxFIQIxSls',#6,'Modelos gen\X\E9ricos 27:Modelos gen\X\E9ricos 33:517642',$,$,#6843,#6840,'517642',$);
#6845=IFCPROPERTYSET('1_ECvQ5PF38duAZE26EcgW',#6,'Pset_BuildingElementProxyCommon',$,(#6274));
#6846=IFCPROPERTYSET('2T4wfRGr8FtdexEgbJYT9R',#6,'Pset_QuantityTakeOff',$,(#6274));
#6847=IFCRELDEFINESBYPROPERTIES('3oOcjsNKAdzc_eJEOwZJah',#6,$,$,(#6844),#6845);
#6848=IFCRELDEFINESBYPROPERTIES('0r74XvaWYV5lTc6yViJ71x',#6,$,$,(#6844),#6846);
#6849=IFCAXIS2PLACEMENT3D(#10,$,$);
#6850=IFCLOCALPLACEMENT(#24,#6849);
#6851=IFCCARTESIANPOINT((-1.2557038768694271,-13.812742645571294));
#6852=IFCCARTESIANPOINT((1.2557038768705098,-13.812742645571294));
#6853=IFCCARTESIANPOINT((1.2557038768705098,3.7671116306103452));
#6854=IFCCARTESIANPOINT((7.8481492304382501,3.7671116306103452));
#6855=IFCCARTESIANPOINT((7.8481492304382501,6.2785193843505862));
#6856=IFCCARTESIANPOINT((-7.8481492304382501,6.2785193843505862));
#6857=IFCCARTESIANPOINT((-7.8481492304382501,3.7671116306103452));
#6858=IFCCARTESIANPOINT((-1.2557038768694271,3.7671116306103452));
#6859=IFCPOLYLINE((#6851,#6852,#6853,#6854,#6855,#6856,#6857,#6858,#6851));
#6860=IFCARBITRARYCLOSEDPROFILEDEF(.AREA.,'600mm Arial',#6859);
#6861=IFCCARTESIANPOINT((7051.7153113184222,8736.0354060546251,128.26569937069135));
#6862=IFCAXIS2PLACEMENT3D(#6861,#1684,#199);
#6863=IFCEXTRUDEDAREASOLID(#6860,#6862,#34,9.9999999999998916);
#6864=IFCCARTESIANPOINT((-1.6910928246029002,-3.7629748290274097));
#6865=IFCCARTESIANPOINT((-3.1778806463154492,-5.7507405600749655));
#6866=IFCCARTESIANPOINT((0.753533832388671,-6.3505837195615431));
#6867=IFCCARTESIANPOINT((4.5648773459864325,-4.0697470485887894));
#6868=IFCCARTESIANPOINT((6.7615733785330381,1.0603304169993057));
#6869=IFCCARTESIANPOINT((4.092666438708374,6.3257151254628319));
#6870=IFCCARTESIANPOINT((-1.4031953969045299,8.9344160273868489));
#6871=IFCCARTESIANPOINT((-6.3900063700370104,6.7297038934763371));
#6872=IFCCARTESIANPOINT((-8.3329728963005874,1.7806993558541593));
#6873=IFCCARTESIANPOINT((-5.5235852013729998,-3.5899180024254487));
#6874=IFCCARTESIANPOINT((2.8220290949001425,4.0605126947381773));
#6875=IFCCARTESIANPOINT((4.1614570958001167,0.75406986348258731));
#6876=IFCCARTESIANPOINT((2.7260632856671765,-2.3585083886945881));
#6877=IFCCARTESIANPOINT((0.63653286354943084,-3.7629748290274092));
#6878=IFCPOLYLINE((#6864,#6865,#6866,#6867,#6868,#6869,#6870,#6871,#6872,#6873,#6874,#6875,#6876,#6877,#6864));
#6879=IFCCARTESIANPOINT((1.0173261042132258,5.806999459919151));
#6880=IFCCARTESIANPOINT((-5.0953775739205724,-0.50946100748545953));
#6881=IFCCARTESIANPOINT((-6.0316127317654988,1.7958787818403494));
#6882=IFCCARTESIANPOINT((-4.578481165423022,4.9902667493533386));
#6883=IFCCARTESIANPOINT((-1.7527770088544028,6.5594328042282024));
#6884=IFCPOLYLINE((#6879,#6880,#6881,#6882,#6883,#6879));
#6885=IFCARBITRARYPROFILEDEFWITHVOIDS(.AREA.,'600mm Arial',#6878,(#6884));
#6886=IFCCARTESIANPOINT((7034.9057318673795,8736.0354060546233,120.24955069578903));
#6887=IFCDIRECTION((0.6954214275160735,0.,-0.71860214176657344));
#6888=IFCAXIS2PLACEMENT3D(#6886,#35,#6887);
#6889=IFCEXTRUDEDAREASOLID(#6885,#6888,#1502,9.9999999999998916);
#6890=IFCCARTESIANPOINT((-6.9095245970308614,-7.8579594169762759));
#6891=IFCCARTESIANPOINT((-3.8879871433131257,-7.8579594169762759));
#6892=IFCCARTESIANPOINT((0.4922611459253261,-3.3943245421645312));
#6893=IFCCARTESIANPOINT((3.5726597188731435,-7.8579594169762759));
#6894=IFCCARTESIANPOINT((6.589292079321976,-7.8579594169762759));
#6895=IFCCARTESIANPOINT((1.478184892999687,-0.44145839421214478));
#6896=IFCCARTESIANPOINT((6.7854958100835008,6.8965611362475965));
#6897=IFCCARTESIANPOINT((3.7639583563646823,6.8965611362475965));
#6898=IFCCARTESIANPOINT((0.9876755660974994,3.0607781998709203));
#6899=IFCCARTESIANPOINT((-0.0031532742457642373,1.6971622710822656));
#6900=IFCCARTESIANPOINT((-1.1460400059282621,3.3599888892813827));
#6901=IFCCARTESIANPOINT((-3.5838713606335748,6.8965611362475965));
#6902=IFCCARTESIANPOINT((-6.5955986278135041,6.8965611362475965));
#6903=IFCCARTESIANPOINT((-1.5433525607191314,-0.43655330094312361));
#6904=IFCPOLYLINE((#6890,#6891,#6892,#6893,#6894,#6895,#6896,#6897,#6898,#6899,#6900,#6901,#6902,#6903,#6890));
#6905=IFCARBITRARYCLOSEDPROFILEDEF(.AREA.,'600mm Arial',#6904);
#6906=IFCCARTESIANPOINT((7020.6334870916407,8736.0354060546233,122.31091614209633));
#6907=IFCAXIS2PLACEMENT3D(#6906,#1684,#199);
#6908=IFCEXTRUDEDAREASOLID(#6905,#6907,#34,9.9999999999998916);
#6909=IFCCARTESIANPOINT((-7.2889188574045258,0.93472420624726182));
#6910=IFCCARTESIANPOINT((-10.653978624973011,2.056585386142936));
#6911=IFCCARTESIANPOINT((-10.63627473590698,0.16270497186060501));
#6912=IFCCARTESIANPOINT((-9.9366860761815072,-1.8652063149026876));
#6913=IFCCARTESIANPOINT((-5.8453774522255788,-2.6693915497830889));
#6914=IFCCARTESIANPOINT((2.274688489457465,-1.5532912109527501));
#6915=IFCCARTESIANPOINT((2.5311711525998111,-3.4193027738530275));
#6916=IFCCARTESIANPOINT((5.0191865698001079,-3.0773258896632427));
#6917=IFCCARTESIANPOINT((4.7627039066577623,-1.2113143267629656));
#6918=IFCCARTESIANPOINT((8.3149290433246144,-0.72306217374981263));
#6919=IFCCARTESIANPOINT((9.435633097762393,1.965998247632085));
#6920=IFCCARTESIANPOINT((4.4207270224680162,1.2767010904370464));
#6921=IFCCARTESIANPOINT((4.0787501382782709,3.7647165076370581));
#6922=IFCCARTESIANPOINT((1.5907347210779734,3.4227396234472733));
#6923=IFCCARTESIANPOINT((1.9327116052677193,0.93472420624726149));
#6924=IFCPOLYLINE((#6909,#6910,#6911,#6912,#6913,#6914,#6915,#6916,#6917,#6918,#6919,#6920,#6921,#6922,#6923,#6909));
#6925=IFCARBITRARYCLOSEDPROFILEDEF(.AREA.,'600mm Arial',#6924);
#6926=IFCCARTESIANPOINT((7009.6842211085905,8736.0354060546233,124.65407919670902));
#6927=IFCDIRECTION((0.1361693988881259,0.,0.99068556808224806));
#6928=IFCAXIS2PLACEMENT3D(#6926,#35,#6927);
#6929=IFCEXTRUDEDAREASOLID(#6925,#6928,#1502,9.9999999999998916);
#6930=IFCCARTESIANPOINT((-2.6728607379834051,-6.6216453498978245));
#6931=IFCCARTESIANPOINT((3.3204090613329438,-6.6216453498978245));
#6932=IFCCARTESIANPOINT((6.6601109956860745,-2.6751256926614784));
#6933=IFCCARTESIANPOINT((6.8369142878837303,0.83917858807249968));
#6934=IFCCARTESIANPOINT((5.1491340929179303,3.8673197310264924));
#6935=IFCCARTESIANPOINT((1.1397193730113031,6.0016671151608039));
#6936=IFCCARTESIANPOINT((-4.656246121705923,5.9181004241328248));
#6937=IFCCARTESIANPOINT((-7.9940090559137378,2.001855062638465));
#6938=IFCCARTESIANPOINT((-7.7831718952306757,-2.70970452857908));
#6939=IFCPOLYLINE((#6930,#6931,#6932,#6933,#6934,#6935,#6936,#6937,#6938,#6930));
#6940=IFCCARTESIANPOINT((-1.9139449131550583,-4.2276445695491285));
#6941=IFCCARTESIANPOINT((-5.2637362721749144,-1.9382524455676429));
#6942=IFCCARTESIANPOINT((-5.60149965973417,1.2382663678956152));
#6943=IFCCARTESIANPOINT((-3.4865533169054284,3.6139620635425653));
#6944=IFCCARTESIANPOINT((0.49295242612887624,3.5718731147460372));
#6945=IFCCARTESIANPOINT((3.9151732688221208,1.2593645361385517));
#6946=IFCCARTESIANPOINT((4.2676015995065235,-1.9115369979186341));
#6947=IFCCARTESIANPOINT((2.1474354120844312,-4.3035877382671686));
#6948=IFCPOLYLINE((#6940,#6941,#6942,#6943,#6944,#6945,#6946,#6947,#6940));
#6949=IFCARBITRARYPROFILEDEFWITHVOIDS(.AREA.,'600mm Arial',#6939,(#6948));
#6950=IFCCARTESIANPOINT((6997.5055830350766,8736.0354060546233,121.29719686649806));
#6951=IFCDIRECTION((-0.30404807566817321,0.,-0.95265668930758096));
#6952=IFCAXIS2PLACEMENT3D(#6950,#1684,#6951);
#6953=IFCEXTRUDEDAREASOLID(#6949,#6952,#34,9.9999999999998916);
#6954=IFCCARTESIANPOINT((3.3883683574806556,-8.6539859817778648));
#6955=IFCCARTESIANPOINT((5.899776111220592,-8.6539859817778648));
#6956=IFCCARTESIANPOINT((5.899776111220592,11.437276048144016));
#6957=IFCCARTESIANPOINT((3.3883683574806556,11.437276048144016));
#6958=IFCCARTESIANPOINT((3.3883683574806556,3.9521037196135538));
#6959=IFCCARTESIANPOINT((1.7353519258192762,5.7302000296347115));
#6960=IFCCARTESIANPOINT((-0.57985209716021868,6.4144605406635495));
#6961=IFCCARTESIANPOINT((-3.7853305484666806,5.457967353203891));
#6962=IFCCARTESIANPOINT((-5.9386664935680527,2.7062100292814755));
#6963=IFCCARTESIANPOINT((-6.6572626574801745,-1.2914409849730015));
#6964=IFCCARTESIANPOINT((-5.8773528277051446,-5.2866394525929596));
#6965=IFCCARTESIANPOINT((-3.6798710431825641,-7.9967034837286697));
#6966=IFCCARTESIANPOINT((-0.57004191062133036,-8.9679119509953917));
#6967=IFCCARTESIANPOINT((3.3883683574806556,-6.2848259328393237));
#6968=IFCPOLYLINE((#6954,#6955,#6956,#6957,#6958,#6959,#6960,#6961,#6962,#6963,#6964,#6965,#6966,#6967,#6954));
#6969=IFCCARTESIANPOINT((-4.1458549037402381,-1.2816307984349591));
#6970=IFCCARTESIANPOINT((-3.0863547576312529,2.6547065499567273));
#6971=IFCCARTESIANPOINT((-0.44250948562660997,3.903052786923308));
#6972=IFCCARTESIANPOINT((2.2822698253154701,2.6032030706319795));
#6973=IFCCARTESIANPOINT((3.3883683574806556,-1.4729294359268874));
#6974=IFCCARTESIANPOINT((2.3018901983921638,-5.2277783333646708));
#6975=IFCCARTESIANPOINT((-0.33950252697748623,-6.4565041972551667));
#6976=IFCCARTESIANPOINT((-3.0127783585955457,-5.1689172141363828));
#6977=IFCPOLYLINE((#6969,#6970,#6971,#6972,#6973,#6974,#6975,#6976,#6969));
#6978=IFCARBITRARYPROFILEDEFWITHVOIDS(.AREA.,'600mm Arial',#6968,(#6977));
#6979=IFCCARTESIANPOINT((6975.0525575254323,8736.0354060546233,123.10694270689791));
#6980=IFCAXIS2PLACEMENT3D(#6979,#1684,#199);
#6981=IFCEXTRUDEDAREASOLID(#6978,#6980,#34,9.9999999999998916);
#6982=IFCCARTESIANPOINT((-2.6728607379830756,-6.6216453498967933));
#6983=IFCCARTESIANPOINT((3.3204090613332733,-6.6216453498967924));
#6984=IFCCARTESIANPOINT((6.6601109956860745,-2.6751256926614793));
#6985=IFCCARTESIANPOINT((6.8369142878837303,0.83917858807249912));
#6986=IFCCARTESIANPOINT((5.149134092918259,3.8673197310275227));
#6987=IFCCARTESIANPOINT((1.1397193730116326,6.0016671151618359));
#6988=IFCCARTESIANPOINT((-4.6562461217055944,5.9181004241338568));
#6989=IFCCARTESIANPOINT((-7.9940090559137378,2.0018550626384655));
#6990=IFCCARTESIANPOINT((-7.7831718952306757,-2.70970452857908));
#6991=IFCPOLYLINE((#6982,#6983,#6984,#6985,#6986,#6987,#6988,#6989,#6990,#6982));
#6992=IFCCARTESIANPOINT((-1.9139449131547293,-4.2276445695480973));
#6993=IFCCARTESIANPOINT((-5.2637362721745857,-1.938252445566611));
#6994=IFCCARTESIANPOINT((-5.60149965973417,1.2382663678956156));
#6995=IFCCARTESIANPOINT((-3.4865533169050993,3.6139620635435969));
#6996=IFCCARTESIANPOINT((0.49295242612887624,3.5718731147460372));
#6997=IFCCARTESIANPOINT((3.9151732688224503,1.2593645361395831));
#6998=IFCCARTESIANPOINT((4.2676015995065235,-1.9115369979186341));
#6999=IFCCARTESIANPOINT((2.1474354120847607,-4.3035877382661374));
#7000=IFCPOLYLINE((#6992,#6993,#6994,#6995,#6996,#6997,#6998,#6999,#6992));
#7001=IFCARBITRARYPROFILEDEFWITHVOIDS(.AREA.,'600mm Arial',#6991,(#7000));
#7002=IFCCARTESIANPOINT((6958.8926888213218,8736.0354060546233,121.29719686649806));
#7003=IFCDIRECTION((-0.30404807566817321,0.,-0.95265668930758096));
#7004=IFCAXIS2PLACEMENT3D(#7002,#1684,#7003);
#7005=IFCEXTRUDEDAREASOLID(#7001,#7004,#34,9.9999999999998916);
#7006=IFCCARTESIANPOINT((-9.0570660638185991,-9.2411957188410145));
#7007=IFCCARTESIANPOINT((-6.5456583100786618,-9.2411957188410145));
#7008=IFCCARTESIANPOINT((-6.5456583100786618,-1.8001692297317615));
#7009=IFCCARTESIANPOINT((-6.1630610350945005,1.1968427576418326));
#7010=IFCCARTESIANPOINT((-4.9269775313006852,2.7762827902675213));
#7011=IFCCARTESIANPOINT((-3.0679471823399753,3.3158430498601579));
#7012=IFCCARTESIANPOINT((-1.1623184473252308,2.5065026604712202));
#7013=IFCCARTESIANPOINT((-0.58106489494563507,0.07357639903536875));
#7014=IFCCARTESIANPOINT((-0.58106489494563507,-9.2411957188410145));
#7015=IFCCARTESIANPOINT((1.9303428587953846,-9.2411957188410145));
#7016=IFCCARTESIANPOINT((1.9303428587953846,-0.91234734803843376));
#7017=IFCCARTESIANPOINT((2.9138140592336699,2.3102989297102536));
#7018=IFCCARTESIANPOINT((7.6619443436495747,1.8909134552087128));
#7019=IFCCARTESIANPOINT((7.8949362739284119,-0.20601391729899188));
#7020=IFCCARTESIANPOINT((7.8949362739284119,-9.2411957188410145));
#7021=IFCCARTESIANPOINT((10.406344027668348,-9.2411957188410145));
#7022=IFCCARTESIANPOINT((10.406344027668348,0.8731066018862641));
#7023=IFCCARTESIANPOINT((9.2560996560819557,4.6132402195169844));
#7024=IFCCARTESIANPOINT((5.9721397124708835,5.8272508036003998));
#7025=IFCCARTESIANPOINT((1.537935397273418,2.9087203085311786));
#7026=IFCCARTESIANPOINT((0.15469909540818777,5.0596037069981499));
#7027=IFCCARTESIANPOINT((-2.3616137516006517,5.8272508036003998));
#7028=IFCCARTESIANPOINT((-4.8190654793815755,5.0743189868052143));
#7029=IFCCARTESIANPOINT((-6.5456583100786618,3.0853036662160434));
#7030=IFCCARTESIANPOINT((-6.5456583100786618,5.5133248343828569));
#7031=IFCCARTESIANPOINT((-9.0570660638185991,5.5133248343828569));
#7032=IFCPOLYLINE((#7006,#7007,#7008,#7009,#7010,#7011,#7012,#7013,#7014,#7015,#7016,#7017,#7018,#7019,#7020,#7021,#7022,#7023,#7024,#7025,#7026,#7027,#7028,#7029,#7030,#7031,#7006));
#7033=IFCARBITRARYCLOSEDPROFILEDEF(.AREA.,'600mm Arial',#7032);
#7034=IFCCARTESIANPOINT((6933.0980819976849,8736.0354060546251,123.69415244396107));
#7035=IFCAXIS2PLACEMENT3D(#7034,#1684,#199);
#7036=IFCEXTRUDEDAREASOLID(#7033,#7035,#34,9.9999999999998916);
#7037=IFCCARTESIANPOINT((-2.6728607379834051,-6.6216453498978245));
#7038=IFCCARTESIANPOINT((3.3204090613329438,-6.6216453498978245));
#7039=IFCCARTESIANPOINT((6.6601109956860745,-2.6751256926614784));
#7040=IFCCARTESIANPOINT((6.8369142878837303,0.83917858807249968));
#7041=IFCCARTESIANPOINT((5.149134092918259,3.8673197310275236));
#7042=IFCCARTESIANPOINT((1.1397193730113031,6.0016671151608039));
#7043=IFCCARTESIANPOINT((-4.6562461217055944,5.9181004241338568));
#7044=IFCCARTESIANPOINT((-7.9940090559137378,2.001855062638465));
#7045=IFCCARTESIANPOINT((-7.7831718952306757,-2.70970452857908));
#7046=IFCPOLYLINE((#7037,#7038,#7039,#7040,#7041,#7042,#7043,#7044,#7045,#7037));
#7047=IFCCARTESIANPOINT((-1.9139449131547293,-4.2276445695480973));
#7048=IFCCARTESIANPOINT((-5.2637362721749144,-1.9382524455676429));
#7049=IFCCARTESIANPOINT((-5.60149965973417,1.2382663678956152));
#7050=IFCCARTESIANPOINT((-3.4865533169050993,3.6139620635435969));
#7051=IFCCARTESIANPOINT((0.49295242612887624,3.5718731147460372));
#7052=IFCCARTESIANPOINT((3.9151732688221208,1.2593645361385517));
#7053=IFCCARTESIANPOINT((4.2676015995065235,-1.9115369979186341));
#7054=IFCCARTESIANPOINT((2.1474354120844312,-4.3035877382671686));
#7055=IFCPOLYLINE((#7047,#7048,#7049,#7050,#7051,#7052,#7053,#7054,#7047));
#7056=IFCARBITRARYPROFILEDEFWITHVOIDS(.AREA.,'600mm Arial',#7046,(#7055));
#7057=IFCCARTESIANPOINT((6912.4316453771262,8736.0354060546233,121.29719686649806));
#7058=IFCDIRECTION((-0.30404807566817321,0.,-0.95265668930758096));
#7059=IFCAXIS2PLACEMENT3D(#7057,#1684,#7058);
#7060=IFCEXTRUDEDAREASOLID(#7056,#7059,#34,9.9999999999998916);
#7061=IFCCARTESIANPOINT((3.3883683574817383,-8.6539859817778648));
#7062=IFCCARTESIANPOINT((5.8997761112216756,-8.6539859817778648));
#7063=IFCCARTESIANPOINT((5.8997761112216756,11.437276048144016));
#7064=IFCCARTESIANPOINT((3.3883683574817383,11.437276048144016));
#7065=IFCCARTESIANPOINT((3.3883683574817383,3.9521037196135538));
#7066=IFCCARTESIANPOINT((1.7353519258203591,5.7302000296347115));
#7067=IFCCARTESIANPOINT((-0.57985209715805297,6.4144605406635495));
#7068=IFCCARTESIANPOINT((-3.7853305484655979,5.457967353203891));
#7069=IFCCARTESIANPOINT((-5.93866649356697,2.7062100292814755));
#7070=IFCCARTESIANPOINT((-6.6572626574790918,-1.2914409849730015));
#7071=IFCCARTESIANPOINT((-5.877352827704061,-5.2866394525929596));
#7072=IFCCARTESIANPOINT((-3.6798710431814814,-7.9967034837286697));
#7073=IFCCARTESIANPOINT((-0.57004191062024745,-8.9679119509953917));
#7074=IFCCARTESIANPOINT((3.3883683574817383,-6.2848259328393237));
#7075=IFCPOLYLINE((#7061,#7062,#7063,#7064,#7065,#7066,#7067,#7068,#7069,#7070,#7071,#7072,#7073,#7074,#7061));
#7076=IFCCARTESIANPOINT((-4.1458549037391554,-1.2816307984349591));
#7077=IFCCARTESIANPOINT((-3.0863547576290871,2.6547065499567273));
#7078=IFCCARTESIANPOINT((-0.44250948562552711,3.903052786923308));
#7079=IFCCARTESIANPOINT((2.2822698253165528,2.6032030706319795));
#7080=IFCCARTESIANPOINT((3.3883683574817383,-1.4729294359268874));
#7081=IFCCARTESIANPOINT((2.3018901983932465,-5.2277783333646708));
#7082=IFCCARTESIANPOINT((-0.33950252697640337,-6.4565041972551667));
#7083=IFCCARTESIANPOINT((-3.012778358594463,-5.1689172141363828));
#7084=IFCPOLYLINE((#7076,#7077,#7078,#7079,#7080,#7081,#7082,#7083,#7076));
#7085=IFCARBITRARYPROFILEDEFWITHVOIDS(.AREA.,'600mm Arial',#7075,(#7084));
#7086=IFCCARTESIANPOINT((6897.826769097921,8736.0354060546233,123.10694270689791));
#7087=IFCAXIS2PLACEMENT3D(#7086,#1684,#199);
#7088=IFCEXTRUDEDAREASOLID(#7085,#7087,#34,9.9999999999998916);
#7089=IFCCARTESIANPOINT((-1.6910928246029002,-3.7629748290274097));
#7090=IFCCARTESIANPOINT((-3.1778806463154492,-5.7507405600749655));
#7091=IFCCARTESIANPOINT((0.753533832388671,-6.3505837195615431));
#7092=IFCCARTESIANPOINT((4.5648773459864325,-4.0697470485887894));
#7093=IFCCARTESIANPOINT((6.7615733785330381,1.0603304169993057));
#7094=IFCCARTESIANPOINT((4.092666438708374,6.3257151254628319));
#7095=IFCCARTESIANPOINT((-1.4031953969045299,8.9344160273868489));
#7096=IFCCARTESIANPOINT((-6.3900063700370104,6.7297038934763371));
#7097=IFCCARTESIANPOINT((-8.3329728963005874,1.7806993558541593));
#7098=IFCCARTESIANPOINT((-5.5235852013729998,-3.5899180024254487));
#7099=IFCCARTESIANPOINT((2.8220290949001425,4.0605126947381773));
#7100=IFCCARTESIANPOINT((4.1614570958001167,0.75406986348258731));
#7101=IFCCARTESIANPOINT((2.7260632856671765,-2.3585083886945881));
#7102=IFCCARTESIANPOINT((0.63653286354943084,-3.7629748290274092));
#7103=IFCPOLYLINE((#7089,#7090,#7091,#7092,#7093,#7094,#7095,#7096,#7097,#7098,#7099,#7100,#7101,#7102,#7089));
#7104=IFCCARTESIANPOINT((1.0173261042132258,5.806999459919151));
#7105=IFCCARTESIANPOINT((-5.0953775739205724,-0.50946100748545953));
#7106=IFCCARTESIANPOINT((-6.0316127317654988,1.7958787818403494));
#7107=IFCCARTESIANPOINT((-4.578481165423022,4.9902667493533386));
#7108=IFCCARTESIANPOINT((-1.7527770088544028,6.5594328042282024));
#7109=IFCPOLYLINE((#7104,#7105,#7106,#7107,#7108,#7104));
#7110=IFCARBITRARYPROFILEDEFWITHVOIDS(.AREA.,'600mm Arial',#7103,(#7109));
#7111=IFCCARTESIANPOINT((6881.709858889225,8736.0354060546233,120.24955069578903));
#7112=IFCDIRECTION((0.6954214275160735,0.,-0.71860214176657344));
#7113=IFCAXIS2PLACEMENT3D(#7111,#35,#7112);
#7114=IFCEXTRUDEDAREASOLID(#7110,#7113,#1502,9.9999999999998916);
#7115=IFCCARTESIANPOINT((1.0831335828243027E-012,-5.4134474680722633E-013));
#7116=IFCAXIS2PLACEMENT2D(#7115,#170);
#7117=IFCRECTANGLEPROFILEDEF(.AREA.,'600mm Arial',#7116,9.9999999999998934,2.5114077537399369);
#7118=IFCCARTESIANPOINT((6871.5218049875602,8741.0354060546269,114.45295672512005));
#7119=IFCAXIS2PLACEMENT3D(#7118,#34,#35);
#7120=IFCEXTRUDEDAREASOLID(#7117,#7119,#34,20.091262029921882);
#7121=IFCCARTESIANPOINT((-2.6728607379830756,-6.6216453498967933));
#7122=IFCCARTESIANPOINT((3.3204090613332733,-6.6216453498967924));
#7123=IFCCARTESIANPOINT((6.6601109956860745,-2.6751256926614793));
#7124=IFCCARTESIANPOINT((6.8369142878840599,0.83917858807353074));
#7125=IFCCARTESIANPOINT((5.149134092918259,3.8673197310275227));
#7126=IFCCARTESIANPOINT((1.1397193730116326,6.0016671151618359));
#7127=IFCCARTESIANPOINT((-4.6562461217055944,5.9181004241338568));
#7128=IFCCARTESIANPOINT((-7.9940090559137378,2.0018550626384655));
#7129=IFCCARTESIANPOINT((-7.7831718952303461,-2.7097045285780488));
#7130=IFCPOLYLINE((#7121,#7122,#7123,#7124,#7125,#7126,#7127,#7128,#7129,#7121));
#7131=IFCCARTESIANPOINT((-1.9139449131547293,-4.2276445695480973));
#7132=IFCCARTESIANPOINT((-5.2637362721745857,-1.938252445566611));
#7133=IFCCARTESIANPOINT((-5.60149965973417,1.2382663678956156));
#7134=IFCCARTESIANPOINT((-3.4865533169050993,3.6139620635435969));
#7135=IFCCARTESIANPOINT((0.49295242612887624,3.5718731147460372));
#7136=IFCCARTESIANPOINT((3.9151732688224503,1.2593645361395831));
#7137=IFCCARTESIANPOINT((4.2676015995065235,-1.9115369979186341));
#7138=IFCCARTESIANPOINT((2.1474354120847607,-4.3035877382661374));
#7139=IFCPOLYLINE((#7131,#7132,#7133,#7134,#7135,#7136,#7137,#7138,#7131));
#7140=IFCARBITRARYPROFILEDEFWITHVOIDS(.AREA.,'600mm Arial',#7130,(#7139));
#7141=IFCCARTESIANPOINT((6860.0060085178002,8736.0354060546269,121.29719686649806));
#7142=IFCDIRECTION((-0.30404807566817321,0.,-0.95265668930758096));
#7143=IFCAXIS2PLACEMENT3D(#7141,#1684,#7142);
#7144=IFCEXTRUDEDAREASOLID(#7140,#7143,#34,9.9999999999998916);
#7145=IFCSHAPEREPRESENTATION(#15,'Body','SweptSolid',(#6863,#6889,#6908,#6929,#6953,#6981,#7005,#7036,#7060,#7088,#7114,#7120,#7144));
#7146=IFCPRODUCTDEFINITIONSHAPE($,$,(#7145));
#7147=IFCBUILDINGELEMENTPROXY('2y4yE2$gn3qg3tD19AGeKu',#6,'Texto do modelo:600mm Arial:517903',$,$,#6850,#7146,'517903',$);
#7148=IFCBUILDINGELEMENTPROXYTYPE('0jcJ1wPir4ER5pN8ZIKb$6',#6,'Texto do modelo:600mm Arial',$,$,$,$,'7848',$,.NOTDEFINED.);
#7149=IFCPROPERTYSINGLEVALUE('Reference',$,IFCIDENTIFIER('600mm Arial'),$);
#7150=IFCPROPERTYSET('2pXLCWU2jeR48piQrMIgjs',#6,'Pset_BuildingElementProxyCommon',$,(#7149));
#7151=IFCPROPERTYSET('0sO2EoSPluMJruY4almL9_',#6,'Pset_QuantityTakeOff',$,(#7149));
#7152=IFCRELDEFINESBYPROPERTIES('0J4karbhvoevMaR0mNrbzA',#6,$,$,(#7147),#7150);
#7153=IFCRELDEFINESBYPROPERTIES('1wVXwpAGBoODmGHgPJaiNe',#6,$,$,(#7147),#7151);
#7154=IFCAXIS2PLACEMENT3D(#10,$,$);
#7155=IFCLOCALPLACEMENT(#24,#7154);
#7156=IFCCARTESIANPOINT((-1.2557038768694271,-13.812742645571344));
#7157=IFCCARTESIANPOINT((1.2557038768705098,-13.812742645571344));
#7158=IFCCARTESIANPOINT((1.2557038768705098,3.7671116306103114));
#7159=IFCCARTESIANPOINT((7.8481492304382501,3.7671116306103114));
#7160=IFCCARTESIANPOINT((7.8481492304382501,6.2785193843505187));
#7161=IFCCARTESIANPOINT((-7.8481492304382501,6.2785193843505187));
#7162=IFCCARTESIANPOINT((-7.8481492304382501,3.7671116306103114));
#7163=IFCCARTESIANPOINT((-1.2557038768694271,3.7671116306103114));
#7164=IFCPOLYLINE((#7156,#7157,#7158,#7159,#7160,#7161,#7162,#7163,#7156));
#7165=IFCARBITRARYCLOSEDPROFILEDEF(.AREA.,'600mm Arial',#7164);
#7166=IFCCARTESIANPOINT((7051.7153113184222,8736.0354060546288,228.26569937069141));
#7167=IFCAXIS2PLACEMENT3D(#7166,#1684,#199);
#7168=IFCEXTRUDEDAREASOLID(#7165,#7167,#34,9.9999999999998916);
#7169=IFCCARTESIANPOINT((-1.6910928246028776,-3.762974829027451));
#7170=IFCCARTESIANPOINT((-3.177880646315447,-5.7507405600749903));
#7171=IFCCARTESIANPOINT((0.75353383238865568,-6.3505837195615982));
#7172=IFCCARTESIANPOINT((4.5648773459864405,-4.0697470485888845));
#7173=IFCCARTESIANPOINT((6.76157337853311,1.0603304169991763));
#7174=IFCCARTESIANPOINT((4.0926664387084992,6.3257151254627297));
#7175=IFCCARTESIANPOINT((-1.4031953969043782,8.9344160273868063));
#7176=IFCCARTESIANPOINT((-6.390006370036895,6.7297038934763576));
#7177=IFCCARTESIANPOINT((-8.3329728963005216,1.780699355854199));
#7178=IFCCARTESIANPOINT((-5.5235852013729874,-3.589918002425438));
#7179=IFCCARTESIANPOINT((2.8220290949002327,4.0605126947381001));
#7180=IFCCARTESIANPOINT((4.1614570958001611,0.75406986348250848));
#7181=IFCCARTESIANPOINT((2.7260632856671889,-2.3585083886946521));
#7182=IFCCARTESIANPOINT((0.63653286354942928,-3.7629748290274514));
#7183=IFCPOLYLINE((#7169,#7170,#7171,#7172,#7173,#7174,#7175,#7176,#7177,#7178,#7179,#7180,#7181,#7182,#7169));
#7184=IFCCARTESIANPOINT((1.0173261042133337,5.8069994599190942));
#7185=IFCCARTESIANPOINT((-5.0953775739205289,-0.50946100748545375));
#7186=IFCCARTESIANPOINT((-6.0316127317654331,1.7958787818403652));
#7187=IFCCARTESIANPOINT((-4.5784811654229225,4.9902667493533386));
#7188=IFCCARTESIANPOINT((-1.7527770088542753,6.5594328042281616));
#7189=IFCPOLYLINE((#7184,#7185,#7186,#7187,#7188,#7184));
#7190=IFCARBITRARYPROFILEDEFWITHVOIDS(.AREA.,'600mm Arial',#7183,(#7189));
#7191=IFCCARTESIANPOINT((7034.9057318673795,8736.0354060546251,220.24955069578911));
#7192=IFCDIRECTION((0.69542142751608083,0.,-0.71860214176656645));
#7193=IFCAXIS2PLACEMENT3D(#7191,#35,#7192);
#7194=IFCEXTRUDEDAREASOLID(#7190,#7193,#1502,9.9999999999998863);
#7195=IFCCARTESIANPOINT((-6.9095245970308614,-7.857959416976259));
#7196=IFCCARTESIANPOINT((-3.8879871433131257,-7.857959416976259));
#7197=IFCCARTESIANPOINT((0.4922611459253261,-3.394324542164497));
#7198=IFCCARTESIANPOINT((3.5726597188731435,-7.857959416976259));
#7199=IFCCARTESIANPOINT((6.589292079321976,-7.857959416976259));
#7200=IFCCARTESIANPOINT((1.478184892999687,-0.44145839421214478));
#7201=IFCCARTESIANPOINT((6.7854958100835008,6.8965611362476302));
#7202=IFCCARTESIANPOINT((3.7639583563646823,6.8965611362476302));
#7203=IFCCARTESIANPOINT((0.9876755660974994,3.0607781998709203));
#7204=IFCCARTESIANPOINT((-0.0031532742457642373,1.6971622710822825));
#7205=IFCCARTESIANPOINT((-1.1460400059282621,3.3599888892813996));
#7206=IFCCARTESIANPOINT((-3.5838713606335748,6.8965611362476302));
#7207=IFCCARTESIANPOINT((-6.5955986278135041,6.8965611362476302));
#7208=IFCCARTESIANPOINT((-1.5433525607191314,-0.43655330094310668));
#7209=IFCPOLYLINE((#7195,#7196,#7197,#7198,#7199,#7200,#7201,#7202,#7203,#7204,#7205,#7206,#7207,#7208,#7195));
#7210=IFCARBITRARYCLOSEDPROFILEDEF(.AREA.,'600mm Arial',#7209);
#7211=IFCCARTESIANPOINT((7020.6334870916407,8736.0354060546251,222.31091614209632));
#7212=IFCAXIS2PLACEMENT3D(#7211,#1684,#199);
#7213=IFCEXTRUDEDAREASOLID(#7210,#7212,#34,9.9999999999998916);
#7214=IFCCARTESIANPOINT((-7.2889188574045107,0.93472420624726205));
#7215=IFCCARTESIANPOINT((-10.653978624973027,2.0565853861429311));
#7216=IFCCARTESIANPOINT((-10.63627473590698,0.16270497186060209));
#7217=IFCCARTESIANPOINT((-9.9366860761815072,-1.8652063149026905));
#7218=IFCCARTESIANPOINT((-5.8453774522255788,-2.6693915497830911));
#7219=IFCCARTESIANPOINT((2.2746884894574655,-1.5532912109527497));
#7220=IFCCARTESIANPOINT((2.531171152599812,-3.4193027738530271));
#7221=IFCCARTESIANPOINT((5.0191865698001257,-3.0773258896632396));
#7222=IFCCARTESIANPOINT((4.7627039066577792,-1.211314326762962));
#7223=IFCCARTESIANPOINT((8.3149290433245984,-0.72306217374981285));
#7224=IFCCARTESIANPOINT((9.435633097762393,1.9659982476320876));
#7225=IFCCARTESIANPOINT((4.4207270224680322,1.2767010904370499));
#7226=IFCCARTESIANPOINT((4.078750138278286,3.7647165076370612));
#7227=IFCCARTESIANPOINT((1.5907347210779728,3.4227396234472738));
#7228=IFCCARTESIANPOINT((1.9327116052677191,0.93472420624726205));
#7229=IFCPOLYLINE((#7214,#7215,#7216,#7217,#7218,#7219,#7220,#7221,#7222,#7223,#7224,#7225,#7226,#7227,#7228,#7214));
#7230=IFCARBITRARYCLOSEDPROFILEDEF(.AREA.,'600mm Arial',#7229);
#7231=IFCCARTESIANPOINT((7009.6842211085905,8736.0354060546251,224.65407919670903));
#7232=IFCDIRECTION((0.13616939888812615,0.,0.99068556808224806));
#7233=IFCAXIS2PLACEMENT3D(#7231,#35,#7232);
#7234=IFCEXTRUDEDAREASOLID(#7230,#7233,#1502,9.9999999999998863);
#7235=IFCCARTESIANPOINT((-2.6728607379833886,-6.6216453498978298));
#7236=IFCCARTESIANPOINT((3.3204090613329598,-6.6216453498978298));
#7237=IFCCARTESIANPOINT((6.6601109956860896,-2.6751256926614837));
#7238=IFCCARTESIANPOINT((6.8369142878837463,0.83917858807249435));
#7239=IFCCARTESIANPOINT((5.1491340929179454,3.8673197310264871));
#7240=IFCCARTESIANPOINT((1.1397193730113193,6.0016671151607985));
#7241=IFCCARTESIANPOINT((-4.6562461217059061,5.9181004241328194));
#7242=IFCCARTESIANPOINT((-7.9940090559137218,2.0018550626384601));
#7243=IFCCARTESIANPOINT((-7.7831718952306588,-2.7097045285790853));
#7244=IFCPOLYLINE((#7235,#7236,#7237,#7238,#7239,#7240,#7241,#7242,#7243,#7235));
#7245=IFCCARTESIANPOINT((-1.9139449131550261,-4.2276445695491391));
#7246=IFCCARTESIANPOINT((-5.2637362721748815,-1.9382524455676531));
#7247=IFCCARTESIANPOINT((-5.601499659734154,1.2382663678956103));
#7248=IFCCARTESIANPOINT((-3.4865533169054124,3.61396206354256));
#7249=IFCCARTESIANPOINT((0.49295242612887624,3.5718731147460372));
#7250=IFCCARTESIANPOINT((3.9151732688221532,1.2593645361385415));
#7251=IFCCARTESIANPOINT((4.2676015995065235,-1.9115369979186341));
#7252=IFCCARTESIANPOINT((2.1474354120844472,-4.3035877382671739));
#7253=IFCPOLYLINE((#7245,#7246,#7247,#7248,#7249,#7250,#7251,#7252,#7245));
#7254=IFCARBITRARYPROFILEDEFWITHVOIDS(.AREA.,'600mm Arial',#7244,(#7253));
#7255=IFCCARTESIANPOINT((6997.5055830350766,8736.0354060546269,221.29719686649807));
#7256=IFCDIRECTION((-0.30404807566817321,0.,-0.95265668930758096));
#7257=IFCAXIS2PLACEMENT3D(#7255,#1684,#7256);
#7258=IFCEXTRUDEDAREASOLID(#7254,#7257,#34,9.9999999999998916);
#7259=IFCCARTESIANPOINT((3.3883683574806556,-8.6539859817778488));
#7260=IFCCARTESIANPOINT((5.899776111220592,-8.6539859817778488));
#7261=IFCCARTESIANPOINT((5.899776111220592,11.437276048144016));
#7262=IFCCARTESIANPOINT((3.3883683574806556,11.437276048144016));
#7263=IFCCARTESIANPOINT((3.3883683574806556,3.9521037196135707));
#7264=IFCCARTESIANPOINT((1.7353519258192762,5.7302000296347115));
#7265=IFCCARTESIANPOINT((-0.57985209716021868,6.4144605406635664));
#7266=IFCCARTESIANPOINT((-3.7853305484666806,5.4579673532039079));
#7267=IFCCARTESIANPOINT((-5.9386664935680527,2.7062100292814755));
#7268=IFCCARTESIANPOINT((-6.6572626574801745,-1.2914409849729847));
#7269=IFCCARTESIANPOINT((-5.8773528277051446,-5.2866394525929596));
#7270=IFCCARTESIANPOINT((-3.6798710431825641,-7.9967034837286359));
#7271=IFCCARTESIANPOINT((-0.57004191062133036,-8.967911950995374));
#7272=IFCCARTESIANPOINT((3.3883683574806556,-6.2848259328393068));
#7273=IFCPOLYLINE((#7259,#7260,#7261,#7262,#7263,#7264,#7265,#7266,#7267,#7268,#7269,#7270,#7271,#7272,#7259));
#7274=IFCCARTESIANPOINT((-4.1458549037402381,-1.2816307984349422));
#7275=IFCCARTESIANPOINT((-3.0863547576312529,2.6547065499567442));
#7276=IFCCARTESIANPOINT((-0.44250948562660997,3.9030527869233249));
#7277=IFCCARTESIANPOINT((2.2822698253154701,2.6032030706319795));
#7278=IFCCARTESIANPOINT((3.3883683574806556,-1.4729294359268537));
#7279=IFCCARTESIANPOINT((2.3018901983921638,-5.2277783333646708));
#7280=IFCCARTESIANPOINT((-0.33950252697748623,-6.4565041972551329));
#7281=IFCCARTESIANPOINT((-3.0127783585955457,-5.1689172141363828));
#7282=IFCPOLYLINE((#7274,#7275,#7276,#7277,#7278,#7279,#7280,#7281,#7274));
#7283=IFCARBITRARYPROFILEDEFWITHVOIDS(.AREA.,'600mm Arial',#7273,(#7282));
#7284=IFCCARTESIANPOINT((6975.0525575254323,8736.0354060546251,223.10694270689791));
#7285=IFCAXIS2PLACEMENT3D(#7284,#1684,#199);
#7286=IFCEXTRUDEDAREASOLID(#7283,#7285,#34,9.9999999999998916);
#7287=IFCCARTESIANPOINT((-2.67286073798306,-6.6216453498967986));
#7288=IFCCARTESIANPOINT((3.3204090613332893,-6.6216453498967978));
#7289=IFCCARTESIANPOINT((6.6601109956860896,-2.6751256926614846));
#7290=IFCCARTESIANPOINT((6.8369142878837463,0.83917858807249412));
#7291=IFCCARTESIANPOINT((5.149134092918275,3.8673197310275182));
#7292=IFCCARTESIANPOINT((1.1397193730116486,6.0016671151618306));
#7293=IFCCARTESIANPOINT((-4.6562461217055775,5.9181004241338515));
#7294=IFCCARTESIANPOINT((-7.9940090559137218,2.0018550626384606));
#7295=IFCCARTESIANPOINT((-7.7831718952306588,-2.7097045285790853));
#7296=IFCPOLYLINE((#7287,#7288,#7289,#7290,#7291,#7292,#7293,#7294,#7295,#7287));
#7297=IFCCARTESIANPOINT((-1.9139449131546971,-4.227644569548108));
#7298=IFCCARTESIANPOINT((-5.2637362721745529,-1.9382524455666212));
#7299=IFCCARTESIANPOINT((-5.601499659734154,1.2382663678956103));
#7300=IFCCARTESIANPOINT((-3.4865533169050833,3.6139620635435916));
#7301=IFCCARTESIANPOINT((0.49295242612887624,3.5718731147460372));
#7302=IFCCARTESIANPOINT((3.9151732688224818,1.2593645361395729));
#7303=IFCCARTESIANPOINT((4.2676015995065235,-1.9115369979186341));
#7304=IFCCARTESIANPOINT((2.1474354120847767,-4.3035877382661427));
#7305=IFCPOLYLINE((#7297,#7298,#7299,#7300,#7301,#7302,#7303,#7304,#7297));
#7306=IFCARBITRARYPROFILEDEFWITHVOIDS(.AREA.,'600mm Arial',#7296,(#7305));
#7307=IFCCARTESIANPOINT((6958.8926888213218,8736.0354060546269,221.29719686649807));
#7308=IFCDIRECTION((-0.30404807566817321,0.,-0.95265668930758096));
#7309=IFCAXIS2PLACEMENT3D(#7307,#1684,#7308);
#7310=IFCEXTRUDEDAREASOLID(#7306,#7309,#34,9.9999999999998916);
#7311=IFCCARTESIANPOINT((-9.0570660638185991,-9.2411957188410145));
#7312=IFCCARTESIANPOINT((-6.5456583100786618,-9.2411957188410145));
#7313=IFCCARTESIANPOINT((-6.5456583100786618,-1.8001692297317784));
#7314=IFCCARTESIANPOINT((-6.1630610350945005,1.1968427576418494));
#7315=IFCCARTESIANPOINT((-4.9269775313006852,2.7762827902675213));
#7316=IFCCARTESIANPOINT((-3.0679471823399753,3.3158430498601579));
#7317=IFCCARTESIANPOINT((-1.1623184473252308,2.5065026604712033));
#7318=IFCCARTESIANPOINT((-0.58106489494563507,0.07357639903536875));
#7319=IFCCARTESIANPOINT((-0.58106489494563507,-9.2411957188410145));
#7320=IFCCARTESIANPOINT((1.9303428587953846,-9.2411957188410145));
#7321=IFCCARTESIANPOINT((1.9303428587953846,-0.91234734803845063));
#7322=IFCCARTESIANPOINT((2.9138140592336699,2.3102989297102536));
#7323=IFCCARTESIANPOINT((7.6619443436495747,1.8909134552087128));
#7324=IFCCARTESIANPOINT((7.8949362739284119,-0.20601391729899188));
#7325=IFCCARTESIANPOINT((7.8949362739284119,-9.2411957188410145));
#7326=IFCCARTESIANPOINT((10.406344027668348,-9.2411957188410145));
#7327=IFCCARTESIANPOINT((10.406344027668348,0.87310660188624722));
#7328=IFCCARTESIANPOINT((9.2560996560819557,4.6132402195169844));
#7329=IFCCARTESIANPOINT((5.9721397124708835,5.8272508036003998));
#7330=IFCCARTESIANPOINT((1.537935397273418,2.9087203085311786));
#7331=IFCCARTESIANPOINT((0.15469909540818777,5.059603706998133));
#7332=IFCCARTESIANPOINT((-2.3616137516006517,5.8272508036003998));
#7333=IFCCARTESIANPOINT((-4.8190654793815755,5.0743189868052143));
#7334=IFCCARTESIANPOINT((-6.5456583100786618,3.0853036662160434));
#7335=IFCCARTESIANPOINT((-6.5456583100786618,5.5133248343828738));
#7336=IFCCARTESIANPOINT((-9.0570660638185991,5.5133248343828738));
#7337=IFCPOLYLINE((#7311,#7312,#7313,#7314,#7315,#7316,#7317,#7318,#7319,#7320,#7321,#7322,#7323,#7324,#7325,#7326,#7327,#7328,#7329,#7330,#7331,#7332,#7333,#7334,#7335,#7336,#7311));
#7338=IFCARBITRARYCLOSEDPROFILEDEF(.AREA.,'600mm Arial',#7337);
#7339=IFCCARTESIANPOINT((6933.0980819976849,8736.0354060546251,223.69415244396106));
#7340=IFCAXIS2PLACEMENT3D(#7339,#1684,#199);
#7341=IFCEXTRUDEDAREASOLID(#7338,#7340,#34,9.9999999999998916);
#7342=IFCCARTESIANPOINT((-2.6728607379833886,-6.6216453498978298));
#7343=IFCCARTESIANPOINT((3.3204090613329598,-6.6216453498978298));
#7344=IFCCARTESIANPOINT((6.6601109956860896,-2.6751256926614837));
#7345=IFCCARTESIANPOINT((6.8369142878837463,0.83917858807249435));
#7346=IFCCARTESIANPOINT((5.149134092918275,3.8673197310275182));
#7347=IFCCARTESIANPOINT((1.1397193730113193,6.0016671151607985));
#7348=IFCCARTESIANPOINT((-4.6562461217055775,5.9181004241338515));
#7349=IFCCARTESIANPOINT((-7.9940090559137218,2.0018550626384601));
#7350=IFCCARTESIANPOINT((-7.7831718952306588,-2.7097045285790853));
#7351=IFCPOLYLINE((#7342,#7343,#7344,#7345,#7346,#7347,#7348,#7349,#7350,#7342));
#7352=IFCCARTESIANPOINT((-1.9139449131546971,-4.227644569548108));
#7353=IFCCARTESIANPOINT((-5.2637362721748815,-1.9382524455676531));
#7354=IFCCARTESIANPOINT((-5.601499659734154,1.2382663678956103));
#7355=IFCCARTESIANPOINT((-3.4865533169050833,3.6139620635435916));
#7356=IFCCARTESIANPOINT((0.49295242612887624,3.5718731147460372));
#7357=IFCCARTESIANPOINT((3.9151732688221532,1.2593645361385415));
#7358=IFCCARTESIANPOINT((4.2676015995065235,-1.9115369979186341));
#7359=IFCCARTESIANPOINT((2.1474354120844472,-4.3035877382671739));
#7360=IFCPOLYLINE((#7352,#7353,#7354,#7355,#7356,#7357,#7358,#7359,#7352));
#7361=IFCARBITRARYPROFILEDEFWITHVOIDS(.AREA.,'600mm Arial',#7351,(#7360));
#7362=IFCCARTESIANPOINT((6912.4316453771262,8736.0354060546269,221.29719686649807));
#7363=IFCDIRECTION((-0.30404807566817321,0.,-0.95265668930758096));
#7364=IFCAXIS2PLACEMENT3D(#7362,#1684,#7363);
#7365=IFCEXTRUDEDAREASOLID(#7361,#7364,#34,9.9999999999998916);
#7366=IFCCARTESIANPOINT((3.3883683574817383,-8.6539859817778488));
#7367=IFCCARTESIANPOINT((5.8997761112216756,-8.6539859817778488));
#7368=IFCCARTESIANPOINT((5.8997761112216756,11.437276048144016));
#7369=IFCCARTESIANPOINT((3.3883683574817383,11.437276048144016));
#7370=IFCCARTESIANPOINT((3.3883683574817383,3.9521037196135707));
#7371=IFCCARTESIANPOINT((1.7353519258203591,5.7302000296347115));
#7372=IFCCARTESIANPOINT((-0.57985209715805297,6.4144605406635664));
#7373=IFCCARTESIANPOINT((-3.7853305484655979,5.4579673532039079));
#7374=IFCCARTESIANPOINT((-5.93866649356697,2.7062100292814755));
#7375=IFCCARTESIANPOINT((-6.6572626574790918,-1.2914409849729847));
#7376=IFCCARTESIANPOINT((-5.877352827704061,-5.2866394525929596));
#7377=IFCCARTESIANPOINT((-3.6798710431814814,-7.9967034837286359));
#7378=IFCCARTESIANPOINT((-0.57004191062024745,-8.967911950995374));
#7379=IFCCARTESIANPOINT((3.3883683574817383,-6.2848259328393068));
#7380=IFCPOLYLINE((#7366,#7367,#7368,#7369,#7370,#7371,#7372,#7373,#7374,#7375,#7376,#7377,#7378,#7379,#7366));
#7381=IFCCARTESIANPOINT((-4.1458549037391554,-1.2816307984349422));
#7382=IFCCARTESIANPOINT((-3.0863547576290871,2.6547065499567442));
#7383=IFCCARTESIANPOINT((-0.44250948562552711,3.9030527869233249));
#7384=IFCCARTESIANPOINT((2.2822698253165528,2.6032030706319795));
#7385=IFCCARTESIANPOINT((3.3883683574817383,-1.4729294359268537));
#7386=IFCCARTESIANPOINT((2.3018901983932465,-5.2277783333646708));
#7387=IFCCARTESIANPOINT((-0.33950252697640337,-6.4565041972551329));
#7388=IFCCARTESIANPOINT((-3.012778358594463,-5.1689172141363828));
#7389=IFCPOLYLINE((#7381,#7382,#7383,#7384,#7385,#7386,#7387,#7388,#7381));
#7390=IFCARBITRARYPROFILEDEFWITHVOIDS(.AREA.,'600mm Arial',#7380,(#7389));
#7391=IFCCARTESIANPOINT((6897.826769097921,8736.0354060546251,223.10694270689791));
#7392=IFCAXIS2PLACEMENT3D(#7391,#1684,#199);
#7393=IFCEXTRUDEDAREASOLID(#7390,#7392,#34,9.9999999999998916);
#7394=IFCCARTESIANPOINT((-1.6910928246028776,-3.762974829027451));
#7395=IFCCARTESIANPOINT((-3.177880646315447,-5.7507405600749903));
#7396=IFCCARTESIANPOINT((0.75353383238865568,-6.3505837195615982));
#7397=IFCCARTESIANPOINT((4.5648773459864405,-4.0697470485888845));
#7398=IFCCARTESIANPOINT((6.76157337853311,1.0603304169991763));
#7399=IFCCARTESIANPOINT((4.0926664387084992,6.3257151254627297));
#7400=IFCCARTESIANPOINT((-1.4031953969043782,8.9344160273868063));
#7401=IFCCARTESIANPOINT((-6.390006370036895,6.7297038934763576));
#7402=IFCCARTESIANPOINT((-8.3329728963005216,1.780699355854199));
#7403=IFCCARTESIANPOINT((-5.5235852013729874,-3.589918002425438));
#7404=IFCCARTESIANPOINT((2.8220290949002327,4.0605126947381001));
#7405=IFCCARTESIANPOINT((4.1614570958001611,0.75406986348250848));
#7406=IFCCARTESIANPOINT((2.7260632856671889,-2.3585083886946521));
#7407=IFCCARTESIANPOINT((0.63653286354942928,-3.7629748290274514));
#7408=IFCPOLYLINE((#7394,#7395,#7396,#7397,#7398,#7399,#7400,#7401,#7402,#7403,#7404,#7405,#7406,#7407,#7394));
#7409=IFCCARTESIANPOINT((1.0173261042133337,5.8069994599190942));
#7410=IFCCARTESIANPOINT((-5.0953775739205289,-0.50946100748545375));
#7411=IFCCARTESIANPOINT((-6.0316127317654331,1.7958787818403652));
#7412=IFCCARTESIANPOINT((-4.5784811654229225,4.9902667493533386));
#7413=IFCCARTESIANPOINT((-1.7527770088542753,6.5594328042281616));
#7414=IFCPOLYLINE((#7409,#7410,#7411,#7412,#7413,#7409));
#7415=IFCARBITRARYPROFILEDEFWITHVOIDS(.AREA.,'600mm Arial',#7408,(#7414));
#7416=IFCCARTESIANPOINT((6881.709858889225,8736.0354060546251,220.24955069578911));
#7417=IFCDIRECTION((0.69542142751608083,0.,-0.71860214176656645));
#7418=IFCAXIS2PLACEMENT3D(#7416,#35,#7417);
#7419=IFCEXTRUDEDAREASOLID(#7415,#7418,#1502,9.9999999999998863);
#7420=IFCCARTESIANPOINT((0.,-5.4134474680722633E-013));
#7421=IFCAXIS2PLACEMENT2D(#7420,#170);
#7422=IFCRECTANGLEPROFILEDEF(.AREA.,'600mm Arial',#7421,9.9999999999998916,2.5114077537399369);
#7423=IFCCARTESIANPOINT((6871.5218049875602,8741.0354060546269,214.45295672512006));
#7424=IFCAXIS2PLACEMENT3D(#7423,#34,#35);
#7425=IFCEXTRUDEDAREASOLID(#7422,#7424,#34,20.091262029921864);
#7426=IFCCARTESIANPOINT((-2.67286073798306,-6.6216453498967986));
#7427=IFCCARTESIANPOINT((3.3204090613332893,-6.6216453498967978));
#7428=IFCCARTESIANPOINT((6.6601109956860896,-2.6751256926614846));
#7429=IFCCARTESIANPOINT((6.8369142878840758,0.83917858807352574));
#7430=IFCCARTESIANPOINT((5.149134092918275,3.8673197310275182));
#7431=IFCCARTESIANPOINT((1.1397193730116486,6.0016671151618306));
#7432=IFCCARTESIANPOINT((-4.6562461217055775,5.9181004241338515));
#7433=IFCCARTESIANPOINT((-7.9940090559137218,2.0018550626384606));
#7434=IFCCARTESIANPOINT((-7.7831718952303293,-2.7097045285780532));
#7435=IFCPOLYLINE((#7426,#7427,#7428,#7429,#7430,#7431,#7432,#7433,#7434,#7426));
#7436=IFCCARTESIANPOINT((-1.9139449131546971,-4.227644569548108));
#7437=IFCCARTESIANPOINT((-5.2637362721745529,-1.9382524455666212));
#7438=IFCCARTESIANPOINT((-5.601499659734154,1.2382663678956103));
#7439=IFCCARTESIANPOINT((-3.4865533169050833,3.6139620635435916));
#7440=IFCCARTESIANPOINT((0.49295242612887624,3.5718731147460372));
#7441=IFCCARTESIANPOINT((3.9151732688224818,1.2593645361395729));
#7442=IFCCARTESIANPOINT((4.2676015995065235,-1.9115369979186341));
#7443=IFCCARTESIANPOINT((2.1474354120847767,-4.3035877382661427));
#7444=IFCPOLYLINE((#7436,#7437,#7438,#7439,#7440,#7441,#7442,#7443,#7436));
#7445=IFCARBITRARYPROFILEDEFWITHVOIDS(.AREA.,'600mm Arial',#7435,(#7444));
#7446=IFCCARTESIANPOINT((6860.0060085178002,8736.0354060546306,221.29719686649807));
#7447=IFCDIRECTION((-0.30404807566817321,0.,-0.95265668930758096));
#7448=IFCAXIS2PLACEMENT3D(#7446,#1684,#7447);
#7449=IFCEXTRUDEDAREASOLID(#7445,#7448,#34,9.9999999999998916);
#7450=IFCSHAPEREPRESENTATION(#15,'Body','SweptSolid',(#7168,#7194,#7213,#7234,#7258,#7286,#7310,#7341,#7365,#7393,#7419,#7425,#7449));
#7451=IFCPRODUCTDEFINITIONSHAPE($,$,(#7450));
#7452=IFCBUILDINGELEMENTPROXY('2y4yE2$gn3qg3tD19AGeNZ',#6,'Texto do modelo:600mm Arial:518100',$,$,#7155,#7451,'518100',$);
#7453=IFCPROPERTYSET('1n4CXWV6UQqMy2yauAqMbh',#6,'Pset_BuildingElementProxyCommon',$,(#7149));
#7454=IFCPROPERTYSET('1yQg6t_z8lZZOygZFDdPyK',#6,'Pset_QuantityTakeOff',$,(#7149));
#7455=IFCRELDEFINESBYPROPERTIES('1j$R1lSjSvZJOW0kYpNCUm',#6,$,$,(#7452),#7453);
#7456=IFCRELDEFINESBYPROPERTIES('1QWQh_xt$vh8MjW7JgCMzd',#6,$,$,(#7452),#7454);
#7457=IFCAXIS2PLACEMENT3D(#10,$,$);
#7458=IFCLOCALPLACEMENT(#24,#7457);
#7459=IFCCARTESIANPOINT((-1.2557038768694271,-13.812742645571344));
#7460=IFCCARTESIANPOINT((1.2557038768705098,-13.812742645571344));
#7461=IFCCARTESIANPOINT((1.2557038768705098,3.7671116306103114));
#7462=IFCCARTESIANPOINT((7.8481492304382501,3.7671116306103114));
#7463=IFCCARTESIANPOINT((7.8481492304382501,6.2785193843505187));
#7464=IFCCARTESIANPOINT((-7.8481492304382501,6.2785193843505187));
#7465=IFCCARTESIANPOINT((-7.8481492304382501,3.7671116306103114));
#7466=IFCCARTESIANPOINT((-1.2557038768694271,3.7671116306103114));
#7467=IFCPOLYLINE((#7459,#7460,#7461,#7462,#7463,#7464,#7465,#7466,#7459));
#7468=IFCARBITRARYCLOSEDPROFILEDEF(.AREA.,'600mm Arial',#7467);
#7469=IFCCARTESIANPOINT((7051.7153113184222,8736.0354060546306,328.26569937069144));
#7470=IFCAXIS2PLACEMENT3D(#7469,#1684,#199);
#7471=IFCEXTRUDEDAREASOLID(#7468,#7470,#34,9.9999999999998916);
#7472=IFCCARTESIANPOINT((-1.6910928246028749,-3.7629748290274141));
#7473=IFCCARTESIANPOINT((-3.1778806463153799,-5.7507405600750072));
#7474=IFCCARTESIANPOINT((0.75353383238873506,-6.3505837195615342));
#7475=IFCCARTESIANPOINT((4.5648773459864973,-4.0697470485887672));
#7476=IFCCARTESIANPOINT((6.7615733785330399,1.0603304169993613));
#7477=IFCCARTESIANPOINT((4.0926664387083225,6.3257151254628612));
#7478=IFCCARTESIANPOINT((-1.4031953969046072,8.9344160273868241));
#7479=IFCCARTESIANPOINT((-6.390006370037054,6.7297038934762501));
#7480=IFCCARTESIANPOINT((-8.3329728963006069,1.7806993558540753));
#7481=IFCCARTESIANPOINT((-5.5235852013729874,-3.5899180024254802));
#7482=IFCCARTESIANPOINT((2.8220290949000781,4.0605126947382288));
#7483=IFCCARTESIANPOINT((4.1614570958001211,0.75406986348261718));
#7484=IFCCARTESIANPOINT((2.7260632856671876,-2.3585083886945495));
#7485=IFCCARTESIANPOINT((0.63653286354948058,-3.7629748290274141));
#7486=IFCPOLYLINE((#7472,#7473,#7474,#7475,#7476,#7477,#7478,#7479,#7480,#7481,#7482,#7483,#7484,#7485,#7472));
#7487=IFCCARTESIANPOINT((1.017326104213168,5.8069994599191617));
#7488=IFCCARTESIANPOINT((-5.0953775739205671,-0.50946100748551038));
#7489=IFCCARTESIANPOINT((-6.0316127317654935,1.7958787818402655));
#7490=IFCCARTESIANPOINT((-4.5784811654230717,4.9902667493532915));
#7491=IFCCARTESIANPOINT((-1.7527770088544561,6.5594328042281713));
#7492=IFCPOLYLINE((#7487,#7488,#7489,#7490,#7491,#7487));
#7493=IFCARBITRARYPROFILEDEFWITHVOIDS(.AREA.,'600mm Arial',#7486,(#7492));
#7494=IFCCARTESIANPOINT((7034.9057318673795,8736.0354060546269,320.24955069578903));
#7495=IFCDIRECTION((0.69542142751606628,0.,-0.71860214176658044));
#7496=IFCAXIS2PLACEMENT3D(#7494,#35,#7495);
#7497=IFCEXTRUDEDAREASOLID(#7493,#7496,#1502,9.9999999999998916);
#7498=IFCCARTESIANPOINT((-6.9095245970308614,-7.857959416976259));
#7499=IFCCARTESIANPOINT((-3.8879871433131257,-7.857959416976259));
#7500=IFCCARTESIANPOINT((0.4922611459253261,-3.394324542164497));
#7501=IFCCARTESIANPOINT((3.5726597188731435,-7.857959416976259));
#7502=IFCCARTESIANPOINT((6.589292079321976,-7.857959416976259));
#7503=IFCCARTESIANPOINT((1.478184892999687,-0.44145839421214478));
#7504=IFCCARTESIANPOINT((6.7854958100835008,6.8965611362476302));
#7505=IFCCARTESIANPOINT((3.7639583563646823,6.8965611362476302));
#7506=IFCCARTESIANPOINT((0.9876755660974994,3.0607781998709203));
#7507=IFCCARTESIANPOINT((-0.0031532742457642373,1.6971622710823162));
#7508=IFCCARTESIANPOINT((-1.1460400059282621,3.3599888892813659));
#7509=IFCCARTESIANPOINT((-3.5838713606335748,6.8965611362476302));
#7510=IFCCARTESIANPOINT((-6.5955986278135041,6.8965611362476302));
#7511=IFCCARTESIANPOINT((-1.5433525607191314,-0.43655330094310668));
#7512=IFCPOLYLINE((#7498,#7499,#7500,#7501,#7502,#7503,#7504,#7505,#7506,#7507,#7508,#7509,#7510,#7511,#7498));
#7513=IFCARBITRARYCLOSEDPROFILEDEF(.AREA.,'600mm Arial',#7512);
#7514=IFCCARTESIANPOINT((7020.6334870916407,8736.0354060546269,322.31091614209635));
#7515=IFCAXIS2PLACEMENT3D(#7514,#1684,#199);
#7516=IFCEXTRUDEDAREASOLID(#7513,#7515,#34,9.9999999999998916);
#7517=IFCCARTESIANPOINT((-7.2889188574045107,0.93472420624725872));
#7518=IFCCARTESIANPOINT((-10.653978624973027,2.0565853861429257));
#7519=IFCCARTESIANPOINT((-10.63627473590701,0.16270497186059257));
#7520=IFCCARTESIANPOINT((-9.9366860761814735,-1.8652063149026905));
#7521=IFCCARTESIANPOINT((-5.8453774522255433,-2.6693915497830889));
#7522=IFCCARTESIANPOINT((2.2746884894574326,-1.553291210952753));
#7523=IFCCARTESIANPOINT((2.53117115259978,-3.4193027738530302));
#7524=IFCCARTESIANPOINT((5.0191865698001266,-3.0773258896632365));
#7525=IFCCARTESIANPOINT((4.7627039066577792,-1.2113143267629596));
#7526=IFCCARTESIANPOINT((8.3149290433245984,-0.72306217374980875));
#7527=IFCCARTESIANPOINT((9.435633097762393,1.9659982476320921));
#7528=IFCCARTESIANPOINT((4.4207270224680313,1.2767010904370522));
#7529=IFCCARTESIANPOINT((4.0787501382782834,3.7647165076370639));
#7530=IFCCARTESIANPOINT((1.5907347210779372,3.4227396234472702));
#7531=IFCCARTESIANPOINT((1.9327116052676849,0.93472420624725838));
#7532=IFCPOLYLINE((#7517,#7518,#7519,#7520,#7521,#7522,#7523,#7524,#7525,#7526,#7527,#7528,#7529,#7530,#7531,#7517));
#7533=IFCARBITRARYCLOSEDPROFILEDEF(.AREA.,'600mm Arial',#7532);
#7534=IFCCARTESIANPOINT((7009.6842211085905,8736.0354060546269,324.65407919670906));
#7535=IFCDIRECTION((0.13616939888812665,0.,0.99068556808224795));
#7536=IFCAXIS2PLACEMENT3D(#7534,#35,#7535);
#7537=IFCEXTRUDEDAREASOLID(#7533,#7536,#1502,9.9999999999998916);
#7538=IFCCARTESIANPOINT((-2.672860737983433,-6.6216453498978147));
#7539=IFCCARTESIANPOINT((3.3204090613328843,-6.6216453498978147));
#7540=IFCCARTESIANPOINT((6.660110995686086,-2.6751256926614961));
#7541=IFCCARTESIANPOINT((6.836914287883717,0.83917858807249257));
#7542=IFCCARTESIANPOINT((5.1491340929178877,3.8673197310264982));
#7543=IFCCARTESIANPOINT((1.1397193730112973,6.0016671151608074));
#7544=IFCCARTESIANPOINT((-4.6562461217059612,5.9181004241328488));
#7545=IFCCARTESIANPOINT((-7.9940090559137182,2.0018550626384739));
#7546=IFCCARTESIANPOINT((-7.783171895230665,-2.7097045285790711));
#7547=IFCPOLYLINE((#7538,#7539,#7540,#7541,#7542,#7543,#7544,#7545,#7546,#7538));
#7548=IFCCARTESIANPOINT((-1.9139449131550981,-4.2276445695491152));
#7549=IFCCARTESIANPOINT((-5.2637362721749179,-1.9382524455676335));
#7550=IFCCARTESIANPOINT((-5.6014996597341851,1.2382663678956305));
#7551=IFCCARTESIANPOINT((-3.4865533169054066,3.6139620635425662));
#7552=IFCCARTESIANPOINT((0.49295242612888251,3.5718731147460363));
#7553=IFCCARTESIANPOINT((3.9151732688221235,1.2593645361385446));
#7554=IFCCARTESIANPOINT((4.267601599506488,-1.9115369979186314));
#7555=IFCCARTESIANPOINT((2.1474354120844401,-4.3035877382671774));
#7556=IFCPOLYLINE((#7548,#7549,#7550,#7551,#7552,#7553,#7554,#7555,#7548));
#7557=IFCARBITRARYPROFILEDEFWITHVOIDS(.AREA.,'600mm Arial',#7547,(#7556));
#7558=IFCCARTESIANPOINT((6997.5055830350766,8736.0354060546306,321.29719686649804));
#7559=IFCDIRECTION((-0.30404807566817488,0.,-0.95265668930758052));
#7560=IFCAXIS2PLACEMENT3D(#7558,#1684,#7559);
#7561=IFCEXTRUDEDAREASOLID(#7557,#7560,#34,9.9999999999998881);
#7562=IFCCARTESIANPOINT((3.3883683574806556,-8.6539859817777813));
#7563=IFCCARTESIANPOINT((5.899776111220592,-8.6539859817777813));
#7564=IFCCARTESIANPOINT((5.899776111220592,11.437276048144083));
#7565=IFCCARTESIANPOINT((3.3883683574806556,11.437276048144083));
#7566=IFCCARTESIANPOINT((3.3883683574806556,3.9521037196136382));
#7567=IFCCARTESIANPOINT((1.7353519258192762,5.7302000296348128));
#7568=IFCCARTESIANPOINT((-0.57985209716021868,6.4144605406636002));
#7569=IFCCARTESIANPOINT((-3.7853305484666806,5.4579673532039417));
#7570=IFCCARTESIANPOINT((-5.9386664935680527,2.706210029281543));
#7571=IFCCARTESIANPOINT((-6.6572626574801745,-1.2914409849728832));
#7572=IFCCARTESIANPOINT((-5.8773528277051446,-5.2866394525928575));
#7573=IFCCARTESIANPOINT((-3.6798710431825641,-7.9967034837285675));
#7574=IFCCARTESIANPOINT((-0.57004191062133036,-8.9679119509953402));
#7575=IFCCARTESIANPOINT((3.3883683574806556,-6.2848259328392722));
#7576=IFCPOLYLINE((#7562,#7563,#7564,#7565,#7566,#7567,#7568,#7569,#7570,#7571,#7572,#7573,#7574,#7575,#7562));
#7577=IFCCARTESIANPOINT((-4.1458549037402381,-1.2816307984348745));
#7578=IFCCARTESIANPOINT((-3.0863547576312529,2.6547065499567783));
#7579=IFCCARTESIANPOINT((-0.44250948562660997,3.9030527869233924));
#7580=IFCCARTESIANPOINT((2.2822698253154701,2.6032030706320808));
#7581=IFCCARTESIANPOINT((3.3883683574806556,-1.4729294359268197));
#7582=IFCCARTESIANPOINT((2.3018901983921638,-5.2277783333646033));
#7583=IFCCARTESIANPOINT((-0.33950252697748623,-6.4565041972550654));
#7584=IFCCARTESIANPOINT((-3.0127783585955457,-5.1689172141362816));
#7585=IFCPOLYLINE((#7577,#7578,#7579,#7580,#7581,#7582,#7583,#7584,#7577));
#7586=IFCARBITRARYPROFILEDEFWITHVOIDS(.AREA.,'600mm Arial',#7576,(#7585));
#7587=IFCCARTESIANPOINT((6975.0525575254323,8736.0354060546269,323.10694270689783));
#7588=IFCAXIS2PLACEMENT3D(#7587,#1684,#199);
#7589=IFCEXTRUDEDAREASOLID(#7586,#7588,#34,9.9999999999998916);
#7590=IFCCARTESIANPOINT((-2.6728607379831031,-6.6216453498967827));
#7591=IFCCARTESIANPOINT((3.3204090613332133,-6.6216453498967844));
#7592=IFCCARTESIANPOINT((6.660110995686086,-2.6751256926614961));
#7593=IFCCARTESIANPOINT((6.836914287883717,0.83917858807249202));
#7594=IFCCARTESIANPOINT((5.1491340929182181,3.8673197310275294));
#7595=IFCCARTESIANPOINT((1.1397193730116268,6.0016671151618395));
#7596=IFCCARTESIANPOINT((-4.6562461217056326,5.9181004241338808));
#7597=IFCCARTESIANPOINT((-7.9940090559137182,2.0018550626384743));
#7598=IFCCARTESIANPOINT((-7.783171895230665,-2.7097045285790706));
#7599=IFCPOLYLINE((#7590,#7591,#7592,#7593,#7594,#7595,#7596,#7597,#7598,#7590));
#7600=IFCCARTESIANPOINT((-1.9139449131547688,-4.227644569548084));
#7601=IFCCARTESIANPOINT((-5.2637362721745884,-1.9382524455666017));
#7602=IFCCARTESIANPOINT((-5.6014996597341851,1.2382663678956309));
#7603=IFCCARTESIANPOINT((-3.4865533169050771,3.6139620635435978));
#7604=IFCCARTESIANPOINT((0.49295242612888251,3.5718731147460363));
#7605=IFCCARTESIANPOINT((3.915173268822453,1.259364536139576));
#7606=IFCCARTESIANPOINT((4.267601599506488,-1.9115369979186319));
#7607=IFCCARTESIANPOINT((2.1474354120847692,-4.3035877382661463));
#7608=IFCPOLYLINE((#7600,#7601,#7602,#7603,#7604,#7605,#7606,#7607,#7600));
#7609=IFCARBITRARYPROFILEDEFWITHVOIDS(.AREA.,'600mm Arial',#7599,(#7608));
#7610=IFCCARTESIANPOINT((6958.8926888213218,8736.0354060546306,321.29719686649804));
#7611=IFCDIRECTION((-0.30404807566817488,0.,-0.95265668930758052));
#7612=IFCAXIS2PLACEMENT3D(#7610,#1684,#7611);
#7613=IFCEXTRUDEDAREASOLID(#7609,#7612,#34,9.9999999999998863);
#7614=IFCCARTESIANPOINT((-9.0570660638185991,-9.2411957188410145));
#7615=IFCCARTESIANPOINT((-6.5456583100786618,-9.2411957188410145));
#7616=IFCCARTESIANPOINT((-6.5456583100786618,-1.8001692297317784));
#7617=IFCCARTESIANPOINT((-6.1630610350945005,1.1968427576418494));
#7618=IFCCARTESIANPOINT((-4.9269775313006852,2.7762827902675213));
#7619=IFCCARTESIANPOINT((-3.0679471823399753,3.3158430498601579));
#7620=IFCCARTESIANPOINT((-1.1623184473252308,2.506502660471237));
#7621=IFCCARTESIANPOINT((-0.58106489494563507,0.07357639903536875));
#7622=IFCCARTESIANPOINT((-0.58106489494563507,-9.2411957188410145));
#7623=IFCCARTESIANPOINT((1.9303428587953846,-9.2411957188410145));
#7624=IFCCARTESIANPOINT((1.9303428587953846,-0.91234734803845063));
#7625=IFCCARTESIANPOINT((2.9138140592336699,2.3102989297102536));
#7626=IFCCARTESIANPOINT((7.6619443436495747,1.8909134552087128));
#7627=IFCCARTESIANPOINT((7.8949362739284119,-0.20601391729899188));
#7628=IFCCARTESIANPOINT((7.8949362739284119,-9.2411957188410145));
#7629=IFCCARTESIANPOINT((10.406344027668348,-9.2411957188410145));
#7630=IFCCARTESIANPOINT((10.406344027668348,0.87310660188628109));
#7631=IFCCARTESIANPOINT((9.2560996560819557,4.6132402195169506));
#7632=IFCCARTESIANPOINT((5.9721397124708835,5.8272508036003652));
#7633=IFCCARTESIANPOINT((1.537935397273418,2.9087203085311448));
#7634=IFCCARTESIANPOINT((0.15469909540818777,5.059603706998133));
#7635=IFCCARTESIANPOINT((-2.3616137516006517,5.8272508036003652));
#7636=IFCCARTESIANPOINT((-4.8190654793815755,5.0743189868052481));
#7637=IFCCARTESIANPOINT((-6.5456583100786618,3.0853036662160434));
#7638=IFCCARTESIANPOINT((-6.5456583100786618,5.5133248343828738));
#7639=IFCCARTESIANPOINT((-9.0570660638185991,5.5133248343828738));
#7640=IFCPOLYLINE((#7614,#7615,#7616,#7617,#7618,#7619,#7620,#7621,#7622,#7623,#7624,#7625,#7626,#7627,#7628,#7629,#7630,#7631,#7632,#7633,#7634,#7635,#7636,#7637,#7638,#7639,#7614));
#7641=IFCARBITRARYCLOSEDPROFILEDEF(.AREA.,'600mm Arial',#7640);
#7642=IFCCARTESIANPOINT((6933.0980819976849,8736.0354060546251,323.69415244396106));
#7643=IFCAXIS2PLACEMENT3D(#7642,#1684,#199);
#7644=IFCEXTRUDEDAREASOLID(#7641,#7643,#34,9.9999999999998916);
#7645=IFCCARTESIANPOINT((-2.672860737983433,-6.6216453498978147));
#7646=IFCCARTESIANPOINT((3.3204090613328843,-6.6216453498978147));
#7647=IFCCARTESIANPOINT((6.660110995686086,-2.6751256926614961));
#7648=IFCCARTESIANPOINT((6.836914287883717,0.83917858807249257));
#7649=IFCCARTESIANPOINT((5.1491340929182181,3.8673197310275294));
#7650=IFCCARTESIANPOINT((1.1397193730112973,6.0016671151608074));
#7651=IFCCARTESIANPOINT((-4.6562461217056326,5.9181004241338808));
#7652=IFCCARTESIANPOINT((-7.9940090559137182,2.0018550626384739));
#7653=IFCCARTESIANPOINT((-7.783171895230665,-2.7097045285790711));
#7654=IFCPOLYLINE((#7645,#7646,#7647,#7648,#7649,#7650,#7651,#7652,#7653,#7645));
#7655=IFCCARTESIANPOINT((-1.9139449131547688,-4.227644569548084));
#7656=IFCCARTESIANPOINT((-5.2637362721749179,-1.9382524455676335));
#7657=IFCCARTESIANPOINT((-5.6014996597341851,1.2382663678956305));
#7658=IFCCARTESIANPOINT((-3.4865533169050771,3.6139620635435978));
#7659=IFCCARTESIANPOINT((0.49295242612888251,3.5718731147460363));
#7660=IFCCARTESIANPOINT((3.9151732688221235,1.2593645361385446));
#7661=IFCCARTESIANPOINT((4.267601599506488,-1.9115369979186314));
#7662=IFCCARTESIANPOINT((2.1474354120844401,-4.3035877382671774));
#7663=IFCPOLYLINE((#7655,#7656,#7657,#7658,#7659,#7660,#7661,#7662,#7655));
#7664=IFCARBITRARYPROFILEDEFWITHVOIDS(.AREA.,'600mm Arial',#7654,(#7663));
#7665=IFCCARTESIANPOINT((6912.4316453771262,8736.0354060546306,321.29719686649804));
#7666=IFCDIRECTION((-0.30404807566817488,0.,-0.95265668930758052));
#7667=IFCAXIS2PLACEMENT3D(#7665,#1684,#7666);
#7668=IFCEXTRUDEDAREASOLID(#7664,#7667,#34,9.9999999999998881);
#7669=IFCCARTESIANPOINT((3.3883683574817383,-8.6539859817777813));
#7670=IFCCARTESIANPOINT((5.8997761112216756,-8.6539859817777813));
#7671=IFCCARTESIANPOINT((5.8997761112216756,11.437276048144083));
#7672=IFCCARTESIANPOINT((3.3883683574817383,11.437276048144083));
#7673=IFCCARTESIANPOINT((3.3883683574817383,3.9521037196136382));
#7674=IFCCARTESIANPOINT((1.7353519258203591,5.7302000296348128));
#7675=IFCCARTESIANPOINT((-0.57985209715805297,6.4144605406636002));
#7676=IFCCARTESIANPOINT((-3.7853305484655979,5.4579673532039417));
#7677=IFCCARTESIANPOINT((-5.93866649356697,2.706210029281543));
#7678=IFCCARTESIANPOINT((-6.6572626574790918,-1.2914409849728832));
#7679=IFCCARTESIANPOINT((-5.877352827704061,-5.2866394525928575));
#7680=IFCCARTESIANPOINT((-3.6798710431814814,-7.9967034837285675));
#7681=IFCCARTESIANPOINT((-0.57004191062024745,-8.9679119509953402));
#7682=IFCCARTESIANPOINT((3.3883683574817383,-6.2848259328392722));
#7683=IFCPOLYLINE((#7669,#7670,#7671,#7672,#7673,#7674,#7675,#7676,#7677,#7678,#7679,#7680,#7681,#7682,#7669));
#7684=IFCCARTESIANPOINT((-4.1458549037391554,-1.2816307984348745));
#7685=IFCCARTESIANPOINT((-3.0863547576290871,2.6547065499567783));
#7686=IFCCARTESIANPOINT((-0.44250948562552711,3.9030527869233924));
#7687=IFCCARTESIANPOINT((2.2822698253165528,2.6032030706320808));
#7688=IFCCARTESIANPOINT((3.3883683574817383,-1.4729294359268197));
#7689=IFCCARTESIANPOINT((2.3018901983932465,-5.2277783333646033));
#7690=IFCCARTESIANPOINT((-0.33950252697640337,-6.4565041972550654));
#7691=IFCCARTESIANPOINT((-3.012778358594463,-5.1689172141362816));
#7692=IFCPOLYLINE((#7684,#7685,#7686,#7687,#7688,#7689,#7690,#7691,#7684));
#7693=IFCARBITRARYPROFILEDEFWITHVOIDS(.AREA.,'600mm Arial',#7683,(#7692));
#7694=IFCCARTESIANPOINT((6897.826769097921,8736.0354060546269,323.10694270689783));
#7695=IFCAXIS2PLACEMENT3D(#7694,#1684,#199);
#7696=IFCEXTRUDEDAREASOLID(#7693,#7695,#34,9.9999999999998916);
#7697=IFCCARTESIANPOINT((-1.6910928246028749,-3.7629748290274141));
#7698=IFCCARTESIANPOINT((-3.1778806463153799,-5.7507405600750072));
#7699=IFCCARTESIANPOINT((0.75353383238873506,-6.3505837195615342));
#7700=IFCCARTESIANPOINT((4.5648773459864973,-4.0697470485887672));
#7701=IFCCARTESIANPOINT((6.7615733785330399,1.0603304169993613));
#7702=IFCCARTESIANPOINT((4.0926664387083225,6.3257151254628612));
#7703=IFCCARTESIANPOINT((-1.4031953969046072,8.9344160273868241));
#7704=IFCCARTESIANPOINT((-6.390006370037054,6.7297038934762501));
#7705=IFCCARTESIANPOINT((-8.3329728963006069,1.7806993558540753));
#7706=IFCCARTESIANPOINT((-5.5235852013729874,-3.5899180024254802));
#7707=IFCCARTESIANPOINT((2.8220290949000781,4.0605126947382288));
#7708=IFCCARTESIANPOINT((4.1614570958001211,0.75406986348261718));
#7709=IFCCARTESIANPOINT((2.7260632856671876,-2.3585083886945495));
#7710=IFCCARTESIANPOINT((0.63653286354948058,-3.7629748290274141));
#7711=IFCPOLYLINE((#7697,#7698,#7699,#7700,#7701,#7702,#7703,#7704,#7705,#7706,#7707,#7708,#7709,#7710,#7697));
#7712=IFCCARTESIANPOINT((1.017326104213168,5.8069994599191617));
#7713=IFCCARTESIANPOINT((-5.0953775739205671,-0.50946100748551038));
#7714=IFCCARTESIANPOINT((-6.0316127317654935,1.7958787818402655));
#7715=IFCCARTESIANPOINT((-4.5784811654230717,4.9902667493532915));
#7716=IFCCARTESIANPOINT((-1.7527770088544561,6.5594328042281713));
#7717=IFCPOLYLINE((#7712,#7713,#7714,#7715,#7716,#7712));
#7718=IFCARBITRARYPROFILEDEFWITHVOIDS(.AREA.,'600mm Arial',#7711,(#7717));
#7719=IFCCARTESIANPOINT((6881.709858889225,8736.0354060546269,320.24955069578903));
#7720=IFCDIRECTION((0.69542142751606628,0.,-0.71860214176658044));
#7721=IFCAXIS2PLACEMENT3D(#7719,#35,#7720);
#7722=IFCEXTRUDEDAREASOLID(#7718,#7721,#1502,9.9999999999998916);
#7723=IFCCARTESIANPOINT((0.,-5.4134474680722633E-013));
#7724=IFCAXIS2PLACEMENT2D(#7723,#170);
#7725=IFCRECTANGLEPROFILEDEF(.AREA.,'600mm Arial',#7724,9.9999999999998916,2.5114077537399369);
#7726=IFCCARTESIANPOINT((6871.5218049875602,8741.0354060546288,314.45295672512009));
#7727=IFCAXIS2PLACEMENT3D(#7726,#34,#35);
#7728=IFCEXTRUDEDAREASOLID(#7725,#7727,#34,20.091262029921864);
#7729=IFCCARTESIANPOINT((-2.6728607379831031,-6.6216453498967827));
#7730=IFCCARTESIANPOINT((3.3204090613332133,-6.6216453498967844));
#7731=IFCCARTESIANPOINT((6.660110995686086,-2.6751256926614961));
#7732=IFCCARTESIANPOINT((6.8369142878840456,0.83917858807352363));
#7733=IFCCARTESIANPOINT((5.1491340929182181,3.8673197310275294));
#7734=IFCCARTESIANPOINT((1.1397193730116268,6.0016671151618395));
#7735=IFCCARTESIANPOINT((-4.6562461217056326,5.9181004241338808));
#7736=IFCCARTESIANPOINT((-7.9940090559137182,2.0018550626384743));
#7737=IFCCARTESIANPOINT((-7.7831718952303355,-2.7097045285780395));
#7738=IFCPOLYLINE((#7729,#7730,#7731,#7732,#7733,#7734,#7735,#7736,#7737,#7729));
#7739=IFCCARTESIANPOINT((-1.9139449131547688,-4.227644569548084));
#7740=IFCCARTESIANPOINT((-5.2637362721745884,-1.9382524455666017));
#7741=IFCCARTESIANPOINT((-5.6014996597341851,1.2382663678956309));
#7742=IFCCARTESIANPOINT((-3.4865533169050771,3.6139620635435978));
#7743=IFCCARTESIANPOINT((0.49295242612888251,3.5718731147460363));
#7744=IFCCARTESIANPOINT((3.915173268822453,1.259364536139576));
#7745=IFCCARTESIANPOINT((4.267601599506488,-1.9115369979186319));
#7746=IFCCARTESIANPOINT((2.1474354120847692,-4.3035877382661463));
#7747=IFCPOLYLINE((#7739,#7740,#7741,#7742,#7743,#7744,#7745,#7746,#7739));
#7748=IFCARBITRARYPROFILEDEFWITHVOIDS(.AREA.,'600mm Arial',#7738,(#7747));
#7749=IFCCARTESIANPOINT((6860.0060085178002,8736.0354060546306,321.29719686649804));
#7750=IFCDIRECTION((-0.30404807566817488,0.,-0.95265668930758052));
#7751=IFCAXIS2PLACEMENT3D(#7749,#1684,#7750);
#7752=IFCEXTRUDEDAREASOLID(#7748,#7751,#34,9.9999999999998863);
#7753=IFCSHAPEREPRESENTATION(#15,'Body','SweptSolid',(#7471,#7497,#7516,#7537,#7561,#7589,#7613,#7644,#7668,#7696,#7722,#7728,#7752));
#7754=IFCPRODUCTDEFINITIONSHAPE($,$,(#7753));
#7755=IFCBUILDINGELEMENTPROXY('2y4yE2$gn3qg3tD19AGeez',#6,'Texto do modelo:600mm Arial:518154',$,$,#7458,#7754,'518154',$);
#7756=IFCPROPERTYSET('0D_1MkaMr8A6cTGuhs6TBg',#6,'Pset_BuildingElementProxyCommon',$,(#7149));
#7757=IFCPROPERTYSET('0rGRCwaUZezbNKomTTFoqK',#6,'Pset_QuantityTakeOff',$,(#7149));
#7758=IFCRELDEFINESBYPROPERTIES('2c_cW9iZCC8LQHqbVkzU_E',#6,$,$,(#7755),#7756);
#7759=IFCRELDEFINESBYPROPERTIES('1NsTGMRWtCeGJY4PkfECW9',#6,$,$,(#7755),#7757);
#7760=IFCAXIS2PLACEMENT3D(#10,$,$);
#7761=IFCLOCALPLACEMENT(#24,#7760);
#7762=IFCCARTESIANPOINT((-1.2557038768694271,-13.812742645571277));
#7763=IFCCARTESIANPOINT((1.2557038768705098,-13.812742645571277));
#7764=IFCCARTESIANPOINT((1.2557038768705098,3.7671116306103789));
#7765=IFCCARTESIANPOINT((7.8481492304382501,3.7671116306103789));
#7766=IFCCARTESIANPOINT((7.8481492304382501,6.2785193843505862));
#7767=IFCCARTESIANPOINT((-7.8481492304382501,6.2785193843505862));
#7768=IFCCARTESIANPOINT((-7.8481492304382501,3.7671116306103789));
#7769=IFCCARTESIANPOINT((-1.2557038768694271,3.7671116306103789));
#7770=IFCPOLYLINE((#7762,#7763,#7764,#7765,#7766,#7767,#7768,#7769,#7762));
#7771=IFCARBITRARYCLOSEDPROFILEDEF(.AREA.,'600mm Arial',#7770);
#7772=IFCCARTESIANPOINT((7051.7153113184222,8736.0354060546306,428.26569937069132));
#7773=IFCAXIS2PLACEMENT3D(#7772,#1684,#199);
#7774=IFCEXTRUDEDAREASOLID(#7771,#7773,#34,9.9999999999998916);
#7775=IFCCARTESIANPOINT((-1.6910928246029235,-3.7629748290273675));
#7776=IFCCARTESIANPOINT((-3.1778806463154288,-5.750740560074961));
#7777=IFCCARTESIANPOINT((0.75353383238868632,-6.350583719561488));
#7778=IFCCARTESIANPOINT((4.5648773459864493,-4.0697470485887202));
#7779=IFCCARTESIANPOINT((6.7615733785329919,1.0603304169994083));
#7780=IFCCARTESIANPOINT((4.0926664387082736,6.3257151254629074));
#7781=IFCCARTESIANPOINT((-1.4031953969046558,8.9344160273868702));
#7782=IFCCARTESIANPOINT((-6.3900063700371019,6.7297038934762963));
#7783=IFCCARTESIANPOINT((-8.3329728963006549,1.7806993558541229));
#7784=IFCCARTESIANPOINT((-5.5235852013730362,-3.5899180024254331));
#7785=IFCCARTESIANPOINT((2.8220290949000293,4.0605126947382759));
#7786=IFCCARTESIANPOINT((4.1614570958000723,0.75406986348266425));
#7787=IFCCARTESIANPOINT((2.7260632856671387,-2.3585083886945024));
#7788=IFCCARTESIANPOINT((0.63653286354943184,-3.7629748290273675));
#7789=IFCPOLYLINE((#7775,#7776,#7777,#7778,#7779,#7780,#7781,#7782,#7783,#7784,#7785,#7786,#7787,#7788,#7775));
#7790=IFCCARTESIANPOINT((1.0173261042131194,5.8069994599192079));
#7791=IFCCARTESIANPOINT((-5.095377573920616,-0.5094610074854633));
#7792=IFCCARTESIANPOINT((-6.0316127317655415,1.7958787818403126));
#7793=IFCCARTESIANPOINT((-4.5784811654231206,4.9902667493533386));
#7794=IFCCARTESIANPOINT((-1.7527770088545047,6.5594328042282193));
#7795=IFCPOLYLINE((#7790,#7791,#7792,#7793,#7794,#7790));
#7796=IFCARBITRARYPROFILEDEFWITHVOIDS(.AREA.,'600mm Arial',#7789,(#7795));
#7797=IFCCARTESIANPOINT((7034.9057318673795,8736.0354060546269,420.24955069578897));
#7798=IFCDIRECTION((0.69542142751606628,0.,-0.71860214176658044));
#7799=IFCAXIS2PLACEMENT3D(#7797,#35,#7798);
#7800=IFCEXTRUDEDAREASOLID(#7796,#7799,#1502,9.9999999999998916);
#7801=IFCCARTESIANPOINT((-6.9095245970308614,-7.857959416976259));
#7802=IFCCARTESIANPOINT((-3.8879871433131257,-7.857959416976259));
#7803=IFCCARTESIANPOINT((0.4922611459253261,-3.394324542164497));
#7804=IFCCARTESIANPOINT((3.5726597188731435,-7.857959416976259));
#7805=IFCCARTESIANPOINT((6.589292079321976,-7.857959416976259));
#7806=IFCCARTESIANPOINT((1.478184892999687,-0.44145839421214478));
#7807=IFCCARTESIANPOINT((6.7854958100835008,6.8965611362476302));
#7808=IFCCARTESIANPOINT((3.7639583563646823,6.8965611362476302));
#7809=IFCCARTESIANPOINT((0.9876755660974994,3.0607781998709203));
#7810=IFCCARTESIANPOINT((-0.0031532742457642373,1.6971622710823162));
#7811=IFCCARTESIANPOINT((-1.1460400059282621,3.3599888892813659));
#7812=IFCCARTESIANPOINT((-3.5838713606335748,6.8965611362476302));
#7813=IFCCARTESIANPOINT((-6.5955986278135041,6.8965611362476302));
#7814=IFCCARTESIANPOINT((-1.5433525607191314,-0.43655330094310668));
#7815=IFCPOLYLINE((#7801,#7802,#7803,#7804,#7805,#7806,#7807,#7808,#7809,#7810,#7811,#7812,#7813,#7814,#7801));
#7816=IFCARBITRARYCLOSEDPROFILEDEF(.AREA.,'600mm Arial',#7815);
#7817=IFCCARTESIANPOINT((7020.6334870916407,8736.0354060546269,422.31091614209635));
#7818=IFCAXIS2PLACEMENT3D(#7817,#1684,#199);
#7819=IFCEXTRUDEDAREASOLID(#7816,#7818,#34,9.9999999999998916);
#7820=IFCCARTESIANPOINT((-7.2889188574045773,0.9347242062472495));
#7821=IFCCARTESIANPOINT((-10.653978624973094,2.0565853861429164));
#7822=IFCCARTESIANPOINT((-10.63627473590708,0.16270497186058333));
#7823=IFCCARTESIANPOINT((-9.936686076181541,-1.8652063149026998));
#7824=IFCCARTESIANPOINT((-5.8453774522256108,-2.6693915497830978));
#7825=IFCCARTESIANPOINT((2.2746884894573656,-1.5532912109527623));
#7826=IFCCARTESIANPOINT((2.5311711525997134,-3.419302773853039));
#7827=IFCCARTESIANPOINT((5.0191865698000599,-3.0773258896632458));
#7828=IFCCARTESIANPOINT((4.7627039066577126,-1.2113143267629687));
#7829=IFCCARTESIANPOINT((8.3149290433245309,-0.72306217374981785));
#7830=IFCCARTESIANPOINT((9.4356330977623255,1.9659982476320832));
#7831=IFCCARTESIANPOINT((4.4207270224679647,1.2767010904370426));
#7832=IFCCARTESIANPOINT((4.0787501382782168,3.7647165076370541));
#7833=IFCCARTESIANPOINT((1.5907347210778704,3.4227396234472613));
#7834=IFCCARTESIANPOINT((1.9327116052676181,0.93472420624724917));
#7835=IFCPOLYLINE((#7820,#7821,#7822,#7823,#7824,#7825,#7826,#7827,#7828,#7829,#7830,#7831,#7832,#7833,#7834,#7820));
#7836=IFCARBITRARYCLOSEDPROFILEDEF(.AREA.,'600mm Arial',#7835);
#7837=IFCCARTESIANPOINT((7009.6842211085905,8736.0354060546269,424.65407919670912));
#7838=IFCDIRECTION((0.13616939888812665,0.,0.99068556808224795));
#7839=IFCAXIS2PLACEMENT3D(#7837,#35,#7838);
#7840=IFCEXTRUDEDAREASOLID(#7836,#7839,#1502,9.9999999999998916);
#7841=IFCCARTESIANPOINT((-2.672860737983433,-6.6216453498978147));
#7842=IFCCARTESIANPOINT((3.3204090613328843,-6.6216453498978147));
#7843=IFCCARTESIANPOINT((6.660110995686086,-2.6751256926614961));
#7844=IFCCARTESIANPOINT((6.836914287883717,0.83917858807249257));
#7845=IFCCARTESIANPOINT((5.1491340929178877,3.8673197310264982));
#7846=IFCCARTESIANPOINT((1.1397193730112973,6.0016671151608074));
#7847=IFCCARTESIANPOINT((-4.6562461217059612,5.9181004241328488));
#7848=IFCCARTESIANPOINT((-7.9940090559137182,2.0018550626384739));
#7849=IFCCARTESIANPOINT((-7.783171895230665,-2.7097045285790711));
#7850=IFCPOLYLINE((#7841,#7842,#7843,#7844,#7845,#7846,#7847,#7848,#7849,#7841));
#7851=IFCCARTESIANPOINT((-1.9139449131550981,-4.2276445695491152));
#7852=IFCCARTESIANPOINT((-5.2637362721749179,-1.9382524455676335));
#7853=IFCCARTESIANPOINT((-5.6014996597341851,1.2382663678956305));
#7854=IFCCARTESIANPOINT((-3.4865533169054066,3.6139620635425662));
#7855=IFCCARTESIANPOINT((0.49295242612888251,3.5718731147460363));
#7856=IFCCARTESIANPOINT((3.9151732688221235,1.2593645361385446));
#7857=IFCCARTESIANPOINT((4.267601599506488,-1.9115369979186314));
#7858=IFCCARTESIANPOINT((2.1474354120844401,-4.3035877382671774));
#7859=IFCPOLYLINE((#7851,#7852,#7853,#7854,#7855,#7856,#7857,#7858,#7851));
#7860=IFCARBITRARYPROFILEDEFWITHVOIDS(.AREA.,'600mm Arial',#7850,(#7859));
#7861=IFCCARTESIANPOINT((6997.5055830350766,8736.0354060546306,421.29719686649804));
#7862=IFCDIRECTION((-0.30404807566817488,0.,-0.95265668930758052));
#7863=IFCAXIS2PLACEMENT3D(#7861,#1684,#7862);
#7864=IFCEXTRUDEDAREASOLID(#7860,#7863,#34,9.9999999999998881);
#7865=IFCCARTESIANPOINT((3.3883683574806556,-8.6539859817777813));
#7866=IFCCARTESIANPOINT((5.899776111220592,-8.6539859817777813));
#7867=IFCCARTESIANPOINT((5.899776111220592,11.437276048144083));
#7868=IFCCARTESIANPOINT((3.3883683574806556,11.437276048144083));
#7869=IFCCARTESIANPOINT((3.3883683574806556,3.9521037196136382));
#7870=IFCCARTESIANPOINT((1.7353519258192762,5.7302000296348128));
#7871=IFCCARTESIANPOINT((-0.57985209716021868,6.4144605406636002));
#7872=IFCCARTESIANPOINT((-3.7853305484666806,5.4579673532039417));
#7873=IFCCARTESIANPOINT((-5.9386664935680527,2.706210029281543));
#7874=IFCCARTESIANPOINT((-6.6572626574801745,-1.2914409849728832));
#7875=IFCCARTESIANPOINT((-5.8773528277051446,-5.2866394525928575));
#7876=IFCCARTESIANPOINT((-3.6798710431825641,-7.9967034837285675));
#7877=IFCCARTESIANPOINT((-0.57004191062133036,-8.9679119509953402));
#7878=IFCCARTESIANPOINT((3.3883683574806556,-6.2848259328392722));
#7879=IFCPOLYLINE((#7865,#7866,#7867,#7868,#7869,#7870,#7871,#7872,#7873,#7874,#7875,#7876,#7877,#7878,#7865));
#7880=IFCCARTESIANPOINT((-4.1458549037402381,-1.2816307984348745));
#7881=IFCCARTESIANPOINT((-3.0863547576312529,2.6547065499567783));
#7882=IFCCARTESIANPOINT((-0.44250948562660997,3.9030527869233924));
#7883=IFCCARTESIANPOINT((2.2822698253154701,2.6032030706320808));
#7884=IFCCARTESIANPOINT((3.3883683574806556,-1.4729294359268197));
#7885=IFCCARTESIANPOINT((2.3018901983921638,-5.2277783333646033));
#7886=IFCCARTESIANPOINT((-0.33950252697748623,-6.4565041972550654));
#7887=IFCCARTESIANPOINT((-3.0127783585955457,-5.1689172141362816));
#7888=IFCPOLYLINE((#7880,#7881,#7882,#7883,#7884,#7885,#7886,#7887,#7880));
#7889=IFCARBITRARYPROFILEDEFWITHVOIDS(.AREA.,'600mm Arial',#7879,(#7888));
#7890=IFCCARTESIANPOINT((6975.0525575254323,8736.0354060546269,423.10694270689783));
#7891=IFCAXIS2PLACEMENT3D(#7890,#1684,#199);
#7892=IFCEXTRUDEDAREASOLID(#7889,#7891,#34,9.9999999999998916);
#7893=IFCCARTESIANPOINT((-2.6728607379831031,-6.6216453498967827));
#7894=IFCCARTESIANPOINT((3.3204090613332133,-6.6216453498967844));
#7895=IFCCARTESIANPOINT((6.660110995686086,-2.6751256926614961));
#7896=IFCCARTESIANPOINT((6.836914287883717,0.83917858807249202));
#7897=IFCCARTESIANPOINT((5.1491340929182181,3.8673197310275294));
#7898=IFCCARTESIANPOINT((1.1397193730116268,6.0016671151618395));
#7899=IFCCARTESIANPOINT((-4.6562461217056326,5.9181004241338808));
#7900=IFCCARTESIANPOINT((-7.9940090559137182,2.0018550626384743));
#7901=IFCCARTESIANPOINT((-7.783171895230665,-2.7097045285790706));
#7902=IFCPOLYLINE((#7893,#7894,#7895,#7896,#7897,#7898,#7899,#7900,#7901,#7893));
#7903=IFCCARTESIANPOINT((-1.9139449131547688,-4.227644569548084));
#7904=IFCCARTESIANPOINT((-5.2637362721745884,-1.9382524455666017));
#7905=IFCCARTESIANPOINT((-5.6014996597341851,1.2382663678956309));
#7906=IFCCARTESIANPOINT((-3.4865533169050771,3.6139620635435978));
#7907=IFCCARTESIANPOINT((0.49295242612888251,3.5718731147460363));
#7908=IFCCARTESIANPOINT((3.915173268822453,1.259364536139576));
#7909=IFCCARTESIANPOINT((4.267601599506488,-1.9115369979186319));
#7910=IFCCARTESIANPOINT((2.1474354120847692,-4.3035877382661463));
#7911=IFCPOLYLINE((#7903,#7904,#7905,#7906,#7907,#7908,#7909,#7910,#7903));
#7912=IFCARBITRARYPROFILEDEFWITHVOIDS(.AREA.,'600mm Arial',#7902,(#7911));
#7913=IFCCARTESIANPOINT((6958.8926888213218,8736.0354060546306,421.29719686649804));
#7914=IFCDIRECTION((-0.30404807566817488,0.,-0.95265668930758052));
#7915=IFCAXIS2PLACEMENT3D(#7913,#1684,#7914);
#7916=IFCEXTRUDEDAREASOLID(#7912,#7915,#34,9.9999999999998863);
#7917=IFCCARTESIANPOINT((-9.0570660638185991,-9.2411957188410145));
#7918=IFCCARTESIANPOINT((-6.5456583100786618,-9.2411957188410145));
#7919=IFCCARTESIANPOINT((-6.5456583100786618,-1.8001692297317784));
#7920=IFCCARTESIANPOINT((-6.1630610350945005,1.1968427576418494));
#7921=IFCCARTESIANPOINT((-4.9269775313006852,2.7762827902675213));
#7922=IFCCARTESIANPOINT((-3.0679471823399753,3.3158430498601579));
#7923=IFCCARTESIANPOINT((-1.1623184473252308,2.506502660471237));
#7924=IFCCARTESIANPOINT((-0.58106489494563507,0.07357639903536875));
#7925=IFCCARTESIANPOINT((-0.58106489494563507,-9.2411957188410145));
#7926=IFCCARTESIANPOINT((1.9303428587953846,-9.2411957188410145));
#7927=IFCCARTESIANPOINT((1.9303428587953846,-0.91234734803845063));
#7928=IFCCARTESIANPOINT((2.9138140592336699,2.3102989297102536));
#7929=IFCCARTESIANPOINT((7.6619443436495747,1.8909134552087128));
#7930=IFCCARTESIANPOINT((7.8949362739284119,-0.20601391729899188));
#7931=IFCCARTESIANPOINT((7.8949362739284119,-9.2411957188410145));
#7932=IFCCARTESIANPOINT((10.406344027668348,-9.2411957188410145));
#7933=IFCCARTESIANPOINT((10.406344027668348,0.87310660188628109));
#7934=IFCCARTESIANPOINT((9.2560996560819557,4.6132402195169506));
#7935=IFCCARTESIANPOINT((5.9721397124708835,5.8272508036003652));
#7936=IFCCARTESIANPOINT((1.537935397273418,2.9087203085311448));
#7937=IFCCARTESIANPOINT((0.15469909540818777,5.059603706998133));
#7938=IFCCARTESIANPOINT((-2.3616137516006517,5.8272508036003652));
#7939=IFCCARTESIANPOINT((-4.8190654793815755,5.0743189868052481));
#7940=IFCCARTESIANPOINT((-6.5456583100786618,3.0853036662160434));
#7941=IFCCARTESIANPOINT((-6.5456583100786618,5.5133248343828738));
#7942=IFCCARTESIANPOINT((-9.0570660638185991,5.5133248343828738));
#7943=IFCPOLYLINE((#7917,#7918,#7919,#7920,#7921,#7922,#7923,#7924,#7925,#7926,#7927,#7928,#7929,#7930,#7931,#7932,#7933,#7934,#7935,#7936,#7937,#7938,#7939,#7940,#7941,#7942,#7917));
#7944=IFCARBITRARYCLOSEDPROFILEDEF(.AREA.,'600mm Arial',#7943);
#7945=IFCCARTESIANPOINT((6933.0980819976849,8736.0354060546251,423.69415244396106));
#7946=IFCAXIS2PLACEMENT3D(#7945,#1684,#199);
#7947=IFCEXTRUDEDAREASOLID(#7944,#7946,#34,9.9999999999998916);
#7948=IFCCARTESIANPOINT((-2.672860737983433,-6.6216453498978147));
#7949=IFCCARTESIANPOINT((3.3204090613328843,-6.6216453498978147));
#7950=IFCCARTESIANPOINT((6.660110995686086,-2.6751256926614961));
#7951=IFCCARTESIANPOINT((6.836914287883717,0.83917858807249257));
#7952=IFCCARTESIANPOINT((5.1491340929182181,3.8673197310275294));
#7953=IFCCARTESIANPOINT((1.1397193730112973,6.0016671151608074));
#7954=IFCCARTESIANPOINT((-4.6562461217056326,5.9181004241338808));
#7955=IFCCARTESIANPOINT((-7.9940090559137182,2.0018550626384739));
#7956=IFCCARTESIANPOINT((-7.783171895230665,-2.7097045285790711));
#7957=IFCPOLYLINE((#7948,#7949,#7950,#7951,#7952,#7953,#7954,#7955,#7956,#7948));
#7958=IFCCARTESIANPOINT((-1.9139449131547688,-4.227644569548084));
#7959=IFCCARTESIANPOINT((-5.2637362721749179,-1.9382524455676335));
#7960=IFCCARTESIANPOINT((-5.6014996597341851,1.2382663678956305));
#7961=IFCCARTESIANPOINT((-3.4865533169050771,3.6139620635435978));
#7962=IFCCARTESIANPOINT((0.49295242612888251,3.5718731147460363));
#7963=IFCCARTESIANPOINT((3.9151732688221235,1.2593645361385446));
#7964=IFCCARTESIANPOINT((4.267601599506488,-1.9115369979186314));
#7965=IFCCARTESIANPOINT((2.1474354120844401,-4.3035877382671774));
#7966=IFCPOLYLINE((#7958,#7959,#7960,#7961,#7962,#7963,#7964,#7965,#7958));
#7967=IFCARBITRARYPROFILEDEFWITHVOIDS(.AREA.,'600mm Arial',#7957,(#7966));
#7968=IFCCARTESIANPOINT((6912.4316453771262,8736.0354060546306,421.29719686649804));
#7969=IFCDIRECTION((-0.30404807566817488,0.,-0.95265668930758052));
#7970=IFCAXIS2PLACEMENT3D(#7968,#1684,#7969);
#7971=IFCEXTRUDEDAREASOLID(#7967,#7970,#34,9.9999999999998881);
#7972=IFCCARTESIANPOINT((3.3883683574817383,-8.6539859817777813));
#7973=IFCCARTESIANPOINT((5.8997761112216756,-8.6539859817777813));
#7974=IFCCARTESIANPOINT((5.8997761112216756,11.437276048144083));
#7975=IFCCARTESIANPOINT((3.3883683574817383,11.437276048144083));
#7976=IFCCARTESIANPOINT((3.3883683574817383,3.9521037196136382));
#7977=IFCCARTESIANPOINT((1.7353519258203591,5.7302000296348128));
#7978=IFCCARTESIANPOINT((-0.57985209715805297,6.4144605406636002));
#7979=IFCCARTESIANPOINT((-3.7853305484655979,5.4579673532039417));
#7980=IFCCARTESIANPOINT((-5.93866649356697,2.706210029281543));
#7981=IFCCARTESIANPOINT((-6.6572626574790918,-1.2914409849728832));
#7982=IFCCARTESIANPOINT((-5.877352827704061,-5.2866394525928575));
#7983=IFCCARTESIANPOINT((-3.6798710431814814,-7.9967034837285675));
#7984=IFCCARTESIANPOINT((-0.57004191062024745,-8.9679119509953402));
#7985=IFCCARTESIANPOINT((3.3883683574817383,-6.2848259328392722));
#7986=IFCPOLYLINE((#7972,#7973,#7974,#7975,#7976,#7977,#7978,#7979,#7980,#7981,#7982,#7983,#7984,#7985,#7972));
#7987=IFCCARTESIANPOINT((-4.1458549037391554,-1.2816307984348745));
#7988=IFCCARTESIANPOINT((-3.0863547576290871,2.6547065499567783));
#7989=IFCCARTESIANPOINT((-0.44250948562552711,3.9030527869233924));
#7990=IFCCARTESIANPOINT((2.2822698253165528,2.6032030706320808));
#7991=IFCCARTESIANPOINT((3.3883683574817383,-1.4729294359268197));
#7992=IFCCARTESIANPOINT((2.3018901983932465,-5.2277783333646033));
#7993=IFCCARTESIANPOINT((-0.33950252697640337,-6.4565041972550654));
#7994=IFCCARTESIANPOINT((-3.012778358594463,-5.1689172141362816));
#7995=IFCPOLYLINE((#7987,#7988,#7989,#7990,#7991,#7992,#7993,#7994,#7987));
#7996=IFCARBITRARYPROFILEDEFWITHVOIDS(.AREA.,'600mm Arial',#7986,(#7995));
#7997=IFCCARTESIANPOINT((6897.826769097921,8736.0354060546269,423.10694270689783));
#7998=IFCAXIS2PLACEMENT3D(#7997,#1684,#199);
#7999=IFCEXTRUDEDAREASOLID(#7996,#7998,#34,9.9999999999998916);
#8000=IFCCARTESIANPOINT((-1.6910928246029235,-3.7629748290273675));
#8001=IFCCARTESIANPOINT((-3.1778806463154288,-5.750740560074961));
#8002=IFCCARTESIANPOINT((0.75353383238868632,-6.350583719561488));
#8003=IFCCARTESIANPOINT((4.5648773459864493,-4.0697470485887202));
#8004=IFCCARTESIANPOINT((6.7615733785329919,1.0603304169994083));
#8005=IFCCARTESIANPOINT((4.0926664387082736,6.3257151254629074));
#8006=IFCCARTESIANPOINT((-1.4031953969046558,8.9344160273868702));
#8007=IFCCARTESIANPOINT((-6.3900063700371019,6.7297038934762963));
#8008=IFCCARTESIANPOINT((-8.3329728963006549,1.7806993558541229));
#8009=IFCCARTESIANPOINT((-5.5235852013730362,-3.5899180024254331));
#8010=IFCCARTESIANPOINT((2.8220290949000293,4.0605126947382759));
#8011=IFCCARTESIANPOINT((4.1614570958000723,0.75406986348266425));
#8012=IFCCARTESIANPOINT((2.7260632856671387,-2.3585083886945024));
#8013=IFCCARTESIANPOINT((0.63653286354943184,-3.7629748290273675));
#8014=IFCPOLYLINE((#8000,#8001,#8002,#8003,#8004,#8005,#8006,#8007,#8008,#8009,#8010,#8011,#8012,#8013,#8000));
#8015=IFCCARTESIANPOINT((1.0173261042131194,5.8069994599192079));
#8016=IFCCARTESIANPOINT((-5.095377573920616,-0.5094610074854633));
#8017=IFCCARTESIANPOINT((-6.0316127317655415,1.7958787818403126));
#8018=IFCCARTESIANPOINT((-4.5784811654231206,4.9902667493533386));
#8019=IFCCARTESIANPOINT((-1.7527770088545047,6.5594328042282193));
#8020=IFCPOLYLINE((#8015,#8016,#8017,#8018,#8019,#8015));
#8021=IFCARBITRARYPROFILEDEFWITHVOIDS(.AREA.,'600mm Arial',#8014,(#8020));
#8022=IFCCARTESIANPOINT((6881.709858889225,8736.0354060546269,420.24955069578897));
#8023=IFCDIRECTION((0.69542142751606628,0.,-0.71860214176658044));
#8024=IFCAXIS2PLACEMENT3D(#8022,#35,#8023);
#8025=IFCEXTRUDEDAREASOLID(#8021,#8024,#1502,9.9999999999998916);
#8026=IFCCARTESIANPOINT((0.,-5.4134474680722633E-013));
#8027=IFCAXIS2PLACEMENT2D(#8026,#170);
#8028=IFCRECTANGLEPROFILEDEF(.AREA.,'600mm Arial',#8027,9.9999999999998916,2.5114077537399369);
#8029=IFCCARTESIANPOINT((6871.5218049875602,8741.0354060546306,414.45295672512009));
#8030=IFCAXIS2PLACEMENT3D(#8029,#34,#35);
#8031=IFCEXTRUDEDAREASOLID(#8028,#8030,#34,20.091262029921864);
#8032=IFCCARTESIANPOINT((-2.6728607379831031,-6.6216453498967827));
#8033=IFCCARTESIANPOINT((3.3204090613332133,-6.6216453498967844));
#8034=IFCCARTESIANPOINT((6.660110995686086,-2.6751256926614961));
#8035=IFCCARTESIANPOINT((6.8369142878840456,0.83917858807352363));
#8036=IFCCARTESIANPOINT((5.1491340929182181,3.8673197310275294));
#8037=IFCCARTESIANPOINT((1.1397193730116268,6.0016671151618395));
#8038=IFCCARTESIANPOINT((-4.6562461217056326,5.9181004241338808));
#8039=IFCCARTESIANPOINT((-7.9940090559137182,2.0018550626384743));
#8040=IFCCARTESIANPOINT((-7.7831718952303355,-2.7097045285780395));
#8041=IFCPOLYLINE((#8032,#8033,#8034,#8035,#8036,#8037,#8038,#8039,#8040,#8032));
#8042=IFCCARTESIANPOINT((-1.9139449131547688,-4.227644569548084));
#8043=IFCCARTESIANPOINT((-5.2637362721745884,-1.9382524455666017));
#8044=IFCCARTESIANPOINT((-5.6014996597341851,1.2382663678956309));
#8045=IFCCARTESIANPOINT((-3.4865533169050771,3.6139620635435978));
#8046=IFCCARTESIANPOINT((0.49295242612888251,3.5718731147460363));
#8047=IFCCARTESIANPOINT((3.915173268822453,1.259364536139576));
#8048=IFCCARTESIANPOINT((4.267601599506488,-1.9115369979186319));
#8049=IFCCARTESIANPOINT((2.1474354120847692,-4.3035877382661463));
#8050=IFCPOLYLINE((#8042,#8043,#8044,#8045,#8046,#8047,#8048,#8049,#8042));
#8051=IFCARBITRARYPROFILEDEFWITHVOIDS(.AREA.,'600mm Arial',#8041,(#8050));
#8052=IFCCARTESIANPOINT((6860.0060085178002,8736.0354060546306,421.29719686649804));
#8053=IFCDIRECTION((-0.30404807566817488,0.,-0.95265668930758052));
#8054=IFCAXIS2PLACEMENT3D(#8052,#1684,#8053);
#8055=IFCEXTRUDEDAREASOLID(#8051,#8054,#34,9.9999999999998863);
#8056=IFCSHAPEREPRESENTATION(#15,'Body','SweptSolid',(#7774,#7800,#7819,#7840,#7864,#7892,#7916,#7947,#7971,#7999,#8025,#8031,#8055));
#8057=IFCPRODUCTDEFINITIONSHAPE($,$,(#8056));
#8058=IFCBUILDINGELEMENTPROXY('2y4yE2$gn3qg3tD19AGeed',#6,'Texto do modelo:600mm Arial:518160',$,$,#7761,#8057,'518160',$);
#8059=IFCPROPERTYSET('3c62DPJ3Yjj7UUhEq_$bhS',#6,'Pset_BuildingElementProxyCommon',$,(#7149));
#8060=IFCPROPERTYSET('3xba_hHHy6zgqmJg$dOL$X',#6,'Pset_QuantityTakeOff',$,(#7149));
#8061=IFCRELDEFINESBYPROPERTIES('0LFZy8_VffOLRUpy8oxQ_p',#6,$,$,(#8058),#8059);
#8062=IFCRELDEFINESBYPROPERTIES('3jLHvsRBzSrXIbkTedd24q',#6,$,$,(#8058),#8060);
#8063=IFCAXIS2PLACEMENT3D(#10,$,$);
#8064=IFCLOCALPLACEMENT(#24,#8063);
#8065=IFCCARTESIANPOINT((-1.2557038768694271,-13.812742645571277));
#8066=IFCCARTESIANPOINT((1.2557038768705098,-13.812742645571277));
#8067=IFCCARTESIANPOINT((1.2557038768705098,3.7671116306103789));
#8068=IFCCARTESIANPOINT((7.8481492304382501,3.7671116306103789));
#8069=IFCCARTESIANPOINT((7.8481492304382501,6.2785193843505862));
#8070=IFCCARTESIANPOINT((-7.8481492304382501,6.2785193843505862));
#8071=IFCCARTESIANPOINT((-7.8481492304382501,3.7671116306103789));
#8072=IFCCARTESIANPOINT((-1.2557038768694271,3.7671116306103789));
#8073=IFCPOLYLINE((#8065,#8066,#8067,#8068,#8069,#8070,#8071,#8072,#8065));
#8074=IFCARBITRARYCLOSEDPROFILEDEF(.AREA.,'600mm Arial',#8073);
#8075=IFCCARTESIANPOINT((7051.7153113184222,8736.0354060546306,528.26569937069132));
#8076=IFCAXIS2PLACEMENT3D(#8075,#1684,#199);
#8077=IFCEXTRUDEDAREASOLID(#8074,#8076,#34,9.9999999999998916);
#8078=IFCCARTESIANPOINT((-1.6910928246029235,-3.7629748290273675));
#8079=IFCCARTESIANPOINT((-3.1778806463154288,-5.750740560074961));
#8080=IFCCARTESIANPOINT((0.75353383238868632,-6.350583719561488));
#8081=IFCCARTESIANPOINT((4.5648773459864493,-4.0697470485887202));
#8082=IFCCARTESIANPOINT((6.7615733785329919,1.0603304169994083));
#8083=IFCCARTESIANPOINT((4.0926664387082736,6.3257151254629074));
#8084=IFCCARTESIANPOINT((-1.4031953969046558,8.9344160273868702));
#8085=IFCCARTESIANPOINT((-6.3900063700371019,6.7297038934762963));
#8086=IFCCARTESIANPOINT((-8.3329728963006549,1.7806993558541229));
#8087=IFCCARTESIANPOINT((-5.5235852013730362,-3.5899180024254331));
#8088=IFCCARTESIANPOINT((2.8220290949000293,4.0605126947382759));
#8089=IFCCARTESIANPOINT((4.1614570958000723,0.75406986348266425));
#8090=IFCCARTESIANPOINT((2.7260632856671387,-2.3585083886945024));
#8091=IFCCARTESIANPOINT((0.63653286354943184,-3.7629748290273675));
#8092=IFCPOLYLINE((#8078,#8079,#8080,#8081,#8082,#8083,#8084,#8085,#8086,#8087,#8088,#8089,#8090,#8091,#8078));
#8093=IFCCARTESIANPOINT((1.0173261042131194,5.8069994599192079));
#8094=IFCCARTESIANPOINT((-5.095377573920616,-0.5094610074854633));
#8095=IFCCARTESIANPOINT((-6.0316127317655415,1.7958787818403126));
#8096=IFCCARTESIANPOINT((-4.5784811654231206,4.9902667493533386));
#8097=IFCCARTESIANPOINT((-1.7527770088545047,6.5594328042282193));
#8098=IFCPOLYLINE((#8093,#8094,#8095,#8096,#8097,#8093));
#8099=IFCARBITRARYPROFILEDEFWITHVOIDS(.AREA.,'600mm Arial',#8092,(#8098));
#8100=IFCCARTESIANPOINT((7034.9057318673795,8736.0354060546269,520.24955069578903));
#8101=IFCDIRECTION((0.69542142751606628,0.,-0.71860214176658044));
#8102=IFCAXIS2PLACEMENT3D(#8100,#35,#8101);
#8103=IFCEXTRUDEDAREASOLID(#8099,#8102,#1502,9.9999999999998916);
#8104=IFCCARTESIANPOINT((-6.9095245970308614,-7.8579594169761915));
#8105=IFCCARTESIANPOINT((-3.8879871433131257,-7.8579594169761915));
#8106=IFCCARTESIANPOINT((0.4922611459253261,-3.3943245421644295));
#8107=IFCCARTESIANPOINT((3.5726597188731435,-7.8579594169761915));
#8108=IFCCARTESIANPOINT((6.589292079321976,-7.8579594169761915));
#8109=IFCCARTESIANPOINT((1.478184892999687,-0.44145839421207711));
#8110=IFCCARTESIANPOINT((6.7854958100835008,6.8965611362476977));
#8111=IFCCARTESIANPOINT((3.7639583563646823,6.8965611362476977));
#8112=IFCCARTESIANPOINT((0.9876755660974994,3.0607781998709878));
#8113=IFCCARTESIANPOINT((-0.0031532742457642373,1.6971622710823839));
#8114=IFCCARTESIANPOINT((-1.1460400059282621,3.3599888892814334));
#8115=IFCCARTESIANPOINT((-3.5838713606335748,6.8965611362476977));
#8116=IFCCARTESIANPOINT((-6.5955986278135041,6.8965611362476977));
#8117=IFCCARTESIANPOINT((-1.5433525607191314,-0.43655330094303901));
#8118=IFCPOLYLINE((#8104,#8105,#8106,#8107,#8108,#8109,#8110,#8111,#8112,#8113,#8114,#8115,#8116,#8117,#8104));
#8119=IFCARBITRARYCLOSEDPROFILEDEF(.AREA.,'600mm Arial',#8118);
#8120=IFCCARTESIANPOINT((7020.6334870916407,8736.0354060546269,522.31091614209629));
#8121=IFCAXIS2PLACEMENT3D(#8120,#1684,#199);
#8122=IFCEXTRUDEDAREASOLID(#8119,#8121,#34,9.9999999999998916);
#8123=IFCCARTESIANPOINT((-7.2889188574045107,0.93472420624725872));
#8124=IFCCARTESIANPOINT((-10.653978624973027,2.0565853861429257));
#8125=IFCCARTESIANPOINT((-10.63627473590701,0.16270497186059257));
#8126=IFCCARTESIANPOINT((-9.9366860761814735,-1.8652063149026905));
#8127=IFCCARTESIANPOINT((-5.8453774522255433,-2.6693915497830889));
#8128=IFCCARTESIANPOINT((2.2746884894574326,-1.553291210952753));
#8129=IFCCARTESIANPOINT((2.53117115259978,-3.4193027738530302));
#8130=IFCCARTESIANPOINT((5.0191865698001266,-3.0773258896632365));
#8131=IFCCARTESIANPOINT((4.7627039066577792,-1.2113143267629596));
#8132=IFCCARTESIANPOINT((8.3149290433245984,-0.72306217374980875));
#8133=IFCCARTESIANPOINT((9.435633097762393,1.9659982476320921));
#8134=IFCCARTESIANPOINT((4.4207270224680313,1.2767010904370522));
#8135=IFCCARTESIANPOINT((4.0787501382782834,3.7647165076370639));
#8136=IFCCARTESIANPOINT((1.5907347210779372,3.4227396234472702));
#8137=IFCCARTESIANPOINT((1.9327116052676849,0.93472420624725838));
#8138=IFCPOLYLINE((#8123,#8124,#8125,#8126,#8127,#8128,#8129,#8130,#8131,#8132,#8133,#8134,#8135,#8136,#8137,#8123));
#8139=IFCARBITRARYCLOSEDPROFILEDEF(.AREA.,'600mm Arial',#8138);
#8140=IFCCARTESIANPOINT((7009.6842211085905,8736.0354060546269,524.65407919670906));
#8141=IFCDIRECTION((0.13616939888812665,0.,0.99068556808224795));
#8142=IFCAXIS2PLACEMENT3D(#8140,#35,#8141);
#8143=IFCEXTRUDEDAREASOLID(#8139,#8142,#1502,9.9999999999998916);
#8144=IFCCARTESIANPOINT((-2.672860737983433,-6.6216453498978147));
#8145=IFCCARTESIANPOINT((3.3204090613328843,-6.6216453498978147));
#8146=IFCCARTESIANPOINT((6.660110995686086,-2.6751256926614961));
#8147=IFCCARTESIANPOINT((6.836914287883717,0.83917858807249257));
#8148=IFCCARTESIANPOINT((5.1491340929178877,3.8673197310264982));
#8149=IFCCARTESIANPOINT((1.1397193730112973,6.0016671151608074));
#8150=IFCCARTESIANPOINT((-4.6562461217059612,5.9181004241328488));
#8151=IFCCARTESIANPOINT((-7.9940090559137182,2.0018550626384739));
#8152=IFCCARTESIANPOINT((-7.783171895230665,-2.7097045285790711));
#8153=IFCPOLYLINE((#8144,#8145,#8146,#8147,#8148,#8149,#8150,#8151,#8152,#8144));
#8154=IFCCARTESIANPOINT((-1.9139449131550981,-4.2276445695491152));
#8155=IFCCARTESIANPOINT((-5.2637362721749179,-1.9382524455676335));
#8156=IFCCARTESIANPOINT((-5.6014996597341851,1.2382663678956305));
#8157=IFCCARTESIANPOINT((-3.4865533169054066,3.6139620635425662));
#8158=IFCCARTESIANPOINT((0.49295242612888251,3.5718731147460363));
#8159=IFCCARTESIANPOINT((3.9151732688221235,1.2593645361385446));
#8160=IFCCARTESIANPOINT((4.267601599506488,-1.9115369979186314));
#8161=IFCCARTESIANPOINT((2.1474354120844401,-4.3035877382671774));
#8162=IFCPOLYLINE((#8154,#8155,#8156,#8157,#8158,#8159,#8160,#8161,#8154));
#8163=IFCARBITRARYPROFILEDEFWITHVOIDS(.AREA.,'600mm Arial',#8153,(#8162));
#8164=IFCCARTESIANPOINT((6997.5055830350766,8736.0354060546306,521.2971968664981));
#8165=IFCDIRECTION((-0.30404807566817488,0.,-0.95265668930758052));
#8166=IFCAXIS2PLACEMENT3D(#8164,#1684,#8165);
#8167=IFCEXTRUDEDAREASOLID(#8163,#8166,#34,9.9999999999998881);
#8168=IFCCARTESIANPOINT((3.3883683574806556,-8.6539859817778488));
#8169=IFCCARTESIANPOINT((5.899776111220592,-8.6539859817778488));
#8170=IFCCARTESIANPOINT((5.899776111220592,11.437276048144016));
#8171=IFCCARTESIANPOINT((3.3883683574806556,11.437276048144016));
#8172=IFCCARTESIANPOINT((3.3883683574806556,3.9521037196135707));
#8173=IFCCARTESIANPOINT((1.7353519258192762,5.7302000296347453));
#8174=IFCCARTESIANPOINT((-0.57985209716021868,6.4144605406635327));
#8175=IFCCARTESIANPOINT((-3.7853305484666806,5.4579673532038742));
#8176=IFCCARTESIANPOINT((-5.9386664935680527,2.7062100292814755));
#8177=IFCCARTESIANPOINT((-6.6572626574801745,-1.2914409849729507));
#8178=IFCCARTESIANPOINT((-5.8773528277051446,-5.2866394525929259));
#8179=IFCCARTESIANPOINT((-3.6798710431825641,-7.9967034837286359));
#8180=IFCCARTESIANPOINT((-0.57004191062133036,-8.9679119509954077));
#8181=IFCCARTESIANPOINT((3.3883683574806556,-6.2848259328393405));
#8182=IFCPOLYLINE((#8168,#8169,#8170,#8171,#8172,#8173,#8174,#8175,#8176,#8177,#8178,#8179,#8180,#8181,#8168));
#8183=IFCCARTESIANPOINT((-4.1458549037402381,-1.2816307984349422));
#8184=IFCCARTESIANPOINT((-3.0863547576312529,2.6547065499567104));
#8185=IFCCARTESIANPOINT((-0.44250948562660997,3.9030527869233249));
#8186=IFCCARTESIANPOINT((2.2822698253154701,2.6032030706320133));
#8187=IFCCARTESIANPOINT((3.3883683574806556,-1.4729294359268874));
#8188=IFCCARTESIANPOINT((2.3018901983921638,-5.2277783333646708));
#8189=IFCCARTESIANPOINT((-0.33950252697748623,-6.4565041972551329));
#8190=IFCCARTESIANPOINT((-3.0127783585955457,-5.1689172141363491));
#8191=IFCPOLYLINE((#8183,#8184,#8185,#8186,#8187,#8188,#8189,#8190,#8183));
#8192=IFCARBITRARYPROFILEDEFWITHVOIDS(.AREA.,'600mm Arial',#8182,(#8191));
#8193=IFCCARTESIANPOINT((6975.0525575254323,8736.0354060546269,523.10694270689794));
#8194=IFCAXIS2PLACEMENT3D(#8193,#1684,#199);
#8195=IFCEXTRUDEDAREASOLID(#8192,#8194,#34,9.9999999999998916);
#8196=IFCCARTESIANPOINT((-2.6728607379831031,-6.6216453498967827));
#8197=IFCCARTESIANPOINT((3.3204090613332133,-6.6216453498967844));
#8198=IFCCARTESIANPOINT((6.660110995686086,-2.6751256926614961));
#8199=IFCCARTESIANPOINT((6.836914287883717,0.83917858807249202));
#8200=IFCCARTESIANPOINT((5.1491340929182181,3.8673197310275294));
#8201=IFCCARTESIANPOINT((1.1397193730116268,6.0016671151618395));
#8202=IFCCARTESIANPOINT((-4.6562461217056326,5.9181004241338808));
#8203=IFCCARTESIANPOINT((-7.9940090559137182,2.0018550626384743));
#8204=IFCCARTESIANPOINT((-7.783171895230665,-2.7097045285790706));
#8205=IFCPOLYLINE((#8196,#8197,#8198,#8199,#8200,#8201,#8202,#8203,#8204,#8196));
#8206=IFCCARTESIANPOINT((-1.9139449131547688,-4.227644569548084));
#8207=IFCCARTESIANPOINT((-5.2637362721745884,-1.9382524455666017));
#8208=IFCCARTESIANPOINT((-5.6014996597341851,1.2382663678956309));
#8209=IFCCARTESIANPOINT((-3.4865533169050771,3.6139620635435978));
#8210=IFCCARTESIANPOINT((0.49295242612888251,3.5718731147460363));
#8211=IFCCARTESIANPOINT((3.915173268822453,1.259364536139576));
#8212=IFCCARTESIANPOINT((4.267601599506488,-1.9115369979186319));
#8213=IFCCARTESIANPOINT((2.1474354120847692,-4.3035877382661463));
#8214=IFCPOLYLINE((#8206,#8207,#8208,#8209,#8210,#8211,#8212,#8213,#8206));
#8215=IFCARBITRARYPROFILEDEFWITHVOIDS(.AREA.,'600mm Arial',#8205,(#8214));
#8216=IFCCARTESIANPOINT((6958.8926888213218,8736.0354060546306,521.2971968664981));
#8217=IFCDIRECTION((-0.30404807566817488,0.,-0.95265668930758052));
#8218=IFCAXIS2PLACEMENT3D(#8216,#1684,#8217);
#8219=IFCEXTRUDEDAREASOLID(#8215,#8218,#34,9.9999999999998863);
#8220=IFCCARTESIANPOINT((-9.0570660638185991,-9.2411957188408795));
#8221=IFCCARTESIANPOINT((-6.5456583100786618,-9.2411957188408795));
#8222=IFCCARTESIANPOINT((-6.5456583100786618,-1.800169229731643));
#8223=IFCCARTESIANPOINT((-6.1630610350945005,1.1968427576419847));
#8224=IFCCARTESIANPOINT((-4.9269775313006852,2.7762827902676568));
#8225=IFCCARTESIANPOINT((-3.0679471823399753,3.3158430498602933));
#8226=IFCCARTESIANPOINT((-1.1623184473252308,2.5065026604713725));
#8227=IFCCARTESIANPOINT((-0.58106489494563507,0.0735763990355041));
#8228=IFCCARTESIANPOINT((-0.58106489494563507,-9.2411957188408795));
#8229=IFCCARTESIANPOINT((1.9303428587953846,-9.2411957188408795));
#8230=IFCCARTESIANPOINT((1.9303428587953846,-0.9123473480383153));
#8231=IFCCARTESIANPOINT((2.9138140592336699,2.3102989297103891));
#8232=IFCCARTESIANPOINT((7.6619443436495747,1.8909134552088482));
#8233=IFCCARTESIANPOINT((7.8949362739284119,-0.20601391729885651));
#8234=IFCCARTESIANPOINT((7.8949362739284119,-9.2411957188408795));
#8235=IFCCARTESIANPOINT((10.406344027668348,-9.2411957188408795));
#8236=IFCCARTESIANPOINT((10.406344027668348,0.87310660188641642));
#8237=IFCCARTESIANPOINT((9.2560996560819557,4.6132402195170856));
#8238=IFCCARTESIANPOINT((5.9721397124708835,5.8272508036005011));
#8239=IFCCARTESIANPOINT((1.537935397273418,2.9087203085312798));
#8240=IFCCARTESIANPOINT((0.15469909540818777,5.0596037069982689));
#8241=IFCCARTESIANPOINT((-2.3616137516006517,5.8272508036005011));
#8242=IFCCARTESIANPOINT((-4.8190654793815755,5.0743189868053831));
#8243=IFCCARTESIANPOINT((-6.5456583100786618,3.0853036662161784));
#8244=IFCCARTESIANPOINT((-6.5456583100786618,5.5133248343830088));
#8245=IFCCARTESIANPOINT((-9.0570660638185991,5.5133248343830088));
#8246=IFCPOLYLINE((#8220,#8221,#8222,#8223,#8224,#8225,#8226,#8227,#8228,#8229,#8230,#8231,#8232,#8233,#8234,#8235,#8236,#8237,#8238,#8239,#8240,#8241,#8242,#8243,#8244,#8245,#8220));
#8247=IFCARBITRARYCLOSEDPROFILEDEF(.AREA.,'600mm Arial',#8246);
#8248=IFCCARTESIANPOINT((6933.0980819976849,8736.0354060546251,523.694152443961));
#8249=IFCAXIS2PLACEMENT3D(#8248,#1684,#199);
#8250=IFCEXTRUDEDAREASOLID(#8247,#8249,#34,9.9999999999998916);
#8251=IFCCARTESIANPOINT((-2.672860737983433,-6.6216453498978147));
#8252=IFCCARTESIANPOINT((3.3204090613328843,-6.6216453498978147));
#8253=IFCCARTESIANPOINT((6.660110995686086,-2.6751256926614961));
#8254=IFCCARTESIANPOINT((6.836914287883717,0.83917858807249257));
#8255=IFCCARTESIANPOINT((5.1491340929182181,3.8673197310275294));
#8256=IFCCARTESIANPOINT((1.1397193730112973,6.0016671151608074));
#8257=IFCCARTESIANPOINT((-4.6562461217056326,5.9181004241338808));
#8258=IFCCARTESIANPOINT((-7.9940090559137182,2.0018550626384739));
#8259=IFCCARTESIANPOINT((-7.783171895230665,-2.7097045285790711));
#8260=IFCPOLYLINE((#8251,#8252,#8253,#8254,#8255,#8256,#8257,#8258,#8259,#8251));
#8261=IFCCARTESIANPOINT((-1.9139449131547688,-4.227644569548084));
#8262=IFCCARTESIANPOINT((-5.2637362721749179,-1.9382524455676335));
#8263=IFCCARTESIANPOINT((-5.6014996597341851,1.2382663678956305));
#8264=IFCCARTESIANPOINT((-3.4865533169050771,3.6139620635435978));
#8265=IFCCARTESIANPOINT((0.49295242612888251,3.5718731147460363));
#8266=IFCCARTESIANPOINT((3.9151732688221235,1.2593645361385446));
#8267=IFCCARTESIANPOINT((4.267601599506488,-1.9115369979186314));
#8268=IFCCARTESIANPOINT((2.1474354120844401,-4.3035877382671774));
#8269=IFCPOLYLINE((#8261,#8262,#8263,#8264,#8265,#8266,#8267,#8268,#8261));
#8270=IFCARBITRARYPROFILEDEFWITHVOIDS(.AREA.,'600mm Arial',#8260,(#8269));
#8271=IFCCARTESIANPOINT((6912.4316453771262,8736.0354060546306,521.2971968664981));
#8272=IFCDIRECTION((-0.30404807566817488,0.,-0.95265668930758052));
#8273=IFCAXIS2PLACEMENT3D(#8271,#1684,#8272);
#8274=IFCEXTRUDEDAREASOLID(#8270,#8273,#34,9.9999999999998881);
#8275=IFCCARTESIANPOINT((3.3883683574817383,-8.6539859817778488));
#8276=IFCCARTESIANPOINT((5.8997761112216756,-8.6539859817778488));
#8277=IFCCARTESIANPOINT((5.8997761112216756,11.437276048144016));
#8278=IFCCARTESIANPOINT((3.3883683574817383,11.437276048144016));
#8279=IFCCARTESIANPOINT((3.3883683574817383,3.9521037196135707));
#8280=IFCCARTESIANPOINT((1.7353519258203591,5.7302000296347453));
#8281=IFCCARTESIANPOINT((-0.57985209715805297,6.4144605406635327));
#8282=IFCCARTESIANPOINT((-3.7853305484655979,5.4579673532038742));
#8283=IFCCARTESIANPOINT((-5.93866649356697,2.7062100292814755));
#8284=IFCCARTESIANPOINT((-6.6572626574790918,-1.2914409849729507));
#8285=IFCCARTESIANPOINT((-5.877352827704061,-5.2866394525929259));
#8286=IFCCARTESIANPOINT((-3.6798710431814814,-7.9967034837286359));
#8287=IFCCARTESIANPOINT((-0.57004191062024745,-8.9679119509954077));
#8288=IFCCARTESIANPOINT((3.3883683574817383,-6.2848259328393405));
#8289=IFCPOLYLINE((#8275,#8276,#8277,#8278,#8279,#8280,#8281,#8282,#8283,#8284,#8285,#8286,#8287,#8288,#8275));
#8290=IFCCARTESIANPOINT((-4.1458549037391554,-1.2816307984349422));
#8291=IFCCARTESIANPOINT((-3.0863547576290871,2.6547065499567104));
#8292=IFCCARTESIANPOINT((-0.44250948562552711,3.9030527869233249));
#8293=IFCCARTESIANPOINT((2.2822698253165528,2.6032030706320133));
#8294=IFCCARTESIANPOINT((3.3883683574817383,-1.4729294359268874));
#8295=IFCCARTESIANPOINT((2.3018901983932465,-5.2277783333646708));
#8296=IFCCARTESIANPOINT((-0.33950252697640337,-6.4565041972551329));
#8297=IFCCARTESIANPOINT((-3.012778358594463,-5.1689172141363491));
#8298=IFCPOLYLINE((#8290,#8291,#8292,#8293,#8294,#8295,#8296,#8297,#8290));
#8299=IFCARBITRARYPROFILEDEFWITHVOIDS(.AREA.,'600mm Arial',#8289,(#8298));
#8300=IFCCARTESIANPOINT((6897.826769097921,8736.0354060546269,523.10694270689794));
#8301=IFCAXIS2PLACEMENT3D(#8300,#1684,#199);
#8302=IFCEXTRUDEDAREASOLID(#8299,#8301,#34,9.9999999999998916);
#8303=IFCCARTESIANPOINT((-1.6910928246029235,-3.7629748290273675));
#8304=IFCCARTESIANPOINT((-3.1778806463154288,-5.750740560074961));
#8305=IFCCARTESIANPOINT((0.75353383238868632,-6.350583719561488));
#8306=IFCCARTESIANPOINT((4.5648773459864493,-4.0697470485887202));
#8307=IFCCARTESIANPOINT((6.7615733785329919,1.0603304169994083));
#8308=IFCCARTESIANPOINT((4.0926664387082736,6.3257151254629074));
#8309=IFCCARTESIANPOINT((-1.4031953969046558,8.9344160273868702));
#8310=IFCCARTESIANPOINT((-6.3900063700371019,6.7297038934762963));
#8311=IFCCARTESIANPOINT((-8.3329728963006549,1.7806993558541229));
#8312=IFCCARTESIANPOINT((-5.5235852013730362,-3.5899180024254331));
#8313=IFCCARTESIANPOINT((2.8220290949000293,4.0605126947382759));
#8314=IFCCARTESIANPOINT((4.1614570958000723,0.75406986348266425));
#8315=IFCCARTESIANPOINT((2.7260632856671387,-2.3585083886945024));
#8316=IFCCARTESIANPOINT((0.63653286354943184,-3.7629748290273675));
#8317=IFCPOLYLINE((#8303,#8304,#8305,#8306,#8307,#8308,#8309,#8310,#8311,#8312,#8313,#8314,#8315,#8316,#8303));
#8318=IFCCARTESIANPOINT((1.0173261042131194,5.8069994599192079));
#8319=IFCCARTESIANPOINT((-5.095377573920616,-0.5094610074854633));
#8320=IFCCARTESIANPOINT((-6.0316127317655415,1.7958787818403126));
#8321=IFCCARTESIANPOINT((-4.5784811654231206,4.9902667493533386));
#8322=IFCCARTESIANPOINT((-1.7527770088545047,6.5594328042282193));
#8323=IFCPOLYLINE((#8318,#8319,#8320,#8321,#8322,#8318));
#8324=IFCARBITRARYPROFILEDEFWITHVOIDS(.AREA.,'600mm Arial',#8317,(#8323));
#8325=IFCCARTESIANPOINT((6881.709858889225,8736.0354060546269,520.24955069578903));
#8326=IFCDIRECTION((0.69542142751606628,0.,-0.71860214176658044));
#8327=IFCAXIS2PLACEMENT3D(#8325,#35,#8326);
#8328=IFCEXTRUDEDAREASOLID(#8324,#8327,#1502,9.9999999999998916);
#8329=IFCCARTESIANPOINT((-1.0831335828243027E-012,-5.4134474680722633E-013));
#8330=IFCAXIS2PLACEMENT2D(#8329,#170);
#8331=IFCRECTANGLEPROFILEDEF(.AREA.,'600mm Arial',#8330,9.9999999999998934,2.5114077537399369);
#8332=IFCCARTESIANPOINT((6871.5218049875602,8741.0354060546306,514.45295672512009));
#8333=IFCAXIS2PLACEMENT3D(#8332,#34,#35);
#8334=IFCEXTRUDEDAREASOLID(#8331,#8333,#34,20.091262029921864);
#8335=IFCCARTESIANPOINT((-2.6728607379831031,-6.6216453498967827));
#8336=IFCCARTESIANPOINT((3.3204090613332133,-6.6216453498967844));
#8337=IFCCARTESIANPOINT((6.660110995686086,-2.6751256926614961));
#8338=IFCCARTESIANPOINT((6.8369142878840456,0.83917858807352363));
#8339=IFCCARTESIANPOINT((5.1491340929182181,3.8673197310275294));
#8340=IFCCARTESIANPOINT((1.1397193730116268,6.0016671151618395));
#8341=IFCCARTESIANPOINT((-4.6562461217056326,5.9181004241338808));
#8342=IFCCARTESIANPOINT((-7.9940090559137182,2.0018550626384743));
#8343=IFCCARTESIANPOINT((-7.7831718952303355,-2.7097045285780395));
#8344=IFCPOLYLINE((#8335,#8336,#8337,#8338,#8339,#8340,#8341,#8342,#8343,#8335));
#8345=IFCCARTESIANPOINT((-1.9139449131547688,-4.227644569548084));
#8346=IFCCARTESIANPOINT((-5.2637362721745884,-1.9382524455666017));
#8347=IFCCARTESIANPOINT((-5.6014996597341851,1.2382663678956309));
#8348=IFCCARTESIANPOINT((-3.4865533169050771,3.6139620635435978));
#8349=IFCCARTESIANPOINT((0.49295242612888251,3.5718731147460363));
#8350=IFCCARTESIANPOINT((3.915173268822453,1.259364536139576));
#8351=IFCCARTESIANPOINT((4.267601599506488,-1.9115369979186319));
#8352=IFCCARTESIANPOINT((2.1474354120847692,-4.3035877382661463));
#8353=IFCPOLYLINE((#8345,#8346,#8347,#8348,#8349,#8350,#8351,#8352,#8345));
#8354=IFCARBITRARYPROFILEDEFWITHVOIDS(.AREA.,'600mm Arial',#8344,(#8353));
#8355=IFCCARTESIANPOINT((6860.0060085178002,8736.0354060546306,521.2971968664981));
#8356=IFCDIRECTION((-0.30404807566817488,0.,-0.95265668930758052));
#8357=IFCAXIS2PLACEMENT3D(#8355,#1684,#8356);
#8358=IFCEXTRUDEDAREASOLID(#8354,#8357,#34,9.9999999999998863);
#8359=IFCSHAPEREPRESENTATION(#15,'Body','SweptSolid',(#8077,#8103,#8122,#8143,#8167,#8195,#8219,#8250,#8274,#8302,#8328,#8334,#8358));
#8360=IFCPRODUCTDEFINITIONSHAPE($,$,(#8359));
#8361=IFCBUILDINGELEMENTPROXY('2y4yE2$gn3qg3tD19AGeeQ',#6,'Texto do modelo:600mm Arial:518189',$,$,#8064,#8360,'518189',$);
#8362=IFCPROPERTYSET('3arrc9g_f1a8O1NKszVNTt',#6,'Pset_BuildingElementProxyCommon',$,(#7149));
#8363=IFCPROPERTYSET('3smdWcIthUKzbG74f9tGAg',#6,'Pset_QuantityTakeOff',$,(#7149));
#8364=IFCRELDEFINESBYPROPERTIES('2Cz8nebkHef0B7kJ1dDqL2',#6,$,$,(#8361),#8362);
#8365=IFCRELDEFINESBYPROPERTIES('2jDM8kCYZd65_5u4wHt40q',#6,$,$,(#8361),#8363);
#8366=IFCAXIS2PLACEMENT3D(#10,$,$);
#8367=IFCLOCALPLACEMENT(#24,#8366);
#8368=IFCCARTESIANPOINT((-1.2557038768694271,-13.812742645571277));
#8369=IFCCARTESIANPOINT((1.2557038768705098,-13.812742645571277));
#8370=IFCCARTESIANPOINT((1.2557038768705098,3.7671116306103114));
#8371=IFCCARTESIANPOINT((7.8481492304382501,3.7671116306103114));
#8372=IFCCARTESIANPOINT((7.8481492304382501,6.2785193843506546));
#8373=IFCCARTESIANPOINT((-7.8481492304382501,6.2785193843506546));
#8374=IFCCARTESIANPOINT((-7.8481492304382501,3.7671116306103114));
#8375=IFCCARTESIANPOINT((-1.2557038768694271,3.7671116306103114));
#8376=IFCPOLYLINE((#8368,#8369,#8370,#8371,#8372,#8373,#8374,#8375,#8368));
#8377=IFCARBITRARYCLOSEDPROFILEDEF(.AREA.,'600mm Arial',#8376);
#8378=IFCCARTESIANPOINT((7051.7153113184222,8736.0354060546324,628.26569937069132));
#8379=IFCAXIS2PLACEMENT3D(#8378,#1684,#199);
#8380=IFCEXTRUDEDAREASOLID(#8377,#8379,#34,9.9999999999998916);
#8381=IFCCARTESIANPOINT((-1.691092824602999,-3.7629748290273333));
#8382=IFCCARTESIANPOINT((-3.1778806463155931,-5.75074056007485));
#8383=IFCCARTESIANPOINT((0.75353383238855842,-6.3505837195615049));
#8384=IFCCARTESIANPOINT((4.5648773459863188,-4.0697470485887663));
#8385=IFCCARTESIANPOINT((6.7615733785329644,1.0603304169993175));
#8386=IFCCARTESIANPOINT((4.0926664387083527,6.3257151254628718));
#8387=IFCCARTESIANPOINT((-1.4031953969044755,8.9344160273868987));
#8388=IFCCARTESIANPOINT((-6.3900063700369678,6.7297038934764286));
#8389=IFCCARTESIANPOINT((-8.3329728963006193,1.7806993558542932));
#8390=IFCCARTESIANPOINT((-5.5235852013730602,-3.5899180024253674));
#8391=IFCCARTESIANPOINT((2.822029094900111,4.0605126947382182));
#8392=IFCCARTESIANPOINT((4.1614570958000394,0.75406986348262617));
#8393=IFCCARTESIANPOINT((2.7260632856670917,-2.3585083886945579));
#8394=IFCCARTESIANPOINT((0.6365328635493076,-3.7629748290273342));
#8395=IFCPOLYLINE((#8381,#8382,#8383,#8384,#8385,#8386,#8387,#8388,#8389,#8390,#8391,#8392,#8393,#8394,#8381));
#8396=IFCCARTESIANPOINT((1.0173261042132364,5.8069994599191883));
#8397=IFCCARTESIANPOINT((-5.0953775739206266,-0.50946100748535961));
#8398=IFCCARTESIANPOINT((-6.0316127317655051,1.795878781840436));
#8399=IFCCARTESIANPOINT((-4.5784811654230193,4.9902667493534336));
#8400=IFCCARTESIANPOINT((-1.7527770088544212,6.5594328042283028));
#8401=IFCPOLYLINE((#8396,#8397,#8398,#8399,#8400,#8396));
#8402=IFCARBITRARYPROFILEDEFWITHVOIDS(.AREA.,'600mm Arial',#8395,(#8401));
#8403=IFCCARTESIANPOINT((7034.9057318673795,8736.0354060546342,620.24955069578903));
#8404=IFCDIRECTION((0.69542142751608083,0.,-0.71860214176656645));
#8405=IFCAXIS2PLACEMENT3D(#8403,#35,#8404);
#8406=IFCEXTRUDEDAREASOLID(#8402,#8405,#1502,9.9999999999998863);
#8407=IFCCARTESIANPOINT((-6.9095245970308614,-7.8579594169761915));
#8408=IFCCARTESIANPOINT((-3.8879871433131257,-7.8579594169761915));
#8409=IFCCARTESIANPOINT((0.4922611459253261,-3.394324542164497));
#8410=IFCCARTESIANPOINT((3.5726597188731435,-7.8579594169761915));
#8411=IFCCARTESIANPOINT((6.589292079321976,-7.8579594169761915));
#8412=IFCCARTESIANPOINT((1.478184892999687,-0.44145839421207711));
#8413=IFCCARTESIANPOINT((6.7854958100835008,6.8965611362476977));
#8414=IFCCARTESIANPOINT((3.7639583563646823,6.8965611362476977));
#8415=IFCCARTESIANPOINT((0.9876755660974994,3.0607781998709878));
#8416=IFCCARTESIANPOINT((-0.0031532742457642373,1.6971622710823162));
#8417=IFCCARTESIANPOINT((-1.1460400059282621,3.3599888892815009));
#8418=IFCCARTESIANPOINT((-3.5838713606335748,6.8965611362476977));
#8419=IFCCARTESIANPOINT((-6.5955986278135041,6.8965611362476977));
#8420=IFCCARTESIANPOINT((-1.5433525607191314,-0.43655330094303901));
#8421=IFCPOLYLINE((#8407,#8408,#8409,#8410,#8411,#8412,#8413,#8414,#8415,#8416,#8417,#8418,#8419,#8420,#8407));
#8422=IFCARBITRARYCLOSEDPROFILEDEF(.AREA.,'600mm Arial',#8421);
#8423=IFCCARTESIANPOINT((7020.6334870916407,8736.0354060546342,622.31091614209629));
#8424=IFCAXIS2PLACEMENT3D(#8423,#1684,#199);
#8425=IFCEXTRUDEDAREASOLID(#8422,#8424,#34,9.9999999999998916);
#8426=IFCCARTESIANPOINT((-7.2889188574045098,0.93472420624726549));
#8427=IFCCARTESIANPOINT((-10.653978624972957,2.0565853861429448));
#8428=IFCCARTESIANPOINT((-10.636274735906943,0.16270497186061161));
#8429=IFCCARTESIANPOINT((-9.9366860761814753,-1.865206314902681));
#8430=IFCCARTESIANPOINT((-5.8453774522256134,-2.6693915497830925));
#8431=IFCCARTESIANPOINT((2.2746884894574979,-1.5532912109527459));
#8432=IFCCARTESIANPOINT((2.5311711525998439,-3.4193027738530231));
#8433=IFCCARTESIANPOINT((5.019186569800123,-3.0773258896632418));
#8434=IFCCARTESIANPOINT((4.7627039066577783,-1.2113143267629642));
#8435=IFCCARTESIANPOINT((8.3149290433245966,-0.72306217374981663));
#8436=IFCCARTESIANPOINT((9.4356330977623273,1.9659982476320739));
#8437=IFCCARTESIANPOINT((4.4207270224680331,1.2767010904370479));
#8438=IFCCARTESIANPOINT((4.0787501382782878,3.764716507637059));
#8439=IFCCARTESIANPOINT((1.5907347210780078,3.4227396234472773));
#8440=IFCCARTESIANPOINT((1.9327116052677529,0.93472420624726582));
#8441=IFCPOLYLINE((#8426,#8427,#8428,#8429,#8430,#8431,#8432,#8433,#8434,#8435,#8436,#8437,#8438,#8439,#8440,#8426));
#8442=IFCARBITRARYCLOSEDPROFILEDEF(.AREA.,'600mm Arial',#8441);
#8443=IFCCARTESIANPOINT((7009.6842211085905,8736.035406054636,624.65407919670906));
#8444=IFCDIRECTION((0.13616939888812565,0.,0.99068556808224806));
#8445=IFCAXIS2PLACEMENT3D(#8443,#35,#8444);
#8446=IFCEXTRUDEDAREASOLID(#8442,#8445,#1502,9.9999999999998916);
#8447=IFCCARTESIANPOINT((-2.6728607379834743,-6.6216453498978023));
#8448=IFCCARTESIANPOINT((3.3204090613329069,-6.6216453498978032));
#8449=IFCCARTESIANPOINT((6.6601109956859661,-2.6751256926614322));
#8450=IFCCARTESIANPOINT((6.8369142878836486,0.83917858807253642));
#8451=IFCCARTESIANPOINT((5.1491340929178753,3.8673197310265151));
#8452=IFCCARTESIANPOINT((1.1397193730111479,6.0016671151608527));
#8453=IFCCARTESIANPOINT((-4.6562461217059816,5.9181004241328337));
#8454=IFCCARTESIANPOINT((-7.9940090559137893,2.0018550626384677));
#8455=IFCCARTESIANPOINT((-7.7831718952307192,-2.7097045285790768));
#8456=IFCPOLYLINE((#8447,#8448,#8449,#8450,#8451,#8452,#8453,#8454,#8455,#8447));
#8457=IFCCARTESIANPOINT((-1.913944913155148,-4.2276445695491018));
#8458=IFCCARTESIANPOINT((-5.2637362721749756,-1.9382524455676304));
#8459=IFCCARTESIANPOINT((-5.6014996597342526,1.238266367895632));
#8460=IFCCARTESIANPOINT((-3.4865533169054834,3.6139620635425755));
#8461=IFCCARTESIANPOINT((0.4929524261288058,3.5718731147460585));
#8462=IFCCARTESIANPOINT((3.9151732688220546,1.2593645361385781));
#8463=IFCCARTESIANPOINT((4.2676015995064294,-1.9115369979185965));
#8464=IFCCARTESIANPOINT((2.147435412084326,-4.3035877382671295));
#8465=IFCPOLYLINE((#8457,#8458,#8459,#8460,#8461,#8462,#8463,#8464,#8457));
#8466=IFCARBITRARYPROFILEDEFWITHVOIDS(.AREA.,'600mm Arial',#8456,(#8465));
#8467=IFCCARTESIANPOINT((6997.5055830350766,8736.0354060546306,621.29719686649798));
#8468=IFCDIRECTION((-0.3040480756681716,0.,-0.95265668930758152));
#8469=IFCAXIS2PLACEMENT3D(#8467,#1684,#8468);
#8470=IFCEXTRUDEDAREASOLID(#8466,#8469,#34,9.9999999999998916);
#8471=IFCCARTESIANPOINT((3.3883683574806556,-8.6539859817778488));
#8472=IFCCARTESIANPOINT((5.899776111220592,-8.6539859817778488));
#8473=IFCCARTESIANPOINT((5.899776111220592,11.437276048144083));
#8474=IFCCARTESIANPOINT((3.3883683574806556,11.437276048144083));
#8475=IFCCARTESIANPOINT((3.3883683574806556,3.9521037196135707));
#8476=IFCCARTESIANPOINT((1.7353519258192762,5.7302000296346778));
#8477=IFCCARTESIANPOINT((-0.57985209716021868,6.4144605406635327));
#8478=IFCCARTESIANPOINT((-3.7853305484666806,5.4579673532039417));
#8479=IFCCARTESIANPOINT((-5.9386664935680527,2.706210029281543));
#8480=IFCCARTESIANPOINT((-6.6572626574801745,-1.2914409849730184));
#8481=IFCCARTESIANPOINT((-5.8773528277051446,-5.2866394525929934));
#8482=IFCCARTESIANPOINT((-3.6798710431825641,-7.9967034837286359));
#8483=IFCCARTESIANPOINT((-0.57004191062133036,-8.9679119509953402));
#8484=IFCCARTESIANPOINT((3.3883683574806556,-6.2848259328393405));
#8485=IFCPOLYLINE((#8471,#8472,#8473,#8474,#8475,#8476,#8477,#8478,#8479,#8480,#8481,#8482,#8483,#8484,#8471));
#8486=IFCCARTESIANPOINT((-4.1458549037402381,-1.2816307984349422));
#8487=IFCCARTESIANPOINT((-3.0863547576312529,2.6547065499567104));
#8488=IFCCARTESIANPOINT((-0.44250948562660997,3.9030527869233249));
#8489=IFCCARTESIANPOINT((2.2822698253154701,2.6032030706320133));
#8490=IFCCARTESIANPOINT((3.3883683574806556,-1.4729294359268874));
#8491=IFCCARTESIANPOINT((2.3018901983921638,-5.2277783333646708));
#8492=IFCCARTESIANPOINT((-0.33950252697748623,-6.4565041972551329));
#8493=IFCCARTESIANPOINT((-3.0127783585955457,-5.1689172141363491));
#8494=IFCPOLYLINE((#8486,#8487,#8488,#8489,#8490,#8491,#8492,#8493,#8486));
#8495=IFCARBITRARYPROFILEDEFWITHVOIDS(.AREA.,'600mm Arial',#8485,(#8494));
#8496=IFCCARTESIANPOINT((6975.0525575254323,8736.0354060546342,623.10694270689794));
#8497=IFCAXIS2PLACEMENT3D(#8496,#1684,#199);
#8498=IFCEXTRUDEDAREASOLID(#8495,#8497,#34,9.9999999999998916);
#8499=IFCCARTESIANPOINT((-2.6728607379831448,-6.6216453498967711));
#8500=IFCCARTESIANPOINT((3.3204090613332364,-6.621645349896772));
#8501=IFCCARTESIANPOINT((6.6601109956859661,-2.6751256926614322));
#8502=IFCCARTESIANPOINT((6.8369142878836486,0.83917858807253642));
#8503=IFCCARTESIANPOINT((5.1491340929182039,3.8673197310275462));
#8504=IFCCARTESIANPOINT((1.1397193730114774,6.0016671151618839));
#8505=IFCCARTESIANPOINT((-4.6562461217056521,5.9181004241338639));
#8506=IFCCARTESIANPOINT((-7.9940090559137893,2.0018550626384677));
#8507=IFCCARTESIANPOINT((-7.7831718952307192,-2.7097045285790768));
#8508=IFCPOLYLINE((#8499,#8500,#8501,#8502,#8503,#8504,#8505,#8506,#8507,#8499));
#8509=IFCCARTESIANPOINT((-1.913944913154819,-4.2276445695480698));
#8510=IFCCARTESIANPOINT((-5.263736272174647,-1.9382524455665988));
#8511=IFCCARTESIANPOINT((-5.6014996597342526,1.238266367895632));
#8512=IFCCARTESIANPOINT((-3.4865533169051544,3.6139620635436063));
#8513=IFCCARTESIANPOINT((0.4929524261288058,3.5718731147460585));
#8514=IFCCARTESIANPOINT((3.9151732688223837,1.2593645361396097));
#8515=IFCCARTESIANPOINT((4.2676015995064294,-1.9115369979185965));
#8516=IFCCARTESIANPOINT((2.1474354120846555,-4.3035877382660974));
#8517=IFCPOLYLINE((#8509,#8510,#8511,#8512,#8513,#8514,#8515,#8516,#8509));
#8518=IFCARBITRARYPROFILEDEFWITHVOIDS(.AREA.,'600mm Arial',#8508,(#8517));
#8519=IFCCARTESIANPOINT((6958.8926888213218,8736.0354060546306,621.29719686649798));
#8520=IFCDIRECTION((-0.3040480756681716,0.,-0.95265668930758152));
#8521=IFCAXIS2PLACEMENT3D(#8519,#1684,#8520);
#8522=IFCEXTRUDEDAREASOLID(#8518,#8521,#34,9.9999999999998916);
#8523=IFCCARTESIANPOINT((-9.0570660638185991,-9.2411957188410145));
#8524=IFCCARTESIANPOINT((-6.5456583100786618,-9.2411957188410145));
#8525=IFCCARTESIANPOINT((-6.5456583100786618,-1.8001692297317107));
#8526=IFCCARTESIANPOINT((-6.1630610350945005,1.1968427576417817));
#8527=IFCCARTESIANPOINT((-4.9269775313006852,2.7762827902675893));
#8528=IFCCARTESIANPOINT((-3.0679471823399753,3.3158430498601579));
#8529=IFCCARTESIANPOINT((-1.1623184473252308,2.5065026604711695));
#8530=IFCCARTESIANPOINT((-0.58106489494563507,0.073576399035301068));
#8531=IFCCARTESIANPOINT((-0.58106489494563507,-9.2411957188410145));
#8532=IFCCARTESIANPOINT((1.9303428587953846,-9.2411957188410145));
#8533=IFCCARTESIANPOINT((1.9303428587953846,-0.91234734803838302));
#8534=IFCCARTESIANPOINT((2.9138140592336699,2.3102989297103216));
#8535=IFCCARTESIANPOINT((7.6619443436495747,1.8909134552087128));
#8536=IFCCARTESIANPOINT((7.8949362739284119,-0.20601391729905957));
#8537=IFCCARTESIANPOINT((7.8949362739284119,-9.2411957188410145));
#8538=IFCCARTESIANPOINT((10.406344027668348,-9.2411957188410145));
#8539=IFCCARTESIANPOINT((10.406344027668348,0.87310660188621336));
#8540=IFCCARTESIANPOINT((9.2560996560819557,4.6132402195170181));
#8541=IFCCARTESIANPOINT((5.9721397124708835,5.8272508036003652));
#8542=IFCCARTESIANPOINT((1.537935397273418,2.9087203085312123));
#8543=IFCCARTESIANPOINT((0.15469909540818777,5.059603706998133));
#8544=IFCCARTESIANPOINT((-2.3616137516006517,5.8272508036003652));
#8545=IFCCARTESIANPOINT((-4.8190654793815755,5.0743189868052481));
#8546=IFCCARTESIANPOINT((-6.5456583100786618,3.0853036662160434));
#8547=IFCCARTESIANPOINT((-6.5456583100786618,5.5133248343828738));
#8548=IFCCARTESIANPOINT((-9.0570660638185991,5.5133248343828738));
#8549=IFCPOLYLINE((#8523,#8524,#8525,#8526,#8527,#8528,#8529,#8530,#8531,#8532,#8533,#8534,#8535,#8536,#8537,#8538,#8539,#8540,#8541,#8542,#8543,#8544,#8545,#8546,#8547,#8548,#8523));
#8550=IFCARBITRARYCLOSEDPROFILEDEF(.AREA.,'600mm Arial',#8549);
#8551=IFCCARTESIANPOINT((6933.0980819976849,8736.0354060546324,623.69415244396112));
#8552=IFCAXIS2PLACEMENT3D(#8551,#1684,#199);
#8553=IFCEXTRUDEDAREASOLID(#8550,#8552,#34,9.9999999999998916);
#8554=IFCCARTESIANPOINT((-2.6728607379834743,-6.6216453498978023));
#8555=IFCCARTESIANPOINT((3.3204090613329069,-6.6216453498978032));
#8556=IFCCARTESIANPOINT((6.6601109956859661,-2.6751256926614322));
#8557=IFCCARTESIANPOINT((6.8369142878836486,0.83917858807253642));
#8558=IFCCARTESIANPOINT((5.1491340929182039,3.8673197310275462));
#8559=IFCCARTESIANPOINT((1.1397193730111479,6.0016671151608527));
#8560=IFCCARTESIANPOINT((-4.6562461217056521,5.9181004241338639));
#8561=IFCCARTESIANPOINT((-7.9940090559137893,2.0018550626384677));
#8562=IFCCARTESIANPOINT((-7.7831718952307192,-2.7097045285790768));
#8563=IFCPOLYLINE((#8554,#8555,#8556,#8557,#8558,#8559,#8560,#8561,#8562,#8554));
#8564=IFCCARTESIANPOINT((-1.913944913154819,-4.2276445695480698));
#8565=IFCCARTESIANPOINT((-5.2637362721749756,-1.9382524455676304));
#8566=IFCCARTESIANPOINT((-5.6014996597342526,1.238266367895632));
#8567=IFCCARTESIANPOINT((-3.4865533169051544,3.6139620635436063));
#8568=IFCCARTESIANPOINT((0.4929524261288058,3.5718731147460585));
#8569=IFCCARTESIANPOINT((3.9151732688220546,1.2593645361385781));
#8570=IFCCARTESIANPOINT((4.2676015995064294,-1.9115369979185965));
#8571=IFCCARTESIANPOINT((2.147435412084326,-4.3035877382671295));
#8572=IFCPOLYLINE((#8564,#8565,#8566,#8567,#8568,#8569,#8570,#8571,#8564));
#8573=IFCARBITRARYPROFILEDEFWITHVOIDS(.AREA.,'600mm Arial',#8563,(#8572));
#8574=IFCCARTESIANPOINT((6912.4316453771262,8736.0354060546306,621.29719686649798));
#8575=IFCDIRECTION((-0.3040480756681716,0.,-0.95265668930758152));
#8576=IFCAXIS2PLACEMENT3D(#8574,#1684,#8575);
#8577=IFCEXTRUDEDAREASOLID(#8573,#8576,#34,9.9999999999998916);
#8578=IFCCARTESIANPOINT((3.3883683574817383,-8.6539859817778488));
#8579=IFCCARTESIANPOINT((5.8997761112216756,-8.6539859817778488));
#8580=IFCCARTESIANPOINT((5.8997761112216756,11.437276048144083));
#8581=IFCCARTESIANPOINT((3.3883683574817383,11.437276048144083));
#8582=IFCCARTESIANPOINT((3.3883683574817383,3.9521037196135707));
#8583=IFCCARTESIANPOINT((1.7353519258203591,5.7302000296346778));
#8584=IFCCARTESIANPOINT((-0.57985209715805297,6.4144605406635327));
#8585=IFCCARTESIANPOINT((-3.7853305484655979,5.4579673532039417));
#8586=IFCCARTESIANPOINT((-5.93866649356697,2.706210029281543));
#8587=IFCCARTESIANPOINT((-6.6572626574790918,-1.2914409849730184));
#8588=IFCCARTESIANPOINT((-5.877352827704061,-5.2866394525929934));
#8589=IFCCARTESIANPOINT((-3.6798710431814814,-7.9967034837286359));
#8590=IFCCARTESIANPOINT((-0.57004191062024745,-8.9679119509953402));
#8591=IFCCARTESIANPOINT((3.3883683574817383,-6.2848259328393405));
#8592=IFCPOLYLINE((#8578,#8579,#8580,#8581,#8582,#8583,#8584,#8585,#8586,#8587,#8588,#8589,#8590,#8591,#8578));
#8593=IFCCARTESIANPOINT((-4.1458549037391554,-1.2816307984349422));
#8594=IFCCARTESIANPOINT((-3.0863547576290871,2.6547065499567104));
#8595=IFCCARTESIANPOINT((-0.44250948562552711,3.9030527869233249));
#8596=IFCCARTESIANPOINT((2.2822698253165528,2.6032030706320133));
#8597=IFCCARTESIANPOINT((3.3883683574817383,-1.4729294359268874));
#8598=IFCCARTESIANPOINT((2.3018901983932465,-5.2277783333646708));
#8599=IFCCARTESIANPOINT((-0.33950252697640337,-6.4565041972551329));
#8600=IFCCARTESIANPOINT((-3.012778358594463,-5.1689172141363491));
#8601=IFCPOLYLINE((#8593,#8594,#8595,#8596,#8597,#8598,#8599,#8600,#8593));
#8602=IFCARBITRARYPROFILEDEFWITHVOIDS(.AREA.,'600mm Arial',#8592,(#8601));
#8603=IFCCARTESIANPOINT((6897.826769097921,8736.0354060546342,623.10694270689794));
#8604=IFCAXIS2PLACEMENT3D(#8603,#1684,#199);
#8605=IFCEXTRUDEDAREASOLID(#8602,#8604,#34,9.9999999999998916);
#8606=IFCCARTESIANPOINT((-1.691092824602999,-3.7629748290273333));
#8607=IFCCARTESIANPOINT((-3.1778806463155931,-5.75074056007485));
#8608=IFCCARTESIANPOINT((0.75353383238855842,-6.3505837195615049));
#8609=IFCCARTESIANPOINT((4.5648773459863188,-4.0697470485887663));
#8610=IFCCARTESIANPOINT((6.7615733785329644,1.0603304169993175));
#8611=IFCCARTESIANPOINT((4.0926664387083527,6.3257151254628718));
#8612=IFCCARTESIANPOINT((-1.4031953969044755,8.9344160273868987));
#8613=IFCCARTESIANPOINT((-6.3900063700369678,6.7297038934764286));
#8614=IFCCARTESIANPOINT((-8.3329728963006193,1.7806993558542932));
#8615=IFCCARTESIANPOINT((-5.5235852013730602,-3.5899180024253674));
#8616=IFCCARTESIANPOINT((2.822029094900111,4.0605126947382182));
#8617=IFCCARTESIANPOINT((4.1614570958000394,0.75406986348262617));
#8618=IFCCARTESIANPOINT((2.7260632856670917,-2.3585083886945579));
#8619=IFCCARTESIANPOINT((0.6365328635493076,-3.7629748290273342));
#8620=IFCPOLYLINE((#8606,#8607,#8608,#8609,#8610,#8611,#8612,#8613,#8614,#8615,#8616,#8617,#8618,#8619,#8606));
#8621=IFCCARTESIANPOINT((1.0173261042132364,5.8069994599191883));
#8622=IFCCARTESIANPOINT((-5.0953775739206266,-0.50946100748535961));
#8623=IFCCARTESIANPOINT((-6.0316127317655051,1.795878781840436));
#8624=IFCCARTESIANPOINT((-4.5784811654230193,4.9902667493534336));
#8625=IFCCARTESIANPOINT((-1.7527770088544212,6.5594328042283028));
#8626=IFCPOLYLINE((#8621,#8622,#8623,#8624,#8625,#8621));
#8627=IFCARBITRARYPROFILEDEFWITHVOIDS(.AREA.,'600mm Arial',#8620,(#8626));
#8628=IFCCARTESIANPOINT((6881.709858889225,8736.0354060546342,620.24955069578903));
#8629=IFCDIRECTION((0.69542142751608083,0.,-0.71860214176656645));
#8630=IFCAXIS2PLACEMENT3D(#8628,#35,#8629);
#8631=IFCEXTRUDEDAREASOLID(#8627,#8630,#1502,9.9999999999998863);
#8632=IFCCARTESIANPOINT((0.,-5.4134474680722633E-013));
#8633=IFCAXIS2PLACEMENT2D(#8632,#170);
#8634=IFCRECTANGLEPROFILEDEF(.AREA.,'600mm Arial',#8633,9.9999999999998916,2.5114077537399369);
#8635=IFCCARTESIANPOINT((6871.5218049875602,8741.0354060546324,614.45295672512009));
#8636=IFCAXIS2PLACEMENT3D(#8635,#34,#35);
#8637=IFCEXTRUDEDAREASOLID(#8634,#8636,#34,20.091262029921932);
#8638=IFCCARTESIANPOINT((-2.6728607379831448,-6.6216453498967711));
#8639=IFCCARTESIANPOINT((3.3204090613332364,-6.621645349896772));
#8640=IFCCARTESIANPOINT((6.6601109956859661,-2.6751256926614322));
#8641=IFCCARTESIANPOINT((6.8369142878839781,0.83917858807356804));
#8642=IFCCARTESIANPOINT((5.1491340929182039,3.8673197310275462));
#8643=IFCCARTESIANPOINT((1.1397193730114774,6.0016671151618839));
#8644=IFCCARTESIANPOINT((-4.6562461217056521,5.9181004241338639));
#8645=IFCCARTESIANPOINT((-7.9940090559137893,2.0018550626384677));
#8646=IFCCARTESIANPOINT((-7.7831718952303905,-2.7097045285780452));
#8647=IFCPOLYLINE((#8638,#8639,#8640,#8641,#8642,#8643,#8644,#8645,#8646,#8638));
#8648=IFCCARTESIANPOINT((-1.913944913154819,-4.2276445695480698));
#8649=IFCCARTESIANPOINT((-5.263736272174647,-1.9382524455665988));
#8650=IFCCARTESIANPOINT((-5.6014996597342526,1.238266367895632));
#8651=IFCCARTESIANPOINT((-3.4865533169051544,3.6139620635436063));
#8652=IFCCARTESIANPOINT((0.4929524261288058,3.5718731147460585));
#8653=IFCCARTESIANPOINT((3.9151732688223837,1.2593645361396097));
#8654=IFCCARTESIANPOINT((4.2676015995064294,-1.9115369979185965));
#8655=IFCCARTESIANPOINT((2.1474354120846555,-4.3035877382660974));
#8656=IFCPOLYLINE((#8648,#8649,#8650,#8651,#8652,#8653,#8654,#8655,#8648));
#8657=IFCARBITRARYPROFILEDEFWITHVOIDS(.AREA.,'600mm Arial',#8647,(#8656));
#8658=IFCCARTESIANPOINT((6860.0060085178002,8736.0354060546306,621.29719686649798));
#8659=IFCDIRECTION((-0.3040480756681716,0.,-0.95265668930758152));
#8660=IFCAXIS2PLACEMENT3D(#8658,#1684,#8659);
#8661=IFCEXTRUDEDAREASOLID(#8657,#8660,#34,9.9999999999998916);
#8662=IFCSHAPEREPRESENTATION(#15,'Body','SweptSolid',(#8380,#8406,#8425,#8446,#8470,#8498,#8522,#8553,#8577,#8605,#8631,#8637,#8661));
#8663=IFCPRODUCTDEFINITIONSHAPE($,$,(#8662));
#8664=IFCBUILDINGELEMENTPROXY('2y4yE2$gn3qg3tD19AGee4',#6,'Texto do modelo:600mm Arial:518195',$,$,#8367,#8663,'518195',$);
#8665=IFCPROPERTYSET('0gzOt$1QmjkjnbY8qV7lBk',#6,'Pset_BuildingElementProxyCommon',$,(#7149));
#8666=IFCPROPERTYSET('3DFX6hbDKb8XeqQZcLQ2g2',#6,'Pset_QuantityTakeOff',$,(#7149));
#8667=IFCRELDEFINESBYPROPERTIES('2PRU99sBIubrEPMWTjdUBv',#6,$,$,(#8664),#8665);
#8668=IFCRELDEFINESBYPROPERTIES('2CyZw9e0YAeVXP4c5B6o75',#6,$,$,(#8664),#8666);
#8669=IFCAXIS2PLACEMENT3D(#10,$,$);
#8670=IFCLOCALPLACEMENT(#24,#8669);
#8671=IFCCARTESIANPOINT((-1.2557038768694271,-13.812742645571277));
#8672=IFCCARTESIANPOINT((1.2557038768705098,-13.812742645571277));
#8673=IFCCARTESIANPOINT((1.2557038768705098,3.7671116306103114));
#8674=IFCCARTESIANPOINT((7.8481492304382501,3.7671116306103114));
#8675=IFCCARTESIANPOINT((7.8481492304382501,6.2785193843506546));
#8676=IFCCARTESIANPOINT((-7.8481492304382501,6.2785193843506546));
#8677=IFCCARTESIANPOINT((-7.8481492304382501,3.7671116306103114));
#8678=IFCCARTESIANPOINT((-1.2557038768694271,3.7671116306103114));
#8679=IFCPOLYLINE((#8671,#8672,#8673,#8674,#8675,#8676,#8677,#8678,#8671));
#8680=IFCARBITRARYCLOSEDPROFILEDEF(.AREA.,'600mm Arial',#8679);
#8681=IFCCARTESIANPOINT((7051.7153113184222,8736.0354060546324,728.26569937069132));
#8682=IFCAXIS2PLACEMENT3D(#8681,#1684,#199);
#8683=IFCEXTRUDEDAREASOLID(#8680,#8682,#34,9.9999999999998916);
#8684=IFCCARTESIANPOINT((-1.691092824602999,-3.7629748290273333));
#8685=IFCCARTESIANPOINT((-3.1778806463155931,-5.75074056007485));
#8686=IFCCARTESIANPOINT((0.75353383238855842,-6.3505837195615049));
#8687=IFCCARTESIANPOINT((4.5648773459863188,-4.0697470485887663));
#8688=IFCCARTESIANPOINT((6.7615733785329644,1.0603304169993175));
#8689=IFCCARTESIANPOINT((4.0926664387083527,6.3257151254628718));
#8690=IFCCARTESIANPOINT((-1.4031953969044755,8.9344160273868987));
#8691=IFCCARTESIANPOINT((-6.3900063700369678,6.7297038934764286));
#8692=IFCCARTESIANPOINT((-8.3329728963006193,1.7806993558542932));
#8693=IFCCARTESIANPOINT((-5.5235852013730602,-3.5899180024253674));
#8694=IFCCARTESIANPOINT((2.822029094900111,4.0605126947382182));
#8695=IFCCARTESIANPOINT((4.1614570958000394,0.75406986348262617));
#8696=IFCCARTESIANPOINT((2.7260632856670917,-2.3585083886945579));
#8697=IFCCARTESIANPOINT((0.6365328635493076,-3.7629748290273342));
#8698=IFCPOLYLINE((#8684,#8685,#8686,#8687,#8688,#8689,#8690,#8691,#8692,#8693,#8694,#8695,#8696,#8697,#8684));
#8699=IFCCARTESIANPOINT((1.0173261042132364,5.8069994599191883));
#8700=IFCCARTESIANPOINT((-5.0953775739206266,-0.50946100748535961));
#8701=IFCCARTESIANPOINT((-6.0316127317655051,1.795878781840436));
#8702=IFCCARTESIANPOINT((-4.5784811654230193,4.9902667493534336));
#8703=IFCCARTESIANPOINT((-1.7527770088544212,6.5594328042283028));
#8704=IFCPOLYLINE((#8699,#8700,#8701,#8702,#8703,#8699));
#8705=IFCARBITRARYPROFILEDEFWITHVOIDS(.AREA.,'600mm Arial',#8698,(#8704));
#8706=IFCCARTESIANPOINT((7034.9057318673795,8736.0354060546342,720.24955069578903));
#8707=IFCDIRECTION((0.69542142751608083,0.,-0.71860214176656645));
#8708=IFCAXIS2PLACEMENT3D(#8706,#35,#8707);
#8709=IFCEXTRUDEDAREASOLID(#8705,#8708,#1502,9.9999999999998863);
#8710=IFCCARTESIANPOINT((-6.9095245970308614,-7.8579594169761915));
#8711=IFCCARTESIANPOINT((-3.8879871433131257,-7.8579594169761915));
#8712=IFCCARTESIANPOINT((0.4922611459253261,-3.394324542164497));
#8713=IFCCARTESIANPOINT((3.5726597188731435,-7.8579594169761915));
#8714=IFCCARTESIANPOINT((6.589292079321976,-7.8579594169761915));
#8715=IFCCARTESIANPOINT((1.478184892999687,-0.44145839421207711));
#8716=IFCCARTESIANPOINT((6.7854958100835008,6.8965611362476977));
#8717=IFCCARTESIANPOINT((3.7639583563646823,6.8965611362476977));
#8718=IFCCARTESIANPOINT((0.9876755660974994,3.0607781998709878));
#8719=IFCCARTESIANPOINT((-0.0031532742457642373,1.6971622710823162));
#8720=IFCCARTESIANPOINT((-1.1460400059282621,3.3599888892815009));
#8721=IFCCARTESIANPOINT((-3.5838713606335748,6.8965611362476977));
#8722=IFCCARTESIANPOINT((-6.5955986278135041,6.8965611362476977));
#8723=IFCCARTESIANPOINT((-1.5433525607191314,-0.43655330094303901));
#8724=IFCPOLYLINE((#8710,#8711,#8712,#8713,#8714,#8715,#8716,#8717,#8718,#8719,#8720,#8721,#8722,#8723,#8710));
#8725=IFCARBITRARYCLOSEDPROFILEDEF(.AREA.,'600mm Arial',#8724);
#8726=IFCCARTESIANPOINT((7020.6334870916407,8736.0354060546342,722.31091614209629));
#8727=IFCAXIS2PLACEMENT3D(#8726,#1684,#199);
#8728=IFCEXTRUDEDAREASOLID(#8725,#8727,#34,9.9999999999998916);
#8729=IFCCARTESIANPOINT((-7.2889188574047772,0.93472420624722863));
#8730=IFCCARTESIANPOINT((-10.653978624973226,2.056585386142908));
#8731=IFCCARTESIANPOINT((-10.636274735907213,0.16270497186057487));
#8732=IFCCARTESIANPOINT((-9.9366860761817435,-1.865206314902718));
#8733=IFCCARTESIANPOINT((-5.8453774522258817,-2.6693915497831289));
#8734=IFCCARTESIANPOINT((2.2746884894572297,-1.553291210952783));
#8735=IFCCARTESIANPOINT((2.5311711525995753,-3.4193027738530604));
#8736=IFCCARTESIANPOINT((5.0191865697998557,-3.0773258896632782));
#8737=IFCCARTESIANPOINT((4.7627039066575092,-1.2113143267630009));
#8738=IFCCARTESIANPOINT((8.3149290433243284,-0.72306217374985349));
#8739=IFCCARTESIANPOINT((9.4356330977620591,1.9659982476320375));
#8740=IFCCARTESIANPOINT((4.4207270224677648,1.2767010904370109));
#8741=IFCCARTESIANPOINT((4.0787501382780196,3.7647165076370226));
#8742=IFCCARTESIANPOINT((1.5907347210777396,3.4227396234472405));
#8743=IFCCARTESIANPOINT((1.9327116052674846,0.93472420624722885));
#8744=IFCPOLYLINE((#8729,#8730,#8731,#8732,#8733,#8734,#8735,#8736,#8737,#8738,#8739,#8740,#8741,#8742,#8743,#8729));
#8745=IFCARBITRARYCLOSEDPROFILEDEF(.AREA.,'600mm Arial',#8744);
#8746=IFCCARTESIANPOINT((7009.6842211085905,8736.035406054636,724.65407919670929));
#8747=IFCDIRECTION((0.13616939888812565,0.,0.99068556808224806));
#8748=IFCAXIS2PLACEMENT3D(#8746,#35,#8747);
#8749=IFCEXTRUDEDAREASOLID(#8745,#8748,#1502,9.9999999999998916);
#8750=IFCCARTESIANPOINT((-2.6728607379834743,-6.6216453498978023));
#8751=IFCCARTESIANPOINT((3.3204090613329069,-6.6216453498978032));
#8752=IFCCARTESIANPOINT((6.6601109956859661,-2.6751256926614322));
#8753=IFCCARTESIANPOINT((6.8369142878836486,0.83917858807253642));
#8754=IFCCARTESIANPOINT((5.1491340929178753,3.8673197310265151));
#8755=IFCCARTESIANPOINT((1.1397193730111479,6.0016671151608527));
#8756=IFCCARTESIANPOINT((-4.6562461217059816,5.9181004241328337));
#8757=IFCCARTESIANPOINT((-7.9940090559137893,2.0018550626384677));
#8758=IFCCARTESIANPOINT((-7.7831718952307192,-2.7097045285790768));
#8759=IFCPOLYLINE((#8750,#8751,#8752,#8753,#8754,#8755,#8756,#8757,#8758,#8750));
#8760=IFCCARTESIANPOINT((-1.913944913155148,-4.2276445695491018));
#8761=IFCCARTESIANPOINT((-5.2637362721749756,-1.9382524455676304));
#8762=IFCCARTESIANPOINT((-5.6014996597342526,1.238266367895632));
#8763=IFCCARTESIANPOINT((-3.4865533169054834,3.6139620635425755));
#8764=IFCCARTESIANPOINT((0.4929524261288058,3.5718731147460585));
#8765=IFCCARTESIANPOINT((3.9151732688220546,1.2593645361385781));
#8766=IFCCARTESIANPOINT((4.2676015995064294,-1.9115369979185965));
#8767=IFCCARTESIANPOINT((2.147435412084326,-4.3035877382671295));
#8768=IFCPOLYLINE((#8760,#8761,#8762,#8763,#8764,#8765,#8766,#8767,#8760));
#8769=IFCARBITRARYPROFILEDEFWITHVOIDS(.AREA.,'600mm Arial',#8759,(#8768));
#8770=IFCCARTESIANPOINT((6997.5055830350766,8736.0354060546306,721.29719686649798));
#8771=IFCDIRECTION((-0.3040480756681716,0.,-0.95265668930758152));
#8772=IFCAXIS2PLACEMENT3D(#8770,#1684,#8771);
#8773=IFCEXTRUDEDAREASOLID(#8769,#8772,#34,9.9999999999998916);
#8774=IFCCARTESIANPOINT((3.3883683574806556,-8.6539859817778488));
#8775=IFCCARTESIANPOINT((5.899776111220592,-8.6539859817778488));
#8776=IFCCARTESIANPOINT((5.899776111220592,11.437276048144083));
#8777=IFCCARTESIANPOINT((3.3883683574806556,11.437276048144083));
#8778=IFCCARTESIANPOINT((3.3883683574806556,3.9521037196135707));
#8779=IFCCARTESIANPOINT((1.7353519258192762,5.7302000296346778));
#8780=IFCCARTESIANPOINT((-0.57985209716021868,6.4144605406635327));
#8781=IFCCARTESIANPOINT((-3.7853305484666806,5.4579673532039417));
#8782=IFCCARTESIANPOINT((-5.9386664935680527,2.706210029281543));
#8783=IFCCARTESIANPOINT((-6.6572626574801745,-1.2914409849730184));
#8784=IFCCARTESIANPOINT((-5.8773528277051446,-5.2866394525929934));
#8785=IFCCARTESIANPOINT((-3.6798710431825641,-7.9967034837286359));
#8786=IFCCARTESIANPOINT((-0.57004191062133036,-8.9679119509953402));
#8787=IFCCARTESIANPOINT((3.3883683574806556,-6.2848259328393405));
#8788=IFCPOLYLINE((#8774,#8775,#8776,#8777,#8778,#8779,#8780,#8781,#8782,#8783,#8784,#8785,#8786,#8787,#8774));
#8789=IFCCARTESIANPOINT((-4.1458549037402381,-1.2816307984349422));
#8790=IFCCARTESIANPOINT((-3.0863547576312529,2.6547065499567104));
#8791=IFCCARTESIANPOINT((-0.44250948562660997,3.9030527869233249));
#8792=IFCCARTESIANPOINT((2.2822698253154701,2.6032030706320133));
#8793=IFCCARTESIANPOINT((3.3883683574806556,-1.4729294359268874));
#8794=IFCCARTESIANPOINT((2.3018901983921638,-5.2277783333646708));
#8795=IFCCARTESIANPOINT((-0.33950252697748623,-6.4565041972551329));
#8796=IFCCARTESIANPOINT((-3.0127783585955457,-5.1689172141363491));
#8797=IFCPOLYLINE((#8789,#8790,#8791,#8792,#8793,#8794,#8795,#8796,#8789));
#8798=IFCARBITRARYPROFILEDEFWITHVOIDS(.AREA.,'600mm Arial',#8788,(#8797));
#8799=IFCCARTESIANPOINT((6975.0525575254323,8736.0354060546342,723.10694270689794));
#8800=IFCAXIS2PLACEMENT3D(#8799,#1684,#199);
#8801=IFCEXTRUDEDAREASOLID(#8798,#8800,#34,9.9999999999998916);
#8802=IFCCARTESIANPOINT((-2.6728607379831448,-6.6216453498967711));
#8803=IFCCARTESIANPOINT((3.3204090613332364,-6.621645349896772));
#8804=IFCCARTESIANPOINT((6.6601109956859661,-2.6751256926614322));
#8805=IFCCARTESIANPOINT((6.8369142878836486,0.83917858807253642));
#8806=IFCCARTESIANPOINT((5.1491340929182039,3.8673197310275462));
#8807=IFCCARTESIANPOINT((1.1397193730114774,6.0016671151618839));
#8808=IFCCARTESIANPOINT((-4.6562461217056521,5.9181004241338639));
#8809=IFCCARTESIANPOINT((-7.9940090559137893,2.0018550626384677));
#8810=IFCCARTESIANPOINT((-7.7831718952307192,-2.7097045285790768));
#8811=IFCPOLYLINE((#8802,#8803,#8804,#8805,#8806,#8807,#8808,#8809,#8810,#8802));
#8812=IFCCARTESIANPOINT((-1.913944913154819,-4.2276445695480698));
#8813=IFCCARTESIANPOINT((-5.263736272174647,-1.9382524455665988));
#8814=IFCCARTESIANPOINT((-5.6014996597342526,1.238266367895632));
#8815=IFCCARTESIANPOINT((-3.4865533169051544,3.6139620635436063));
#8816=IFCCARTESIANPOINT((0.4929524261288058,3.5718731147460585));
#8817=IFCCARTESIANPOINT((3.9151732688223837,1.2593645361396097));
#8818=IFCCARTESIANPOINT((4.2676015995064294,-1.9115369979185965));
#8819=IFCCARTESIANPOINT((2.1474354120846555,-4.3035877382660974));
#8820=IFCPOLYLINE((#8812,#8813,#8814,#8815,#8816,#8817,#8818,#8819,#8812));
#8821=IFCARBITRARYPROFILEDEFWITHVOIDS(.AREA.,'600mm Arial',#8811,(#8820));
#8822=IFCCARTESIANPOINT((6958.8926888213218,8736.0354060546306,721.29719686649798));
#8823=IFCDIRECTION((-0.3040480756681716,0.,-0.95265668930758152));
#8824=IFCAXIS2PLACEMENT3D(#8822,#1684,#8823);
#8825=IFCEXTRUDEDAREASOLID(#8821,#8824,#34,9.9999999999998916);
#8826=IFCCARTESIANPOINT((-9.0570660638185991,-9.2411957188408795));
#8827=IFCCARTESIANPOINT((-6.5456583100786618,-9.2411957188408795));
#8828=IFCCARTESIANPOINT((-6.5456583100786618,-1.8001692297315754));
#8829=IFCCARTESIANPOINT((-6.1630610350945005,1.1968427576419172));
#8830=IFCCARTESIANPOINT((-4.9269775313006852,2.7762827902677247));
#8831=IFCCARTESIANPOINT((-3.0679471823399753,3.3158430498602933));
#8832=IFCCARTESIANPOINT((-1.1623184473252308,2.506502660471305));
#8833=IFCCARTESIANPOINT((-0.58106489494563507,0.073576399035436432));
#8834=IFCCARTESIANPOINT((-0.58106489494563507,-9.2411957188408795));
#8835=IFCCARTESIANPOINT((1.9303428587953846,-9.2411957188408795));
#8836=IFCCARTESIANPOINT((1.9303428587953846,-0.91234734803824757));
#8837=IFCCARTESIANPOINT((2.9138140592336699,2.310298929710457));
#8838=IFCCARTESIANPOINT((7.6619443436495747,1.8909134552088482));
#8839=IFCCARTESIANPOINT((7.8949362739284119,-0.20601391729892421));
#8840=IFCCARTESIANPOINT((7.8949362739284119,-9.2411957188408795));
#8841=IFCCARTESIANPOINT((10.406344027668348,-9.2411957188408795));
#8842=IFCCARTESIANPOINT((10.406344027668348,0.8731066018863487));
#8843=IFCCARTESIANPOINT((9.2560996560819557,4.6132402195171531));
#8844=IFCCARTESIANPOINT((5.9721397124708835,5.8272508036005011));
#8845=IFCCARTESIANPOINT((1.537935397273418,2.9087203085313478));
#8846=IFCCARTESIANPOINT((0.15469909540818777,5.0596037069982689));
#8847=IFCCARTESIANPOINT((-2.3616137516006517,5.8272508036005011));
#8848=IFCCARTESIANPOINT((-4.8190654793815755,5.0743189868053831));
#8849=IFCCARTESIANPOINT((-6.5456583100786618,3.0853036662161784));
#8850=IFCCARTESIANPOINT((-6.5456583100786618,5.5133248343830088));
#8851=IFCCARTESIANPOINT((-9.0570660638185991,5.5133248343830088));
#8852=IFCPOLYLINE((#8826,#8827,#8828,#8829,#8830,#8831,#8832,#8833,#8834,#8835,#8836,#8837,#8838,#8839,#8840,#8841,#8842,#8843,#8844,#8845,#8846,#8847,#8848,#8849,#8850,#8851,#8826));
#8853=IFCARBITRARYCLOSEDPROFILEDEF(.AREA.,'600mm Arial',#8852);
#8854=IFCCARTESIANPOINT((6933.0980819976849,8736.0354060546324,723.694152443961));
#8855=IFCAXIS2PLACEMENT3D(#8854,#1684,#199);
#8856=IFCEXTRUDEDAREASOLID(#8853,#8855,#34,9.9999999999998916);
#8857=IFCCARTESIANPOINT((-2.6728607379834743,-6.6216453498978023));
#8858=IFCCARTESIANPOINT((3.3204090613329069,-6.6216453498978032));
#8859=IFCCARTESIANPOINT((6.6601109956859661,-2.6751256926614322));
#8860=IFCCARTESIANPOINT((6.8369142878836486,0.83917858807253642));
#8861=IFCCARTESIANPOINT((5.1491340929182039,3.8673197310275462));
#8862=IFCCARTESIANPOINT((1.1397193730111479,6.0016671151608527));
#8863=IFCCARTESIANPOINT((-4.6562461217056521,5.9181004241338639));
#8864=IFCCARTESIANPOINT((-7.9940090559137893,2.0018550626384677));
#8865=IFCCARTESIANPOINT((-7.7831718952307192,-2.7097045285790768));
#8866=IFCPOLYLINE((#8857,#8858,#8859,#8860,#8861,#8862,#8863,#8864,#8865,#8857));
#8867=IFCCARTESIANPOINT((-1.913944913154819,-4.2276445695480698));
#8868=IFCCARTESIANPOINT((-5.2637362721749756,-1.9382524455676304));
#8869=IFCCARTESIANPOINT((-5.6014996597342526,1.238266367895632));
#8870=IFCCARTESIANPOINT((-3.4865533169051544,3.6139620635436063));
#8871=IFCCARTESIANPOINT((0.4929524261288058,3.5718731147460585));
#8872=IFCCARTESIANPOINT((3.9151732688220546,1.2593645361385781));
#8873=IFCCARTESIANPOINT((4.2676015995064294,-1.9115369979185965));
#8874=IFCCARTESIANPOINT((2.147435412084326,-4.3035877382671295));
#8875=IFCPOLYLINE((#8867,#8868,#8869,#8870,#8871,#8872,#8873,#8874,#8867));
#8876=IFCARBITRARYPROFILEDEFWITHVOIDS(.AREA.,'600mm Arial',#8866,(#8875));
#8877=IFCCARTESIANPOINT((6912.4316453771262,8736.0354060546306,721.29719686649798));
#8878=IFCDIRECTION((-0.3040480756681716,0.,-0.95265668930758152));
#8879=IFCAXIS2PLACEMENT3D(#8877,#1684,#8878);
#8880=IFCEXTRUDEDAREASOLID(#8876,#8879,#34,9.9999999999998916);
#8881=IFCCARTESIANPOINT((3.3883683574817383,-8.6539859817778488));
#8882=IFCCARTESIANPOINT((5.8997761112216756,-8.6539859817778488));
#8883=IFCCARTESIANPOINT((5.8997761112216756,11.437276048144083));
#8884=IFCCARTESIANPOINT((3.3883683574817383,11.437276048144083));
#8885=IFCCARTESIANPOINT((3.3883683574817383,3.9521037196135707));
#8886=IFCCARTESIANPOINT((1.7353519258203591,5.7302000296346778));
#8887=IFCCARTESIANPOINT((-0.57985209715805297,6.4144605406635327));
#8888=IFCCARTESIANPOINT((-3.7853305484655979,5.4579673532039417));
#8889=IFCCARTESIANPOINT((-5.93866649356697,2.706210029281543));
#8890=IFCCARTESIANPOINT((-6.6572626574790918,-1.2914409849730184));
#8891=IFCCARTESIANPOINT((-5.877352827704061,-5.2866394525929934));
#8892=IFCCARTESIANPOINT((-3.6798710431814814,-7.9967034837286359));
#8893=IFCCARTESIANPOINT((-0.57004191062024745,-8.9679119509953402));
#8894=IFCCARTESIANPOINT((3.3883683574817383,-6.2848259328393405));
#8895=IFCPOLYLINE((#8881,#8882,#8883,#8884,#8885,#8886,#8887,#8888,#8889,#8890,#8891,#8892,#8893,#8894,#8881));
#8896=IFCCARTESIANPOINT((-4.1458549037391554,-1.2816307984349422));
#8897=IFCCARTESIANPOINT((-3.0863547576290871,2.6547065499567104));
#8898=IFCCARTESIANPOINT((-0.44250948562552711,3.9030527869233249));
#8899=IFCCARTESIANPOINT((2.2822698253165528,2.6032030706320133));
#8900=IFCCARTESIANPOINT((3.3883683574817383,-1.4729294359268874));
#8901=IFCCARTESIANPOINT((2.3018901983932465,-5.2277783333646708));
#8902=IFCCARTESIANPOINT((-0.33950252697640337,-6.4565041972551329));
#8903=IFCCARTESIANPOINT((-3.012778358594463,-5.1689172141363491));
#8904=IFCPOLYLINE((#8896,#8897,#8898,#8899,#8900,#8901,#8902,#8903,#8896));
#8905=IFCARBITRARYPROFILEDEFWITHVOIDS(.AREA.,'600mm Arial',#8895,(#8904));
#8906=IFCCARTESIANPOINT((6897.826769097921,8736.0354060546342,723.10694270689794));
#8907=IFCAXIS2PLACEMENT3D(#8906,#1684,#199);
#8908=IFCEXTRUDEDAREASOLID(#8905,#8907,#34,9.9999999999998916);
#8909=IFCCARTESIANPOINT((-1.691092824602999,-3.7629748290273333));
#8910=IFCCARTESIANPOINT((-3.1778806463155931,-5.75074056007485));
#8911=IFCCARTESIANPOINT((0.75353383238855842,-6.3505837195615049));
#8912=IFCCARTESIANPOINT((4.5648773459863188,-4.0697470485887663));
#8913=IFCCARTESIANPOINT((6.7615733785329644,1.0603304169993175));
#8914=IFCCARTESIANPOINT((4.0926664387083527,6.3257151254628718));
#8915=IFCCARTESIANPOINT((-1.4031953969044755,8.9344160273868987));
#8916=IFCCARTESIANPOINT((-6.3900063700369678,6.7297038934764286));
#8917=IFCCARTESIANPOINT((-8.3329728963006193,1.7806993558542932));
#8918=IFCCARTESIANPOINT((-5.5235852013730602,-3.5899180024253674));
#8919=IFCCARTESIANPOINT((2.822029094900111,4.0605126947382182));
#8920=IFCCARTESIANPOINT((4.1614570958000394,0.75406986348262617));
#8921=IFCCARTESIANPOINT((2.7260632856670917,-2.3585083886945579));
#8922=IFCCARTESIANPOINT((0.6365328635493076,-3.7629748290273342));
#8923=IFCPOLYLINE((#8909,#8910,#8911,#8912,#8913,#8914,#8915,#8916,#8917,#8918,#8919,#8920,#8921,#8922,#8909));
#8924=IFCCARTESIANPOINT((1.0173261042132364,5.8069994599191883));
#8925=IFCCARTESIANPOINT((-5.0953775739206266,-0.50946100748535961));
#8926=IFCCARTESIANPOINT((-6.0316127317655051,1.795878781840436));
#8927=IFCCARTESIANPOINT((-4.5784811654230193,4.9902667493534336));
#8928=IFCCARTESIANPOINT((-1.7527770088544212,6.5594328042283028));
#8929=IFCPOLYLINE((#8924,#8925,#8926,#8927,#8928,#8924));
#8930=IFCARBITRARYPROFILEDEFWITHVOIDS(.AREA.,'600mm Arial',#8923,(#8929));
#8931=IFCCARTESIANPOINT((6881.709858889225,8736.0354060546342,720.24955069578903));
#8932=IFCDIRECTION((0.69542142751608083,0.,-0.71860214176656645));
#8933=IFCAXIS2PLACEMENT3D(#8931,#35,#8932);
#8934=IFCEXTRUDEDAREASOLID(#8930,#8933,#1502,9.9999999999998863);
#8935=IFCCARTESIANPOINT((0.,-5.4134474680722633E-013));
#8936=IFCAXIS2PLACEMENT2D(#8935,#170);
#8937=IFCRECTANGLEPROFILEDEF(.AREA.,'600mm Arial',#8936,9.9999999999998916,2.5114077537399369);
#8938=IFCCARTESIANPOINT((6871.5218049875602,8741.0354060546324,714.45295672512009));
#8939=IFCAXIS2PLACEMENT3D(#8938,#34,#35);
#8940=IFCEXTRUDEDAREASOLID(#8937,#8939,#34,20.091262029921932);
#8941=IFCCARTESIANPOINT((-2.6728607379831448,-6.6216453498967711));
#8942=IFCCARTESIANPOINT((3.3204090613332364,-6.621645349896772));
#8943=IFCCARTESIANPOINT((6.6601109956859661,-2.6751256926614322));
#8944=IFCCARTESIANPOINT((6.8369142878839781,0.83917858807356804));
#8945=IFCCARTESIANPOINT((5.1491340929182039,3.8673197310275462));
#8946=IFCCARTESIANPOINT((1.1397193730114774,6.0016671151618839));
#8947=IFCCARTESIANPOINT((-4.6562461217056521,5.9181004241338639));
#8948=IFCCARTESIANPOINT((-7.9940090559137893,2.0018550626384677));
#8949=IFCCARTESIANPOINT((-7.7831718952303905,-2.7097045285780452));
#8950=IFCPOLYLINE((#8941,#8942,#8943,#8944,#8945,#8946,#8947,#8948,#8949,#8941));
#8951=IFCCARTESIANPOINT((-1.913944913154819,-4.2276445695480698));
#8952=IFCCARTESIANPOINT((-5.263736272174647,-1.9382524455665988));
#8953=IFCCARTESIANPOINT((-5.6014996597342526,1.238266367895632));
#8954=IFCCARTESIANPOINT((-3.4865533169051544,3.6139620635436063));
#8955=IFCCARTESIANPOINT((0.4929524261288058,3.5718731147460585));
#8956=IFCCARTESIANPOINT((3.9151732688223837,1.2593645361396097));
#8957=IFCCARTESIANPOINT((4.2676015995064294,-1.9115369979185965));
#8958=IFCCARTESIANPOINT((2.1474354120846555,-4.3035877382660974));
#8959=IFCPOLYLINE((#8951,#8952,#8953,#8954,#8955,#8956,#8957,#8958,#8951));
#8960=IFCARBITRARYPROFILEDEFWITHVOIDS(.AREA.,'600mm Arial',#8950,(#8959));
#8961=IFCCARTESIANPOINT((6860.0060085178002,8736.0354060546324,721.29719686649798));
#8962=IFCDIRECTION((-0.3040480756681716,0.,-0.95265668930758152));
#8963=IFCAXIS2PLACEMENT3D(#8961,#1684,#8962);
#8964=IFCEXTRUDEDAREASOLID(#8960,#8963,#34,9.9999999999998916);
#8965=IFCSHAPEREPRESENTATION(#15,'Body','SweptSolid',(#8683,#8709,#8728,#8749,#8773,#8801,#8825,#8856,#8880,#8908,#8934,#8940,#8964));
#8966=IFCPRODUCTDEFINITIONSHAPE($,$,(#8965));
#8967=IFCBUILDINGELEMENTPROXY('2y4yE2$gn3qg3tD19AGeeE',#6,'Texto do modelo:600mm Arial:518201',$,$,#8670,#8966,'518201',$);
#8968=IFCPROPERTYSET('2MCbYyFNSMja3n2$JgGUBZ',#6,'Pset_BuildingElementProxyCommon',$,(#7149));
#8969=IFCPROPERTYSET('1TmFTzn$DB1s8sDwFp5$xU',#6,'Pset_QuantityTakeOff',$,(#7149));
#8970=IFCRELDEFINESBYPROPERTIES('3Z99Oe1I9ahsp7go2RMgAk',#6,$,$,(#8967),#8968);
#8971=IFCRELDEFINESBYPROPERTIES('3OrwDvLUGnKvtm7R7cmSQU',#6,$,$,(#8967),#8969);
#8972=IFCGROUP('1zzk4Pvb51xAijoPDrx4J5',#6,'Grupo de modelos:Parede B:443114',$,'Grupo de modelos:Parede B');
#8973=IFCGROUP('1kkNhPW5XF4BusAPV6zOmM',#6,'Grupo de modelos:Blue Tiles - Tanque:482299',$,'Grupo de modelos:Blue Tiles - Tanque');
#8974=IFCGROUP('1kkNhPW5XF4BusAPV6zRLD',#6,'Grupo de modelos:Blue Tiles - Parede B:484000',$,'Grupo de modelos:Blue Tiles - Parede B');
#8975=IFCGROUP('1kkNhPW5XF4BusAPV6zRH4',#6,'Grupo de modelos:Green Tiles - Parede B:484265',$,'Grupo de modelos:Green Tiles - Parede B');
#8976=IFCGROUP('1kkNhPW5XF4BusAPV6zL4j',#6,'Grupo de modelos:Flooring:493248',$,'Grupo de modelos:Flooring');
#8977=IFCGROUP('1kkNhPW5XF4BusAPV6zL1K',#6,'Grupo de modelos:Wall A (membros exclu\X\EDdos):493497',$,'Grupo de modelos:Wall A');
#8978=IFCRELASSIGNSTOGROUP('1zzk4Pvb51xAijoP9rx4J5',#6,$,$,(#202,#214,#225,#236,#247,#258,#269,#280,#291,#302,#313,#324,#335,#346,#357,#368,#390,#412,#434,#445,#456,#478,#489,#500,#511,#522,#533,#555,#566,#577,#588,#599,#610,#621,#632,#643,#654,#665,#676,#687,#698,#709,#720,#731,#742,#753,#764,#775,#786,#816,#838,#859,#880,#902,#924,#946,#968,#990,#1012,#1034,#1056,#1078,#1089,#1100,#1111,#1122,#1133,#1144,#1155,#1166,#1177,#1188,#1199,#1210,#1221,#1243,#1254,#1281,#1302,#1313,#1324,#1335,#1346,#1357,#1368,#1379,#1390,#1401,#1412,#1423,#1434,#1445,#1456,#1467,#1478,#1489,#1515,#1540,#1574,#1733,#5969,#5980,#5991,#6002,#6013,#6024,#6035,#6046,#6189,#6211,#6222,#6234,#6245),$,#8972);
#8979=IFCRELASSIGNSTOGROUP('1kkNhPW5XF4BusAPR6zOmM',#6,$,$,(#2377,#2400,#2411,#2422,#2433,#2444,#2455,#2477,#2488,#2499,#2510,#2521,#2532,#2543,#2554,#2565,#2576,#2587,#2598,#2609,#2620,#2631,#2642,#2653,#2675,#2697,#2708,#2719,#2730,#2741,#2752,#2774,#2785,#2796,#2807,#2818,#2829,#2840,#2851,#2862),$,#8973);
#8980=IFCRELASSIGNSTOGROUP('1kkNhPW5XF4BusAPR6zRLD',#6,$,$,(#2972,#2983,#2994,#3005,#3016,#3027,#3038,#3049,#3060,#3071,#3082,#3093,#3104,#3115,#3126,#3137,#3148,#3159,#3170,#3181),$,#8974);
#8981=IFCRELASSIGNSTOGROUP('1kkNhPW5XF4BusAPR6zRH4',#6,$,$,(#3212,#3224,#3235,#3246,#3257,#3268,#3279,#3290,#3301,#3312,#3323,#3334,#3345,#3356,#3367,#3378,#3389,#3400,#3411,#3422,#3433,#3444,#3455,#3466,#3488,#3499,#3510,#3521,#3543,#3554,#3565,#3576,#3587,#3598,#3609,#3620,#3631,#3642,#3653,#3664,#3691,#3718,#3744,#3770),$,#8975);
#8982=IFCRELASSIGNSTOGROUP('1kkNhPW5XF4BusAPR6zL4j',#6,$,$,(#3922,#3934,#3945,#3956,#3981,#4006,#4031,#4056,#4080,#4105,#4126,#4148,#4170,#4192,#4214,#4236,#4258),$,#8976);
#8983=IFCRELASSIGNSTOGROUP('1kkNhPW5XF4BusAPR6zL1K',#6,$,$,(#4280,#4291,#4302,#4313,#4335,#4357,#4379,#4401,#4423,#4435,#4446,#4457,#4468,#4479,#4490,#4501,#4512,#4534,#4545,#4556,#4567,#4578,#4589,#4600,#4611,#4622,#4633,#4644,#4655,#4666,#4677,#4688,#4699,#4710,#4721,#4732,#4743,#4754,#4765,#4776,#4787,#4798,#4809,#4820,#4831,#4842,#4853,#4864,#4875,#4886,#4897,#4908,#4919,#4930,#4941,#4952,#4963,#4974,#4985,#4996,#5007,#5018,#5048,#5060,#5071,#5082,#5108,#5136,#5158,#5169,#5193,#5215,#5226,#5256,#5285,#5311,#5322,#5333,#5344,#5355,#5366,#5377,#5388,#5399,#5425),$,#8977);
#8984=IFCPROPERTYSINGLEVALUE('AboveGround',$,IFCLOGICAL(.U.),$);
#8985=IFCPROPERTYSET('2QFFSloDKLdASEirlNrsWG',#6,'Pset_BuildingStoreyCommon',$,(#8984));
#8986=IFCRELDEFINESBYPROPERTIES('24vWbHxUvnwTMhwrnGQFQP',#6,$,$,(#25),#8985);
#8987=IFCRELCONTAINEDINSPATIALSTRUCTURE('3Zu5Bv0LOHrPC10066FoQQ',#6,$,$,(#55,#103,#137,#160,#202,#214,#225,#236,#247,#258,#269,#280,#291,#302,#313,#324,#335,#346,#357,#368,#390,#412,#434,#445,#456,#478,#489,#500,#511,#522,#533,#555,#566,#577,#588,#599,#610,#621,#632,#643,#654,#665,#676,#687,#698,#709,#720,#731,#742,#753,#764,#775,#786,#816,#838,#859,#880,#902,#924,#946,#968,#990,#1012,#1034,#1056,#1078,#1089,#1100,#1111,#1122,#1133,#1144,#1155,#1166,#1177,#1188,#1199,#1210,#1221,#1243,#1254,#1281,#1302,#1313,#1324,#1335,#1346,#1357,#1368,#1379,#1390,#1401,#1412,#1423,#1434,#1445,#1456,#1467,#1478,#1489,#1515,#1540,#1574,#1596,#1618,#1640,#1662,#1690,#1733,#1761,#1784,#1807,#1818,#1849,#1872,#1894,#1916,#1942,#1969,#1993,#2017,#2042,#2066,#2091,#2126,#2165,#2203,#2241,#2279,#2300,#2321,#2346,#2377,#2400,#2411,#2422,#2433,#2444,#2455,#2477,#2488,#2499,#2510,#2521,#2532,#2543,#2554,#2565,#2576,#2587,#2598,#2609,#2620,#2631,#2642,#2653,#2675,#2697,#2708,#2719,#2730,#2741,#2752,#2774,#2785,#2796,#2807,#2818,#2829,#2840,#2851,#2862,#2884,#2906,#2928,#2950,#2972,#2983,#2994,#3005,#3016,#3027,#3038,#3049,#3060,#3071,#3082,#3093,#3104,#3115,#3126,#3137,#3148,#3159,#3170,#3181,#3212,#3224,#3235,#3246,#3257,#3268,#3279,#3290,#3301,#3312,#3323,#3334,#3345,#3356,#3367,#3378,#3389,#3400,#3411,#3422,#3433,#3444,#3455,#3466,#3488,#3499,#3510,#3521,#3543,#3554,#3565,#3576,#3587,#3598,#3609,#3620,#3631,#3642,#3653,#3664,#3691,#3718,#3744,#3770,#3811,#3834,#3856,#3867,#3878,#3900,#3922,#3934,#3945,#3956,#3981,#4006,#4031,#4056,#4080,#4105,#4126,#4148,#4170,#4192,#4214,#4236,#4258,#4280,#4291,#4302,#4313,#4335,#4357,#4379,#4401,#4423,#4435,#4446,#4457,#4468,#4479,#4490,#4501,#4512,#4534,#4545,#4556,#4567,#4578,#4589,#4600,#4611,#4622,#4633,#4644,#4655,#4666,#4677,#4688,#4699,#4710,#4721,#4732,#4743,#4754,#4765,#4776,#4787,#4798,#4809,#4820,#4831,#4842,#4853,#4864,#4875,#4886,#4897,#4908,#4919,#4930,#4941,#4952,#4963,#4974,#4985,#4996,#5007,#5018,#5048,#5060,#5071,#5082,#5108,#5136,#5158,#5169,#5193,#5215,#5226,#5256,#5285,#5311,#5322,#5333,#5344,#5355,#5366,#5377,#5388,#5399,#5425,#5446,#5468,#5489,#5510,#5531,#5552,#5573,#5594,#5615,#5636,#5657,#5678,#5702,#5723,#5744,#5765,#5786,#5807,#5833,#5854,#5875,#5896,#5917,#5938,#5958,#5969,#5980,#5991,#6002,#6013,#6024,#6035,#6046,#6068,#6090,#6109,#6135,#6167,#6189,#6211,#6222,#6234,#6245,#6273,#6303,#6336,#6369,#6401,#6422,#6443,#6465,#6486,#6519,#6540,#6562,#6591,#6613,#6635,#6657,#6689,#6722,#6754,#6786,#6815,#6844,#7147,#7452,#7755,#8058,#8361,#8664,#8967),#25);
#8988=IFCPROPERTYSET('2y6jqut2mGsxPM5c1zUPr2',#6,'Pset_BuildingStoreyCommon',$,(#8984));
#8989=IFCRELDEFINESBYPROPERTIES('03h9WtlPXy$ENv9AiS5UZC',#6,$,$,(#29),#8988);
#8990=IFCRELAGGREGATES('3PD14XLVNj2l_DfLGEpy$r',#6,$,$,#18,(#32));
#8991=IFCRELAGGREGATES('0aHQsZ0dSQUL94qQc0zdNV',#6,$,$,#32,(#22));
#8992=IFCRELAGGREGATES('27PCKGLxT4mxtV9cw6mgBW',#6,$,$,#22,(#25,#29));
#8993=IFCPROPERTYSINGLEVALUE('NumberOfStoreys',$,IFCINTEGER(2),$);
#8994=IFCPROPERTYSINGLEVALUE('IsLandmarked',$,IFCLOGICAL(.U.),$);
#8995=IFCPROPERTYSET('3RjAEkAZIsvRyJC4qHqRzg',#6,'Pset_BuildingCommon',$,(#8993,#8994));
#8996=IFCRELDEFINESBYPROPERTIES('2JmMOeTORyO_A6rkjG5pWu',#6,$,$,(#22),#8995);
#8997=IFCRELASSOCIATESMATERIAL('2mguO7$Gs1Y5sDQfeU8mEM',#6,$,$,(#55),#63);
#8998=IFCRELASSOCIATESMATERIAL('0rgcV3eUNM8ZTuiB669Q4i',#6,$,$,(#103),#111);
#8999=IFCRELASSOCIATESMATERIAL('3wRpqy4_nxecbEa9NIV7_A',#6,$,$,(#137),#138);
#9000=IFCRELASSOCIATESMATERIAL('1MqJ5qEZIwsksNY2xA1Ruf',#6,$,$,(#160),#161);
#9001=IFCRELASSOCIATESMATERIAL('2WnB0QligEEl07leooGyiH',#6,$,$,(#1690),#1694);
#9002=IFCRELASSOCIATESMATERIAL('2hWVHUKsdpb9ql91SxUrk4',#6,$,$,(#6109),#6110);
#9003=IFCRELASSOCIATESMATERIAL('2Dg2zTUH4hlqWpCjuM6PCE',#6,$,$,(#64),#62);
#9004=IFCRELASSOCIATESMATERIAL('34cPIN0glNqDXma6W1xqi0',#6,$,$,(#112),#110);
#9005=IFCRELASSOCIATESMATERIAL('0P_CRj7gkrWfAPoNsAP4XJ',#6,$,$,(#188,#202,#214,#225,#236,#247,#258,#269,#280,#291,#302,#313,#324,#335,#346,#357,#368,#383,#390,#405,#412,#427,#434,#445,#456,#471,#478,#489,#500,#511,#522,#533,#548,#555,#566,#577,#588,#599,#610,#621,#632,#643,#654,#665,#676,#687,#698,#709,#720,#731,#742,#753,#764,#775,#786,#983,#990,#1005,#1012,#1027,#1034,#1049,#1056,#1071,#1078,#1089,#1100,#1111,#1122,#1133,#1144,#1155,#1166,#1177,#1188,#1199,#1210,#1221,#1236,#1243,#1254,#1275,#1281,#1296,#1302,#1313,#1324,#1335,#1346,#1357,#1368,#1379,#1390,#1401,#1412,#1423,#1434,#1445,#1456,#1467,#1478,#1489,#1509,#1515,#1534,#1540,#4394,#4401,#4416,#4423,#4435,#4446,#4457,#4468,#4479,#4490,#4501,#4512,#4527,#4534,#4545,#4556,#4567,#4578,#4589,#4600,#4611,#4622,#4633,#4644,#4655,#4666,#4677,#4688,#4699,#4710,#4721,#4732,#4743,#4754,#4765,#4776,#4787,#4798,#4809,#4820,#4831,#4842,#4853,#4864,#4875,#4886,#4897,#4908,#4919,#4930,#4941,#4952,#4963,#4974,#4985,#4996,#5007,#5018,#5060,#5071,#5082,#5151,#5158,#5169,#5187,#5193,#5208,#5215,#5226,#5322,#5333,#5344,#5355,#5366,#5377,#5388,#5399,#5419,#5425,#5980,#5991,#6002,#6013,#6024,#6035,#6046),#189);
#9006=IFCRELASSOCIATESMATERIAL('247bmwIL1_S$U0u_ze0jOJ',#6,$,$,(#805,#816,#832,#838,#853,#859,#874,#880,#895,#902,#917,#924,#939,#946,#961,#968,#1568,#1574,#1589,#1596,#1611,#1618,#1633,#1640,#1655,#1662,#1777,#1784,#1800,#1807,#1818,#1887,#1894,#1909,#1916,#2877,#2884,#2899,#2906,#2921,#2928,#2943,#2950,#3827,#3834,#3849,#3856,#3867,#3878,#3893,#3900,#4328,#4335,#4350,#4357,#4372,#4379,#5042,#5048,#5102,#5108,#5130,#5136,#5250,#5256,#5279,#5285,#5305,#5311,#6061,#6068,#6083,#6090,#6182,#6189,#6204,#6211,#6222,#6234,#6245,#6416,#6422,#6437,#6443,#6458,#6465,#6534,#6540,#6555,#6562,#6584,#6591,#6606,#6613,#6628,#6635),#806);
#9007=IFCRELASSOCIATESMATERIAL('33JJh9K0Ob01yKVAuXNiub',#6,$,$,(#1691),#1693);
#9008=IFCRELASSOCIATESMATERIAL('1Bng47sn6Jz5AF_u6YQrxh',#6,$,$,(#1721,#1733,#1935,#1942,#1962,#1969,#1987,#1993,#2011,#2017,#2035,#2042,#2060,#2066,#2084,#2091,#2120,#2126,#2159,#2165,#2197,#2203,#2235,#2241,#2273,#2279,#2339,#2346,#3915,#3922,#3934,#3945,#3956,#3975,#3981,#4000,#4006,#4025,#4031,#4050,#4056,#4074,#4080,#4099,#4105,#4207,#4214,#4229,#4236,#4251,#4258,#4273,#4280,#4291,#4302,#4313,#5969),#1722);
#9009=IFCRELASSOCIATESMATERIAL('128Nextwfwrq5ieSlosOZj',#6,$,$,(#1754,#1761,#5439,#5446,#5461,#5468,#5482,#5489,#5503,#5510,#5524,#5531,#5545,#5552,#5566,#5573,#5587,#5594,#5608,#5615,#5629,#5636,#5650,#5657,#5671,#5678,#5696,#5702,#5716,#5723,#5737,#5744,#5758,#5765,#5779,#5786,#5800,#5807,#5826,#5833,#5847,#5854,#5868,#5875,#5889,#5896,#5910,#5917,#5931,#5938,#5952,#5958),#1755);
#9010=IFCRELASSOCIATESMATERIAL('2iA4uLTegOlPwkYq3aqooK',#6,$,$,(#1837,#1849,#1865,#1872,#2294,#2300,#2315,#2321,#6128,#6135,#6480,#6486,#6650,#6657),#1838);
#9011=IFCRELASSOCIATESMATERIAL('2dUm41o_MV8ZHmQUd2U1tN',#6,$,$,(#2365,#2377,#2393,#2400,#2411,#2422,#2433,#2444,#2455,#2470,#2477,#2488,#2499,#2510,#2521,#2532,#2543,#2554,#2565,#2576,#2587,#2598,#2609,#2620,#2631,#2642,#2653,#2668,#2675,#2690,#2697,#2708,#2719,#2730,#2741,#2752,#2767,#2774,#2785,#2796,#2807,#2818,#2829,#2840,#2851,#2862,#2965,#2972,#2983,#2994,#3005,#3016,#3027,#3038,#3049,#3060,#3071,#3082,#3093,#3104,#3115,#3126,#3137,#3148,#3159,#3170,#3181),#2366);
#9012=IFCRELASSOCIATESMATERIAL('2nx1n_wqqP_5oHiQEdAUx0',#6,$,$,(#3200,#3212,#3224,#3235,#3246,#3257,#3268,#3279,#3290,#3301,#3312,#3323,#3334,#3345,#3356,#3367,#3378,#3389,#3400,#3411,#3422,#3433,#3444,#3455,#3466,#3481,#3488,#3499,#3510,#3521,#3536,#3543,#3554,#3565,#3576,#3587,#3598,#3609,#3620,#3631,#3642,#3653,#3664,#3684,#3691,#3712,#3718,#3738,#3744,#3764,#3770,#4120,#4126,#4141,#4148,#4163,#4170,#4185,#4192),#3201);
#9013=IFCRELASSOCIATESMATERIAL('2w252YObRpab7qQNzyHqbu',#6,$,$,(#3800,#3811,#6161,#6167,#6267,#6273,#6296,#6303,#6329,#6336,#6362,#6369,#6395,#6401,#6512,#6519,#6683,#6689,#6715,#6722,#6748,#6754,#6780,#6786,#6808,#6815,#6837,#6844),#3801);
#9014=IFCRELDEFINESBYTYPE('3sXB9aPonMbfbvLpWf1MQD',#6,$,$,(#55,#137,#160,#6109),#64);
#9015=IFCRELDEFINESBYTYPE('1GYUPCgxV3oSWJaKydc59A',#6,$,$,(#103),#112);
#9016=IFCRELDEFINESBYTYPE('1p2w52XeUv$DLKF$4LkSVT',#6,$,$,(#202,#214,#225,#236,#247,#258,#269,#280,#291,#302,#313,#324,#335,#346,#357,#368,#445,#489,#511,#522,#577,#599,#610,#654,#676,#687,#731,#753,#764,#1313,#1324,#1335,#1346,#1357,#1368,#1379,#1390,#1401,#1412,#1423,#1434,#1445,#1456,#1467,#1478,#5991,#6013,#6024),#188);
#9017=IFCRELDEFINESBYTYPE('28nLP8XLDJXNu3pIZyR2LB',#6,$,$,(#390,#5322,#5333,#5344,#5355,#5366,#5377,#5388,#5399),#383);
#9018=IFCRELDEFINESBYTYPE('32xcB1mXpMqkmTe4hunICh',#6,$,$,(#412,#500,#588,#665,#742,#6002),#405);
#9019=IFCRELDEFINESBYTYPE('1G3FtognHB0LVgTjZFgUwL',#6,$,$,(#434,#456,#533,#621,#698,#775,#6035),#427);
#9020=IFCRELDEFINESBYTYPE('11hRAiY5qb5u73BYYmc9LY',#6,$,$,(#478,#566,#643,#720,#5980),#471);
#9021=IFCRELDEFINESBYTYPE('2HhnCu9MqpgTv5iHdImIbO',#6,$,$,(#555,#632,#709,#786,#6046),#548);
#9022=IFCRELDEFINESBYTYPE('2HL6IN2lun040tASBNuK6G',#6,$,$,(#816),#805);
#9023=IFCRELDEFINESBYTYPE('2FVgUtDh5xZrxQd_qP_8ra',#6,$,$,(#838),#832);
#9024=IFCRELDEFINESBYTYPE('2DPBmxFW8_tfecS1LP7XTy',#6,$,$,(#859),#853);
#9025=IFCRELDEFINESBYTYPE('138q6F1KIkGDoRzH0ccgex',#6,$,$,(#880),#874);
#9026=IFCRELDEFINESBYTYPE('32yTncOKBbpMnO_p8bKVBZ',#6,$,$,(#902),#895);
#9027=IFCRELDEFINESBYTYPE('0cDYoOmfI2YckqIvdHThYP',#6,$,$,(#924),#917);
#9028=IFCRELDEFINESBYTYPE('0OskWDr1Be84YQdRiCmcmk',#6,$,$,(#946),#939);
#9029=IFCRELDEFINESBYTYPE('2bX6DfVPX6CMbemT_xGY0h',#6,$,$,(#968),#961);
#9030=IFCRELDEFINESBYTYPE('2d4w6OTp7tcc97EGoj65Qn',#6,$,$,(#990),#983);
#9031=IFCRELDEFINESBYTYPE('0Kzmd5$fjbUi0TObtiPYve',#6,$,$,(#1012,#1089,#1133,#1177,#1221),#1005);
#9032=IFCRELDEFINESBYTYPE('345eLarf5nLyi1hBGZBl8F',#6,$,$,(#1034,#1100,#1144,#1188),#1027);
#9033=IFCRELDEFINESBYTYPE('3VkcCLhPC9MgB0mDbM5EH5',#6,$,$,(#1056,#1111,#1155,#1199,#1489),#1049);
#9034=IFCRELDEFINESBYTYPE('1cL1LL9jcBieYmJED7AL6r',#6,$,$,(#1078,#1122,#1166,#1210,#1254),#1071);
#9035=IFCRELDEFINESBYTYPE('2BQv2RLc_TasXoLfOmwJWy',#6,$,$,(#1243),#1236);
#9036=IFCRELDEFINESBYTYPE('0LLdi_PJe_wrZ8IgVud4lV',#6,$,$,(#1281),#1275);
#9037=IFCRELDEFINESBYTYPE('3EbC_$8iPry54Znxei7de5',#6,$,$,(#1302),#1296);
#9038=IFCRELDEFINESBYTYPE('2Feb3LbM0ARyyiwKrbBzSS',#6,$,$,(#1515),#1509);
#9039=IFCRELDEFINESBYTYPE('3zzkLpleTievfPm5M2kXrb',#6,$,$,(#1540),#1534);
#9040=IFCRELDEFINESBYTYPE('0ORWxt6KYwU2SfuxrRWCfK',#6,$,$,(#1574),#1568);
#9041=IFCRELDEFINESBYTYPE('0C$HyHDy8gS3bIRUKYxHr1',#6,$,$,(#1596),#1589);
#9042=IFCRELDEFINESBYTYPE('1BguPvvCQ3OvfsiDYPw$4d',#6,$,$,(#1618),#1611);
#9043=IFCRELDEFINESBYTYPE('3pG3pqo8QVRKmMF1heImQd',#6,$,$,(#1640),#1633);
#9044=IFCRELDEFINESBYTYPE('0LL$pizYsZeks4fwAwYC0y',#6,$,$,(#1662),#1655);
#9045=IFCRELDEFINESBYTYPE('09jQvj0jLS1I3pjeb_QPdt',#6,$,$,(#1690),#1691);
#9046=IFCRELDEFINESBYTYPE('3FAN5Cz_ApffnNSKxinrva',#6,$,$,(#1733,#5969),#1721);
#9047=IFCRELDEFINESBYTYPE('1GI0c6BsdBa2LLUG_08GKM',#6,$,$,(#1761),#1754);
#9048=IFCRELDEFINESBYTYPE('13SgNL7RaXP5VpVD45XbpZ',#6,$,$,(#1784),#1777);
#9049=IFCRELDEFINESBYTYPE('0NGmFFvsaa9s3dNMy7SPv7',#6,$,$,(#1807,#1818),#1800);
#9050=IFCRELDEFINESBYTYPE('2zbhSdzzQaWKlzSNlSrWgI',#6,$,$,(#1849),#1837);
#9051=IFCRELDEFINESBYTYPE('1CENEXZr7WPT8QygQhr7UM',#6,$,$,(#1872),#1865);
#9052=IFCRELDEFINESBYTYPE('3gf6ewz6i3o8Bc5SOsa9g7',#6,$,$,(#1894),#1887);
#9053=IFCRELDEFINESBYTYPE('2ukwszM11S8RSVXmOrFVuL',#6,$,$,(#1916),#1909);
#9054=IFCRELDEFINESBYTYPE('1X0XrfrGh01DKMM3xJsss2',#6,$,$,(#1942),#1935);
#9055=IFCRELDEFINESBYTYPE('3VxqodqRQhEEjffHfo9zoS',#6,$,$,(#1969),#1962);
#9056=IFCRELDEFINESBYTYPE('3kQVDI48zLLuKKK4Wp1Zkw',#6,$,$,(#1993),#1987);
#9057=IFCRELDEFINESBYTYPE('3mbGjr7SNi57lga25XaQ3d',#6,$,$,(#2017),#2011);
#9058=IFCRELDEFINESBYTYPE('34yOeiIR7gakfuQAMKTHqu',#6,$,$,(#2042),#2035);
#9059=IFCRELDEFINESBYTYPE('2UTaL5266DlrMD74r1QiK9',#6,$,$,(#2066),#2060);
#9060=IFCRELDEFINESBYTYPE('1EFcnzMQT03b5bvUWvhH3L',#6,$,$,(#2091),#2084);
#9061=IFCRELDEFINESBYTYPE('2L7KTqTgpFVQUqZNasfnWZ',#6,$,$,(#2126),#2120);
#9062=IFCRELDEFINESBYTYPE('2LuXWQimuxPu3jRQPnpSOY',#6,$,$,(#2165),#2159);
#9063=IFCRELDEFINESBYTYPE('3ChZhkAhMeHqi4Du7pyW$r',#6,$,$,(#2203),#2197);
#9064=IFCRELDEFINESBYTYPE('0WpgJy$kM_0l6peen3Z8BM',#6,$,$,(#2241),#2235);
#9065=IFCRELDEFINESBYTYPE('2y3fxXMOSz9otjEsVIinyB',#6,$,$,(#2279),#2273);
#9066=IFCRELDEFINESBYTYPE('3ssMlMZPl7cgevPX_7kprH',#6,$,$,(#2300),#2294);
#9067=IFCRELDEFINESBYTYPE('2TbRWCYc9giZ7$J4FfMMI2',#6,$,$,(#2321),#2315);
#9068=IFCRELDEFINESBYTYPE('1OKAWHZCF8QlhXgtF2iu8H',#6,$,$,(#2346),#2339);
#9069=IFCRELDEFINESBYTYPE('2DI6Z34fGc1g$nzfxr67lr',#6,$,$,(#2377,#2488,#2576,#2785),#2365);
#9070=IFCRELDEFINESBYTYPE('1K_d$0L1LryzyEB9rls4mI',#6,$,$,(#2400,#2411,#2422,#2433,#2444,#2455,#2499,#2510,#2521,#2532,#2543,#2554,#2587,#2598,#2609,#2620,#2631,#2642,#2796,#2807,#2818,#2829,#2840,#2851),#2393);
#9071=IFCRELDEFINESBYTYPE('0xgZVXJBc$ydGFoe9p1kWM',#6,$,$,(#2477,#2565,#2653,#2862),#2470);
#9072=IFCRELDEFINESBYTYPE('1kXPYAlwcf4htiSqVaHKIe',#6,$,$,(#2675),#2668);
#9073=IFCRELDEFINESBYTYPE('2_tnk4MQFasknsmYYiy5cJ',#6,$,$,(#2697,#2708,#2719,#2730,#2741,#2752),#2690);
#9074=IFCRELDEFINESBYTYPE('19Jcfhjcbpq7bfHYkFjd8I',#6,$,$,(#2774),#2767);
#9075=IFCRELDEFINESBYTYPE('2O4Mnm$$yQBizApL6gPtXy',#6,$,$,(#2884),#2877);
#9076=IFCRELDEFINESBYTYPE('1tLS9vYpwVvv0LTn2Z08vN',#6,$,$,(#2906),#2899);
#9077=IFCRELDEFINESBYTYPE('01DyrUXhBzEUOqIQnkxBsh',#6,$,$,(#2928),#2921);
#9078=IFCRELDEFINESBYTYPE('12XY75it$9uRv$ehR3lnii',#6,$,$,(#2950),#2943);
#9079=IFCRELDEFINESBYTYPE('24j1uk3a8zugZgb8piSFar',#6,$,$,(#2972,#2983,#2994,#3005,#3016,#3027,#3038,#3049,#3060,#3071,#3082,#3093,#3104,#3115,#3126,#3137,#3148,#3159,#3170,#3181),#2965);
#9080=IFCRELDEFINESBYTYPE('1OyIA$XS7v98RpvRHU1EEe',#6,$,$,(#3212,#3224,#3235,#3246,#3257,#3268,#3279,#3290,#3301,#3312,#3323,#3334,#3345,#3356,#3367,#3378,#3389,#3400,#3411,#3422,#3433,#3444,#3455,#3466),#3200);
#9081=IFCRELDEFINESBYTYPE('28XONdX_6xqUzN2J9NqJkD',#6,$,$,(#3488,#3499,#3510,#3521),#3481);
#9082=IFCRELDEFINESBYTYPE('33_miPUtRVgDHtHDC0DvdB',#6,$,$,(#3543,#3554,#3565,#3576,#3587,#3598,#3609,#3620,#3631,#3642,#3653,#3664),#3536);
#9083=IFCRELDEFINESBYTYPE('3NqOVlm8CURG7fVTwO2k4k',#6,$,$,(#3691),#3684);
#9084=IFCRELDEFINESBYTYPE('03eSpjxmhifFLqK_gIiZTr',#6,$,$,(#3718),#3712);
#9085=IFCRELDEFINESBYTYPE('0tvc8ATJVRbNkHLhWFjP3v',#6,$,$,(#3744),#3738);
#9086=IFCRELDEFINESBYTYPE('25SSDuIu9a4USxbFfSijkK',#6,$,$,(#3770),#3764);
#9087=IFCRELDEFINESBYTYPE('2A1_x57z0cQx2EBb65nlrc',#6,$,$,(#3811),#3800);
#9088=IFCRELDEFINESBYTYPE('2WImDcyhJA81ZC1xyCtPAo',#6,$,$,(#3834),#3827);
#9089=IFCRELDEFINESBYTYPE('3YDhQz$gafsZAbUlUJWCnq',#6,$,$,(#3856,#3867,#3878),#3849);
#9090=IFCRELDEFINESBYTYPE('31qOHw5rEuOpWMxdaFGUYb',#6,$,$,(#3900),#3893);
#9091=IFCRELDEFINESBYTYPE('3KBlt_OpwOfCI3QqxbBHJp',#6,$,$,(#3922,#3934,#3945,#3956),#3915);
#9092=IFCRELDEFINESBYTYPE('2cgvpoCr0HH0$7KjGbVv$$',#6,$,$,(#3981),#3975);
#9093=IFCRELDEFINESBYTYPE('3pkaQowdQlLopq8MpThktX',#6,$,$,(#4006),#4000);
#9094=IFCRELDEFINESBYTYPE('2CLWwCsRXQBm0FuPwwLqIc',#6,$,$,(#4031),#4025);
#9095=IFCRELDEFINESBYTYPE('3w5MKQz26J9XEe$4YPkWTV',#6,$,$,(#4056),#4050);
#9096=IFCRELDEFINESBYTYPE('2WwVsiU3MZAL6w7GnnDPRq',#6,$,$,(#4080),#4074);
#9097=IFCRELDEFINESBYTYPE('2dlLuHz4TdWClfhApfuugQ',#6,$,$,(#4105),#4099);
#9098=IFCRELDEFINESBYTYPE('1wHQUmzFpee_gEUJdtJErK',#6,$,$,(#4126),#4120);
#9099=IFCRELDEFINESBYTYPE('30Ejz$aaVi184xbMcu4O_2',#6,$,$,(#4148),#4141);
#9100=IFCRELDEFINESBYTYPE('1rRwHdqRnmhFXHdWUU1GgU',#6,$,$,(#4170),#4163);
#9101=IFCRELDEFINESBYTYPE('2WhwVS6ZePQbO2I6g7X14r',#6,$,$,(#4192),#4185);
#9102=IFCRELDEFINESBYTYPE('3Ag2UB_l92Iheu899wdJVI',#6,$,$,(#4214),#4207);
#9103=IFCRELDEFINESBYTYPE('1tBR9IDu3oJr9ADQZyVkmJ',#6,$,$,(#4236),#4229);
#9104=IFCRELDEFINESBYTYPE('2zkW8SWEn$BykdbAWqmTlA',#6,$,$,(#4258),#4251);
#9105=IFCRELDEFINESBYTYPE('1SrtciWk4rmX4LzE02$H5V',#6,$,$,(#4280,#4291,#4302,#4313),#4273);
#9106=IFCRELDEFINESBYTYPE('21d7FYC0n3UI0Z9TgEyMQ_',#6,$,$,(#4335),#4328);
#9107=IFCRELDEFINESBYTYPE('3vU3XCwQ2jfzvFoeqnHXhe',#6,$,$,(#4357),#4350);
#9108=IFCRELDEFINESBYTYPE('0ssrvn19UKyWkvjQEUubZD',#6,$,$,(#4379),#4372);
#9109=IFCRELDEFINESBYTYPE('1c1$8afAH4ymBYHMS5tO91',#6,$,$,(#4401,#5060,#5071,#5082),#4394);
#9110=IFCRELDEFINESBYTYPE('2ebWOrYnCsnbaX91jwXJKV',#6,$,$,(#4423,#4435,#4446,#4457,#4468,#4479,#4490,#4501,#4512),#4416);
#9111=IFCRELDEFINESBYTYPE('2itSffaAX8jZD19EW3yAyx',#6,$,$,(#4534,#4545,#4556,#4567,#4578,#4589,#4600,#4611,#4622,#4633,#4644,#4655,#4666,#4677,#4688,#4699,#4710,#4721,#4732,#4743,#4754,#4765,#4776,#4787,#4798,#4809,#4820,#4831,#4842,#4853,#4864,#4875,#4886,#4897,#4908,#4919,#4930,#4941,#4952,#4963,#4974,#4985,#4996,#5007,#5018),#4527);
#9112=IFCRELDEFINESBYTYPE('02czg2mfdtGV2DFz$3Hefk',#6,$,$,(#5048),#5042);
#9113=IFCRELDEFINESBYTYPE('0dpYlZNRN3xB06C0QB56nY',#6,$,$,(#5108),#5102);
#9114=IFCRELDEFINESBYTYPE('2xoWO8nAUqDRiNtxhJoyrg',#6,$,$,(#5136),#5130);
#9115=IFCRELDEFINESBYTYPE('3fgs__1nGS7LEM$56O8l_I',#6,$,$,(#5158,#5169),#5151);
#9116=IFCRELDEFINESBYTYPE('2_eiSb09l5BBatLNSeujLX',#6,$,$,(#5193),#5187);
#9117=IFCRELDEFINESBYTYPE('3mBnII5F1yVVyIonO_L$DW',#6,$,$,(#5215,#5226),#5208);
#9118=IFCRELDEFINESBYTYPE('3rULus2C6cnJ$Ngk$TymXx',#6,$,$,(#5256),#5250);
#9119=IFCRELDEFINESBYTYPE('3MhYgpJ9ezFkmn1n7Z2jU$',#6,$,$,(#5285),#5279);
#9120=IFCRELDEFINESBYTYPE('2l2vTVGn$EbRyk_dOmomzF',#6,$,$,(#5311),#5305);
#9121=IFCRELDEFINESBYTYPE('3cVcFHeIVLsk3B33$TVcqE',#6,$,$,(#5425),#5419);
#9122=IFCRELDEFINESBYTYPE('0gTLU1zcUuzjxsdqJRAktt',#6,$,$,(#5446),#5439);
#9123=IFCRELDEFINESBYTYPE('04X1biqyoD0jadF0oRlqEf',#6,$,$,(#5468),#5461);
#9124=IFCRELDEFINESBYTYPE('2_d$65ncIwgSlaji_hYy3P',#6,$,$,(#5489),#5482);
#9125=IFCRELDEFINESBYTYPE('2a5EriUdcLi18tsaRxf0Yl',#6,$,$,(#5510),#5503);
#9126=IFCRELDEFINESBYTYPE('3ymAGMfloc0NjPm$8GGBXE',#6,$,$,(#5531),#5524);
#9127=IFCRELDEFINESBYTYPE('2c89bmWsar3WmOFftRWGVV',#6,$,$,(#5552),#5545);
#9128=IFCRELDEFINESBYTYPE('3HJaiEd18VE4JDDIES2D7H',#6,$,$,(#5573),#5566);
#9129=IFCRELDEFINESBYTYPE('08s9equU7rzyInw0jr8jFF',#6,$,$,(#5594),#5587);
#9130=IFCRELDEFINESBYTYPE('2wESJANtTAAq5GjRoWIBvI',#6,$,$,(#5615),#5608);
#9131=IFCRELDEFINESBYTYPE('30wF4wGb6kFs0JIf0VrEnI',#6,$,$,(#5636),#5629);
#9132=IFCRELDEFINESBYTYPE('0v5Ef6aSRG3s7LatmCCzcj',#6,$,$,(#5657),#5650);
#9133=IFCRELDEFINESBYTYPE('3KQ1ut2OK_gX$iG1189Dxw',#6,$,$,(#5678),#5671);
#9134=IFCRELDEFINESBYTYPE('0Y6WY_07qYA$BoWBKbD3sw',#6,$,$,(#5702),#5696);
#9135=IFCRELDEFINESBYTYPE('2bo6SRPGm8BQoFj7LGvBjn',#6,$,$,(#5723),#5716);
#9136=IFCRELDEFINESBYTYPE('38MI6yVGTj8aUi$ux1_q3Q',#6,$,$,(#5744),#5737);
#9137=IFCRELDEFINESBYTYPE('19KI6163JTKEXierR2_suK',#6,$,$,(#5765),#5758);
#9138=IFCRELDEFINESBYTYPE('0RnnIeBfcDHmeM9_VFDvXE',#6,$,$,(#5786),#5779);
#9139=IFCRELDEFINESBYTYPE('3o5PablDvw7KuVPi_o4CNr',#6,$,$,(#5807),#5800);
#9140=IFCRELDEFINESBYTYPE('0aUWhxZvA4KmYsmEJSbfsy',#6,$,$,(#5833),#5826);
#9141=IFCRELDEFINESBYTYPE('1hkIwpUC4gFNkV$xrXEKk7',#6,$,$,(#5854),#5847);
#9142=IFCRELDEFINESBYTYPE('2TpszlDRK5MoviDt9rmxPN',#6,$,$,(#5875),#5868);
#9143=IFCRELDEFINESBYTYPE('1N67DMptmLw2LEp5YVydJC',#6,$,$,(#5896),#5889);
#9144=IFCRELDEFINESBYTYPE('1QOd29S7Dlm3_rCmsnNFyn',#6,$,$,(#5917),#5910);
#9145=IFCRELDEFINESBYTYPE('3NcCTWUO1zMyqAjmomrP6s',#6,$,$,(#5938),#5931);
#9146=IFCRELDEFINESBYTYPE('39iW6bILEHSrRg$$NgjxBc',#6,$,$,(#5958),#5952);
#9147=IFCRELDEFINESBYTYPE('2s8k0vDH1$uXZgwLaUvRQ8',#6,$,$,(#6068),#6061);
#9148=IFCRELDEFINESBYTYPE('2NCQe0k2$UI2xqYJlhqZFY',#6,$,$,(#6090),#6083);
#9149=IFCRELDEFINESBYTYPE('3jkpKSYIsMFZbwv6wESg9y',#6,$,$,(#6135),#6128);
#9150=IFCRELDEFINESBYTYPE('0Rtdzia5z6tEjkVoD_w17O',#6,$,$,(#6167),#6161);
#9151=IFCRELDEFINESBYTYPE('0XtiX0CgGJVQ3PY9XSqY_t',#6,$,$,(#6189,#6245),#6182);
#9152=IFCRELDEFINESBYTYPE('0_yjy50KOXEwELsn6d2AFO',#6,$,$,(#6211,#6222,#6234),#6204);
#9153=IFCRELDEFINESBYTYPE('35l2zcZjZUNWepH1Buq_ST',#6,$,$,(#6273),#6267);
#9154=IFCRELDEFINESBYTYPE('2Yvs7Krnhx4EHHl2fd78RL',#6,$,$,(#6303),#6296);
#9155=IFCRELDEFINESBYTYPE('2yuT9TfVpWUsVvWUjeRxis',#6,$,$,(#6336),#6329);
#9156=IFCRELDEFINESBYTYPE('0edbmCNe9VxJetv8aJNs7X',#6,$,$,(#6369),#6362);
#9157=IFCRELDEFINESBYTYPE('21YsPLBRJcwNnOC3UtKQ9r',#6,$,$,(#6401),#6395);
#9158=IFCRELDEFINESBYTYPE('0b88Y87VD_SNixtPkSccuu',#6,$,$,(#6422),#6416);
#9159=IFCRELDEFINESBYTYPE('3fSvBUMi5qA1eAs3n3Xp1R',#6,$,$,(#6443),#6437);
#9160=IFCRELDEFINESBYTYPE('3DkNwIt9eZfa7xBjqx0HJp',#6,$,$,(#6465),#6458);
#9161=IFCRELDEFINESBYTYPE('1CXrD37BIm0ollYJ8P1dB2',#6,$,$,(#6486),#6480);
#9162=IFCRELDEFINESBYTYPE('1xAWpXzpGEmAqmXIhBwHam',#6,$,$,(#6519),#6512);
#9163=IFCRELDEFINESBYTYPE('3$U3TkTBXQYYj7z6QVuy6S',#6,$,$,(#6540),#6534);
#9164=IFCRELDEFINESBYTYPE('05$ahBERsBXB0MNOIAzyVP',#6,$,$,(#6562),#6555);
#9165=IFCRELDEFINESBYTYPE('0DQ_KqvSm71mJtgFgBydjP',#6,$,$,(#6591),#6584);
#9166=IFCRELDEFINESBYTYPE('2d$S5CcHfekxVXyEHNwUNr',#6,$,$,(#6613),#6606);
#9167=IFCRELDEFINESBYTYPE('1s56E_38oT8sp1IbHJg66v',#6,$,$,(#6635),#6628);
#9168=IFCRELDEFINESBYTYPE('3PnooNuIJCt5wV0AfQ8oV3',#6,$,$,(#6657),#6650);
#9169=IFCRELDEFINESBYTYPE('33Wwuc$JAvNAIDwNw8rNkD',#6,$,$,(#6689),#6683);
#9170=IFCRELDEFINESBYTYPE('39IO_pF2bEMSZaNCOKUAia',#6,$,$,(#6722),#6715);
#9171=IFCRELDEFINESBYTYPE('38aOIvRyMFsgqmimQus1DA',#6,$,$,(#6754),#6748);
#9172=IFCRELDEFINESBYTYPE('1Vs7mhYc_5j6$MeHKZqJJT',#6,$,$,(#6786),#6780);
#9173=IFCRELDEFINESBYTYPE('3kD5SiOKXWIGo1yb4DRbSD',#6,$,$,(#6815),#6808);
#9174=IFCRELDEFINESBYTYPE('3QvPdVeBw4dAfdesIsNWEf',#6,$,$,(#6844),#6837);
#9175=IFCRELDEFINESBYTYPE('0KHxCvhgdLe7ObcaobUFJS',#6,$,$,(#7147,#7452,#7755,#8058,#8361,#8664,#8967),#7148);
#9176=IFCRELCONNECTSPATHELEMENTS('3mXFoQajgZ6lxRSZVjrelb',#6,'1pxQ0MlwzAiOQ$tXtNokot|1MH_t$ZbL18A53iTg7iZB7','Structural',$,#55,#160,(),(),.ATEND.,.ATSTART.);
#9177=IFCRELCONNECTSPATHELEMENTS('0TfjKdUL628kb2iVsrL4BM',#6,'1pxQ0MlwzAiOQ$tXtNokot|1pxQ0MlwzAiOQ$tXtNokQN','Structural',$,#55,#103,(),(),.ATSTART.,.ATEND.);
#9178=IFCRELCONNECTSPATHELEMENTS('1WTfZ4ELXSLdlmTixlECKi',#6,'1pxQ0MlwzAiOQ$tXtNokot|1pxQ0MlwzAiOQ$tXtNokQG','Structural',$,#55,#137,(),(),.ATSTART.,.ATEND.);
#9179=IFCRELCONNECTSPATHELEMENTS('2$K3IodVGjQ4Ru1TqfcM7D',#6,'1pxQ0MlwzAiOQ$tXtNokQN|1pxQ0MlwzAiOQ$tXtNokQG','Structural',$,#103,#137,(),(),.ATSTART.,.ATSTART.);
#9180=IFCRELCONNECTSPATHELEMENTS('32CgjPK7_1CFjZdK$Pfibv',#6,'1pxQ0MlwzAiOQ$tXtNokQN|2pPCwE2QHAIvBYdRM1BiNM','Structural',$,#103,#6109,(),(),.ATSTART.,.ATEND.);
#9181=IFCRELCONNECTSPATHELEMENTS('15r7df7MCCyFp8Egwrriy4',#6,'1pxQ0MlwzAiOQ$tXtNokQN|1pxQ0MlwzAiOQ$tXtNokQG','Structural',$,#103,#137,(),(),.ATEND.,.ATEND.);
#9182=IFCRELCONNECTSPATHELEMENTS('3lvicK2qxUV_69RUf$e0OD',#6,'1pxQ0MlwzAiOQ$tXtNokQG|2pPCwE2QHAIvBYdRM1BiNM','Structural',$,#137,#6109,(),(),.ATSTART.,.ATEND.);
#9183=IFCPRESENTATIONLAYERASSIGNMENT('A-WALL-____-OTLN',$,(#41,#54,#90,#102,#128,#136,#151,#159,#6100,#6108),$);
#9184=IFCPRESENTATIONLAYERASSIGNMENT('A-GENM-____-OTLN',$,(#185,#196,#209,#220,#231,#242,#253,#264,#275,#286,#297,#308,#319,#330,#341,#352,#363,#380,#385,#402,#407,#424,#429,#440,#451,#468,#473,#484,#495,#506,#517,#528,#545,#550,#561,#572,#583,#594,#605,#616,#627,#638,#649,#660,#671,#682,#693,#704,#715,#726,#737,#748,#759,#770,#781,#802,#812,#829,#834,#850,#855,#871,#876,#892,#897,#914,#919,#936,#941,#958,#963,#980,#985,#1002,#1007,#1024,#1029,#1046,#1051,#1068,#1073,#1084,#1095,#1106,#1117,#1128,#1139,#1150,#1161,#1172,#1183,#1194,#1205,#1216,#1233,#1238,#1249,#1272,#1277,#1293,#1298,#1308,#1319,#1330,#1341,#1352,#1363,#1374,#1385,#1396,#1407,#1418,#1429,#1440,#1451,#1462,#1473,#1484,#1506,#1511,#1531,#1536,#1565,#1570,#1586,#1591,#1608,#1613,#1630,#1635,#1652,#1657,#1718,#1728,#1751,#1757,#1774,#1779,#1797,#1802,#1813,#1834,#1844,#1862,#1867,#1884,#1889,#1906,#1911,#1932,#1937,#1959,#1964,#1984,#1989,#2008,#2013,#2032,#2037,#2057,#2062,#2081,#2086,#2117,#2122,#2156,#2161,#2194,#2199,#2232,#2237,#2270,#2275,#2291,#2296,#2312,#2317,#2336,#2341,#2362,#2372,#2390,#2395,#2406,#2417,#2428,#2439,#2450,#2467,#2472,#2483,#2494,#2505,#2516,#2527,#2538,#2549,#2560,#2571,#2582,#2593,#2604,#2615,#2626,#2637,#2648,#2665,#2670,#2687,#2692,#2703,#2714,#2725,#2736,#2747,#2764,#2769,#2780,#2791,#2802,#2813,#2824,#2835,#2846,#2857,#2874,#2879,#2896,#2901,#2918,#2923,#2940,#2945,#2962,#2967,#2978,#2989,#3000,#3011,#3022,#3033,#3044,#3055,#3066,#3077,#3088,#3099,#3110,#3121,#3132,#3143,#3154,#3165,#3176,#3197,#3207,#3219,#3230,#3241,#3252,#3263,#3274,#3285,#3296,#3307,#3318,#3329,#3340,#3351,#3362,#3373,#3384,#3395,#3406,#3417,#3428,#3439,#3450,#3461,#3478,#3483,#3494,#3505,#3516,#3533,#3538,#3549,#3560,#3571,#3582,#3593,#3604,#3615,#3626,#3637,#3648,#3659,#3681,#3686,#3709,#3714,#3735,#3740,#3761,#3766,#3797,#3807,#3824,#3829,#3846,#3851,#3862,#3873,#3890,#3895,#3912,#3917,#3929,#3940,#3951,#3972,#3977,#3997,#4002,#4022,#4027,#4047,#4052,#4071,#4076,#4096,#4101,#4117,#4122,#4138,#4143,#4160,#4165,#4182,#4187,#4204,#4209,#4226,#4231,#4248,#4253,#4270,#4275,#4286,#4297,#4308,#4325,#4330,#4347,#4352,#4369,#4374,#4391,#4396,#4413,#4418,#4430,#4441,#4452,#4463,#4474,#4485,#4496,#4507,#4524,#4529,#4540,#4551,#4562,#4573,#4584,#4595,#4606,#4617,#4628,#4639,#4650,#4661,#4672,#4683,#4694,#4705,#4716,#4727,#4738,#4749,#4760,#4771,#4782,#4793,#4804,#4815,#4826,#4837,#4848,#4859,#4870,#4881,#4892,#4903,#4914,#4925,#4936,#4947,#4958,#4969,#4980,#4991,#5002,#5013,#5039,#5044,#5055,#5066,#5077,#5099,#5104,#5127,#5132,#5148,#5153,#5164,#5184,#5189,#5205,#5210,#5221,#5247,#5252,#5276,#5281,#5302,#5307,#5317,#5328,#5339,#5350,#5361,#5372,#5383,#5394,#5416,#5421,#5436,#5441,#5458,#5463,#5479,#5484,#5500,#5505,#5521,#5526,#5542,#5547,#5563,#5568,#5584,#5589,#5605,#5610,#5626,#5631,#5647,#5652,#5668,#5673,#5693,#5698,#5713,#5718,#5734,#5739,#5755,#5760,#5776,#5781,#5797,#5802,#5823,#5828,#5844,#5849,#5865,#5870,#5886,#5891,#5907,#5912,#5928,#5933,#5949,#5954,#5964,#5975,#5986,#5997,#6008,#6019,#6030,#6041,#6058,#6063,#6080,#6085,#6125,#6130,#6158,#6163,#6179,#6184,#6201,#6206,#6217,#6228,#6240,#6264,#6269,#6293,#6298,#6326,#6331,#6359,#6364,#6392,#6397,#6413,#6418,#6434,#6439,#6455,#6460,#6477,#6482,#6509,#6514,#6531,#6536,#6552,#6557,#6581,#6586,#6603,#6608,#6625,#6630,#6647,#6652,#6680,#6685,#6712,#6717,#6745,#6750,#6777,#6782,#6805,#6810,#6834,#6839,#7145,#7450,#7753,#8056,#8359,#8662,#8965),$);
#9185=IFCPRESENTATIONLAYERASSIGNMENT('A-FLOR-____-OTLN',$,(#1688),$);
#9186=IFCUNITASSIGNMENT((#7,#8,#9,#82,#179));
ENDSEC;

END-ISO-10303-21;